solid OpenSCAD_Model
  facet normal 0.688578 0.165996 -0.705908
    outer loop
      vertex 258.173 128.344 -1
      vertex 258.092 128.68 -1
      vertex 258.963 128.469 -0.2
    endloop
  endfacet
  facet normal 0.370322 -0.603729 -0.705956
    outer loop
      vertex 257.362 -2.67302 -0.2
      vertex 256.999 -1.96022 -1
      vertex 257.763 -2.42705 -0.2
    endloop
  endfacet
  facet normal 0.0556081 -0.706015 -0.706011
    outer loop
      vertex 256.469 -2.96306 -0.2
      vertex 256 -3 -0.2
      vertex 256.344 -2.17291 -1
    endloop
  endfacet
  facet normal 0.270987 -0.65434 -0.705978
    outer loop
      vertex 257.362 -2.67302 -0.2
      vertex 256.68 -2.09233 -1
      vertex 256.999 -1.96022 -1
    endloop
  endfacet
  facet normal 0.370389 -0.60366 -0.705979
    outer loop
      vertex 257.763 -2.42705 -0.2
      vertex 256.999 -1.96022 -1
      vertex 257.293 -1.77983 -1
    endloop
  endfacet
  facet normal 0.233534 0.972349 -0
    outer loop
      vertex 256.927 130.853 -0.2
      vertex 256.469 130.963 34.5
      vertex 256.927 130.853 34.5
    endloop
  endfacet
  facet normal 0.233534 0.972349 0
    outer loop
      vertex 256.469 130.963 34.5
      vertex 256.927 130.853 -0.2
      vertex 256.469 130.963 -0.2
    endloop
  endfacet
  facet normal 0.382606 -0.923912 0
    outer loop
      vertex 256.927 -2.85316 -0.2
      vertex 257.362 -2.67302 34.5
      vertex 256.927 -2.85316 34.5
    endloop
  endfacet
  facet normal 0.382606 -0.923912 0
    outer loop
      vertex 257.362 -2.67302 34.5
      vertex 256.927 -2.85316 -0.2
      vertex 257.362 -2.67302 -0.2
    endloop
  endfacet
  facet normal 1 -0 0
    outer loop
      vertex 259 0 34.5
      vertex 259 128 -0.2
      vertex 259 128 34.5
    endloop
  endfacet
  facet normal 1 0 0
    outer loop
      vertex 259 128 -0.2
      vertex 259 0 34.5
      vertex 259 0 -0.2
    endloop
  endfacet
  facet normal 0.706021 -0.0553884 -0.706021
    outer loop
      vertex 259 0 -0.2
      vertex 258.173 -0.344162 -1
      vertex 258.2 0 -1
    endloop
  endfacet
  facet normal 0.539224 0.459263 -0.705914
    outer loop
      vertex 257.78 129.293 -1
      vertex 257.556 129.556 -1
      vertex 258.427 129.763 -0.2
    endloop
  endfacet
  facet normal 0 -1 0
    outer loop
      vertex 198.769 -3 9.09964
      vertex 198.065 -3 9.73921
      vertex 198.616 -3 9.10788
    endloop
  endfacet
  facet normal 0 -1 0
    outer loop
      vertex 198.065 -3 9.73921
      vertex 198.498 -3 9.10194
      vertex 198.616 -3 9.10788
    endloop
  endfacet
  facet normal 0 -1 0
    outer loop
      vertex 198.065 -3 9.73921
      vertex 198.387 -3 9.08415
      vertex 198.498 -3 9.10194
    endloop
  endfacet
  facet normal 0 -1 0
    outer loop
      vertex 198.065 -3 9.73921
      vertex 198.283 -3 9.05447
      vertex 198.387 -3 9.08415
    endloop
  endfacet
  facet normal 0 -1 0
    outer loop
      vertex 198.065 -3 9.73921
      vertex 198.185 -3 9.01294
      vertex 198.283 -3 9.05447
    endloop
  endfacet
  facet normal 0 -1 0
    outer loop
      vertex 198.065 -3 9.73921
      vertex 198.095 -3 8.95955
      vertex 198.185 -3 9.01294
    endloop
  endfacet
  facet normal -0 -1 0
    outer loop
      vertex 198.095 -3 8.95955
      vertex 198.065 -3 9.73921
      vertex 198.011 -3 8.89427
    endloop
  endfacet
  facet normal 0 -1 0
    outer loop
      vertex 201.189 -3 8.08733
      vertex 202.222 -3 10.2353
      vertex 200.501 -3 10.2353
    endloop
  endfacet
  facet normal 0 -1 0
    outer loop
      vertex 201.189 -3 8.08733
      vertex 201.536 -3 8.08733
      vertex 202.222 -3 10.2353
    endloop
  endfacet
  facet normal 0 -1 0
    outer loop
      vertex 201.212 -3 8.01176
      vertex 201.536 -3 8.08733
      vertex 201.189 -3 8.08733
    endloop
  endfacet
  facet normal 0 -1 0
    outer loop
      vertex 201.237 -3 7.92435
      vertex 201.536 -3 8.08733
      vertex 201.212 -3 8.01176
    endloop
  endfacet
  facet normal 0 -1 0
    outer loop
      vertex 201.265 -3 7.82504
      vertex 201.536 -3 8.08733
      vertex 201.237 -3 7.92435
    endloop
  endfacet
  facet normal 0 -1 0
    outer loop
      vertex 201.415 -3 7.66008
      vertex 201.265 -3 7.82504
      vertex 201.296 -3 7.71388
    endloop
  endfacet
  facet normal 0 -1 0
    outer loop
      vertex 201.265 -3 7.82504
      vertex 201.415 -3 7.66008
      vertex 201.536 -3 8.08733
    endloop
  endfacet
  facet normal 0 -1 0
    outer loop
      vertex 201.329 -3 7.59087
      vertex 201.415 -3 7.66008
      vertex 201.296 -3 7.71388
    endloop
  endfacet
  facet normal 0 -1 0
    outer loop
      vertex 201.415 -3 7.66008
      vertex 201.329 -3 7.59087
      vertex 201.365 -3 7.45596
    endloop
  endfacet
  facet normal 0 -1 0
    outer loop
      vertex 199.47 -3 9.73921
      vertex 199.77 -3 10.2353
      vertex 199.47 -3 10.2353
    endloop
  endfacet
  facet normal 0 -1 0
    outer loop
      vertex 198.065 -3 9.73921
      vertex 198.769 -3 9.09964
      vertex 199.47 -3 9.73921
    endloop
  endfacet
  facet normal 0 -1 0
    outer loop
      vertex 198.913 -3 9.07492
      vertex 199.47 -3 9.73921
      vertex 198.769 -3 9.09964
    endloop
  endfacet
  facet normal 0 -1 0
    outer loop
      vertex 199.045 -3 9.03371
      vertex 199.47 -3 9.73921
      vertex 198.913 -3 9.07492
    endloop
  endfacet
  facet normal 0 -1 0
    outer loop
      vertex 199.167 -3 8.97601
      vertex 199.47 -3 9.73921
      vertex 199.045 -3 9.03371
    endloop
  endfacet
  facet normal 0 -1 0
    outer loop
      vertex 199.278 -3 8.90184
      vertex 199.47 -3 9.73921
      vertex 199.167 -3 8.97601
    endloop
  endfacet
  facet normal 0 -1 0
    outer loop
      vertex 199.379 -3 8.81119
      vertex 199.47 -3 9.73921
      vertex 199.278 -3 8.90184
    endloop
  endfacet
  facet normal 0 -1 0
    outer loop
      vertex 199.466 -3 8.70636
      vertex 199.47 -3 9.73921
      vertex 199.379 -3 8.81119
    endloop
  endfacet
  facet normal 0 -1 0
    outer loop
      vertex 199.538 -3 8.58968
      vertex 199.47 -3 9.73921
      vertex 199.466 -3 8.70636
    endloop
  endfacet
  facet normal 0 -1 0
    outer loop
      vertex 199.47 -3 9.73921
      vertex 199.538 -3 8.58968
      vertex 199.77 -3 10.2353
    endloop
  endfacet
  facet normal 0 -1 0
    outer loop
      vertex 199.593 -3 8.46114
      vertex 199.77 -3 10.2353
      vertex 199.538 -3 8.58968
    endloop
  endfacet
  facet normal 0 -1 0
    outer loop
      vertex 201.007 -3 6.8911
      vertex 199.593 -3 8.46114
      vertex 199.633 -3 8.32071
    endloop
  endfacet
  facet normal 0 -1 0
    outer loop
      vertex 201.007 -3 6.8911
      vertex 199.633 -3 8.32071
      vertex 199.657 -3 8.16841
    endloop
  endfacet
  facet normal 0 -1 0
    outer loop
      vertex 201.007 -3 6.8911
      vertex 199.657 -3 8.16841
      vertex 199.665 -3 8.00424
    endloop
  endfacet
  facet normal 0 -1 0
    outer loop
      vertex 199.593 -3 8.46114
      vertex 201.007 -3 6.8911
      vertex 199.77 -3 10.2353
    endloop
  endfacet
  facet normal 0 -1 0
    outer loop
      vertex 199.656 -3 7.83305
      vertex 201.007 -3 6.8911
      vertex 199.665 -3 8.00424
    endloop
  endfacet
  facet normal 0 -1 0
    outer loop
      vertex 199.628 -3 7.67393
      vertex 201.007 -3 6.8911
      vertex 199.656 -3 7.83305
    endloop
  endfacet
  facet normal 0 -1 0
    outer loop
      vertex 199.582 -3 7.52689
      vertex 201.007 -3 6.8911
      vertex 199.628 -3 7.67393
    endloop
  endfacet
  facet normal 0 -1 0
    outer loop
      vertex 199.518 -3 7.39189
      vertex 201.007 -3 6.8911
      vertex 199.582 -3 7.52689
    endloop
  endfacet
  facet normal 0 -1 0
    outer loop
      vertex 199.435 -3 7.26897
      vertex 201.007 -3 6.8911
      vertex 199.518 -3 7.39189
    endloop
  endfacet
  facet normal 0 -1 0
    outer loop
      vertex 199.334 -3 7.15811
      vertex 201.007 -3 6.8911
      vertex 199.435 -3 7.26897
    endloop
  endfacet
  facet normal 0 -1 0
    outer loop
      vertex 199.217 -3 7.06203
      vertex 201.007 -3 6.8911
      vertex 199.334 -3 7.15811
    endloop
  endfacet
  facet normal 0 -1 0
    outer loop
      vertex 199.086 -3 6.98341
      vertex 201.007 -3 6.8911
      vertex 199.217 -3 7.06203
    endloop
  endfacet
  facet normal 0 -1 0
    outer loop
      vertex 198.941 -3 6.92226
      vertex 201.007 -3 6.8911
      vertex 199.086 -3 6.98341
    endloop
  endfacet
  facet normal 0 -1 0
    outer loop
      vertex 198.611 -3 6.85237
      vertex 201.007 -3 6.8911
      vertex 198.783 -3 6.87859
    endloop
  endfacet
  facet normal 0 -1 0
    outer loop
      vertex 198.783 -3 6.87859
      vertex 201.007 -3 6.8911
      vertex 198.941 -3 6.92226
    endloop
  endfacet
  facet normal 0 -1 0
    outer loop
      vertex 179 -3 26.35
      vertex 185 -3 29.35
      vertex 176 -3 29.35
    endloop
  endfacet
  facet normal 0 -1 0
    outer loop
      vertex 179 -3 26.35
      vertex 182 -3 26.35
      vertex 185 -3 29.35
    endloop
  endfacet
  facet normal 0 -1 0
    outer loop
      vertex 176 -3 23.35
      vertex 182 -3 26.35
      vertex 179 -3 26.35
    endloop
  endfacet
  facet normal 0 -1 -0
    outer loop
      vertex 182 -3 26.35
      vertex 176 -3 23.35
      vertex 185 -3 23.35
    endloop
  endfacet
  facet normal 0 -1 0
    outer loop
      vertex 170 -3 26.35
      vertex 176 -3 29.35
      vertex 167 -3 29.35
    endloop
  endfacet
  facet normal 0 -1 0
    outer loop
      vertex 170 -3 26.35
      vertex 173 -3 26.35
      vertex 176 -3 29.35
    endloop
  endfacet
  facet normal 0 -1 0
    outer loop
      vertex 167 -3 23.35
      vertex 173 -3 26.35
      vertex 170 -3 26.35
    endloop
  endfacet
  facet normal 0 -1 -0
    outer loop
      vertex 173 -3 26.35
      vertex 167 -3 23.35
      vertex 176 -3 23.35
    endloop
  endfacet
  facet normal 0 -1 0
    outer loop
      vertex 161 -3 26.35
      vertex 167 -3 29.35
      vertex 158 -3 29.35
    endloop
  endfacet
  facet normal 0 -1 0
    outer loop
      vertex 161 -3 26.35
      vertex 164 -3 26.35
      vertex 167 -3 29.35
    endloop
  endfacet
  facet normal 0 -1 0
    outer loop
      vertex 158 -3 23.35
      vertex 164 -3 26.35
      vertex 161 -3 26.35
    endloop
  endfacet
  facet normal 0 -1 -0
    outer loop
      vertex 164 -3 26.35
      vertex 158 -3 23.35
      vertex 167 -3 23.35
    endloop
  endfacet
  facet normal 0 -1 0
    outer loop
      vertex 152 -3 26.35
      vertex 158 -3 29.35
      vertex 149 -3 29.35
    endloop
  endfacet
  facet normal 0 -1 0
    outer loop
      vertex 152 -3 26.35
      vertex 155 -3 26.35
      vertex 158 -3 29.35
    endloop
  endfacet
  facet normal 0 -1 0
    outer loop
      vertex 149 -3 23.35
      vertex 155 -3 26.35
      vertex 152 -3 26.35
    endloop
  endfacet
  facet normal 0 -1 -0
    outer loop
      vertex 155 -3 26.35
      vertex 149 -3 23.35
      vertex 158 -3 23.35
    endloop
  endfacet
  facet normal 0 -1 0
    outer loop
      vertex 158 -3 29.35
      vertex 128 -3 34.5
      vertex 149 -3 29.35
    endloop
  endfacet
  facet normal 0 -1 0
    outer loop
      vertex 128 -3 34.5
      vertex 146 -3 26.35
      vertex 149 -3 29.35
    endloop
  endfacet
  facet normal 0 -1 0
    outer loop
      vertex 128 -3 -0.2
      vertex 146 -3 26.35
      vertex 128 -3 34.5
    endloop
  endfacet
  facet normal 0 -1 0
    outer loop
      vertex 128 -3 -0.2
      vertex 158 -3 23.35
      vertex 149 -3 23.35
    endloop
  endfacet
  facet normal 0 -1 -0
    outer loop
      vertex 158 -3 23.35
      vertex 128 -3 -0.2
      vertex 167 -3 23.35
    endloop
  endfacet
  facet normal -0 -1 0
    outer loop
      vertex 197.444 -3 7.24396
      vertex 167 -3 23.35
      vertex 128 -3 -0.2
    endloop
  endfacet
  facet normal -0 -1 -0
    outer loop
      vertex 197.276 -3 7.58899
      vertex 176 -3 23.35
      vertex 197.319 -3 7.46271
    endloop
  endfacet
  facet normal 0 -1 0
    outer loop
      vertex 199.47 -3 10.2353
      vertex 195.5 -3 18
      vertex 197.46 -3 10.2353
    endloop
  endfacet
  facet normal -0 -1 0
    outer loop
      vertex 197.46 -3 10.2353
      vertex 185 -3 23.35
      vertex 197.246 -3 7.72655
    endloop
  endfacet
  facet normal 0 -1 0
    outer loop
      vertex 185 -3 23.35
      vertex 197.46 -3 10.2353
      vertex 195.5 -3 18
    endloop
  endfacet
  facet normal 0 -1 0
    outer loop
      vertex 197.913 -3 7.78116
      vertex 197.994 -3 8.35315
      vertex 197.344 -3 8.35315
    endloop
  endfacet
  facet normal -0 -1 0
    outer loop
      vertex 198.979 -3 7.98999
      vertex 197.994 -3 8.35315
      vertex 197.913 -3 7.78116
    endloop
  endfacet
  facet normal 0 -1 0
    outer loop
      vertex 197.994 -3 8.35315
      vertex 198.944 -3 8.22704
      vertex 198.917 -3 8.29431
    endloop
  endfacet
  facet normal 0 -1 0
    outer loop
      vertex 197.994 -3 8.35315
      vertex 198.963 -3 8.15388
      vertex 198.944 -3 8.22704
    endloop
  endfacet
  facet normal 0 -1 0
    outer loop
      vertex 197.994 -3 8.35315
      vertex 198.975 -3 8.07487
      vertex 198.963 -3 8.15388
    endloop
  endfacet
  facet normal 0 -1 0
    outer loop
      vertex 197.994 -3 8.35315
      vertex 198.979 -3 7.98999
      vertex 198.975 -3 8.07487
    endloop
  endfacet
  facet normal 0 -1 0
    outer loop
      vertex 198.979 -3 7.98999
      vertex 197.913 -3 7.78116
      vertex 198.975 -3 7.89421
    endloop
  endfacet
  facet normal 0 -1 0
    outer loop
      vertex 197.46 -3 10.2353
      vertex 197.246 -3 7.72655
      vertex 197.344 -3 8.35315
    endloop
  endfacet
  facet normal 0 -1 0
    outer loop
      vertex 198.975 -3 7.89421
      vertex 197.913 -3 7.78116
      vertex 198.962 -3 7.8062
    endloop
  endfacet
  facet normal 0 -1 -0
    outer loop
      vertex 197.344 -3 8.35315
      vertex 197.246 -3 7.72655
      vertex 197.913 -3 7.78116
    endloop
  endfacet
  facet normal 0 -1 0
    outer loop
      vertex 176 -3 23.35
      vertex 197.246 -3 7.72655
      vertex 185 -3 23.35
    endloop
  endfacet
  facet normal -0 -1 -0
    outer loop
      vertex 197.246 -3 7.72655
      vertex 176 -3 23.35
      vertex 197.276 -3 7.58899
    endloop
  endfacet
  facet normal 0 -1 0
    outer loop
      vertex 176 -3 23.35
      vertex 197.375 -3 7.34769
      vertex 197.319 -3 7.46271
    endloop
  endfacet
  facet normal 0 -1 0
    outer loop
      vertex 167 -3 23.35
      vertex 197.375 -3 7.34769
      vertex 176 -3 23.35
    endloop
  endfacet
  facet normal 0 -1 0
    outer loop
      vertex 167 -3 23.35
      vertex 197.444 -3 7.24396
      vertex 197.375 -3 7.34769
    endloop
  endfacet
  facet normal 0 -1 -0
    outer loop
      vertex 197.444 -3 7.24396
      vertex 128 -3 -0.2
      vertex 197.526 -3 7.15149
    endloop
  endfacet
  facet normal 0 -1 -0
    outer loop
      vertex 197.526 -3 7.15149
      vertex 128 -3 -0.2
      vertex 197.62 -3 7.0703
    endloop
  endfacet
  facet normal 0 -1 -0
    outer loop
      vertex 197.62 -3 7.0703
      vertex 128 -3 -0.2
      vertex 197.727 -3 7.00104
    endloop
  endfacet
  facet normal 0 -1 -0
    outer loop
      vertex 197.727 -3 7.00104
      vertex 128 -3 -0.2
      vertex 197.844 -3 6.94438
    endloop
  endfacet
  facet normal 0 -1 -0
    outer loop
      vertex 198.264 -3 6.84995
      vertex 128 -3 -0.2
      vertex 198.426 -3 6.84364
    endloop
  endfacet
  facet normal 0 -1 -0
    outer loop
      vertex 198.113 -3 6.86882
      vertex 128 -3 -0.2
      vertex 198.264 -3 6.84995
    endloop
  endfacet
  facet normal 0 -1 -0
    outer loop
      vertex 197.973 -3 6.9003
      vertex 128 -3 -0.2
      vertex 198.113 -3 6.86882
    endloop
  endfacet
  facet normal 0 -1 -0
    outer loop
      vertex 197.844 -3 6.94438
      vertex 128 -3 -0.2
      vertex 197.973 -3 6.9003
    endloop
  endfacet
  facet normal 0 -1 -0
    outer loop
      vertex 146 -3 26.35
      vertex 128 -3 -0.2
      vertex 149 -3 23.35
    endloop
  endfacet
  facet normal 0 -1 0
    outer loop
      vertex 128 -3 34.5
      vertex 158 -3 29.35
      vertex 195.5 -3 34.5
    endloop
  endfacet
  facet normal 0 -1 0
    outer loop
      vertex 167 -3 29.35
      vertex 195.5 -3 34.5
      vertex 158 -3 29.35
    endloop
  endfacet
  facet normal 0 -1 0
    outer loop
      vertex 176 -3 29.35
      vertex 195.5 -3 34.5
      vertex 167 -3 29.35
    endloop
  endfacet
  facet normal 0 -1 0
    outer loop
      vertex 185 -3 29.35
      vertex 195.5 -3 34.5
      vertex 176 -3 29.35
    endloop
  endfacet
  facet normal 0 -1 0
    outer loop
      vertex 188 -3 26.35
      vertex 195.5 -3 34.5
      vertex 185 -3 29.35
    endloop
  endfacet
  facet normal 0 -1 0
    outer loop
      vertex 188 -3 26.35
      vertex 195.5 -3 18
      vertex 195.5 -3 34.5
    endloop
  endfacet
  facet normal 0 -1 0
    outer loop
      vertex 195.5 -3 18
      vertex 188 -3 26.35
      vertex 185 -3 23.35
    endloop
  endfacet
  facet normal 0 -1 0
    outer loop
      vertex 198.917 -3 8.29431
      vertex 198.447 -3 8.56909
      vertex 198.358 -3 8.5631
    endloop
  endfacet
  facet normal 0 -1 0
    outer loop
      vertex 198.447 -3 8.56909
      vertex 198.917 -3 8.29431
      vertex 198.528 -3 8.56471
    endloop
  endfacet
  facet normal 0 -1 0
    outer loop
      vertex 198.917 -3 8.29431
      vertex 198.358 -3 8.5631
      vertex 198.273 -3 8.54509
    endloop
  endfacet
  facet normal 0 -1 0
    outer loop
      vertex 198.528 -3 8.56471
      vertex 198.917 -3 8.29431
      vertex 198.603 -3 8.55156
    endloop
  endfacet
  facet normal 0 -1 0
    outer loop
      vertex 198.917 -3 8.29431
      vertex 198.273 -3 8.54509
      vertex 198.195 -3 8.51511
    endloop
  endfacet
  facet normal -0 -1 -0
    outer loop
      vertex 198.882 -3 8.35571
      vertex 198.603 -3 8.55156
      vertex 198.917 -3 8.29431
    endloop
  endfacet
  facet normal 0 -1 0
    outer loop
      vertex 198.917 -3 8.29431
      vertex 198.195 -3 8.51511
      vertex 198.122 -3 8.47313
    endloop
  endfacet
  facet normal 0 -1 0
    outer loop
      vertex 198.603 -3 8.55156
      vertex 198.882 -3 8.35571
      vertex 198.671 -3 8.52963
    endloop
  endfacet
  facet normal 0 -1 0
    outer loop
      vertex 198.917 -3 8.29431
      vertex 198.122 -3 8.47313
      vertex 198.055 -3 8.41914
    endloop
  endfacet
  facet normal 0 -1 0
    outer loop
      vertex 198.671 -3 8.52963
      vertex 198.882 -3 8.35571
      vertex 198.733 -3 8.49895
    endloop
  endfacet
  facet normal 0 -1 0
    outer loop
      vertex 198.789 -3 8.45949
      vertex 198.882 -3 8.35571
      vertex 198.839 -3 8.41125
    endloop
  endfacet
  facet normal 0 -1 0
    outer loop
      vertex 198.917 -3 8.29431
      vertex 198.055 -3 8.41914
      vertex 197.994 -3 8.35315
    endloop
  endfacet
  facet normal 0 -1 0
    outer loop
      vertex 198.733 -3 8.49895
      vertex 198.882 -3 8.35571
      vertex 198.789 -3 8.45949
    endloop
  endfacet
  facet normal 0 -1 0
    outer loop
      vertex 198.433 -3 7.37291
      vertex 198.962 -3 7.8062
      vertex 197.913 -3 7.78116
    endloop
  endfacet
  facet normal 0 -1 0
    outer loop
      vertex 198.433 -3 7.37291
      vertex 197.913 -3 7.78116
      vertex 197.933 -3 7.71318
    endloop
  endfacet
  facet normal 0 -1 0
    outer loop
      vertex 198.962 -3 7.8062
      vertex 198.433 -3 7.37291
      vertex 198.942 -3 7.72595
    endloop
  endfacet
  facet normal 0 -1 0
    outer loop
      vertex 198.306 -3 7.38373
      vertex 197.933 -3 7.71318
      vertex 197.957 -3 7.65167
    endloop
  endfacet
  facet normal 0 -1 0
    outer loop
      vertex 198.248 -3 7.39723
      vertex 197.957 -3 7.65167
      vertex 197.986 -3 7.59662
    endloop
  endfacet
  facet normal -0 -1 0
    outer loop
      vertex 198.513 -3 7.37733
      vertex 198.942 -3 7.72595
      vertex 198.433 -3 7.37291
    endloop
  endfacet
  facet normal 0 -1 0
    outer loop
      vertex 198.195 -3 7.41615
      vertex 197.986 -3 7.59662
      vertex 198.019 -3 7.54802
    endloop
  endfacet
  facet normal 0 -1 0
    outer loop
      vertex 198.942 -3 7.72595
      vertex 198.513 -3 7.37733
      vertex 198.913 -3 7.6535
    endloop
  endfacet
  facet normal 0 -1 0
    outer loop
      vertex 198.145 -3 7.44048
      vertex 198.019 -3 7.54802
      vertex 198.056 -3 7.50589
    endloop
  endfacet
  facet normal -0 -1 0
    outer loop
      vertex 198.588 -3 7.39058
      vertex 198.913 -3 7.6535
      vertex 198.513 -3 7.37733
    endloop
  endfacet
  facet normal 0 -1 0
    outer loop
      vertex 198.145 -3 7.44048
      vertex 198.056 -3 7.50589
      vertex 198.098 -3 7.47021
    endloop
  endfacet
  facet normal 0 -1 0
    outer loop
      vertex 198.913 -3 7.6535
      vertex 198.588 -3 7.39058
      vertex 198.876 -3 7.58882
    endloop
  endfacet
  facet normal 0 -1 0
    outer loop
      vertex 198.019 -3 7.54802
      vertex 198.145 -3 7.44048
      vertex 198.195 -3 7.41615
    endloop
  endfacet
  facet normal 0 -1 0
    outer loop
      vertex 197.986 -3 7.59662
      vertex 198.195 -3 7.41615
      vertex 198.248 -3 7.39723
    endloop
  endfacet
  facet normal 0 -1 0
    outer loop
      vertex 197.933 -3 7.71318
      vertex 198.368 -3 7.37561
      vertex 198.433 -3 7.37291
    endloop
  endfacet
  facet normal 0 -1 0
    outer loop
      vertex 197.957 -3 7.65167
      vertex 198.248 -3 7.39723
      vertex 198.306 -3 7.38373
    endloop
  endfacet
  facet normal 0 -1 0
    outer loop
      vertex 197.933 -3 7.71318
      vertex 198.306 -3 7.38373
      vertex 198.368 -3 7.37561
    endloop
  endfacet
  facet normal 0 -1 0
    outer loop
      vertex 198.876 -3 7.58882
      vertex 198.588 -3 7.39058
      vertex 198.831 -3 7.53192
    endloop
  endfacet
  facet normal 0 -1 0
    outer loop
      vertex 198.72 -3 7.44357
      vertex 198.588 -3 7.39058
      vertex 198.657 -3 7.41266
    endloop
  endfacet
  facet normal 0 -1 0
    outer loop
      vertex 198.831 -3 7.53192
      vertex 198.588 -3 7.39058
      vertex 198.778 -3 7.48334
    endloop
  endfacet
  facet normal 0 -1 0
    outer loop
      vertex 198.778 -3 7.48334
      vertex 198.588 -3 7.39058
      vertex 198.72 -3 7.44357
    endloop
  endfacet
  facet normal 0 -1 0
    outer loop
      vertex 233 -3 26.35
      vertex 239 -3 29.35
      vertex 230 -3 29.35
    endloop
  endfacet
  facet normal 0 -1 0
    outer loop
      vertex 233 -3 26.35
      vertex 236 -3 26.35
      vertex 239 -3 29.35
    endloop
  endfacet
  facet normal 0 -1 0
    outer loop
      vertex 230 -3 23.35
      vertex 236 -3 26.35
      vertex 233 -3 26.35
    endloop
  endfacet
  facet normal 0 -1 -0
    outer loop
      vertex 236 -3 26.35
      vertex 230 -3 23.35
      vertex 239 -3 23.35
    endloop
  endfacet
  facet normal 0 -1 0
    outer loop
      vertex 224 -3 26.35
      vertex 230 -3 29.35
      vertex 221 -3 29.35
    endloop
  endfacet
  facet normal 0 -1 0
    outer loop
      vertex 224 -3 26.35
      vertex 227 -3 26.35
      vertex 230 -3 29.35
    endloop
  endfacet
  facet normal 0 -1 0
    outer loop
      vertex 221 -3 23.35
      vertex 227 -3 26.35
      vertex 224 -3 26.35
    endloop
  endfacet
  facet normal 0 -1 -0
    outer loop
      vertex 227 -3 26.35
      vertex 221 -3 23.35
      vertex 230 -3 23.35
    endloop
  endfacet
  facet normal 0 -1 0
    outer loop
      vertex 215 -3 26.35
      vertex 221 -3 29.35
      vertex 212 -3 29.35
    endloop
  endfacet
  facet normal 0 -1 0
    outer loop
      vertex 215 -3 26.35
      vertex 218 -3 26.35
      vertex 221 -3 29.35
    endloop
  endfacet
  facet normal 0 -1 0
    outer loop
      vertex 212 -3 23.35
      vertex 218 -3 26.35
      vertex 215 -3 26.35
    endloop
  endfacet
  facet normal 0 -1 -0
    outer loop
      vertex 218 -3 26.35
      vertex 212 -3 23.35
      vertex 221 -3 23.35
    endloop
  endfacet
  facet normal 0 -1 0
    outer loop
      vertex 221 -3 29.35
      vertex 204.5 -3 34.5
      vertex 212 -3 29.35
    endloop
  endfacet
  facet normal 0 -1 0
    outer loop
      vertex 204.5 -3 34.5
      vertex 209 -3 26.35
      vertex 212 -3 29.35
    endloop
  endfacet
  facet normal 0 -1 0
    outer loop
      vertex 202.946 -3 10.2353
      vertex 221 -3 23.35
      vertex 212 -3 23.35
    endloop
  endfacet
  facet normal 0 -1 0
    outer loop
      vertex 201.716 -3 6.8911
      vertex 221 -3 23.35
      vertex 202.946 -3 10.2353
    endloop
  endfacet
  facet normal 0 -1 0
    outer loop
      vertex 202.946 -3 10.2353
      vertex 212 -3 23.35
      vertex 204.5 -3 18
    endloop
  endfacet
  facet normal 0 -1 -0
    outer loop
      vertex 209 -3 26.35
      vertex 204.5 -3 18
      vertex 212 -3 23.35
    endloop
  endfacet
  facet normal 0 -1 0
    outer loop
      vertex 204.5 -3 18
      vertex 209 -3 26.35
      vertex 204.5 -3 34.5
    endloop
  endfacet
  facet normal 0 -1 0
    outer loop
      vertex 230 -3 29.35
      vertex 204.5 -3 34.5
      vertex 221 -3 29.35
    endloop
  endfacet
  facet normal 0 -1 0
    outer loop
      vertex 204.5 -3 34.5
      vertex 230 -3 29.35
      vertex 256 -3 34.5
    endloop
  endfacet
  facet normal 0 -1 0
    outer loop
      vertex 239 -3 29.35
      vertex 256 -3 34.5
      vertex 230 -3 29.35
    endloop
  endfacet
  facet normal 0 -1 0
    outer loop
      vertex 242 -3 26.35
      vertex 256 -3 34.5
      vertex 239 -3 29.35
    endloop
  endfacet
  facet normal 0 -1 0
    outer loop
      vertex 256 -3 -0.2
      vertex 242 -3 26.35
      vertex 239 -3 23.35
    endloop
  endfacet
  facet normal 0 -1 0
    outer loop
      vertex 199.77 -3 10.2353
      vertex 195.5 -3 18
      vertex 199.47 -3 10.2353
    endloop
  endfacet
  facet normal 0 -1 0
    outer loop
      vertex 195.5 -3 18
      vertex 199.77 -3 10.2353
      vertex 204.5 -3 18
    endloop
  endfacet
  facet normal 0 -1 0
    outer loop
      vertex 200.501 -3 10.2353
      vertex 204.5 -3 18
      vertex 199.77 -3 10.2353
    endloop
  endfacet
  facet normal 0 -1 0
    outer loop
      vertex 202.222 -3 10.2353
      vertex 204.5 -3 18
      vertex 200.501 -3 10.2353
    endloop
  endfacet
  facet normal 0 -1 0
    outer loop
      vertex 202.946 -3 10.2353
      vertex 204.5 -3 18
      vertex 202.222 -3 10.2353
    endloop
  endfacet
  facet normal 0 -1 -0
    outer loop
      vertex 221 -3 23.35
      vertex 201.716 -3 6.8911
      vertex 230 -3 23.35
    endloop
  endfacet
  facet normal 0 -1 0
    outer loop
      vertex 256 -3 -0.2
      vertex 230 -3 23.35
      vertex 201.716 -3 6.8911
    endloop
  endfacet
  facet normal 0 -1 0
    outer loop
      vertex 198.426 -3 6.84364
      vertex 201.007 -3 6.8911
      vertex 198.611 -3 6.85237
    endloop
  endfacet
  facet normal 0 -1 -0
    outer loop
      vertex 201.007 -3 6.8911
      vertex 198.426 -3 6.84364
      vertex 201.716 -3 6.8911
    endloop
  endfacet
  facet normal 0 -1 0
    outer loop
      vertex 256 -3 -0.2
      vertex 198.426 -3 6.84364
      vertex 128 -3 -0.2
    endloop
  endfacet
  facet normal 0 -1 0
    outer loop
      vertex 242 -3 26.35
      vertex 256 -3 -0.2
      vertex 256 -3 34.5
    endloop
  endfacet
  facet normal 0 -1 0
    outer loop
      vertex 230 -3 23.35
      vertex 256 -3 -0.2
      vertex 239 -3 23.35
    endloop
  endfacet
  facet normal 0 -1 0
    outer loop
      vertex 198.426 -3 6.84364
      vertex 256 -3 -0.2
      vertex 201.716 -3 6.8911
    endloop
  endfacet
  facet normal 0.165253 -0.68868 -0.705982
    outer loop
      vertex 256.927 -2.85316 -0.2
      vertex 256.469 -2.96306 -0.2
      vertex 256.68 -2.09233 -1
    endloop
  endfacet
  facet normal 0.16516 -0.688679 -0.706006
    outer loop
      vertex 256.469 -2.96306 -0.2
      vertex 256.344 -2.17291 -1
      vertex 256.68 -2.09233 -1
    endloop
  endfacet
  facet normal 0.0785201 -0.996913 0
    outer loop
      vertex 256 -3 -0.2
      vertex 256.469 -2.96306 34.5
      vertex 256 -3 34.5
    endloop
  endfacet
  facet normal 0.0785201 -0.996913 0
    outer loop
      vertex 256.469 -2.96306 34.5
      vertex 256 -3 -0.2
      vertex 256.469 -2.96306 -0.2
    endloop
  endfacet
  facet normal 0.522865 -0.852416 0
    outer loop
      vertex 257.362 -2.67302 -0.2
      vertex 257.763 -2.42705 34.5
      vertex 257.362 -2.67302 34.5
    endloop
  endfacet
  facet normal 0.522865 -0.852416 0
    outer loop
      vertex 257.763 -2.42705 34.5
      vertex 257.362 -2.67302 -0.2
      vertex 257.763 -2.42705 -0.2
    endloop
  endfacet
  facet normal 0.0555985 -0.706013 -0.706013
    outer loop
      vertex 256.344 -2.17291 -1
      vertex 256 -3 -0.2
      vertex 256 -2.2 -1
    endloop
  endfacet
  facet normal 0.270976 -0.654349 -0.705974
    outer loop
      vertex 256.927 -2.85316 -0.2
      vertex 256.68 -2.09233 -1
      vertex 257.362 -2.67302 -0.2
    endloop
  endfacet
  facet normal 0 -0.707107 -0.707107
    outer loop
      vertex 128 -3 -0.2
      vertex 256 -2.2 -1
      vertex 256 -3 -0.2
    endloop
  endfacet
  facet normal -0 -0.707107 -0.707107
    outer loop
      vertex 256 -2.2 -1
      vertex 128 -3 -0.2
      vertex 128 -2.2 -1
    endloop
  endfacet
  facet normal 0 1 -0
    outer loop
      vertex 155 131 26.35
      vertex 149 131 29.35
      vertex 158 131 29.35
    endloop
  endfacet
  facet normal 0 1 0
    outer loop
      vertex 155 131 26.35
      vertex 152 131 26.35
      vertex 149 131 29.35
    endloop
  endfacet
  facet normal 0 1 0
    outer loop
      vertex 158 131 23.35
      vertex 152 131 26.35
      vertex 155 131 26.35
    endloop
  endfacet
  facet normal 0 1 0
    outer loop
      vertex 152 131 26.35
      vertex 158 131 23.35
      vertex 149 131 23.35
    endloop
  endfacet
  facet normal 0 1 -0
    outer loop
      vertex 164 131 26.35
      vertex 158 131 29.35
      vertex 167 131 29.35
    endloop
  endfacet
  facet normal 0 1 0
    outer loop
      vertex 164 131 26.35
      vertex 161 131 26.35
      vertex 158 131 29.35
    endloop
  endfacet
  facet normal 0 1 0
    outer loop
      vertex 167 131 23.35
      vertex 161 131 26.35
      vertex 164 131 26.35
    endloop
  endfacet
  facet normal 0 1 0
    outer loop
      vertex 161 131 26.35
      vertex 167 131 23.35
      vertex 158 131 23.35
    endloop
  endfacet
  facet normal 0 1 -0
    outer loop
      vertex 173 131 26.35
      vertex 167 131 29.35
      vertex 176 131 29.35
    endloop
  endfacet
  facet normal 0 1 0
    outer loop
      vertex 173 131 26.35
      vertex 170 131 26.35
      vertex 167 131 29.35
    endloop
  endfacet
  facet normal 0 1 0
    outer loop
      vertex 176 131 23.35
      vertex 170 131 26.35
      vertex 173 131 26.35
    endloop
  endfacet
  facet normal 0 1 0
    outer loop
      vertex 170 131 26.35
      vertex 176 131 23.35
      vertex 167 131 23.35
    endloop
  endfacet
  facet normal 0 1 -0
    outer loop
      vertex 182 131 26.35
      vertex 176 131 29.35
      vertex 185 131 29.35
    endloop
  endfacet
  facet normal 0 1 0
    outer loop
      vertex 182 131 26.35
      vertex 179 131 26.35
      vertex 176 131 29.35
    endloop
  endfacet
  facet normal 0 1 0
    outer loop
      vertex 185 131 23.35
      vertex 179 131 26.35
      vertex 182 131 26.35
    endloop
  endfacet
  facet normal 0 1 0
    outer loop
      vertex 179 131 26.35
      vertex 185 131 23.35
      vertex 176 131 23.35
    endloop
  endfacet
  facet normal 0 1 -0
    outer loop
      vertex 209 131 26.35
      vertex 185 131 29.35
      vertex 212 131 29.35
    endloop
  endfacet
  facet normal 0 1 0
    outer loop
      vertex 209 131 26.35
      vertex 188 131 26.35
      vertex 185 131 29.35
    endloop
  endfacet
  facet normal 0 1 0
    outer loop
      vertex 212 131 23.35
      vertex 188 131 26.35
      vertex 209 131 26.35
    endloop
  endfacet
  facet normal 0 1 0
    outer loop
      vertex 188 131 26.35
      vertex 212 131 23.35
      vertex 185 131 23.35
    endloop
  endfacet
  facet normal 0 1 -0
    outer loop
      vertex 218 131 26.35
      vertex 212 131 29.35
      vertex 221 131 29.35
    endloop
  endfacet
  facet normal 0 1 0
    outer loop
      vertex 218 131 26.35
      vertex 215 131 26.35
      vertex 212 131 29.35
    endloop
  endfacet
  facet normal 0 1 0
    outer loop
      vertex 221 131 23.35
      vertex 215 131 26.35
      vertex 218 131 26.35
    endloop
  endfacet
  facet normal 0 1 0
    outer loop
      vertex 215 131 26.35
      vertex 221 131 23.35
      vertex 212 131 23.35
    endloop
  endfacet
  facet normal 0 1 -0
    outer loop
      vertex 227 131 26.35
      vertex 221 131 29.35
      vertex 230 131 29.35
    endloop
  endfacet
  facet normal 0 1 0
    outer loop
      vertex 227 131 26.35
      vertex 224 131 26.35
      vertex 221 131 29.35
    endloop
  endfacet
  facet normal 0 1 0
    outer loop
      vertex 230 131 23.35
      vertex 224 131 26.35
      vertex 227 131 26.35
    endloop
  endfacet
  facet normal 0 1 0
    outer loop
      vertex 224 131 26.35
      vertex 230 131 23.35
      vertex 221 131 23.35
    endloop
  endfacet
  facet normal 0 1 -0
    outer loop
      vertex 236 131 26.35
      vertex 230 131 29.35
      vertex 239 131 29.35
    endloop
  endfacet
  facet normal 0 1 0
    outer loop
      vertex 236 131 26.35
      vertex 233 131 26.35
      vertex 230 131 29.35
    endloop
  endfacet
  facet normal 0 1 0
    outer loop
      vertex 239 131 23.35
      vertex 233 131 26.35
      vertex 236 131 26.35
    endloop
  endfacet
  facet normal 0 1 0
    outer loop
      vertex 233 131 26.35
      vertex 239 131 23.35
      vertex 230 131 23.35
    endloop
  endfacet
  facet normal 0 1 0
    outer loop
      vertex 230 131 29.35
      vertex 256 131 34.5
      vertex 239 131 29.35
    endloop
  endfacet
  facet normal 0 1 0
    outer loop
      vertex 256 131 34.5
      vertex 242 131 26.35
      vertex 239 131 29.35
    endloop
  endfacet
  facet normal 0 1 -0
    outer loop
      vertex 256 131 -0.2
      vertex 242 131 26.35
      vertex 256 131 34.5
    endloop
  endfacet
  facet normal 0 1 0
    outer loop
      vertex 256 131 -0.2
      vertex 230 131 23.35
      vertex 239 131 23.35
    endloop
  endfacet
  facet normal 0 1 0
    outer loop
      vertex 230 131 23.35
      vertex 256 131 -0.2
      vertex 221 131 23.35
    endloop
  endfacet
  facet normal 0 1 0
    outer loop
      vertex 221 131 23.35
      vertex 256 131 -0.2
      vertex 212 131 23.35
    endloop
  endfacet
  facet normal 0 1 0
    outer loop
      vertex 212 131 23.35
      vertex 256 131 -0.2
      vertex 185 131 23.35
    endloop
  endfacet
  facet normal 0 1 0
    outer loop
      vertex 128 131 -0.2
      vertex 185 131 23.35
      vertex 256 131 -0.2
    endloop
  endfacet
  facet normal 0 1 0
    outer loop
      vertex 185 131 23.35
      vertex 128 131 -0.2
      vertex 176 131 23.35
    endloop
  endfacet
  facet normal 0 1 0
    outer loop
      vertex 176 131 23.35
      vertex 128 131 -0.2
      vertex 167 131 23.35
    endloop
  endfacet
  facet normal 0 1 0
    outer loop
      vertex 167 131 23.35
      vertex 128 131 -0.2
      vertex 158 131 23.35
    endloop
  endfacet
  facet normal 0 1 0
    outer loop
      vertex 242 131 26.35
      vertex 256 131 -0.2
      vertex 239 131 23.35
    endloop
  endfacet
  facet normal 0 1 0
    outer loop
      vertex 221 131 29.35
      vertex 256 131 34.5
      vertex 230 131 29.35
    endloop
  endfacet
  facet normal 0 1 0
    outer loop
      vertex 212 131 29.35
      vertex 256 131 34.5
      vertex 221 131 29.35
    endloop
  endfacet
  facet normal 0 1 0
    outer loop
      vertex 185 131 29.35
      vertex 256 131 34.5
      vertex 212 131 29.35
    endloop
  endfacet
  facet normal 0 1 0
    outer loop
      vertex 256 131 34.5
      vertex 185 131 29.35
      vertex 128 131 34.5
    endloop
  endfacet
  facet normal 0 1 -0
    outer loop
      vertex 176 131 29.35
      vertex 128 131 34.5
      vertex 185 131 29.35
    endloop
  endfacet
  facet normal 0 1 -0
    outer loop
      vertex 167 131 29.35
      vertex 128 131 34.5
      vertex 176 131 29.35
    endloop
  endfacet
  facet normal 0 1 -0
    outer loop
      vertex 158 131 29.35
      vertex 128 131 34.5
      vertex 167 131 29.35
    endloop
  endfacet
  facet normal 0 1 -0
    outer loop
      vertex 149 131 29.35
      vertex 128 131 34.5
      vertex 158 131 29.35
    endloop
  endfacet
  facet normal 0 1 -0
    outer loop
      vertex 146 131 26.35
      vertex 128 131 34.5
      vertex 149 131 29.35
    endloop
  endfacet
  facet normal 0 1 0
    outer loop
      vertex 128 131 -0.2
      vertex 146 131 26.35
      vertex 149 131 23.35
    endloop
  endfacet
  facet normal 0 1 0
    outer loop
      vertex 146 131 26.35
      vertex 128 131 -0.2
      vertex 128 131 34.5
    endloop
  endfacet
  facet normal 0 1 0
    outer loop
      vertex 158 131 23.35
      vertex 128 131 -0.2
      vertex 149 131 23.35
    endloop
  endfacet
  facet normal 0.165377 0.688569 -0.706062
    outer loop
      vertex 256.68 130.092 -1
      vertex 256.469 130.963 -0.2
      vertex 256.927 130.853 -0.2
    endloop
  endfacet
  facet normal 0.538486 -0.460309 -0.705796
    outer loop
      vertex 258.121 -2.12132 -0.2
      vertex 257.556 -1.55563 -1
      vertex 258.427 -1.76335 -0.2
    endloop
  endfacet
  facet normal 0.270766 0.654352 -0.706052
    outer loop
      vertex 256.999 129.96 -1
      vertex 256.68 130.092 -1
      vertex 257.362 130.673 -0.2
    endloop
  endfacet
  facet normal 0.459263 0.539224 -0.705914
    outer loop
      vertex 257.556 129.556 -1
      vertex 257.293 129.78 -1
      vertex 257.763 130.427 -0.2
    endloop
  endfacet
  facet normal 0.923993 -0.38241 0
    outer loop
      vertex 258.673 -1.36197 34.5
      vertex 258.853 -0.927048 -0.2
      vertex 258.853 -0.927048 34.5
    endloop
  endfacet
  facet normal 0.923993 -0.38241 0
    outer loop
      vertex 258.853 -0.927048 -0.2
      vertex 258.673 -1.36197 34.5
      vertex 258.673 -1.36197 -0.2
    endloop
  endfacet
  facet normal 0.70607 0.0557028 -0.705948
    outer loop
      vertex 259 128 -0.2
      vertex 258.173 128.344 -1
      vertex 258.963 128.469 -0.2
    endloop
  endfacet
  facet normal 0.538657 0.460416 -0.705596
    outer loop
      vertex 258.427 129.763 -0.2
      vertex 257.556 129.556 -1
      vertex 258.121 130.121 -0.2
    endloop
  endfacet
  facet normal 0.688569 0.165377 -0.706062
    outer loop
      vertex 258.963 128.469 -0.2
      vertex 258.092 128.68 -1
      vertex 258.853 128.927 -0.2
    endloop
  endfacet
  facet normal 0 0.707107 -0.707107
    outer loop
      vertex 128 130.2 -1
      vertex 256 131 -0.2
      vertex 256 130.2 -1
    endloop
  endfacet
  facet normal 0 0.707107 -0.707107
    outer loop
      vertex 256 131 -0.2
      vertex 128 130.2 -1
      vertex 128 131 -0.2
    endloop
  endfacet
  facet normal 0.654352 0.270766 -0.706052
    outer loop
      vertex 258.092 128.68 -1
      vertex 257.96 128.999 -1
      vertex 258.673 129.362 -0.2
    endloop
  endfacet
  facet normal 0.654304 -0.270795 -0.706085
    outer loop
      vertex 258.673 -1.36197 -0.2
      vertex 258.092 -0.67984 -1
      vertex 258.853 -0.927048 -0.2
    endloop
  endfacet
  facet normal 0.852387 0.522911 0
    outer loop
      vertex 258.673 129.362 34.5
      vertex 258.427 129.763 -0.2
      vertex 258.427 129.763 34.5
    endloop
  endfacet
  facet normal 0.852387 0.522911 0
    outer loop
      vertex 258.427 129.763 -0.2
      vertex 258.673 129.362 34.5
      vertex 258.673 129.362 -0.2
    endloop
  endfacet
  facet normal 0.707107 0 -0.707107
    outer loop
      vertex 258.2 0 -1
      vertex 259 128 -0.2
      vertex 259 0 -0.2
    endloop
  endfacet
  facet normal 0.707107 0 -0.707107
    outer loop
      vertex 259 128 -0.2
      vertex 258.2 0 -1
      vertex 258.2 128 -1
    endloop
  endfacet
  facet normal 0.604268 -0.369532 -0.705908
    outer loop
      vertex 258.427 -1.76335 -0.2
      vertex 257.78 -1.29312 -1
      vertex 257.96 -0.998779 -1
    endloop
  endfacet
  facet normal 0.233333 -0.972397 0
    outer loop
      vertex 256.469 -2.96306 -0.2
      vertex 256.927 -2.85316 34.5
      vertex 256.469 -2.96306 34.5
    endloop
  endfacet
  facet normal 0.233333 -0.972397 0
    outer loop
      vertex 256.927 -2.85316 34.5
      vertex 256.469 -2.96306 -0.2
      vertex 256.927 -2.85316 -0.2
    endloop
  endfacet
  facet normal 0.654352 0.270766 -0.706052
    outer loop
      vertex 258.853 128.927 -0.2
      vertex 258.092 128.68 -1
      vertex 258.673 129.362 -0.2
    endloop
  endfacet
  facet normal 0.460038 -0.53869 -0.705817
    outer loop
      vertex 257.763 -2.42705 -0.2
      vertex 257.556 -1.55563 -1
      vertex 258.121 -2.12132 -0.2
    endloop
  endfacet
  facet normal 0.165996 0.688578 -0.705908
    outer loop
      vertex 256.68 130.092 -1
      vertex 256.344 130.173 -1
      vertex 256.469 130.963 -0.2
    endloop
  endfacet
  facet normal 0.270766 0.654352 -0.706052
    outer loop
      vertex 257.362 130.673 -0.2
      vertex 256.68 130.092 -1
      vertex 256.927 130.853 -0.2
    endloop
  endfacet
  facet normal 0 0 1
    outer loop
      vertex 142 11.5 34.5
      vertex 138.15 9.14999 34.5
      vertex 142 7.5 34.5
    endloop
  endfacet
  facet normal -0 0 1
    outer loop
      vertex 128 11.5 34.5
      vertex 138.15 9.14999 34.5
      vertex 142 11.5 34.5
    endloop
  endfacet
  facet normal 0 0 1
    outer loop
      vertex 138.15 9.14999 34.5
      vertex 128 11.5 34.5
      vertex 128 7.14999 34.5
    endloop
  endfacet
  facet normal -0 0 1
    outer loop
      vertex 142 7.5 34.5
      vertex 195.5 -3 34.5
      vertex 195.5 7.5 34.5
    endloop
  endfacet
  facet normal 0 0 1
    outer loop
      vertex 138.15 0.850006 34.5
      vertex 142 7.5 34.5
      vertex 138.15 9.14999 34.5
    endloop
  endfacet
  facet normal -0 0 1
    outer loop
      vertex 138.15 0.850006 34.5
      vertex 195.5 -3 34.5
      vertex 142 7.5 34.5
    endloop
  endfacet
  facet normal 0 0 1
    outer loop
      vertex 138.15 0.850006 34.5
      vertex 128 -3 34.5
      vertex 195.5 -3 34.5
    endloop
  endfacet
  facet normal 0 0 1
    outer loop
      vertex 128 -3 34.5
      vertex 138.15 0.850006 34.5
      vertex 128 2.85001 34.5
    endloop
  endfacet
  facet normal 0 0 1
    outer loop
      vertex 256 131 34.5
      vertex 259 128 34.5
      vertex 258.963 128.469 34.5
    endloop
  endfacet
  facet normal 0 0 1
    outer loop
      vertex 259 128 34.5
      vertex 248.5 120.5 34.5
      vertex 259 0 34.5
    endloop
  endfacet
  facet normal 0 0 1
    outer loop
      vertex 256 131 34.5
      vertex 258.963 128.469 34.5
      vertex 258.853 128.927 34.5
    endloop
  endfacet
  facet normal -0 0 1
    outer loop
      vertex 248.5 7.5 34.5
      vertex 259 0 34.5
      vertex 248.5 120.5 34.5
    endloop
  endfacet
  facet normal 0 0 1
    outer loop
      vertex 256 131 34.5
      vertex 258.853 128.927 34.5
      vertex 258.673 129.362 34.5
    endloop
  endfacet
  facet normal 0 -0 1
    outer loop
      vertex 256 -3 34.5
      vertex 259 0 34.5
      vertex 248.5 7.5 34.5
    endloop
  endfacet
  facet normal 0 0 1
    outer loop
      vertex 256 131 34.5
      vertex 258.673 129.362 34.5
      vertex 258.427 129.763 34.5
    endloop
  endfacet
  facet normal 0 0 1
    outer loop
      vertex 259 0 34.5
      vertex 256 -3 34.5
      vertex 258.963 -0.469299 34.5
    endloop
  endfacet
  facet normal 0 0 1
    outer loop
      vertex 256 131 34.5
      vertex 258.427 129.763 34.5
      vertex 258.121 130.121 34.5
    endloop
  endfacet
  facet normal 0 0 1
    outer loop
      vertex 258.963 -0.469299 34.5
      vertex 256 -3 34.5
      vertex 258.853 -0.927048 34.5
    endloop
  endfacet
  facet normal 0 0 1
    outer loop
      vertex 256 131 34.5
      vertex 258.121 130.121 34.5
      vertex 257.763 130.427 34.5
    endloop
  endfacet
  facet normal 0 0 1
    outer loop
      vertex 258.853 -0.927048 34.5
      vertex 256 -3 34.5
      vertex 258.673 -1.36197 34.5
    endloop
  endfacet
  facet normal 0 0 1
    outer loop
      vertex 256 131 34.5
      vertex 257.763 130.427 34.5
      vertex 257.362 130.673 34.5
    endloop
  endfacet
  facet normal 0 0 1
    outer loop
      vertex 258.673 -1.36197 34.5
      vertex 256 -3 34.5
      vertex 258.427 -1.76335 34.5
    endloop
  endfacet
  facet normal 0 0 1
    outer loop
      vertex 256 131 34.5
      vertex 257.362 130.673 34.5
      vertex 256.927 130.853 34.5
    endloop
  endfacet
  facet normal 0 0 1
    outer loop
      vertex 258.427 -1.76335 34.5
      vertex 256 -3 34.5
      vertex 258.121 -2.12132 34.5
    endloop
  endfacet
  facet normal 0 0 1
    outer loop
      vertex 256 131 34.5
      vertex 256.927 130.853 34.5
      vertex 256.469 130.963 34.5
    endloop
  endfacet
  facet normal 0 0 1
    outer loop
      vertex 258.121 -2.12132 34.5
      vertex 256 -3 34.5
      vertex 257.763 -2.42705 34.5
    endloop
  endfacet
  facet normal 0 0 1
    outer loop
      vertex 259 128 34.5
      vertex 256 131 34.5
      vertex 248.5 120.5 34.5
    endloop
  endfacet
  facet normal 0 0 1
    outer loop
      vertex 257.763 -2.42705 34.5
      vertex 256 -3 34.5
      vertex 257.362 -2.67302 34.5
    endloop
  endfacet
  facet normal 0 0 1
    outer loop
      vertex 257.362 -2.67302 34.5
      vertex 256 -3 34.5
      vertex 256.927 -2.85316 34.5
    endloop
  endfacet
  facet normal 0 0 1
    outer loop
      vertex 256 131 34.5
      vertex 218 120.5 34.5
      vertex 248.5 120.5 34.5
    endloop
  endfacet
  facet normal -0 0 1
    outer loop
      vertex 212.5 115 34.5
      vertex 218 111 34.5
      vertex 218 120.5 34.5
    endloop
  endfacet
  facet normal -0 0 1
    outer loop
      vertex 212.445 114.296 34.5
      vertex 218 111 34.5
      vertex 212.5 115 34.5
    endloop
  endfacet
  facet normal -0 0 1
    outer loop
      vertex 212.28 113.609 34.5
      vertex 218 111 34.5
      vertex 212.445 114.296 34.5
    endloop
  endfacet
  facet normal -0 0 1
    outer loop
      vertex 212.01 112.957 34.5
      vertex 218 111 34.5
      vertex 212.28 113.609 34.5
    endloop
  endfacet
  facet normal 0 -0 1
    outer loop
      vertex 215 108 34.5
      vertex 218 111 34.5
      vertex 212.01 112.957 34.5
    endloop
  endfacet
  facet normal 0 0 1
    outer loop
      vertex 218 111 34.5
      vertex 215 108 34.5
      vertex 217.963 110.531 34.5
    endloop
  endfacet
  facet normal 0 0 1
    outer loop
      vertex 217.963 110.531 34.5
      vertex 215 108 34.5
      vertex 217.853 110.073 34.5
    endloop
  endfacet
  facet normal 0 0 1
    outer loop
      vertex 217.673 109.638 34.5
      vertex 215 108 34.5
      vertex 217.427 109.237 34.5
    endloop
  endfacet
  facet normal 0 0 1
    outer loop
      vertex 217.427 109.237 34.5
      vertex 215 108 34.5
      vertex 217.121 108.879 34.5
    endloop
  endfacet
  facet normal 0 0 1
    outer loop
      vertex 217.121 108.879 34.5
      vertex 215 108 34.5
      vertex 216.763 108.573 34.5
    endloop
  endfacet
  facet normal 0 0 1
    outer loop
      vertex 217.853 110.073 34.5
      vertex 215 108 34.5
      vertex 217.673 109.638 34.5
    endloop
  endfacet
  facet normal 0 0 1
    outer loop
      vertex 218 120.5 34.5
      vertex 212.445 115.704 34.5
      vertex 212.5 115 34.5
    endloop
  endfacet
  facet normal 0 0 1
    outer loop
      vertex 218 120.5 34.5
      vertex 212.28 116.391 34.5
      vertex 212.445 115.704 34.5
    endloop
  endfacet
  facet normal 0 0 1
    outer loop
      vertex 218 120.5 34.5
      vertex 212.01 117.043 34.5
      vertex 212.28 116.391 34.5
    endloop
  endfacet
  facet normal 0 0 1
    outer loop
      vertex 218 120.5 34.5
      vertex 211.641 117.645 34.5
      vertex 212.01 117.043 34.5
    endloop
  endfacet
  facet normal 0 0 1
    outer loop
      vertex 218 120.5 34.5
      vertex 211.182 118.182 34.5
      vertex 211.641 117.645 34.5
    endloop
  endfacet
  facet normal 0 0 1
    outer loop
      vertex 210.25 123 34.5
      vertex 211.182 118.182 34.5
      vertex 218 120.5 34.5
    endloop
  endfacet
  facet normal -0 0 1
    outer loop
      vertex 209.323 124.82 34.5
      vertex 218 120.5 34.5
      vertex 256 131 34.5
    endloop
  endfacet
  facet normal 0 0 1
    outer loop
      vertex 211.182 118.182 34.5
      vertex 210.25 123 34.5
      vertex 210.645 118.641 34.5
    endloop
  endfacet
  facet normal 0 0 1
    outer loop
      vertex 218 120.5 34.5
      vertex 210.222 123.352 34.5
      vertex 210.25 123 34.5
    endloop
  endfacet
  facet normal 0 0 1
    outer loop
      vertex 218 120.5 34.5
      vertex 210.14 123.695 34.5
      vertex 210.222 123.352 34.5
    endloop
  endfacet
  facet normal 0 0 1
    outer loop
      vertex 218 120.5 34.5
      vertex 210.005 124.021 34.5
      vertex 210.14 123.695 34.5
    endloop
  endfacet
  facet normal 0 0 1
    outer loop
      vertex 218 120.5 34.5
      vertex 209.82 124.323 34.5
      vertex 210.005 124.021 34.5
    endloop
  endfacet
  facet normal 0 0 1
    outer loop
      vertex 218 120.5 34.5
      vertex 209.591 124.591 34.5
      vertex 209.82 124.323 34.5
    endloop
  endfacet
  facet normal 0 0 1
    outer loop
      vertex 218 120.5 34.5
      vertex 209.323 124.82 34.5
      vertex 209.591 124.591 34.5
    endloop
  endfacet
  facet normal 0 0 1
    outer loop
      vertex 256 131 34.5
      vertex 209.021 125.005 34.5
      vertex 209.323 124.82 34.5
    endloop
  endfacet
  facet normal 0 0 1
    outer loop
      vertex 256 131 34.5
      vertex 208.695 125.14 34.5
      vertex 209.021 125.005 34.5
    endloop
  endfacet
  facet normal 0 0 1
    outer loop
      vertex 256 131 34.5
      vertex 208.352 125.222 34.5
      vertex 208.695 125.14 34.5
    endloop
  endfacet
  facet normal 0 0 1
    outer loop
      vertex 256 131 34.5
      vertex 208 125.25 34.5
      vertex 208.352 125.222 34.5
    endloop
  endfacet
  facet normal -0 0 1
    outer loop
      vertex 128 131 34.5
      vertex 208 125.25 34.5
      vertex 256 131 34.5
    endloop
  endfacet
  facet normal 0 0 1
    outer loop
      vertex 205.75 123 34.5
      vertex 205.355 118.641 34.5
      vertex 205.75 118.883 34.5
    endloop
  endfacet
  facet normal 0 0 1
    outer loop
      vertex 198 120.5 34.5
      vertex 205.75 123 34.5
      vertex 205.778 123.352 34.5
    endloop
  endfacet
  facet normal 0 0 1
    outer loop
      vertex 205.75 123 34.5
      vertex 204.818 118.182 34.5
      vertex 205.355 118.641 34.5
    endloop
  endfacet
  facet normal 0 0 1
    outer loop
      vertex 205.75 123 34.5
      vertex 198 120.5 34.5
      vertex 204.818 118.182 34.5
    endloop
  endfacet
  facet normal 0 0 1
    outer loop
      vertex 198 120.5 34.5
      vertex 205.778 123.352 34.5
      vertex 205.86 123.695 34.5
    endloop
  endfacet
  facet normal 0 0 1
    outer loop
      vertex 204.818 118.182 34.5
      vertex 198 120.5 34.5
      vertex 204.359 117.645 34.5
    endloop
  endfacet
  facet normal 0 0 1
    outer loop
      vertex 204.359 117.645 34.5
      vertex 198 120.5 34.5
      vertex 203.99 117.043 34.5
    endloop
  endfacet
  facet normal 0 0 1
    outer loop
      vertex 198 111 34.5
      vertex 203.5 115 34.5
      vertex 203.555 115.704 34.5
    endloop
  endfacet
  facet normal 0 0 1
    outer loop
      vertex 198 120.5 34.5
      vertex 203.555 115.704 34.5
      vertex 203.72 116.391 34.5
    endloop
  endfacet
  facet normal 0 0 1
    outer loop
      vertex 203.99 117.043 34.5
      vertex 198 120.5 34.5
      vertex 203.72 116.391 34.5
    endloop
  endfacet
  facet normal 0 0 1
    outer loop
      vertex 203.5 115 34.5
      vertex 198 111 34.5
      vertex 201 108 34.5
    endloop
  endfacet
  facet normal 0 0 1
    outer loop
      vertex 201 108 34.5
      vertex 198 111 34.5
      vertex 200.531 108.037 34.5
    endloop
  endfacet
  facet normal 0 0 1
    outer loop
      vertex 200.531 108.037 34.5
      vertex 198 111 34.5
      vertex 200.073 108.147 34.5
    endloop
  endfacet
  facet normal 0 0 1
    outer loop
      vertex 200.073 108.147 34.5
      vertex 198 111 34.5
      vertex 199.638 108.327 34.5
    endloop
  endfacet
  facet normal 0 0 1
    outer loop
      vertex 198 120.5 34.5
      vertex 205.86 123.695 34.5
      vertex 205.995 124.021 34.5
    endloop
  endfacet
  facet normal 0 0 1
    outer loop
      vertex 199.638 108.327 34.5
      vertex 198 111 34.5
      vertex 199.237 108.573 34.5
    endloop
  endfacet
  facet normal 0 0 1
    outer loop
      vertex 199.237 108.573 34.5
      vertex 198 111 34.5
      vertex 198.879 108.879 34.5
    endloop
  endfacet
  facet normal 0 0 1
    outer loop
      vertex 198.879 108.879 34.5
      vertex 198 111 34.5
      vertex 198.573 109.237 34.5
    endloop
  endfacet
  facet normal 0 0 1
    outer loop
      vertex 198.573 109.237 34.5
      vertex 198 111 34.5
      vertex 198.327 109.638 34.5
    endloop
  endfacet
  facet normal 0 0 1
    outer loop
      vertex 198.327 109.638 34.5
      vertex 198 111 34.5
      vertex 198.147 110.073 34.5
    endloop
  endfacet
  facet normal 0 0 1
    outer loop
      vertex 203.555 115.704 34.5
      vertex 198 120.5 34.5
      vertex 198 111 34.5
    endloop
  endfacet
  facet normal 0 0 1
    outer loop
      vertex 206.18 124.323 34.5
      vertex 198 120.5 34.5
      vertex 205.995 124.021 34.5
    endloop
  endfacet
  facet normal 0 0 1
    outer loop
      vertex 206.409 124.591 34.5
      vertex 198 120.5 34.5
      vertex 206.18 124.323 34.5
    endloop
  endfacet
  facet normal 0 0 1
    outer loop
      vertex 206.677 124.82 34.5
      vertex 198 120.5 34.5
      vertex 206.409 124.591 34.5
    endloop
  endfacet
  facet normal 0 0 1
    outer loop
      vertex 206.979 125.005 34.5
      vertex 198 120.5 34.5
      vertex 206.677 124.82 34.5
    endloop
  endfacet
  facet normal 0 0 1
    outer loop
      vertex 138.15 127.15 34.5
      vertex 198 120.5 34.5
      vertex 206.979 125.005 34.5
    endloop
  endfacet
  facet normal 0 0 1
    outer loop
      vertex 138.15 127.15 34.5
      vertex 206.979 125.005 34.5
      vertex 207.305 125.14 34.5
    endloop
  endfacet
  facet normal 0 0 1
    outer loop
      vertex 128 131 34.5
      vertex 207.305 125.14 34.5
      vertex 207.648 125.222 34.5
    endloop
  endfacet
  facet normal 0 0 1
    outer loop
      vertex 208 125.25 34.5
      vertex 128 131 34.5
      vertex 207.648 125.222 34.5
    endloop
  endfacet
  facet normal 0 0 1
    outer loop
      vertex 138.15 118.85 34.5
      vertex 142 120.5 34.5
      vertex 138.15 127.15 34.5
    endloop
  endfacet
  facet normal 0 0 1
    outer loop
      vertex 198 120.5 34.5
      vertex 138.15 127.15 34.5
      vertex 142 120.5 34.5
    endloop
  endfacet
  facet normal 0 0 1
    outer loop
      vertex 207.305 125.14 34.5
      vertex 128 131 34.5
      vertex 138.15 127.15 34.5
    endloop
  endfacet
  facet normal 0 0 1
    outer loop
      vertex 138.15 127.15 34.5
      vertex 128 131 34.5
      vertex 128 125.15 34.5
    endloop
  endfacet
  facet normal 0 0 1
    outer loop
      vertex 256.927 -2.85316 34.5
      vertex 256 -3 34.5
      vertex 256.469 -2.96306 34.5
    endloop
  endfacet
  facet normal 0 0 1
    outer loop
      vertex 204.5 -3 34.5
      vertex 248.5 7.5 34.5
      vertex 204.5 7.5 34.5
    endloop
  endfacet
  facet normal 0 0 1
    outer loop
      vertex 248.5 7.5 34.5
      vertex 204.5 -3 34.5
      vertex 256 -3 34.5
    endloop
  endfacet
  facet normal 0 0 1
    outer loop
      vertex 216.763 108.573 34.5
      vertex 215 108 34.5
      vertex 216.362 108.327 34.5
    endloop
  endfacet
  facet normal 0 0 1
    outer loop
      vertex 216.362 108.327 34.5
      vertex 215 108 34.5
      vertex 215.927 108.147 34.5
    endloop
  endfacet
  facet normal 0 0 1
    outer loop
      vertex 215.927 108.147 34.5
      vertex 215 108 34.5
      vertex 215.469 108.037 34.5
    endloop
  endfacet
  facet normal -0 0 1
    outer loop
      vertex 211.641 112.355 34.5
      vertex 215 108 34.5
      vertex 212.01 112.957 34.5
    endloop
  endfacet
  facet normal -0 0 1
    outer loop
      vertex 211.182 111.818 34.5
      vertex 215 108 34.5
      vertex 211.641 112.355 34.5
    endloop
  endfacet
  facet normal -0 0 1
    outer loop
      vertex 210.645 111.359 34.5
      vertex 215 108 34.5
      vertex 211.182 111.818 34.5
    endloop
  endfacet
  facet normal -0 0 1
    outer loop
      vertex 210.043 110.99 34.5
      vertex 215 108 34.5
      vertex 210.645 111.359 34.5
    endloop
  endfacet
  facet normal -0 0 1
    outer loop
      vertex 209.391 110.72 34.5
      vertex 215 108 34.5
      vertex 210.043 110.99 34.5
    endloop
  endfacet
  facet normal -0 0 1
    outer loop
      vertex 208.704 110.555 34.5
      vertex 215 108 34.5
      vertex 209.391 110.72 34.5
    endloop
  endfacet
  facet normal -0 0 1
    outer loop
      vertex 208 110.5 34.5
      vertex 215 108 34.5
      vertex 208.704 110.555 34.5
    endloop
  endfacet
  facet normal 0 0 1
    outer loop
      vertex 201 108 34.5
      vertex 208 110.5 34.5
      vertex 207.296 110.555 34.5
    endloop
  endfacet
  facet normal 0 0 1
    outer loop
      vertex 201 108 34.5
      vertex 207.296 110.555 34.5
      vertex 206.609 110.72 34.5
    endloop
  endfacet
  facet normal 0 0 1
    outer loop
      vertex 208 110.5 34.5
      vertex 201 108 34.5
      vertex 215 108 34.5
    endloop
  endfacet
  facet normal 0 0 1
    outer loop
      vertex 205.957 110.99 34.5
      vertex 201 108 34.5
      vertex 206.609 110.72 34.5
    endloop
  endfacet
  facet normal 0 0 1
    outer loop
      vertex 205.355 111.359 34.5
      vertex 201 108 34.5
      vertex 205.957 110.99 34.5
    endloop
  endfacet
  facet normal 0 0 1
    outer loop
      vertex 204.818 111.818 34.5
      vertex 201 108 34.5
      vertex 205.355 111.359 34.5
    endloop
  endfacet
  facet normal 0 0 1
    outer loop
      vertex 204.359 112.355 34.5
      vertex 201 108 34.5
      vertex 204.818 111.818 34.5
    endloop
  endfacet
  facet normal 0 0 1
    outer loop
      vertex 203.99 112.957 34.5
      vertex 201 108 34.5
      vertex 204.359 112.355 34.5
    endloop
  endfacet
  facet normal 0 0 1
    outer loop
      vertex 203.72 113.609 34.5
      vertex 201 108 34.5
      vertex 203.99 112.957 34.5
    endloop
  endfacet
  facet normal 0 0 1
    outer loop
      vertex 203.555 114.296 34.5
      vertex 201 108 34.5
      vertex 203.72 113.609 34.5
    endloop
  endfacet
  facet normal 0 0 1
    outer loop
      vertex 201 108 34.5
      vertex 203.555 114.296 34.5
      vertex 203.5 115 34.5
    endloop
  endfacet
  facet normal 0 0 1
    outer loop
      vertex 210.645 118.641 34.5
      vertex 210.25 123 34.5
      vertex 210.25 118.883 34.5
    endloop
  endfacet
  facet normal 0 0 1
    outer loop
      vertex 198.147 110.073 34.5
      vertex 198 111 34.5
      vertex 198.037 110.531 34.5
    endloop
  endfacet
  facet normal 0 0 1
    outer loop
      vertex 142 120.5 34.5
      vertex 138.15 118.85 34.5
      vertex 142 116.5 34.5
    endloop
  endfacet
  facet normal 0 0 1
    outer loop
      vertex 128 116.5 34.5
      vertex 138.15 118.85 34.5
      vertex 128 120.85 34.5
    endloop
  endfacet
  facet normal 0 0 1
    outer loop
      vertex 138.15 118.85 34.5
      vertex 128 116.5 34.5
      vertex 142 116.5 34.5
    endloop
  endfacet
  facet normal 0.688524 -0.165457 -0.706087
    outer loop
      vertex 258.853 -0.927048 -0.2
      vertex 258.092 -0.67984 -1
      vertex 258.963 -0.469299 -0.2
    endloop
  endfacet
  facet normal 0.654302 -0.270798 -0.706086
    outer loop
      vertex 258.673 -1.36197 -0.2
      vertex 257.96 -0.998779 -1
      vertex 258.092 -0.67984 -1
    endloop
  endfacet
  facet normal 0.0557028 0.70607 -0.705948
    outer loop
      vertex 256.344 130.173 -1
      vertex 256 131 -0.2
      vertex 256.469 130.963 -0.2
    endloop
  endfacet
  facet normal 0.522911 0.852387 -0
    outer loop
      vertex 257.763 130.427 -0.2
      vertex 257.362 130.673 34.5
      vertex 257.763 130.427 34.5
    endloop
  endfacet
  facet normal 0.522911 0.852387 0
    outer loop
      vertex 257.362 130.673 34.5
      vertex 257.763 130.427 -0.2
      vertex 257.362 130.673 -0.2
    endloop
  endfacet
  facet normal 0.852608 -0.522551 0
    outer loop
      vertex 258.427 -1.76335 34.5
      vertex 258.673 -1.36197 -0.2
      vertex 258.673 -1.36197 34.5
    endloop
  endfacet
  facet normal 0.852608 -0.522551 0
    outer loop
      vertex 258.673 -1.36197 -0.2
      vertex 258.427 -1.76335 34.5
      vertex 258.427 -1.76335 -0.2
    endloop
  endfacet
  facet normal 0.53877 -0.459733 -0.705955
    outer loop
      vertex 258.427 -1.76335 -0.2
      vertex 257.556 -1.55563 -1
      vertex 257.78 -1.29312 -1
    endloop
  endfacet
  facet normal 0.70602 0.0554144 -0.70602
    outer loop
      vertex 258.2 128 -1
      vertex 258.173 128.344 -1
      vertex 259 128 -0.2
    endloop
  endfacet
  facet normal 0.760128 -0.649773 0
    outer loop
      vertex 258.121 -2.12132 34.5
      vertex 258.427 -1.76335 -0.2
      vertex 258.427 -1.76335 34.5
    endloop
  endfacet
  facet normal 0.760128 -0.649773 0
    outer loop
      vertex 258.427 -1.76335 -0.2
      vertex 258.121 -2.12132 34.5
      vertex 258.121 -2.12132 -0.2
    endloop
  endfacet
  facet normal 0.924017 0.382352 0
    outer loop
      vertex 258.853 128.927 34.5
      vertex 258.673 129.362 -0.2
      vertex 258.673 129.362 34.5
    endloop
  endfacet
  facet normal 0.924017 0.382352 0
    outer loop
      vertex 258.673 129.362 -0.2
      vertex 258.853 128.927 34.5
      vertex 258.853 128.927 -0.2
    endloop
  endfacet
  facet normal 0.0554144 0.70602 -0.70602
    outer loop
      vertex 256.344 130.173 -1
      vertex 256 130.2 -1
      vertex 256 131 -0.2
    endloop
  endfacet
  facet normal 0.996906 -0.0785971 0
    outer loop
      vertex 258.963 -0.469299 34.5
      vertex 259 0 -0.2
      vertex 259 0 34.5
    endloop
  endfacet
  facet normal 0.996906 -0.0785971 0
    outer loop
      vertex 259 0 -0.2
      vertex 258.963 -0.469299 34.5
      vertex 258.963 -0.469299 -0.2
    endloop
  endfacet
  facet normal 0.972349 0.233534 0
    outer loop
      vertex 258.963 128.469 34.5
      vertex 258.853 128.927 -0.2
      vertex 258.853 128.927 34.5
    endloop
  endfacet
  facet normal 0.972349 0.233534 0
    outer loop
      vertex 258.853 128.927 -0.2
      vertex 258.963 128.469 34.5
      vertex 258.963 128.469 -0.2
    endloop
  endfacet
  facet normal 0.45946 -0.538974 -0.705977
    outer loop
      vertex 257.763 -2.42705 -0.2
      vertex 257.293 -1.77983 -1
      vertex 257.556 -1.55563 -1
    endloop
  endfacet
  facet normal 0.64941 -0.760438 0
    outer loop
      vertex 257.763 -2.42705 -0.2
      vertex 258.121 -2.12132 34.5
      vertex 257.763 -2.42705 34.5
    endloop
  endfacet
  facet normal 0.64941 -0.760438 0
    outer loop
      vertex 258.121 -2.12132 34.5
      vertex 257.763 -2.42705 -0.2
      vertex 258.121 -2.12132 -0.2
    endloop
  endfacet
  facet normal 0.460416 0.538657 -0.705596
    outer loop
      vertex 258.121 130.121 -0.2
      vertex 257.556 129.556 -1
      vertex 257.763 130.427 -0.2
    endloop
  endfacet
  facet normal 0.996903 0.0786469 0
    outer loop
      vertex 259 128 34.5
      vertex 258.963 128.469 -0.2
      vertex 258.963 128.469 34.5
    endloop
  endfacet
  facet normal 0.996903 0.0786469 0
    outer loop
      vertex 258.963 128.469 -0.2
      vertex 259 128 34.5
      vertex 259 128 -0.2
    endloop
  endfacet
  facet normal 0.760155 0.649742 0
    outer loop
      vertex 258.427 129.763 34.5
      vertex 258.121 130.121 -0.2
      vertex 258.121 130.121 34.5
    endloop
  endfacet
  facet normal 0.760155 0.649742 0
    outer loop
      vertex 258.121 130.121 -0.2
      vertex 258.427 129.763 34.5
      vertex 258.427 129.763 -0.2
    endloop
  endfacet
  facet normal 0.0786469 0.996903 -0
    outer loop
      vertex 256.469 130.963 -0.2
      vertex 256 131 34.5
      vertex 256.469 130.963 34.5
    endloop
  endfacet
  facet normal 0.0786469 0.996903 0
    outer loop
      vertex 256 131 34.5
      vertex 256.469 130.963 -0.2
      vertex 256 131 -0.2
    endloop
  endfacet
  facet normal 0.603645 0.370316 -0.70603
    outer loop
      vertex 258.673 129.362 -0.2
      vertex 257.96 128.999 -1
      vertex 258.427 129.763 -0.2
    endloop
  endfacet
  facet normal 0.603754 -0.370032 -0.706086
    outer loop
      vertex 258.427 -1.76335 -0.2
      vertex 257.96 -0.998779 -1
      vertex 258.673 -1.36197 -0.2
    endloop
  endfacet
  facet normal 0.370316 0.603645 -0.70603
    outer loop
      vertex 257.763 130.427 -0.2
      vertex 256.999 129.96 -1
      vertex 257.362 130.673 -0.2
    endloop
  endfacet
  facet normal 0.369864 0.604111 -0.705869
    outer loop
      vertex 257.293 129.78 -1
      vertex 256.999 129.96 -1
      vertex 257.763 130.427 -0.2
    endloop
  endfacet
  facet normal 0.604111 0.369864 -0.705869
    outer loop
      vertex 257.96 128.999 -1
      vertex 257.78 129.293 -1
      vertex 258.427 129.763 -0.2
    endloop
  endfacet
  facet normal 0.706069 -0.0556672 -0.705951
    outer loop
      vertex 258.963 -0.469299 -0.2
      vertex 258.173 -0.344162 -1
      vertex 259 0 -0.2
    endloop
  endfacet
  facet normal 0.688534 -0.166145 -0.705916
    outer loop
      vertex 258.963 -0.469299 -0.2
      vertex 258.092 -0.67984 -1
      vertex 258.173 -0.344162 -1
    endloop
  endfacet
  facet normal 0.649742 0.760155 -0
    outer loop
      vertex 258.121 130.121 -0.2
      vertex 257.763 130.427 34.5
      vertex 258.121 130.121 34.5
    endloop
  endfacet
  facet normal 0.649742 0.760155 0
    outer loop
      vertex 257.763 130.427 34.5
      vertex 258.121 130.121 -0.2
      vertex 257.763 130.427 -0.2
    endloop
  endfacet
  facet normal 0.97232 -0.233655 0
    outer loop
      vertex 258.853 -0.927048 34.5
      vertex 258.963 -0.469299 -0.2
      vertex 258.963 -0.469299 34.5
    endloop
  endfacet
  facet normal 0.97232 -0.233655 0
    outer loop
      vertex 258.963 -0.469299 -0.2
      vertex 258.853 -0.927048 34.5
      vertex 258.853 -0.927048 -0.2
    endloop
  endfacet
  facet normal 0.382352 0.924017 -0
    outer loop
      vertex 257.362 130.673 -0.2
      vertex 256.927 130.853 34.5
      vertex 257.362 130.673 34.5
    endloop
  endfacet
  facet normal 0.382352 0.924017 0
    outer loop
      vertex 256.927 130.853 34.5
      vertex 257.362 130.673 -0.2
      vertex 256.927 130.853 -0.2
    endloop
  endfacet
  facet normal 0 0 -1
    outer loop
      vertex 256.5 -0.5 -1
      vertex 258.2 0 -1
      vertex 258.173 -0.344162 -1
    endloop
  endfacet
  facet normal -0 0 -1
    outer loop
      vertex 258.2 0 -1
      vertex 256.5 -0.5 -1
      vertex 258.2 128 -1
    endloop
  endfacet
  facet normal 0 0 -1
    outer loop
      vertex 256.5 -0.5 -1
      vertex 258.173 -0.344162 -1
      vertex 258.092 -0.67984 -1
    endloop
  endfacet
  facet normal 0 0 -1
    outer loop
      vertex 256.5 128.5 -1
      vertex 258.2 128 -1
      vertex 256.5 -0.5 -1
    endloop
  endfacet
  facet normal 0 0 -1
    outer loop
      vertex 256.5 -0.5 -1
      vertex 258.092 -0.67984 -1
      vertex 257.96 -0.998779 -1
    endloop
  endfacet
  facet normal 0 0 -1
    outer loop
      vertex 258.2 128 -1
      vertex 256.5 128.5 -1
      vertex 258.173 128.344 -1
    endloop
  endfacet
  facet normal 0 0 -1
    outer loop
      vertex 256.5 -0.5 -1
      vertex 257.96 -0.998779 -1
      vertex 257.78 -1.29312 -1
    endloop
  endfacet
  facet normal 0 0 -1
    outer loop
      vertex 258.173 128.344 -1
      vertex 256.5 128.5 -1
      vertex 258.092 128.68 -1
    endloop
  endfacet
  facet normal 0 0 -1
    outer loop
      vertex 256.5 -0.5 -1
      vertex 257.78 -1.29312 -1
      vertex 257.556 -1.55563 -1
    endloop
  endfacet
  facet normal -0 0 -1
    outer loop
      vertex 258.092 128.68 -1
      vertex 256.5 128.5 -1
      vertex 257.96 128.999 -1
    endloop
  endfacet
  facet normal 0 0 -1
    outer loop
      vertex 256.5 -0.5 -1
      vertex 257.556 -1.55563 -1
      vertex 257.293 -1.77983 -1
    endloop
  endfacet
  facet normal -0 0 -1
    outer loop
      vertex 257.96 128.999 -1
      vertex 256.5 128.5 -1
      vertex 257.78 129.293 -1
    endloop
  endfacet
  facet normal 0 0 -1
    outer loop
      vertex 256.5 -0.5 -1
      vertex 257.293 -1.77983 -1
      vertex 256.999 -1.96022 -1
    endloop
  endfacet
  facet normal -0 0 -1
    outer loop
      vertex 257.78 129.293 -1
      vertex 256.5 128.5 -1
      vertex 257.556 129.556 -1
    endloop
  endfacet
  facet normal 0 0 -1
    outer loop
      vertex 256.5 -0.5 -1
      vertex 256.999 -1.96022 -1
      vertex 256.68 -2.09233 -1
    endloop
  endfacet
  facet normal -0 0 -1
    outer loop
      vertex 257.556 129.556 -1
      vertex 256.5 128.5 -1
      vertex 257.293 129.78 -1
    endloop
  endfacet
  facet normal -0 0 -1
    outer loop
      vertex 257.293 129.78 -1
      vertex 256.5 128.5 -1
      vertex 256.999 129.96 -1
    endloop
  endfacet
  facet normal 0 0 -1
    outer loop
      vertex 256.344 -2.17291 -1
      vertex 256.5 -0.5 -1
      vertex 256.68 -2.09233 -1
    endloop
  endfacet
  facet normal 0 0 -1
    outer loop
      vertex 256 -2.2 -1
      vertex 256.5 -0.5 -1
      vertex 256.344 -2.17291 -1
    endloop
  endfacet
  facet normal 0 0 -1
    outer loop
      vertex 128 -0.5 -1
      vertex 256 -2.2 -1
      vertex 128 -2.2 -1
    endloop
  endfacet
  facet normal 0 0 -1
    outer loop
      vertex 256 -2.2 -1
      vertex 128 -0.5 -1
      vertex 256.5 -0.5 -1
    endloop
  endfacet
  facet normal -0 0 -1
    outer loop
      vertex 256.999 129.96 -1
      vertex 256.5 128.5 -1
      vertex 256.68 130.092 -1
    endloop
  endfacet
  facet normal 0 0 -1
    outer loop
      vertex 256.5 128.5 -1
      vertex 256.344 130.173 -1
      vertex 256.68 130.092 -1
    endloop
  endfacet
  facet normal 0 0 -1
    outer loop
      vertex 256.5 128.5 -1
      vertex 256 130.2 -1
      vertex 256.344 130.173 -1
    endloop
  endfacet
  facet normal 0 0 -1
    outer loop
      vertex 128 128.5 -1
      vertex 256 130.2 -1
      vertex 256.5 128.5 -1
    endloop
  endfacet
  facet normal -0 0 -1
    outer loop
      vertex 256 130.2 -1
      vertex 128 128.5 -1
      vertex 128 130.2 -1
    endloop
  endfacet
  facet normal -1 0 0
    outer loop
      vertex 256.5 -0.5 21.2
      vertex 256.5 128.5 31.5
      vertex 256.5 128.5 21.2
    endloop
  endfacet
  facet normal -1 -0 0
    outer loop
      vertex 256.5 128.5 31.5
      vertex 256.5 -0.5 21.2
      vertex 256.5 -0.5 31.5
    endloop
  endfacet
  facet normal -1 0 0
    outer loop
      vertex 256.5 -0.5 -1
      vertex 256.5 128.5 13.2
      vertex 256.5 128.5 -1
    endloop
  endfacet
  facet normal -1 -0 0
    outer loop
      vertex 256.5 128.5 13.2
      vertex 256.5 -0.5 -1
      vertex 256.5 -0.5 13.2
    endloop
  endfacet
  facet normal 0 -1 0
    outer loop
      vertex 128 128.5 -1
      vertex 256.5 128.5 13.2
      vertex 128 128.5 13.2
    endloop
  endfacet
  facet normal 0 -1 -0
    outer loop
      vertex 256.5 128.5 13.2
      vertex 128 128.5 -1
      vertex 256.5 128.5 -1
    endloop
  endfacet
  facet normal 0 -1 0
    outer loop
      vertex 233 128.5 26.35
      vertex 239 128.5 29.35
      vertex 230 128.5 29.35
    endloop
  endfacet
  facet normal 0 -1 0
    outer loop
      vertex 233 128.5 26.35
      vertex 236 128.5 26.35
      vertex 239 128.5 29.35
    endloop
  endfacet
  facet normal 0 -1 0
    outer loop
      vertex 230 128.5 23.35
      vertex 236 128.5 26.35
      vertex 233 128.5 26.35
    endloop
  endfacet
  facet normal 0 -1 -0
    outer loop
      vertex 236 128.5 26.35
      vertex 230 128.5 23.35
      vertex 239 128.5 23.35
    endloop
  endfacet
  facet normal 0 -1 0
    outer loop
      vertex 224 128.5 26.35
      vertex 230 128.5 29.35
      vertex 221 128.5 29.35
    endloop
  endfacet
  facet normal 0 -1 0
    outer loop
      vertex 224 128.5 26.35
      vertex 227 128.5 26.35
      vertex 230 128.5 29.35
    endloop
  endfacet
  facet normal 0 -1 0
    outer loop
      vertex 221 128.5 23.35
      vertex 227 128.5 26.35
      vertex 224 128.5 26.35
    endloop
  endfacet
  facet normal 0 -1 -0
    outer loop
      vertex 227 128.5 26.35
      vertex 221 128.5 23.35
      vertex 230 128.5 23.35
    endloop
  endfacet
  facet normal 0 -1 0
    outer loop
      vertex 215 128.5 26.35
      vertex 221 128.5 29.35
      vertex 212 128.5 29.35
    endloop
  endfacet
  facet normal 0 -1 0
    outer loop
      vertex 215 128.5 26.35
      vertex 218 128.5 26.35
      vertex 221 128.5 29.35
    endloop
  endfacet
  facet normal 0 -1 0
    outer loop
      vertex 212 128.5 23.35
      vertex 218 128.5 26.35
      vertex 215 128.5 26.35
    endloop
  endfacet
  facet normal 0 -1 -0
    outer loop
      vertex 218 128.5 26.35
      vertex 212 128.5 23.35
      vertex 221 128.5 23.35
    endloop
  endfacet
  facet normal 0 -1 0
    outer loop
      vertex 188 128.5 26.35
      vertex 212 128.5 29.35
      vertex 185 128.5 29.35
    endloop
  endfacet
  facet normal 0 -1 0
    outer loop
      vertex 188 128.5 26.35
      vertex 209 128.5 26.35
      vertex 212 128.5 29.35
    endloop
  endfacet
  facet normal 0 -1 0
    outer loop
      vertex 185 128.5 23.35
      vertex 209 128.5 26.35
      vertex 188 128.5 26.35
    endloop
  endfacet
  facet normal 0 -1 -0
    outer loop
      vertex 209 128.5 26.35
      vertex 185 128.5 23.35
      vertex 212 128.5 23.35
    endloop
  endfacet
  facet normal 0 -1 0
    outer loop
      vertex 179 128.5 26.35
      vertex 185 128.5 29.35
      vertex 176 128.5 29.35
    endloop
  endfacet
  facet normal 0 -1 0
    outer loop
      vertex 179 128.5 26.35
      vertex 182 128.5 26.35
      vertex 185 128.5 29.35
    endloop
  endfacet
  facet normal 0 -1 0
    outer loop
      vertex 176 128.5 23.35
      vertex 182 128.5 26.35
      vertex 179 128.5 26.35
    endloop
  endfacet
  facet normal 0 -1 -0
    outer loop
      vertex 182 128.5 26.35
      vertex 176 128.5 23.35
      vertex 185 128.5 23.35
    endloop
  endfacet
  facet normal 0 -1 0
    outer loop
      vertex 170 128.5 26.35
      vertex 176 128.5 29.35
      vertex 167 128.5 29.35
    endloop
  endfacet
  facet normal 0 -1 0
    outer loop
      vertex 170 128.5 26.35
      vertex 173 128.5 26.35
      vertex 176 128.5 29.35
    endloop
  endfacet
  facet normal 0 -1 0
    outer loop
      vertex 167 128.5 23.35
      vertex 173 128.5 26.35
      vertex 170 128.5 26.35
    endloop
  endfacet
  facet normal 0 -1 -0
    outer loop
      vertex 173 128.5 26.35
      vertex 167 128.5 23.35
      vertex 176 128.5 23.35
    endloop
  endfacet
  facet normal 0 -1 0
    outer loop
      vertex 161 128.5 26.35
      vertex 167 128.5 29.35
      vertex 158 128.5 29.35
    endloop
  endfacet
  facet normal 0 -1 0
    outer loop
      vertex 161 128.5 26.35
      vertex 164 128.5 26.35
      vertex 167 128.5 29.35
    endloop
  endfacet
  facet normal 0 -1 0
    outer loop
      vertex 158 128.5 23.35
      vertex 164 128.5 26.35
      vertex 161 128.5 26.35
    endloop
  endfacet
  facet normal 0 -1 -0
    outer loop
      vertex 164 128.5 26.35
      vertex 158 128.5 23.35
      vertex 167 128.5 23.35
    endloop
  endfacet
  facet normal 0 -1 0
    outer loop
      vertex 152 128.5 26.35
      vertex 158 128.5 29.35
      vertex 149 128.5 29.35
    endloop
  endfacet
  facet normal 0 -1 0
    outer loop
      vertex 152 128.5 26.35
      vertex 155 128.5 26.35
      vertex 158 128.5 29.35
    endloop
  endfacet
  facet normal 0 -1 0
    outer loop
      vertex 149 128.5 23.35
      vertex 155 128.5 26.35
      vertex 152 128.5 26.35
    endloop
  endfacet
  facet normal 0 -1 -0
    outer loop
      vertex 155 128.5 26.35
      vertex 149 128.5 23.35
      vertex 158 128.5 23.35
    endloop
  endfacet
  facet normal 0 -1 0
    outer loop
      vertex 158 128.5 29.35
      vertex 142 128.5 31.5
      vertex 149 128.5 29.35
    endloop
  endfacet
  facet normal 0 -1 0
    outer loop
      vertex 142 128.5 31.5
      vertex 146 128.5 26.35
      vertex 149 128.5 29.35
    endloop
  endfacet
  facet normal 0 -1 0
    outer loop
      vertex 142 128.5 21.2
      vertex 158 128.5 23.35
      vertex 149 128.5 23.35
    endloop
  endfacet
  facet normal 0 -1 -0
    outer loop
      vertex 158 128.5 23.35
      vertex 142 128.5 21.2
      vertex 167 128.5 23.35
    endloop
  endfacet
  facet normal 0 -1 -0
    outer loop
      vertex 167 128.5 23.35
      vertex 142 128.5 21.2
      vertex 176 128.5 23.35
    endloop
  endfacet
  facet normal 0 -1 -0
    outer loop
      vertex 176 128.5 23.35
      vertex 142 128.5 21.2
      vertex 185 128.5 23.35
    endloop
  endfacet
  facet normal 0 -1 -0
    outer loop
      vertex 185 128.5 23.35
      vertex 142 128.5 21.2
      vertex 212 128.5 23.35
    endloop
  endfacet
  facet normal 0 -1 0
    outer loop
      vertex 256.5 128.5 21.2
      vertex 212 128.5 23.35
      vertex 142 128.5 21.2
    endloop
  endfacet
  facet normal 0 -1 0
    outer loop
      vertex 212 128.5 23.35
      vertex 256.5 128.5 21.2
      vertex 221 128.5 23.35
    endloop
  endfacet
  facet normal 0 -1 0
    outer loop
      vertex 221 128.5 23.35
      vertex 256.5 128.5 21.2
      vertex 230 128.5 23.35
    endloop
  endfacet
  facet normal 0 -1 -0
    outer loop
      vertex 146 128.5 26.35
      vertex 142 128.5 21.2
      vertex 149 128.5 23.35
    endloop
  endfacet
  facet normal 0 -1 0
    outer loop
      vertex 142 128.5 21.2
      vertex 146 128.5 26.35
      vertex 142 128.5 31.5
    endloop
  endfacet
  facet normal 0 -1 0
    outer loop
      vertex 167 128.5 29.35
      vertex 142 128.5 31.5
      vertex 158 128.5 29.35
    endloop
  endfacet
  facet normal 0 -1 0
    outer loop
      vertex 176 128.5 29.35
      vertex 142 128.5 31.5
      vertex 167 128.5 29.35
    endloop
  endfacet
  facet normal 0 -1 0
    outer loop
      vertex 185 128.5 29.35
      vertex 142 128.5 31.5
      vertex 176 128.5 29.35
    endloop
  endfacet
  facet normal 0 -1 0
    outer loop
      vertex 142 128.5 31.5
      vertex 185 128.5 29.35
      vertex 256.5 128.5 31.5
    endloop
  endfacet
  facet normal 0 -1 0
    outer loop
      vertex 212 128.5 29.35
      vertex 256.5 128.5 31.5
      vertex 185 128.5 29.35
    endloop
  endfacet
  facet normal 0 -1 0
    outer loop
      vertex 221 128.5 29.35
      vertex 256.5 128.5 31.5
      vertex 212 128.5 29.35
    endloop
  endfacet
  facet normal 0 -1 0
    outer loop
      vertex 230 128.5 29.35
      vertex 256.5 128.5 31.5
      vertex 221 128.5 29.35
    endloop
  endfacet
  facet normal 0 -1 0
    outer loop
      vertex 239 128.5 29.35
      vertex 256.5 128.5 31.5
      vertex 230 128.5 29.35
    endloop
  endfacet
  facet normal 0 -1 0
    outer loop
      vertex 242 128.5 26.35
      vertex 256.5 128.5 31.5
      vertex 239 128.5 29.35
    endloop
  endfacet
  facet normal 0 -1 0
    outer loop
      vertex 256.5 128.5 21.2
      vertex 242 128.5 26.35
      vertex 239 128.5 23.35
    endloop
  endfacet
  facet normal 0 -1 0
    outer loop
      vertex 242 128.5 26.35
      vertex 256.5 128.5 21.2
      vertex 256.5 128.5 31.5
    endloop
  endfacet
  facet normal 0 -1 0
    outer loop
      vertex 230 128.5 23.35
      vertex 256.5 128.5 21.2
      vertex 239 128.5 23.35
    endloop
  endfacet
  facet normal 0 1 -0
    outer loop
      vertex 218 -0.5 26.35
      vertex 212 -0.5 29.35
      vertex 221 -0.5 29.35
    endloop
  endfacet
  facet normal 0 1 0
    outer loop
      vertex 218 -0.5 26.35
      vertex 215 -0.5 26.35
      vertex 212 -0.5 29.35
    endloop
  endfacet
  facet normal 0 1 0
    outer loop
      vertex 221 -0.5 23.35
      vertex 215 -0.5 26.35
      vertex 218 -0.5 26.35
    endloop
  endfacet
  facet normal 0 1 0
    outer loop
      vertex 215 -0.5 26.35
      vertex 221 -0.5 23.35
      vertex 212 -0.5 23.35
    endloop
  endfacet
  facet normal 0 1 -0
    outer loop
      vertex 227 -0.5 26.35
      vertex 221 -0.5 29.35
      vertex 230 -0.5 29.35
    endloop
  endfacet
  facet normal 0 1 0
    outer loop
      vertex 227 -0.5 26.35
      vertex 224 -0.5 26.35
      vertex 221 -0.5 29.35
    endloop
  endfacet
  facet normal 0 1 0
    outer loop
      vertex 230 -0.5 23.35
      vertex 224 -0.5 26.35
      vertex 227 -0.5 26.35
    endloop
  endfacet
  facet normal 0 1 0
    outer loop
      vertex 224 -0.5 26.35
      vertex 230 -0.5 23.35
      vertex 221 -0.5 23.35
    endloop
  endfacet
  facet normal 0 1 -0
    outer loop
      vertex 236 -0.5 26.35
      vertex 230 -0.5 29.35
      vertex 239 -0.5 29.35
    endloop
  endfacet
  facet normal 0 1 0
    outer loop
      vertex 236 -0.5 26.35
      vertex 233 -0.5 26.35
      vertex 230 -0.5 29.35
    endloop
  endfacet
  facet normal 0 1 0
    outer loop
      vertex 239 -0.5 23.35
      vertex 233 -0.5 26.35
      vertex 236 -0.5 26.35
    endloop
  endfacet
  facet normal 0 1 0
    outer loop
      vertex 233 -0.5 26.35
      vertex 239 -0.5 23.35
      vertex 230 -0.5 23.35
    endloop
  endfacet
  facet normal 0 1 0
    outer loop
      vertex 230 -0.5 29.35
      vertex 256.5 -0.5 31.5
      vertex 239 -0.5 29.35
    endloop
  endfacet
  facet normal 0 1 0
    outer loop
      vertex 256.5 -0.5 31.5
      vertex 242 -0.5 26.35
      vertex 239 -0.5 29.35
    endloop
  endfacet
  facet normal 0 1 -0
    outer loop
      vertex 256.5 -0.5 21.2
      vertex 242 -0.5 26.35
      vertex 256.5 -0.5 31.5
    endloop
  endfacet
  facet normal 0 1 0
    outer loop
      vertex 256.5 -0.5 21.2
      vertex 230 -0.5 23.35
      vertex 239 -0.5 23.35
    endloop
  endfacet
  facet normal 0 1 0
    outer loop
      vertex 230 -0.5 23.35
      vertex 204.5 -0.5 21.2
      vertex 221 -0.5 23.35
    endloop
  endfacet
  facet normal 0 1 0
    outer loop
      vertex 230 -0.5 23.35
      vertex 256.5 -0.5 21.2
      vertex 204.5 -0.5 21.2
    endloop
  endfacet
  facet normal 0 1 0
    outer loop
      vertex 242 -0.5 26.35
      vertex 256.5 -0.5 21.2
      vertex 239 -0.5 23.35
    endloop
  endfacet
  facet normal 0 1 0
    outer loop
      vertex 256.5 -0.5 31.5
      vertex 230 -0.5 29.35
      vertex 204.5 -0.5 31.5
    endloop
  endfacet
  facet normal 0 1 -0
    outer loop
      vertex 221 -0.5 29.35
      vertex 204.5 -0.5 31.5
      vertex 230 -0.5 29.35
    endloop
  endfacet
  facet normal 0 1 -0
    outer loop
      vertex 212 -0.5 29.35
      vertex 204.5 -0.5 31.5
      vertex 221 -0.5 29.35
    endloop
  endfacet
  facet normal 0 1 -0
    outer loop
      vertex 209 -0.5 26.35
      vertex 204.5 -0.5 31.5
      vertex 212 -0.5 29.35
    endloop
  endfacet
  facet normal 0 1 0
    outer loop
      vertex 209 -0.5 26.35
      vertex 204.5 -0.5 21.2
      vertex 204.5 -0.5 31.5
    endloop
  endfacet
  facet normal 0 1 0
    outer loop
      vertex 212 -0.5 23.35
      vertex 204.5 -0.5 21.2
      vertex 209 -0.5 26.35
    endloop
  endfacet
  facet normal 0 1 0
    outer loop
      vertex 221 -0.5 23.35
      vertex 204.5 -0.5 21.2
      vertex 212 -0.5 23.35
    endloop
  endfacet
  facet normal 0 1 -0
    outer loop
      vertex 256.5 -0.5 -1
      vertex 128 -0.5 13.2
      vertex 256.5 -0.5 13.2
    endloop
  endfacet
  facet normal 0 1 0
    outer loop
      vertex 128 -0.5 13.2
      vertex 256.5 -0.5 -1
      vertex 128 -0.5 -1
    endloop
  endfacet
  facet normal 0 1 -0
    outer loop
      vertex 155 -0.5 26.35
      vertex 149 -0.5 29.35
      vertex 158 -0.5 29.35
    endloop
  endfacet
  facet normal 0 1 0
    outer loop
      vertex 155 -0.5 26.35
      vertex 152 -0.5 26.35
      vertex 149 -0.5 29.35
    endloop
  endfacet
  facet normal 0 1 0
    outer loop
      vertex 158 -0.5 23.35
      vertex 152 -0.5 26.35
      vertex 155 -0.5 26.35
    endloop
  endfacet
  facet normal 0 1 0
    outer loop
      vertex 152 -0.5 26.35
      vertex 158 -0.5 23.35
      vertex 149 -0.5 23.35
    endloop
  endfacet
  facet normal 0 1 -0
    outer loop
      vertex 164 -0.5 26.35
      vertex 158 -0.5 29.35
      vertex 167 -0.5 29.35
    endloop
  endfacet
  facet normal 0 1 0
    outer loop
      vertex 164 -0.5 26.35
      vertex 161 -0.5 26.35
      vertex 158 -0.5 29.35
    endloop
  endfacet
  facet normal 0 1 0
    outer loop
      vertex 167 -0.5 23.35
      vertex 161 -0.5 26.35
      vertex 164 -0.5 26.35
    endloop
  endfacet
  facet normal 0 1 0
    outer loop
      vertex 161 -0.5 26.35
      vertex 167 -0.5 23.35
      vertex 158 -0.5 23.35
    endloop
  endfacet
  facet normal 0 1 -0
    outer loop
      vertex 173 -0.5 26.35
      vertex 167 -0.5 29.35
      vertex 176 -0.5 29.35
    endloop
  endfacet
  facet normal 0 1 0
    outer loop
      vertex 173 -0.5 26.35
      vertex 170 -0.5 26.35
      vertex 167 -0.5 29.35
    endloop
  endfacet
  facet normal 0 1 0
    outer loop
      vertex 176 -0.5 23.35
      vertex 170 -0.5 26.35
      vertex 173 -0.5 26.35
    endloop
  endfacet
  facet normal 0 1 0
    outer loop
      vertex 170 -0.5 26.35
      vertex 176 -0.5 23.35
      vertex 167 -0.5 23.35
    endloop
  endfacet
  facet normal 0 1 -0
    outer loop
      vertex 182 -0.5 26.35
      vertex 176 -0.5 29.35
      vertex 185 -0.5 29.35
    endloop
  endfacet
  facet normal 0 1 0
    outer loop
      vertex 182 -0.5 26.35
      vertex 179 -0.5 26.35
      vertex 176 -0.5 29.35
    endloop
  endfacet
  facet normal 0 1 0
    outer loop
      vertex 185 -0.5 23.35
      vertex 179 -0.5 26.35
      vertex 182 -0.5 26.35
    endloop
  endfacet
  facet normal 0 1 0
    outer loop
      vertex 179 -0.5 26.35
      vertex 185 -0.5 23.35
      vertex 176 -0.5 23.35
    endloop
  endfacet
  facet normal 0 1 0
    outer loop
      vertex 176 -0.5 29.35
      vertex 195.5 -0.5 31.5
      vertex 185 -0.5 29.35
    endloop
  endfacet
  facet normal 0 1 0
    outer loop
      vertex 195.5 -0.5 31.5
      vertex 188 -0.5 26.35
      vertex 185 -0.5 29.35
    endloop
  endfacet
  facet normal 0 1 -0
    outer loop
      vertex 195.5 -0.5 21.2
      vertex 188 -0.5 26.35
      vertex 195.5 -0.5 31.5
    endloop
  endfacet
  facet normal 0 1 0
    outer loop
      vertex 195.5 -0.5 21.2
      vertex 176 -0.5 23.35
      vertex 185 -0.5 23.35
    endloop
  endfacet
  facet normal 0 1 0
    outer loop
      vertex 176 -0.5 23.35
      vertex 195.5 -0.5 21.2
      vertex 167 -0.5 23.35
    endloop
  endfacet
  facet normal 0 1 0
    outer loop
      vertex 142 -0.5 21.2
      vertex 167 -0.5 23.35
      vertex 195.5 -0.5 21.2
    endloop
  endfacet
  facet normal 0 1 0
    outer loop
      vertex 167 -0.5 23.35
      vertex 142 -0.5 21.2
      vertex 158 -0.5 23.35
    endloop
  endfacet
  facet normal 0 1 0
    outer loop
      vertex 188 -0.5 26.35
      vertex 195.5 -0.5 21.2
      vertex 185 -0.5 23.35
    endloop
  endfacet
  facet normal 0 1 0
    outer loop
      vertex 167 -0.5 29.35
      vertex 195.5 -0.5 31.5
      vertex 176 -0.5 29.35
    endloop
  endfacet
  facet normal 0 1 0
    outer loop
      vertex 195.5 -0.5 31.5
      vertex 167 -0.5 29.35
      vertex 142 -0.5 31.5
    endloop
  endfacet
  facet normal 0 1 -0
    outer loop
      vertex 158 -0.5 29.35
      vertex 142 -0.5 31.5
      vertex 167 -0.5 29.35
    endloop
  endfacet
  facet normal 0 1 -0
    outer loop
      vertex 149 -0.5 29.35
      vertex 142 -0.5 31.5
      vertex 158 -0.5 29.35
    endloop
  endfacet
  facet normal 0 1 -0
    outer loop
      vertex 146 -0.5 26.35
      vertex 142 -0.5 31.5
      vertex 149 -0.5 29.35
    endloop
  endfacet
  facet normal 0 1 0
    outer loop
      vertex 146 -0.5 26.35
      vertex 142 -0.5 21.2
      vertex 142 -0.5 31.5
    endloop
  endfacet
  facet normal 0 1 0
    outer loop
      vertex 149 -0.5 23.35
      vertex 142 -0.5 21.2
      vertex 146 -0.5 26.35
    endloop
  endfacet
  facet normal 0 1 0
    outer loop
      vertex 158 -0.5 23.35
      vertex 142 -0.5 21.2
      vertex 149 -0.5 23.35
    endloop
  endfacet
  facet normal 0 1 0
    outer loop
      vertex 250.5 5.5 15.2
      vertex 142 5.5 13.2
      vertex 142 5.5 15.2
    endloop
  endfacet
  facet normal 0 1 -0
    outer loop
      vertex 250.5 5.5 13.2
      vertex 142 5.5 13.2
      vertex 250.5 5.5 15.2
    endloop
  endfacet
  facet normal 0 0 0
    outer loop
      vertex 138.15 5.5 13.2
      vertex 142 5.5 13.2
      vertex 250.5 5.5 13.2
    endloop
  endfacet
  facet normal 0 0.707107 0.707107
    outer loop
      vertex 250.5 5.5 15.2
      vertex 204.5 -0.5 21.2
      vertex 256.5 -0.5 21.2
    endloop
  endfacet
  facet normal 0 0.707107 0.707107
    outer loop
      vertex 204.5 2.7 18
      vertex 250.5 5.5 15.2
      vertex 195.5 2.7 18
    endloop
  endfacet
  facet normal 3.41324e-17 0.707107 0.707107
    outer loop
      vertex 204.5 -0.5 21.2
      vertex 250.5 5.5 15.2
      vertex 204.5 2.7 18
    endloop
  endfacet
  facet normal 0 0.707107 0.707107
    outer loop
      vertex 195.5 2.7 18
      vertex 142 -0.5 21.2
      vertex 195.5 -0.5 21.2
    endloop
  endfacet
  facet normal -1.1739e-17 0.707107 0.707107
    outer loop
      vertex 195.5 2.7 18
      vertex 142 5.5 15.2
      vertex 142 -0.5 21.2
    endloop
  endfacet
  facet normal -0 0.707107 0.707107
    outer loop
      vertex 142 5.5 15.2
      vertex 195.5 2.7 18
      vertex 250.5 5.5 15.2
    endloop
  endfacet
  facet normal 0 0 -1
    outer loop
      vertex 256.5 -0.5 13.2
      vertex 250.5 5.5 13.2
      vertex 256.5 128.5 13.2
    endloop
  endfacet
  facet normal 0 0 -1
    outer loop
      vertex 256.5 -0.5 13.2
      vertex 138.15 0.850006 13.2
      vertex 250.5 5.5 13.2
    endloop
  endfacet
  facet normal 0 0 -1
    outer loop
      vertex 128 -0.5 13.2
      vertex 138.15 0.850006 13.2
      vertex 256.5 -0.5 13.2
    endloop
  endfacet
  facet normal -0 0 -1
    outer loop
      vertex 138.15 0.850006 13.2
      vertex 128 -0.5 13.2
      vertex 128 2.85001 13.2
    endloop
  endfacet
  facet normal 0 0 -1
    outer loop
      vertex 250.5 122.5 13.2
      vertex 256.5 128.5 13.2
      vertex 250.5 5.5 13.2
    endloop
  endfacet
  facet normal 0 0 -1
    outer loop
      vertex 138.15 127.15 13.2
      vertex 250.5 122.5 13.2
      vertex 138.15 122.5 13.2
    endloop
  endfacet
  facet normal 0 0 -1
    outer loop
      vertex 250.5 122.5 13.2
      vertex 138.15 127.15 13.2
      vertex 256.5 128.5 13.2
    endloop
  endfacet
  facet normal 0 0 -1
    outer loop
      vertex 138.15 127.15 13.2
      vertex 128 128.5 13.2
      vertex 256.5 128.5 13.2
    endloop
  endfacet
  facet normal 0 0 -1
    outer loop
      vertex 128 128.5 13.2
      vertex 138.15 127.15 13.2
      vertex 128 125.15 13.2
    endloop
  endfacet
  facet normal -0 0 -1
    outer loop
      vertex 250.5 5.5 13.2
      vertex 138.15 0.850006 13.2
      vertex 138.15 5.5 13.2
    endloop
  endfacet
  facet normal 0 -0.707107 0.707107
    outer loop
      vertex 250.5 122.5 15.2
      vertex 142 128.5 21.2
      vertex 142 122.5 15.2
    endloop
  endfacet
  facet normal 0 -0.707107 0.707107
    outer loop
      vertex 142 128.5 21.2
      vertex 250.5 122.5 15.2
      vertex 256.5 128.5 21.2
    endloop
  endfacet
  facet normal 0 -1 0
    outer loop
      vertex 142 122.5 13.2
      vertex 250.5 122.5 15.2
      vertex 142 122.5 15.2
    endloop
  endfacet
  facet normal 0 -1 0
    outer loop
      vertex 142 122.5 13.2
      vertex 250.5 122.5 13.2
      vertex 250.5 122.5 15.2
    endloop
  endfacet
  facet normal 0 0 0
    outer loop
      vertex 250.5 122.5 13.2
      vertex 142 122.5 13.2
      vertex 138.15 122.5 13.2
    endloop
  endfacet
  facet normal -0.707107 0 0.707107
    outer loop
      vertex 250.5 5.5 15.2
      vertex 256.5 128.5 21.2
      vertex 250.5 122.5 15.2
    endloop
  endfacet
  facet normal -0.707107 0 0.707107
    outer loop
      vertex 256.5 128.5 21.2
      vertex 250.5 5.5 15.2
      vertex 256.5 -0.5 21.2
    endloop
  endfacet
  facet normal -1 0 0
    outer loop
      vertex 250.5 5.5 13.2
      vertex 250.5 122.5 15.2
      vertex 250.5 122.5 13.2
    endloop
  endfacet
  facet normal -1 -0 0
    outer loop
      vertex 250.5 122.5 15.2
      vertex 250.5 5.5 13.2
      vertex 250.5 5.5 15.2
    endloop
  endfacet
  facet normal 0 1 -0
    outer loop
      vertex 248.5 7.5 31.5
      vertex 204.5 7.5 34.5
      vertex 248.5 7.5 34.5
    endloop
  endfacet
  facet normal 0 1 0
    outer loop
      vertex 204.5 7.5 34.5
      vertex 248.5 7.5 31.5
      vertex 204.5 7.5 31.5
    endloop
  endfacet
  facet normal 0 1 -0
    outer loop
      vertex 195.5 7.5 31.5
      vertex 142 7.5 34.5
      vertex 195.5 7.5 34.5
    endloop
  endfacet
  facet normal 0 1 0
    outer loop
      vertex 142 7.5 34.5
      vertex 195.5 7.5 31.5
      vertex 142 7.5 31.5
    endloop
  endfacet
  facet normal 0 0 -1
    outer loop
      vertex 215 108 31.5
      vertex 218 111 31.5
      vertex 217.963 110.531 31.5
    endloop
  endfacet
  facet normal 0 0 -1
    outer loop
      vertex 256.5 -0.5 31.5
      vertex 248.5 7.5 31.5
      vertex 256.5 128.5 31.5
    endloop
  endfacet
  facet normal 0 0 -1
    outer loop
      vertex 204.5 -0.5 31.5
      vertex 248.5 7.5 31.5
      vertex 256.5 -0.5 31.5
    endloop
  endfacet
  facet normal -0 0 -1
    outer loop
      vertex 248.5 7.5 31.5
      vertex 204.5 -0.5 31.5
      vertex 204.5 7.5 31.5
    endloop
  endfacet
  facet normal 0 0 -1
    outer loop
      vertex 248.5 120.5 31.5
      vertex 256.5 128.5 31.5
      vertex 248.5 7.5 31.5
    endloop
  endfacet
  facet normal 0 0 -1
    outer loop
      vertex 218 120.5 31.5
      vertex 256.5 128.5 31.5
      vertex 248.5 120.5 31.5
    endloop
  endfacet
  facet normal 0 0 -1
    outer loop
      vertex 215 108 31.5
      vertex 217.963 110.531 31.5
      vertex 217.853 110.073 31.5
    endloop
  endfacet
  facet normal 0 0 -1
    outer loop
      vertex 215 108 31.5
      vertex 217.853 110.073 31.5
      vertex 217.673 109.638 31.5
    endloop
  endfacet
  facet normal 0 0 -1
    outer loop
      vertex 215 108 31.5
      vertex 217.673 109.638 31.5
      vertex 217.427 109.237 31.5
    endloop
  endfacet
  facet normal 0 0 -1
    outer loop
      vertex 215 108 31.5
      vertex 217.427 109.237 31.5
      vertex 217.121 108.879 31.5
    endloop
  endfacet
  facet normal 0 0 -1
    outer loop
      vertex 215 108 31.5
      vertex 217.121 108.879 31.5
      vertex 216.763 108.573 31.5
    endloop
  endfacet
  facet normal 0 0 -1
    outer loop
      vertex 215 108 31.5
      vertex 216.763 108.573 31.5
      vertex 216.362 108.327 31.5
    endloop
  endfacet
  facet normal 0 0 -1
    outer loop
      vertex 215 108 31.5
      vertex 216.362 108.327 31.5
      vertex 215.927 108.147 31.5
    endloop
  endfacet
  facet normal 0 0 -1
    outer loop
      vertex 215 108 31.5
      vertex 215.927 108.147 31.5
      vertex 215.469 108.037 31.5
    endloop
  endfacet
  facet normal -0 0 -1
    outer loop
      vertex 218 111 31.5
      vertex 215 108 31.5
      vertex 212.01 112.957 31.5
    endloop
  endfacet
  facet normal 0 0 -1
    outer loop
      vertex 218 111 31.5
      vertex 212.445 114.296 31.5
      vertex 212.5 115 31.5
    endloop
  endfacet
  facet normal 0 0 -1
    outer loop
      vertex 212.445 115.704 31.5
      vertex 218 120.5 31.5
      vertex 212.5 115 31.5
    endloop
  endfacet
  facet normal 0 0 -1
    outer loop
      vertex 212.28 116.391 31.5
      vertex 218 120.5 31.5
      vertex 212.445 115.704 31.5
    endloop
  endfacet
  facet normal 0 0 -1
    outer loop
      vertex 212.01 117.043 31.5
      vertex 218 120.5 31.5
      vertex 212.28 116.391 31.5
    endloop
  endfacet
  facet normal 0 0 -1
    outer loop
      vertex 211.641 117.645 31.5
      vertex 218 120.5 31.5
      vertex 212.01 117.043 31.5
    endloop
  endfacet
  facet normal 0 0 -1
    outer loop
      vertex 211.182 118.182 31.5
      vertex 218 120.5 31.5
      vertex 211.641 117.645 31.5
    endloop
  endfacet
  facet normal 0 0 -1
    outer loop
      vertex 210.25 123 31.5
      vertex 211.182 118.182 31.5
      vertex 210.645 118.641 31.5
    endloop
  endfacet
  facet normal 0 0 -1
    outer loop
      vertex 210.25 123 31.5
      vertex 210.645 118.641 31.5
      vertex 210.25 118.883 31.5
    endloop
  endfacet
  facet normal 0 0 -1
    outer loop
      vertex 211.182 118.182 31.5
      vertex 210.25 123 31.5
      vertex 218 120.5 31.5
    endloop
  endfacet
  facet normal 0 0 -1
    outer loop
      vertex 210.222 123.352 31.5
      vertex 218 120.5 31.5
      vertex 210.25 123 31.5
    endloop
  endfacet
  facet normal 0 0 -1
    outer loop
      vertex 210.14 123.695 31.5
      vertex 218 120.5 31.5
      vertex 210.222 123.352 31.5
    endloop
  endfacet
  facet normal 0 0 -1
    outer loop
      vertex 210.005 124.021 31.5
      vertex 218 120.5 31.5
      vertex 210.14 123.695 31.5
    endloop
  endfacet
  facet normal 0 0 -1
    outer loop
      vertex 209.82 124.323 31.5
      vertex 218 120.5 31.5
      vertex 210.005 124.021 31.5
    endloop
  endfacet
  facet normal 0 0 -1
    outer loop
      vertex 209.591 124.591 31.5
      vertex 218 120.5 31.5
      vertex 209.82 124.323 31.5
    endloop
  endfacet
  facet normal 0 0 -1
    outer loop
      vertex 209.323 124.82 31.5
      vertex 218 120.5 31.5
      vertex 209.591 124.591 31.5
    endloop
  endfacet
  facet normal 0 0 -1
    outer loop
      vertex 218 120.5 31.5
      vertex 209.323 124.82 31.5
      vertex 256.5 128.5 31.5
    endloop
  endfacet
  facet normal 0 0 -1
    outer loop
      vertex 209.021 125.005 31.5
      vertex 256.5 128.5 31.5
      vertex 209.323 124.82 31.5
    endloop
  endfacet
  facet normal 0 0 -1
    outer loop
      vertex 208.695 125.14 31.5
      vertex 256.5 128.5 31.5
      vertex 209.021 125.005 31.5
    endloop
  endfacet
  facet normal 0 0 -1
    outer loop
      vertex 208.352 125.222 31.5
      vertex 256.5 128.5 31.5
      vertex 208.695 125.14 31.5
    endloop
  endfacet
  facet normal 0 0 -1
    outer loop
      vertex 208 125.25 31.5
      vertex 256.5 128.5 31.5
      vertex 208.352 125.222 31.5
    endloop
  endfacet
  facet normal 0 0 -1
    outer loop
      vertex 204.818 118.182 31.5
      vertex 205.75 123 31.5
      vertex 205.355 118.641 31.5
    endloop
  endfacet
  facet normal 0 0 -1
    outer loop
      vertex 198 120.5 31.5
      vertex 205.75 123 31.5
      vertex 204.818 118.182 31.5
    endloop
  endfacet
  facet normal 0 0 -1
    outer loop
      vertex 198 120.5 31.5
      vertex 204.818 118.182 31.5
      vertex 204.359 117.645 31.5
    endloop
  endfacet
  facet normal -0 0 -1
    outer loop
      vertex 205.75 123 31.5
      vertex 198 120.5 31.5
      vertex 205.778 123.352 31.5
    endloop
  endfacet
  facet normal 0 0 -1
    outer loop
      vertex 198 120.5 31.5
      vertex 204.359 117.645 31.5
      vertex 203.99 117.043 31.5
    endloop
  endfacet
  facet normal 0 0 -1
    outer loop
      vertex 198 120.5 31.5
      vertex 203.99 117.043 31.5
      vertex 203.72 116.391 31.5
    endloop
  endfacet
  facet normal -0 0 -1
    outer loop
      vertex 203.555 114.296 31.5
      vertex 198 111 31.5
      vertex 203.5 115 31.5
    endloop
  endfacet
  facet normal -0 0 -1
    outer loop
      vertex 203.5 115 31.5
      vertex 198 111 31.5
      vertex 203.555 115.704 31.5
    endloop
  endfacet
  facet normal 0 0 -1
    outer loop
      vertex 198 120.5 31.5
      vertex 203.555 115.704 31.5
      vertex 198 111 31.5
    endloop
  endfacet
  facet normal 0 0 -1
    outer loop
      vertex 198 111 31.5
      vertex 201 108 31.5
      vertex 200.531 108.037 31.5
    endloop
  endfacet
  facet normal 0 0 -1
    outer loop
      vertex 198 111 31.5
      vertex 200.531 108.037 31.5
      vertex 200.073 108.147 31.5
    endloop
  endfacet
  facet normal 0 0 -1
    outer loop
      vertex 198 111 31.5
      vertex 200.073 108.147 31.5
      vertex 199.638 108.327 31.5
    endloop
  endfacet
  facet normal 0 0 -1
    outer loop
      vertex 198 111 31.5
      vertex 199.638 108.327 31.5
      vertex 199.237 108.573 31.5
    endloop
  endfacet
  facet normal 0 0 -1
    outer loop
      vertex 203.555 115.704 31.5
      vertex 198 120.5 31.5
      vertex 203.72 116.391 31.5
    endloop
  endfacet
  facet normal 0 0 -1
    outer loop
      vertex 198 111 31.5
      vertex 199.237 108.573 31.5
      vertex 198.879 108.879 31.5
    endloop
  endfacet
  facet normal 0 0 -1
    outer loop
      vertex 198 111 31.5
      vertex 198.879 108.879 31.5
      vertex 198.573 109.237 31.5
    endloop
  endfacet
  facet normal 0 0 -1
    outer loop
      vertex 198 111 31.5
      vertex 198.573 109.237 31.5
      vertex 198.327 109.638 31.5
    endloop
  endfacet
  facet normal 0 0 -1
    outer loop
      vertex 198 111 31.5
      vertex 198.327 109.638 31.5
      vertex 198.147 110.073 31.5
    endloop
  endfacet
  facet normal 0 0 -1
    outer loop
      vertex 198 111 31.5
      vertex 198.147 110.073 31.5
      vertex 198.037 110.531 31.5
    endloop
  endfacet
  facet normal -0 0 -1
    outer loop
      vertex 205.778 123.352 31.5
      vertex 198 120.5 31.5
      vertex 205.86 123.695 31.5
    endloop
  endfacet
  facet normal -0 0 -1
    outer loop
      vertex 205.86 123.695 31.5
      vertex 198 120.5 31.5
      vertex 205.995 124.021 31.5
    endloop
  endfacet
  facet normal -0 0 -1
    outer loop
      vertex 205.995 124.021 31.5
      vertex 198 120.5 31.5
      vertex 206.18 124.323 31.5
    endloop
  endfacet
  facet normal 0 0 -1
    outer loop
      vertex 198 120.5 31.5
      vertex 206.409 124.591 31.5
      vertex 206.18 124.323 31.5
    endloop
  endfacet
  facet normal 0 0 -1
    outer loop
      vertex 198 120.5 31.5
      vertex 206.677 124.82 31.5
      vertex 206.409 124.591 31.5
    endloop
  endfacet
  facet normal 0 0 -1
    outer loop
      vertex 198 120.5 31.5
      vertex 206.979 125.005 31.5
      vertex 206.677 124.82 31.5
    endloop
  endfacet
  facet normal 0 0 -1
    outer loop
      vertex 142 128.5 31.5
      vertex 198 120.5 31.5
      vertex 142 120.5 31.5
    endloop
  endfacet
  facet normal 0 0 -1
    outer loop
      vertex 198 120.5 31.5
      vertex 142 128.5 31.5
      vertex 206.979 125.005 31.5
    endloop
  endfacet
  facet normal 0 0 -1
    outer loop
      vertex 206.979 125.005 31.5
      vertex 142 128.5 31.5
      vertex 207.305 125.14 31.5
    endloop
  endfacet
  facet normal 0 0 -1
    outer loop
      vertex 207.305 125.14 31.5
      vertex 142 128.5 31.5
      vertex 207.648 125.222 31.5
    endloop
  endfacet
  facet normal 0 0 -1
    outer loop
      vertex 208 125.25 31.5
      vertex 142 128.5 31.5
      vertex 256.5 128.5 31.5
    endloop
  endfacet
  facet normal 0 0 -1
    outer loop
      vertex 207.648 125.222 31.5
      vertex 142 128.5 31.5
      vertex 208 125.25 31.5
    endloop
  endfacet
  facet normal -0 0 -1
    outer loop
      vertex 205.75 118.883 31.5
      vertex 205.355 118.641 31.5
      vertex 205.75 123 31.5
    endloop
  endfacet
  facet normal 0 0 -1
    outer loop
      vertex 218 111 31.5
      vertex 212.5 115 31.5
      vertex 218 120.5 31.5
    endloop
  endfacet
  facet normal 0 0 -1
    outer loop
      vertex 218 111 31.5
      vertex 212.28 113.609 31.5
      vertex 212.445 114.296 31.5
    endloop
  endfacet
  facet normal 0 0 -1
    outer loop
      vertex 218 111 31.5
      vertex 212.01 112.957 31.5
      vertex 212.28 113.609 31.5
    endloop
  endfacet
  facet normal 0 0 -1
    outer loop
      vertex 215 108 31.5
      vertex 211.641 112.355 31.5
      vertex 212.01 112.957 31.5
    endloop
  endfacet
  facet normal 0 0 -1
    outer loop
      vertex 215 108 31.5
      vertex 211.182 111.818 31.5
      vertex 211.641 112.355 31.5
    endloop
  endfacet
  facet normal 0 0 -1
    outer loop
      vertex 215 108 31.5
      vertex 210.645 111.359 31.5
      vertex 211.182 111.818 31.5
    endloop
  endfacet
  facet normal 0 0 -1
    outer loop
      vertex 215 108 31.5
      vertex 210.043 110.99 31.5
      vertex 210.645 111.359 31.5
    endloop
  endfacet
  facet normal 0 0 -1
    outer loop
      vertex 215 108 31.5
      vertex 209.391 110.72 31.5
      vertex 210.043 110.99 31.5
    endloop
  endfacet
  facet normal 0 0 -1
    outer loop
      vertex 215 108 31.5
      vertex 208.704 110.555 31.5
      vertex 209.391 110.72 31.5
    endloop
  endfacet
  facet normal 0 0 -1
    outer loop
      vertex 215 108 31.5
      vertex 208 110.5 31.5
      vertex 208.704 110.555 31.5
    endloop
  endfacet
  facet normal 0 0 -1
    outer loop
      vertex 201 108 31.5
      vertex 208 110.5 31.5
      vertex 215 108 31.5
    endloop
  endfacet
  facet normal -0 0 -1
    outer loop
      vertex 208 110.5 31.5
      vertex 201 108 31.5
      vertex 207.296 110.555 31.5
    endloop
  endfacet
  facet normal -0 0 -1
    outer loop
      vertex 203.72 113.609 31.5
      vertex 198 111 31.5
      vertex 203.555 114.296 31.5
    endloop
  endfacet
  facet normal -0 0 -1
    outer loop
      vertex 203.99 112.957 31.5
      vertex 198 111 31.5
      vertex 203.72 113.609 31.5
    endloop
  endfacet
  facet normal 0 0 -1
    outer loop
      vertex 198 111 31.5
      vertex 203.99 112.957 31.5
      vertex 201 108 31.5
    endloop
  endfacet
  facet normal -0 0 -1
    outer loop
      vertex 204.359 112.355 31.5
      vertex 201 108 31.5
      vertex 203.99 112.957 31.5
    endloop
  endfacet
  facet normal -0 0 -1
    outer loop
      vertex 204.818 111.818 31.5
      vertex 201 108 31.5
      vertex 204.359 112.355 31.5
    endloop
  endfacet
  facet normal -0 0 -1
    outer loop
      vertex 205.355 111.359 31.5
      vertex 201 108 31.5
      vertex 204.818 111.818 31.5
    endloop
  endfacet
  facet normal -0 0 -1
    outer loop
      vertex 205.957 110.99 31.5
      vertex 201 108 31.5
      vertex 205.355 111.359 31.5
    endloop
  endfacet
  facet normal -0 0 -1
    outer loop
      vertex 206.609 110.72 31.5
      vertex 201 108 31.5
      vertex 205.957 110.99 31.5
    endloop
  endfacet
  facet normal -0 0 -1
    outer loop
      vertex 207.296 110.555 31.5
      vertex 201 108 31.5
      vertex 206.609 110.72 31.5
    endloop
  endfacet
  facet normal 0 0 -1
    outer loop
      vertex 142 -0.5 31.5
      vertex 195.5 7.5 31.5
      vertex 195.5 -0.5 31.5
    endloop
  endfacet
  facet normal -0 0 -1
    outer loop
      vertex 195.5 7.5 31.5
      vertex 142 -0.5 31.5
      vertex 142 7.5 31.5
    endloop
  endfacet
  facet normal 0 -1 0
    outer loop
      vertex 218 120.5 31.5
      vertex 248.5 120.5 34.5
      vertex 218 120.5 34.5
    endloop
  endfacet
  facet normal 0 -1 -0
    outer loop
      vertex 248.5 120.5 34.5
      vertex 218 120.5 31.5
      vertex 248.5 120.5 31.5
    endloop
  endfacet
  facet normal 0 -1 0
    outer loop
      vertex 142 120.5 31.5
      vertex 198 120.5 34.5
      vertex 142 120.5 34.5
    endloop
  endfacet
  facet normal 0 -1 -0
    outer loop
      vertex 198 120.5 34.5
      vertex 142 120.5 31.5
      vertex 198 120.5 31.5
    endloop
  endfacet
  facet normal -1 0 0
    outer loop
      vertex 248.5 7.5 31.5
      vertex 248.5 120.5 34.5
      vertex 248.5 120.5 31.5
    endloop
  endfacet
  facet normal -1 -0 0
    outer loop
      vertex 248.5 120.5 34.5
      vertex 248.5 7.5 31.5
      vertex 248.5 7.5 34.5
    endloop
  endfacet
  facet normal 0.382352 -0.924017 0
    outer loop
      vertex 215.927 108.147 31.5
      vertex 216.362 108.327 34.5
      vertex 215.927 108.147 34.5
    endloop
  endfacet
  facet normal 0.382352 -0.924017 0
    outer loop
      vertex 216.362 108.327 34.5
      vertex 215.927 108.147 31.5
      vertex 216.362 108.327 31.5
    endloop
  endfacet
  facet normal -0.972349 -0.233534 0
    outer loop
      vertex 198.147 110.073 31.5
      vertex 198.037 110.531 34.5
      vertex 198.037 110.531 31.5
    endloop
  endfacet
  facet normal -0.972349 -0.233534 0
    outer loop
      vertex 198.037 110.531 34.5
      vertex 198.147 110.073 31.5
      vertex 198.147 110.073 34.5
    endloop
  endfacet
  facet normal -0.382352 -0.924017 0
    outer loop
      vertex 199.638 108.327 31.5
      vertex 200.073 108.147 34.5
      vertex 199.638 108.327 34.5
    endloop
  endfacet
  facet normal -0.382352 -0.924017 -0
    outer loop
      vertex 200.073 108.147 34.5
      vertex 199.638 108.327 31.5
      vertex 200.073 108.147 31.5
    endloop
  endfacet
  facet normal -0.924017 -0.382352 0
    outer loop
      vertex 198.327 109.638 31.5
      vertex 198.147 110.073 34.5
      vertex 198.147 110.073 31.5
    endloop
  endfacet
  facet normal -0.924017 -0.382352 0
    outer loop
      vertex 198.147 110.073 34.5
      vertex 198.327 109.638 31.5
      vertex 198.327 109.638 34.5
    endloop
  endfacet
  facet normal 0 -1 0
    outer loop
      vertex 201 108 31.5
      vertex 215 108 34.5
      vertex 201 108 34.5
    endloop
  endfacet
  facet normal 0 -1 -0
    outer loop
      vertex 215 108 34.5
      vertex 201 108 31.5
      vertex 215 108 31.5
    endloop
  endfacet
  facet normal 0.649742 -0.760155 0
    outer loop
      vertex 216.763 108.573 31.5
      vertex 217.121 108.879 34.5
      vertex 216.763 108.573 34.5
    endloop
  endfacet
  facet normal 0.649742 -0.760155 0
    outer loop
      vertex 217.121 108.879 34.5
      vertex 216.763 108.573 31.5
      vertex 217.121 108.879 31.5
    endloop
  endfacet
  facet normal -0.852387 -0.522911 0
    outer loop
      vertex 198.573 109.237 31.5
      vertex 198.327 109.638 34.5
      vertex 198.327 109.638 31.5
    endloop
  endfacet
  facet normal -0.852387 -0.522911 0
    outer loop
      vertex 198.327 109.638 34.5
      vertex 198.573 109.237 31.5
      vertex 198.573 109.237 34.5
    endloop
  endfacet
  facet normal 0.996903 -0.0786469 0
    outer loop
      vertex 217.963 110.531 34.5
      vertex 218 111 31.5
      vertex 218 111 34.5
    endloop
  endfacet
  facet normal 0.996903 -0.0786469 0
    outer loop
      vertex 218 111 31.5
      vertex 217.963 110.531 34.5
      vertex 217.963 110.531 31.5
    endloop
  endfacet
  facet normal 0.0786469 -0.996903 0
    outer loop
      vertex 215 108 31.5
      vertex 215.469 108.037 34.5
      vertex 215 108 34.5
    endloop
  endfacet
  facet normal 0.0786469 -0.996903 0
    outer loop
      vertex 215.469 108.037 34.5
      vertex 215 108 31.5
      vertex 215.469 108.037 31.5
    endloop
  endfacet
  facet normal -0.760155 -0.649742 0
    outer loop
      vertex 198.879 108.879 31.5
      vertex 198.573 109.237 34.5
      vertex 198.573 109.237 31.5
    endloop
  endfacet
  facet normal -0.760155 -0.649742 0
    outer loop
      vertex 198.573 109.237 34.5
      vertex 198.879 108.879 31.5
      vertex 198.879 108.879 34.5
    endloop
  endfacet
  facet normal -0.0786469 -0.996903 0
    outer loop
      vertex 200.531 108.037 31.5
      vertex 201 108 34.5
      vertex 200.531 108.037 34.5
    endloop
  endfacet
  facet normal -0.0786469 -0.996903 -0
    outer loop
      vertex 201 108 34.5
      vertex 200.531 108.037 31.5
      vertex 201 108 31.5
    endloop
  endfacet
  facet normal -1 0 0
    outer loop
      vertex 198 111 31.5
      vertex 198 120.5 34.5
      vertex 198 120.5 31.5
    endloop
  endfacet
  facet normal -1 -0 0
    outer loop
      vertex 198 120.5 34.5
      vertex 198 111 31.5
      vertex 198 111 34.5
    endloop
  endfacet
  facet normal 1 -0 0
    outer loop
      vertex 218 111 34.5
      vertex 218 120.5 31.5
      vertex 218 120.5 34.5
    endloop
  endfacet
  facet normal 1 0 0
    outer loop
      vertex 218 120.5 31.5
      vertex 218 111 34.5
      vertex 218 111 31.5
    endloop
  endfacet
  facet normal 0.522911 -0.852387 0
    outer loop
      vertex 216.362 108.327 31.5
      vertex 216.763 108.573 34.5
      vertex 216.362 108.327 34.5
    endloop
  endfacet
  facet normal 0.522911 -0.852387 0
    outer loop
      vertex 216.763 108.573 34.5
      vertex 216.362 108.327 31.5
      vertex 216.763 108.573 31.5
    endloop
  endfacet
  facet normal -0.522911 -0.852387 0
    outer loop
      vertex 199.237 108.573 31.5
      vertex 199.638 108.327 34.5
      vertex 199.237 108.573 34.5
    endloop
  endfacet
  facet normal -0.522911 -0.852387 -0
    outer loop
      vertex 199.638 108.327 34.5
      vertex 199.237 108.573 31.5
      vertex 199.638 108.327 31.5
    endloop
  endfacet
  facet normal -0.233534 -0.972349 0
    outer loop
      vertex 200.073 108.147 31.5
      vertex 200.531 108.037 34.5
      vertex 200.073 108.147 34.5
    endloop
  endfacet
  facet normal -0.233534 -0.972349 -0
    outer loop
      vertex 200.531 108.037 34.5
      vertex 200.073 108.147 31.5
      vertex 200.531 108.037 31.5
    endloop
  endfacet
  facet normal -0.649742 -0.760155 0
    outer loop
      vertex 198.879 108.879 31.5
      vertex 199.237 108.573 34.5
      vertex 198.879 108.879 34.5
    endloop
  endfacet
  facet normal -0.649742 -0.760155 -0
    outer loop
      vertex 199.237 108.573 34.5
      vertex 198.879 108.879 31.5
      vertex 199.237 108.573 31.5
    endloop
  endfacet
  facet normal 0.233534 -0.972349 0
    outer loop
      vertex 215.469 108.037 31.5
      vertex 215.927 108.147 34.5
      vertex 215.469 108.037 34.5
    endloop
  endfacet
  facet normal 0.233534 -0.972349 0
    outer loop
      vertex 215.927 108.147 34.5
      vertex 215.469 108.037 31.5
      vertex 215.927 108.147 31.5
    endloop
  endfacet
  facet normal 0.972349 -0.233534 0
    outer loop
      vertex 217.853 110.073 34.5
      vertex 217.963 110.531 31.5
      vertex 217.963 110.531 34.5
    endloop
  endfacet
  facet normal 0.972349 -0.233534 0
    outer loop
      vertex 217.963 110.531 31.5
      vertex 217.853 110.073 34.5
      vertex 217.853 110.073 31.5
    endloop
  endfacet
  facet normal -0.996903 -0.0786469 0
    outer loop
      vertex 198.037 110.531 31.5
      vertex 198 111 34.5
      vertex 198 111 31.5
    endloop
  endfacet
  facet normal -0.996903 -0.0786469 0
    outer loop
      vertex 198 111 34.5
      vertex 198.037 110.531 31.5
      vertex 198.037 110.531 34.5
    endloop
  endfacet
  facet normal 0.924017 -0.382352 0
    outer loop
      vertex 217.673 109.638 34.5
      vertex 217.853 110.073 31.5
      vertex 217.853 110.073 34.5
    endloop
  endfacet
  facet normal 0.924017 -0.382352 0
    outer loop
      vertex 217.853 110.073 31.5
      vertex 217.673 109.638 34.5
      vertex 217.673 109.638 31.5
    endloop
  endfacet
  facet normal 0.760155 -0.649742 0
    outer loop
      vertex 217.121 108.879 34.5
      vertex 217.427 109.237 31.5
      vertex 217.427 109.237 34.5
    endloop
  endfacet
  facet normal 0.760155 -0.649742 0
    outer loop
      vertex 217.427 109.237 31.5
      vertex 217.121 108.879 34.5
      vertex 217.121 108.879 31.5
    endloop
  endfacet
  facet normal 0.852387 -0.522911 0
    outer loop
      vertex 217.427 109.237 34.5
      vertex 217.673 109.638 31.5
      vertex 217.673 109.638 34.5
    endloop
  endfacet
  facet normal 0.852387 -0.522911 0
    outer loop
      vertex 217.673 109.638 31.5
      vertex 217.427 109.237 34.5
      vertex 217.427 109.237 31.5
    endloop
  endfacet
  facet normal 1 0 0
    outer loop
      vertex 142 -0.5 21.2
      vertex 142 7.5 31.5
      vertex 142 -0.5 31.5
    endloop
  endfacet
  facet normal 1 0 0
    outer loop
      vertex 142 7.5 31.5
      vertex 142 -0.5 21.2
      vertex 142 5.5 15.2
    endloop
  endfacet
  facet normal 1 0 0
    outer loop
      vertex 142 7.5 31.5
      vertex 142 11.5 34.5
      vertex 142 7.5 34.5
    endloop
  endfacet
  facet normal 1 0 0
    outer loop
      vertex 142 11.5 34.5
      vertex 142 7.5 31.5
      vertex 142 11.5 13.2
    endloop
  endfacet
  facet normal 1 -0 0
    outer loop
      vertex 142 5.5 15.2
      vertex 142 11.5 13.2
      vertex 142 7.5 31.5
    endloop
  endfacet
  facet normal 1 0 0
    outer loop
      vertex 142 11.5 13.2
      vertex 142 5.5 15.2
      vertex 142 5.5 13.2
    endloop
  endfacet
  facet normal 0 0 -1
    outer loop
      vertex 138.15 9.14999 13.2
      vertex 142 5.5 13.2
      vertex 138.15 5.5 13.2
    endloop
  endfacet
  facet normal 0 0 -1
    outer loop
      vertex 142 5.5 13.2
      vertex 138.15 9.14999 13.2
      vertex 142 11.5 13.2
    endloop
  endfacet
  facet normal 0 0 -1
    outer loop
      vertex 128 11.5 13.2
      vertex 138.15 9.14999 13.2
      vertex 128 7.14999 13.2
    endloop
  endfacet
  facet normal 0 0 -1
    outer loop
      vertex 138.15 9.14999 13.2
      vertex 128 11.5 13.2
      vertex 142 11.5 13.2
    endloop
  endfacet
  facet normal 0 1 -0
    outer loop
      vertex 142 11.5 13.2
      vertex 128 11.5 34.5
      vertex 142 11.5 34.5
    endloop
  endfacet
  facet normal 0 1 0
    outer loop
      vertex 128 11.5 34.5
      vertex 142 11.5 13.2
      vertex 128 11.5 13.2
    endloop
  endfacet
  facet normal 1 0 0
    outer loop
      vertex 142 120.5 34.5
      vertex 142 116.5 34.5
      vertex 142 120.5 31.5
    endloop
  endfacet
  facet normal 1 -0 0
    outer loop
      vertex 142 120.5 31.5
      vertex 142 128.5 21.2
      vertex 142 128.5 31.5
    endloop
  endfacet
  facet normal 1 0 0
    outer loop
      vertex 142 128.5 21.2
      vertex 142 120.5 31.5
      vertex 142 122.5 15.2
    endloop
  endfacet
  facet normal 1 0 0
    outer loop
      vertex 142 116.5 13.2
      vertex 142 122.5 15.2
      vertex 142 120.5 31.5
    endloop
  endfacet
  facet normal 1 0 0
    outer loop
      vertex 142 116.5 13.2
      vertex 142 120.5 31.5
      vertex 142 116.5 34.5
    endloop
  endfacet
  facet normal 1 0 0
    outer loop
      vertex 142 122.5 15.2
      vertex 142 116.5 13.2
      vertex 142 122.5 13.2
    endloop
  endfacet
  facet normal 0 0 -1
    outer loop
      vertex 142 116.5 13.2
      vertex 138.15 118.85 13.2
      vertex 142 122.5 13.2
    endloop
  endfacet
  facet normal 0 0 -1
    outer loop
      vertex 128 116.5 13.2
      vertex 138.15 118.85 13.2
      vertex 142 116.5 13.2
    endloop
  endfacet
  facet normal -0 0 -1
    outer loop
      vertex 138.15 118.85 13.2
      vertex 128 116.5 13.2
      vertex 128 120.85 13.2
    endloop
  endfacet
  facet normal -0 0 -1
    outer loop
      vertex 142 122.5 13.2
      vertex 138.15 118.85 13.2
      vertex 138.15 122.5 13.2
    endloop
  endfacet
  facet normal 0 -1 0
    outer loop
      vertex 128 116.5 13.2
      vertex 142 116.5 34.5
      vertex 128 116.5 34.5
    endloop
  endfacet
  facet normal 0 -1 -0
    outer loop
      vertex 142 116.5 34.5
      vertex 128 116.5 13.2
      vertex 142 116.5 13.2
    endloop
  endfacet
  facet normal 0.923913 0.382602 0
    outer loop
      vertex 203.99 112.957 34.5
      vertex 203.72 113.609 31.5
      vertex 203.72 113.609 34.5
    endloop
  endfacet
  facet normal 0.923913 0.382602 0
    outer loop
      vertex 203.72 113.609 31.5
      vertex 203.99 112.957 34.5
      vertex 203.99 112.957 31.5
    endloop
  endfacet
  facet normal -0.0778877 0.996962 0
    outer loop
      vertex 208.704 110.555 31.5
      vertex 208 110.5 34.5
      vertex 208.704 110.555 34.5
    endloop
  endfacet
  facet normal -0.0778877 0.996962 0
    outer loop
      vertex 208 110.5 34.5
      vertex 208.704 110.555 31.5
      vertex 208 110.5 31.5
    endloop
  endfacet
  facet normal -0.972349 -0.233534 0
    outer loop
      vertex 212.445 115.704 31.5
      vertex 212.28 116.391 34.5
      vertex 212.28 116.391 31.5
    endloop
  endfacet
  facet normal -0.972349 -0.233534 0
    outer loop
      vertex 212.28 116.391 34.5
      vertex 212.445 115.704 31.5
      vertex 212.445 115.704 34.5
    endloop
  endfacet
  facet normal -0.996962 -0.0778877 0
    outer loop
      vertex 212.5 115 31.5
      vertex 212.445 115.704 34.5
      vertex 212.445 115.704 31.5
    endloop
  endfacet
  facet normal -0.996962 -0.0778877 0
    outer loop
      vertex 212.445 115.704 34.5
      vertex 212.5 115 31.5
      vertex 212.5 115 34.5
    endloop
  endfacet
  facet normal -0.923913 -0.382602 0
    outer loop
      vertex 212.28 116.391 31.5
      vertex 212.01 117.043 34.5
      vertex 212.01 117.043 31.5
    endloop
  endfacet
  facet normal -0.923913 -0.382602 0
    outer loop
      vertex 212.01 117.043 34.5
      vertex 212.28 116.391 31.5
      vertex 212.28 116.391 34.5
    endloop
  endfacet
  facet normal -0.996962 0.0778877 0
    outer loop
      vertex 212.445 114.296 31.5
      vertex 212.5 115 34.5
      vertex 212.5 115 31.5
    endloop
  endfacet
  facet normal -0.996962 0.0778877 0
    outer loop
      vertex 212.5 115 34.5
      vertex 212.445 114.296 31.5
      vertex 212.445 114.296 34.5
    endloop
  endfacet
  facet normal 0.649742 0.760155 -0
    outer loop
      vertex 205.355 111.359 31.5
      vertex 204.818 111.818 34.5
      vertex 205.355 111.359 34.5
    endloop
  endfacet
  facet normal 0.649742 0.760155 0
    outer loop
      vertex 204.818 111.818 34.5
      vertex 205.355 111.359 31.5
      vertex 204.818 111.818 31.5
    endloop
  endfacet
  facet normal -0.852581 -0.522595 0
    outer loop
      vertex 212.01 117.043 31.5
      vertex 211.641 117.645 34.5
      vertex 211.641 117.645 31.5
    endloop
  endfacet
  facet normal -0.852581 -0.522595 0
    outer loop
      vertex 211.641 117.645 34.5
      vertex 212.01 117.043 31.5
      vertex 212.01 117.043 34.5
    endloop
  endfacet
  facet normal -0.760155 -0.649742 0
    outer loop
      vertex 211.641 117.645 31.5
      vertex 211.182 118.182 34.5
      vertex 211.182 118.182 31.5
    endloop
  endfacet
  facet normal -0.760155 -0.649742 0
    outer loop
      vertex 211.182 118.182 34.5
      vertex 211.641 117.645 31.5
      vertex 211.641 117.645 34.5
    endloop
  endfacet
  facet normal -0.649742 0.760155 0
    outer loop
      vertex 211.182 111.818 31.5
      vertex 210.645 111.359 34.5
      vertex 211.182 111.818 34.5
    endloop
  endfacet
  facet normal -0.649742 0.760155 0
    outer loop
      vertex 210.645 111.359 34.5
      vertex 211.182 111.818 31.5
      vertex 210.645 111.359 31.5
    endloop
  endfacet
  facet normal 0.52241 -0.852694 0
    outer loop
      vertex 205.355 118.641 31.5
      vertex 205.75 118.883 34.5
      vertex 205.355 118.641 34.5
    endloop
  endfacet
  facet normal 0.52241 -0.852694 0
    outer loop
      vertex 205.75 118.883 34.5
      vertex 205.355 118.641 31.5
      vertex 205.75 118.883 31.5
    endloop
  endfacet
  facet normal 0.852581 -0.522595 0
    outer loop
      vertex 203.99 117.043 34.5
      vertex 204.359 117.645 31.5
      vertex 204.359 117.645 34.5
    endloop
  endfacet
  facet normal 0.852581 -0.522595 0
    outer loop
      vertex 204.359 117.645 31.5
      vertex 203.99 117.043 34.5
      vertex 203.99 117.043 31.5
    endloop
  endfacet
  facet normal 0.996962 -0.0778877 0
    outer loop
      vertex 203.5 115 34.5
      vertex 203.555 115.704 31.5
      vertex 203.555 115.704 34.5
    endloop
  endfacet
  facet normal 0.996962 -0.0778877 0
    outer loop
      vertex 203.555 115.704 31.5
      vertex 203.5 115 34.5
      vertex 203.5 115 31.5
    endloop
  endfacet
  facet normal -0.382602 0.923913 0
    outer loop
      vertex 210.043 110.99 31.5
      vertex 209.391 110.72 34.5
      vertex 210.043 110.99 34.5
    endloop
  endfacet
  facet normal -0.382602 0.923913 0
    outer loop
      vertex 209.391 110.72 34.5
      vertex 210.043 110.99 31.5
      vertex 209.391 110.72 31.5
    endloop
  endfacet
  facet normal 0.0778877 0.996962 -0
    outer loop
      vertex 208 110.5 31.5
      vertex 207.296 110.555 34.5
      vertex 208 110.5 34.5
    endloop
  endfacet
  facet normal 0.0778877 0.996962 0
    outer loop
      vertex 207.296 110.555 34.5
      vertex 208 110.5 31.5
      vertex 207.296 110.555 31.5
    endloop
  endfacet
  facet normal -0.923913 0.382602 0
    outer loop
      vertex 212.01 112.957 31.5
      vertex 212.28 113.609 34.5
      vertex 212.28 113.609 31.5
    endloop
  endfacet
  facet normal -0.923913 0.382602 0
    outer loop
      vertex 212.28 113.609 34.5
      vertex 212.01 112.957 31.5
      vertex 212.01 112.957 34.5
    endloop
  endfacet
  facet normal 0.996962 0.0778877 0
    outer loop
      vertex 203.555 114.296 34.5
      vertex 203.5 115 31.5
      vertex 203.5 115 34.5
    endloop
  endfacet
  facet normal 0.996962 0.0778877 0
    outer loop
      vertex 203.5 115 31.5
      vertex 203.555 114.296 34.5
      vertex 203.555 114.296 31.5
    endloop
  endfacet
  facet normal -0.760155 0.649742 0
    outer loop
      vertex 211.182 111.818 31.5
      vertex 211.641 112.355 34.5
      vertex 211.641 112.355 31.5
    endloop
  endfacet
  facet normal -0.760155 0.649742 0
    outer loop
      vertex 211.641 112.355 34.5
      vertex 211.182 111.818 31.5
      vertex 211.182 111.818 34.5
    endloop
  endfacet
  facet normal 0.972349 0.233534 0
    outer loop
      vertex 203.72 113.609 34.5
      vertex 203.555 114.296 31.5
      vertex 203.555 114.296 34.5
    endloop
  endfacet
  facet normal 0.972349 0.233534 0
    outer loop
      vertex 203.555 114.296 31.5
      vertex 203.72 113.609 34.5
      vertex 203.72 113.609 31.5
    endloop
  endfacet
  facet normal -0.52241 -0.852694 0
    outer loop
      vertex 210.25 118.883 31.5
      vertex 210.645 118.641 34.5
      vertex 210.25 118.883 34.5
    endloop
  endfacet
  facet normal -0.52241 -0.852694 -0
    outer loop
      vertex 210.645 118.641 34.5
      vertex 210.25 118.883 31.5
      vertex 210.645 118.641 31.5
    endloop
  endfacet
  facet normal -0.233534 0.972349 0
    outer loop
      vertex 209.391 110.72 31.5
      vertex 208.704 110.555 34.5
      vertex 209.391 110.72 34.5
    endloop
  endfacet
  facet normal -0.233534 0.972349 0
    outer loop
      vertex 208.704 110.555 34.5
      vertex 209.391 110.72 31.5
      vertex 208.704 110.555 31.5
    endloop
  endfacet
  facet normal 0.649742 -0.760155 0
    outer loop
      vertex 204.818 118.182 31.5
      vertex 205.355 118.641 34.5
      vertex 204.818 118.182 34.5
    endloop
  endfacet
  facet normal 0.649742 -0.760155 0
    outer loop
      vertex 205.355 118.641 34.5
      vertex 204.818 118.182 31.5
      vertex 205.355 118.641 31.5
    endloop
  endfacet
  facet normal 0.972349 -0.233534 0
    outer loop
      vertex 203.555 115.704 34.5
      vertex 203.72 116.391 31.5
      vertex 203.72 116.391 34.5
    endloop
  endfacet
  facet normal 0.972349 -0.233534 0
    outer loop
      vertex 203.72 116.391 31.5
      vertex 203.555 115.704 34.5
      vertex 203.555 115.704 31.5
    endloop
  endfacet
  facet normal -0.649742 -0.760155 0
    outer loop
      vertex 210.645 118.641 31.5
      vertex 211.182 118.182 34.5
      vertex 210.645 118.641 34.5
    endloop
  endfacet
  facet normal -0.649742 -0.760155 -0
    outer loop
      vertex 211.182 118.182 34.5
      vertex 210.645 118.641 31.5
      vertex 211.182 118.182 31.5
    endloop
  endfacet
  facet normal 0.852581 0.522595 0
    outer loop
      vertex 204.359 112.355 34.5
      vertex 203.99 112.957 31.5
      vertex 203.99 112.957 34.5
    endloop
  endfacet
  facet normal 0.852581 0.522595 0
    outer loop
      vertex 203.99 112.957 31.5
      vertex 204.359 112.355 34.5
      vertex 204.359 112.355 31.5
    endloop
  endfacet
  facet normal -0.972349 0.233534 0
    outer loop
      vertex 212.28 113.609 31.5
      vertex 212.445 114.296 34.5
      vertex 212.445 114.296 31.5
    endloop
  endfacet
  facet normal -0.972349 0.233534 0
    outer loop
      vertex 212.445 114.296 34.5
      vertex 212.28 113.609 31.5
      vertex 212.28 113.609 34.5
    endloop
  endfacet
  facet normal 0.760155 0.649742 0
    outer loop
      vertex 204.818 111.818 34.5
      vertex 204.359 112.355 31.5
      vertex 204.359 112.355 34.5
    endloop
  endfacet
  facet normal 0.760155 0.649742 0
    outer loop
      vertex 204.359 112.355 31.5
      vertex 204.818 111.818 34.5
      vertex 204.818 111.818 31.5
    endloop
  endfacet
  facet normal -0.522595 0.852581 0
    outer loop
      vertex 210.645 111.359 31.5
      vertex 210.043 110.99 34.5
      vertex 210.645 111.359 34.5
    endloop
  endfacet
  facet normal -0.522595 0.852581 0
    outer loop
      vertex 210.043 110.99 34.5
      vertex 210.645 111.359 31.5
      vertex 210.043 110.99 31.5
    endloop
  endfacet
  facet normal -0.852581 0.522595 0
    outer loop
      vertex 211.641 112.355 31.5
      vertex 212.01 112.957 34.5
      vertex 212.01 112.957 31.5
    endloop
  endfacet
  facet normal -0.852581 0.522595 0
    outer loop
      vertex 212.01 112.957 34.5
      vertex 211.641 112.355 31.5
      vertex 211.641 112.355 34.5
    endloop
  endfacet
  facet normal 0.923913 -0.382602 0
    outer loop
      vertex 203.72 116.391 34.5
      vertex 203.99 117.043 31.5
      vertex 203.99 117.043 34.5
    endloop
  endfacet
  facet normal 0.923913 -0.382602 0
    outer loop
      vertex 203.99 117.043 31.5
      vertex 203.72 116.391 34.5
      vertex 203.72 116.391 31.5
    endloop
  endfacet
  facet normal 0.382602 0.923913 -0
    outer loop
      vertex 206.609 110.72 31.5
      vertex 205.957 110.99 34.5
      vertex 206.609 110.72 34.5
    endloop
  endfacet
  facet normal 0.382602 0.923913 0
    outer loop
      vertex 205.957 110.99 34.5
      vertex 206.609 110.72 31.5
      vertex 205.957 110.99 31.5
    endloop
  endfacet
  facet normal 0.233534 0.972349 -0
    outer loop
      vertex 207.296 110.555 31.5
      vertex 206.609 110.72 34.5
      vertex 207.296 110.555 34.5
    endloop
  endfacet
  facet normal 0.233534 0.972349 0
    outer loop
      vertex 206.609 110.72 34.5
      vertex 207.296 110.555 31.5
      vertex 206.609 110.72 31.5
    endloop
  endfacet
  facet normal 0.522595 0.852581 -0
    outer loop
      vertex 205.957 110.99 31.5
      vertex 205.355 111.359 34.5
      vertex 205.957 110.99 34.5
    endloop
  endfacet
  facet normal 0.522595 0.852581 0
    outer loop
      vertex 205.355 111.359 34.5
      vertex 205.957 110.99 31.5
      vertex 205.355 111.359 31.5
    endloop
  endfacet
  facet normal 0.760155 -0.649742 0
    outer loop
      vertex 204.359 117.645 34.5
      vertex 204.818 118.182 31.5
      vertex 204.818 118.182 34.5
    endloop
  endfacet
  facet normal 0.760155 -0.649742 0
    outer loop
      vertex 204.818 118.182 31.5
      vertex 204.359 117.645 34.5
      vertex 204.359 117.645 31.5
    endloop
  endfacet
  facet normal -1 0 0
    outer loop
      vertex 210.25 118.883 31.5
      vertex 210.25 123 34.5
      vertex 210.25 123 31.5
    endloop
  endfacet
  facet normal -1 -0 0
    outer loop
      vertex 210.25 123 34.5
      vertex 210.25 118.883 31.5
      vertex 210.25 118.883 34.5
    endloop
  endfacet
  facet normal 1 -0 0
    outer loop
      vertex 205.75 118.883 34.5
      vertex 205.75 123 31.5
      vertex 205.75 123 34.5
    endloop
  endfacet
  facet normal 1 0 0
    outer loop
      vertex 205.75 123 31.5
      vertex 205.75 118.883 34.5
      vertex 205.75 118.883 31.5
    endloop
  endfacet
  facet normal -0.972593 -0.232515 0
    outer loop
      vertex 210.222 123.352 31.5
      vertex 210.14 123.695 34.5
      vertex 210.14 123.695 31.5
    endloop
  endfacet
  facet normal -0.972593 -0.232515 0
    outer loop
      vertex 210.14 123.695 34.5
      vertex 210.222 123.352 31.5
      vertex 210.222 123.352 34.5
    endloop
  endfacet
  facet normal -0.996851 -0.079295 0
    outer loop
      vertex 210.25 123 31.5
      vertex 210.222 123.352 34.5
      vertex 210.222 123.352 31.5
    endloop
  endfacet
  facet normal -0.996851 -0.079295 0
    outer loop
      vertex 210.222 123.352 34.5
      vertex 210.25 123 31.5
      vertex 210.25 123 34.5
    endloop
  endfacet
  facet normal -0.923913 -0.382602 0
    outer loop
      vertex 210.14 123.695 31.5
      vertex 210.005 124.021 34.5
      vertex 210.005 124.021 31.5
    endloop
  endfacet
  facet normal -0.923913 -0.382602 0
    outer loop
      vertex 210.005 124.021 34.5
      vertex 210.14 123.695 31.5
      vertex 210.14 123.695 34.5
    endloop
  endfacet
  facet normal 0.232515 -0.972593 0
    outer loop
      vertex 207.305 125.14 31.5
      vertex 207.648 125.222 34.5
      vertex 207.305 125.14 34.5
    endloop
  endfacet
  facet normal 0.232515 -0.972593 0
    outer loop
      vertex 207.648 125.222 34.5
      vertex 207.305 125.14 31.5
      vertex 207.648 125.222 31.5
    endloop
  endfacet
  facet normal 0.649623 -0.760257 0
    outer loop
      vertex 206.409 124.591 31.5
      vertex 206.677 124.82 34.5
      vertex 206.409 124.591 34.5
    endloop
  endfacet
  facet normal 0.649623 -0.760257 0
    outer loop
      vertex 206.677 124.82 34.5
      vertex 206.409 124.591 31.5
      vertex 206.677 124.82 31.5
    endloop
  endfacet
  facet normal -0.760257 -0.649623 0
    outer loop
      vertex 209.82 124.323 31.5
      vertex 209.591 124.591 34.5
      vertex 209.591 124.591 31.5
    endloop
  endfacet
  facet normal -0.760257 -0.649623 0
    outer loop
      vertex 209.591 124.591 34.5
      vertex 209.82 124.323 31.5
      vertex 209.82 124.323 34.5
    endloop
  endfacet
  facet normal -0.852723 -0.522363 0
    outer loop
      vertex 210.005 124.021 31.5
      vertex 209.82 124.323 34.5
      vertex 209.82 124.323 31.5
    endloop
  endfacet
  facet normal -0.852723 -0.522363 0
    outer loop
      vertex 209.82 124.323 34.5
      vertex 210.005 124.021 31.5
      vertex 210.005 124.021 34.5
    endloop
  endfacet
  facet normal 0.760257 -0.649623 0
    outer loop
      vertex 206.18 124.323 34.5
      vertex 206.409 124.591 31.5
      vertex 206.409 124.591 34.5
    endloop
  endfacet
  facet normal 0.760257 -0.649623 0
    outer loop
      vertex 206.409 124.591 31.5
      vertex 206.18 124.323 34.5
      vertex 206.18 124.323 31.5
    endloop
  endfacet
  facet normal -0.649623 -0.760257 0
    outer loop
      vertex 209.323 124.82 31.5
      vertex 209.591 124.591 34.5
      vertex 209.323 124.82 34.5
    endloop
  endfacet
  facet normal -0.649623 -0.760257 -0
    outer loop
      vertex 209.591 124.591 34.5
      vertex 209.323 124.82 31.5
      vertex 209.591 124.591 31.5
    endloop
  endfacet
  facet normal -0.522363 -0.852723 0
    outer loop
      vertex 209.021 125.005 31.5
      vertex 209.323 124.82 34.5
      vertex 209.021 125.005 34.5
    endloop
  endfacet
  facet normal -0.522363 -0.852723 -0
    outer loop
      vertex 209.323 124.82 34.5
      vertex 209.021 125.005 31.5
      vertex 209.323 124.82 31.5
    endloop
  endfacet
  facet normal 0.852723 -0.522363 0
    outer loop
      vertex 205.995 124.021 34.5
      vertex 206.18 124.323 31.5
      vertex 206.18 124.323 34.5
    endloop
  endfacet
  facet normal 0.852723 -0.522363 0
    outer loop
      vertex 206.18 124.323 31.5
      vertex 205.995 124.021 34.5
      vertex 205.995 124.021 31.5
    endloop
  endfacet
  facet normal 0.079295 -0.996851 0
    outer loop
      vertex 207.648 125.222 31.5
      vertex 208 125.25 34.5
      vertex 207.648 125.222 34.5
    endloop
  endfacet
  facet normal 0.079295 -0.996851 0
    outer loop
      vertex 208 125.25 34.5
      vertex 207.648 125.222 31.5
      vertex 208 125.25 31.5
    endloop
  endfacet
  facet normal 0.996851 -0.079295 0
    outer loop
      vertex 205.75 123 34.5
      vertex 205.778 123.352 31.5
      vertex 205.778 123.352 34.5
    endloop
  endfacet
  facet normal 0.996851 -0.079295 0
    outer loop
      vertex 205.778 123.352 31.5
      vertex 205.75 123 34.5
      vertex 205.75 123 31.5
    endloop
  endfacet
  facet normal 0.382602 -0.923913 0
    outer loop
      vertex 206.979 125.005 31.5
      vertex 207.305 125.14 34.5
      vertex 206.979 125.005 34.5
    endloop
  endfacet
  facet normal 0.382602 -0.923913 0
    outer loop
      vertex 207.305 125.14 34.5
      vertex 206.979 125.005 31.5
      vertex 207.305 125.14 31.5
    endloop
  endfacet
  facet normal 0.972593 -0.232515 0
    outer loop
      vertex 205.778 123.352 34.5
      vertex 205.86 123.695 31.5
      vertex 205.86 123.695 34.5
    endloop
  endfacet
  facet normal 0.972593 -0.232515 0
    outer loop
      vertex 205.86 123.695 31.5
      vertex 205.778 123.352 34.5
      vertex 205.778 123.352 31.5
    endloop
  endfacet
  facet normal 0.522363 -0.852723 0
    outer loop
      vertex 206.677 124.82 31.5
      vertex 206.979 125.005 34.5
      vertex 206.677 124.82 34.5
    endloop
  endfacet
  facet normal 0.522363 -0.852723 0
    outer loop
      vertex 206.979 125.005 34.5
      vertex 206.677 124.82 31.5
      vertex 206.979 125.005 31.5
    endloop
  endfacet
  facet normal 0.923913 -0.382602 0
    outer loop
      vertex 205.86 123.695 34.5
      vertex 205.995 124.021 31.5
      vertex 205.995 124.021 34.5
    endloop
  endfacet
  facet normal 0.923913 -0.382602 0
    outer loop
      vertex 205.995 124.021 31.5
      vertex 205.86 123.695 34.5
      vertex 205.86 123.695 31.5
    endloop
  endfacet
  facet normal -0.232515 -0.972593 0
    outer loop
      vertex 208.352 125.222 31.5
      vertex 208.695 125.14 34.5
      vertex 208.352 125.222 34.5
    endloop
  endfacet
  facet normal -0.232515 -0.972593 -0
    outer loop
      vertex 208.695 125.14 34.5
      vertex 208.352 125.222 31.5
      vertex 208.695 125.14 31.5
    endloop
  endfacet
  facet normal -0.382602 -0.923913 0
    outer loop
      vertex 208.695 125.14 31.5
      vertex 209.021 125.005 34.5
      vertex 208.695 125.14 34.5
    endloop
  endfacet
  facet normal -0.382602 -0.923913 -0
    outer loop
      vertex 209.021 125.005 34.5
      vertex 208.695 125.14 31.5
      vertex 209.021 125.005 31.5
    endloop
  endfacet
  facet normal -0.079295 -0.996851 0
    outer loop
      vertex 208 125.25 31.5
      vertex 208.352 125.222 34.5
      vertex 208 125.25 34.5
    endloop
  endfacet
  facet normal -0.079295 -0.996851 -0
    outer loop
      vertex 208.352 125.222 34.5
      vertex 208 125.25 31.5
      vertex 208.352 125.222 31.5
    endloop
  endfacet
  facet normal 0.193327 -0.981134 0
    outer loop
      vertex 128 7.14999 13.2
      vertex 138.15 9.14999 34.5
      vertex 128 7.14999 34.5
    endloop
  endfacet
  facet normal 0.193327 -0.981134 0
    outer loop
      vertex 138.15 9.14999 34.5
      vertex 128 7.14999 13.2
      vertex 138.15 9.14999 13.2
    endloop
  endfacet
  facet normal 0.193327 0.981134 -0
    outer loop
      vertex 138.15 0.850006 13.2
      vertex 128 2.85001 34.5
      vertex 138.15 0.850006 34.5
    endloop
  endfacet
  facet normal 0.193327 0.981134 0
    outer loop
      vertex 128 2.85001 34.5
      vertex 138.15 0.850006 13.2
      vertex 128 2.85001 13.2
    endloop
  endfacet
  facet normal -1 0 0
    outer loop
      vertex 138.15 5.5 13.2
      vertex 138.15 9.14999 34.5
      vertex 138.15 9.14999 13.2
    endloop
  endfacet
  facet normal -1 0 0
    outer loop
      vertex 138.15 0.850006 34.5
      vertex 138.15 5.5 13.2
      vertex 138.15 0.850006 13.2
    endloop
  endfacet
  facet normal -1 0 0
    outer loop
      vertex 138.15 5.5 13.2
      vertex 138.15 0.850006 34.5
      vertex 138.15 9.14999 34.5
    endloop
  endfacet
  facet normal 0.193327 -0.981134 0
    outer loop
      vertex 128 125.15 13.2
      vertex 138.15 127.15 34.5
      vertex 128 125.15 34.5
    endloop
  endfacet
  facet normal 0.193327 -0.981134 0
    outer loop
      vertex 138.15 127.15 34.5
      vertex 128 125.15 13.2
      vertex 138.15 127.15 13.2
    endloop
  endfacet
  facet normal 0.193327 0.981134 -0
    outer loop
      vertex 138.15 118.85 13.2
      vertex 128 120.85 34.5
      vertex 138.15 118.85 34.5
    endloop
  endfacet
  facet normal 0.193327 0.981134 0
    outer loop
      vertex 128 120.85 34.5
      vertex 138.15 118.85 13.2
      vertex 128 120.85 13.2
    endloop
  endfacet
  facet normal -1 0 0
    outer loop
      vertex 138.15 127.15 13.2
      vertex 138.15 122.5 13.2
      vertex 138.15 127.15 34.5
    endloop
  endfacet
  facet normal -1 0 0
    outer loop
      vertex 138.15 118.85 34.5
      vertex 138.15 122.5 13.2
      vertex 138.15 118.85 13.2
    endloop
  endfacet
  facet normal -1 0 0
    outer loop
      vertex 138.15 122.5 13.2
      vertex 138.15 118.85 34.5
      vertex 138.15 127.15 34.5
    endloop
  endfacet
  facet normal -0.707107 0 0.707107
    outer loop
      vertex 149 -3 23.35
      vertex 152 -0.5 26.35
      vertex 149 -0.5 23.35
    endloop
  endfacet
  facet normal -0.707107 0 0.707107
    outer loop
      vertex 152 -0.5 26.35
      vertex 149 -3 23.35
      vertex 152 -3 26.35
    endloop
  endfacet
  facet normal -0.707107 0 -0.707107
    outer loop
      vertex 152 -3 26.35
      vertex 149 -0.5 29.35
      vertex 152 -0.5 26.35
    endloop
  endfacet
  facet normal -0.707107 -0 -0.707107
    outer loop
      vertex 149 -0.5 29.35
      vertex 152 -3 26.35
      vertex 149 -3 29.35
    endloop
  endfacet
  facet normal 0.707107 -0 0.707107
    outer loop
      vertex 146 -3 26.35
      vertex 149 -0.5 23.35
      vertex 146 -0.5 26.35
    endloop
  endfacet
  facet normal 0.707107 0 0.707107
    outer loop
      vertex 149 -0.5 23.35
      vertex 146 -3 26.35
      vertex 149 -3 23.35
    endloop
  endfacet
  facet normal 0.707107 0 -0.707107
    outer loop
      vertex 149 -3 29.35
      vertex 146 -0.5 26.35
      vertex 149 -0.5 29.35
    endloop
  endfacet
  facet normal 0.707107 0 -0.707107
    outer loop
      vertex 146 -0.5 26.35
      vertex 149 -3 29.35
      vertex 146 -3 26.35
    endloop
  endfacet
  facet normal -0.707107 0 0.707107
    outer loop
      vertex 149 128.5 23.35
      vertex 152 131 26.35
      vertex 149 131 23.35
    endloop
  endfacet
  facet normal -0.707107 0 0.707107
    outer loop
      vertex 152 131 26.35
      vertex 149 128.5 23.35
      vertex 152 128.5 26.35
    endloop
  endfacet
  facet normal -0.707107 0 -0.707107
    outer loop
      vertex 152 128.5 26.35
      vertex 149 131 29.35
      vertex 152 131 26.35
    endloop
  endfacet
  facet normal -0.707107 -0 -0.707107
    outer loop
      vertex 149 131 29.35
      vertex 152 128.5 26.35
      vertex 149 128.5 29.35
    endloop
  endfacet
  facet normal 0.707107 -0 0.707107
    outer loop
      vertex 146 128.5 26.35
      vertex 149 131 23.35
      vertex 146 131 26.35
    endloop
  endfacet
  facet normal 0.707107 0 0.707107
    outer loop
      vertex 149 131 23.35
      vertex 146 128.5 26.35
      vertex 149 128.5 23.35
    endloop
  endfacet
  facet normal 0.707107 0 -0.707107
    outer loop
      vertex 149 128.5 29.35
      vertex 146 131 26.35
      vertex 149 131 29.35
    endloop
  endfacet
  facet normal 0.707107 0 -0.707107
    outer loop
      vertex 146 131 26.35
      vertex 149 128.5 29.35
      vertex 146 128.5 26.35
    endloop
  endfacet
  facet normal -0.707107 0 0.707107
    outer loop
      vertex 158 -3 23.35
      vertex 161 -0.5 26.35
      vertex 158 -0.5 23.35
    endloop
  endfacet
  facet normal -0.707107 0 0.707107
    outer loop
      vertex 161 -0.5 26.35
      vertex 158 -3 23.35
      vertex 161 -3 26.35
    endloop
  endfacet
  facet normal -0.707107 0 -0.707107
    outer loop
      vertex 161 -3 26.35
      vertex 158 -0.5 29.35
      vertex 161 -0.5 26.35
    endloop
  endfacet
  facet normal -0.707107 -0 -0.707107
    outer loop
      vertex 158 -0.5 29.35
      vertex 161 -3 26.35
      vertex 158 -3 29.35
    endloop
  endfacet
  facet normal 0.707107 -0 0.707107
    outer loop
      vertex 155 -3 26.35
      vertex 158 -0.5 23.35
      vertex 155 -0.5 26.35
    endloop
  endfacet
  facet normal 0.707107 0 0.707107
    outer loop
      vertex 158 -0.5 23.35
      vertex 155 -3 26.35
      vertex 158 -3 23.35
    endloop
  endfacet
  facet normal 0.707107 0 -0.707107
    outer loop
      vertex 158 -3 29.35
      vertex 155 -0.5 26.35
      vertex 158 -0.5 29.35
    endloop
  endfacet
  facet normal 0.707107 0 -0.707107
    outer loop
      vertex 155 -0.5 26.35
      vertex 158 -3 29.35
      vertex 155 -3 26.35
    endloop
  endfacet
  facet normal -0.707107 0 0.707107
    outer loop
      vertex 158 128.5 23.35
      vertex 161 131 26.35
      vertex 158 131 23.35
    endloop
  endfacet
  facet normal -0.707107 0 0.707107
    outer loop
      vertex 161 131 26.35
      vertex 158 128.5 23.35
      vertex 161 128.5 26.35
    endloop
  endfacet
  facet normal -0.707107 0 -0.707107
    outer loop
      vertex 161 128.5 26.35
      vertex 158 131 29.35
      vertex 161 131 26.35
    endloop
  endfacet
  facet normal -0.707107 -0 -0.707107
    outer loop
      vertex 158 131 29.35
      vertex 161 128.5 26.35
      vertex 158 128.5 29.35
    endloop
  endfacet
  facet normal 0.707107 -0 0.707107
    outer loop
      vertex 155 128.5 26.35
      vertex 158 131 23.35
      vertex 155 131 26.35
    endloop
  endfacet
  facet normal 0.707107 0 0.707107
    outer loop
      vertex 158 131 23.35
      vertex 155 128.5 26.35
      vertex 158 128.5 23.35
    endloop
  endfacet
  facet normal 0.707107 0 -0.707107
    outer loop
      vertex 158 128.5 29.35
      vertex 155 131 26.35
      vertex 158 131 29.35
    endloop
  endfacet
  facet normal 0.707107 0 -0.707107
    outer loop
      vertex 155 131 26.35
      vertex 158 128.5 29.35
      vertex 155 128.5 26.35
    endloop
  endfacet
  facet normal -0.707107 0 0.707107
    outer loop
      vertex 167 -3 23.35
      vertex 170 -0.5 26.35
      vertex 167 -0.5 23.35
    endloop
  endfacet
  facet normal -0.707107 0 0.707107
    outer loop
      vertex 170 -0.5 26.35
      vertex 167 -3 23.35
      vertex 170 -3 26.35
    endloop
  endfacet
  facet normal -0.707107 0 -0.707107
    outer loop
      vertex 170 -3 26.35
      vertex 167 -0.5 29.35
      vertex 170 -0.5 26.35
    endloop
  endfacet
  facet normal -0.707107 -0 -0.707107
    outer loop
      vertex 167 -0.5 29.35
      vertex 170 -3 26.35
      vertex 167 -3 29.35
    endloop
  endfacet
  facet normal 0.707107 -0 0.707107
    outer loop
      vertex 164 -3 26.35
      vertex 167 -0.5 23.35
      vertex 164 -0.5 26.35
    endloop
  endfacet
  facet normal 0.707107 0 0.707107
    outer loop
      vertex 167 -0.5 23.35
      vertex 164 -3 26.35
      vertex 167 -3 23.35
    endloop
  endfacet
  facet normal 0.707107 0 -0.707107
    outer loop
      vertex 167 -3 29.35
      vertex 164 -0.5 26.35
      vertex 167 -0.5 29.35
    endloop
  endfacet
  facet normal 0.707107 0 -0.707107
    outer loop
      vertex 164 -0.5 26.35
      vertex 167 -3 29.35
      vertex 164 -3 26.35
    endloop
  endfacet
  facet normal -0.707107 0 0.707107
    outer loop
      vertex 167 128.5 23.35
      vertex 170 131 26.35
      vertex 167 131 23.35
    endloop
  endfacet
  facet normal -0.707107 0 0.707107
    outer loop
      vertex 170 131 26.35
      vertex 167 128.5 23.35
      vertex 170 128.5 26.35
    endloop
  endfacet
  facet normal -0.707107 0 -0.707107
    outer loop
      vertex 170 128.5 26.35
      vertex 167 131 29.35
      vertex 170 131 26.35
    endloop
  endfacet
  facet normal -0.707107 -0 -0.707107
    outer loop
      vertex 167 131 29.35
      vertex 170 128.5 26.35
      vertex 167 128.5 29.35
    endloop
  endfacet
  facet normal 0.707107 -0 0.707107
    outer loop
      vertex 164 128.5 26.35
      vertex 167 131 23.35
      vertex 164 131 26.35
    endloop
  endfacet
  facet normal 0.707107 0 0.707107
    outer loop
      vertex 167 131 23.35
      vertex 164 128.5 26.35
      vertex 167 128.5 23.35
    endloop
  endfacet
  facet normal 0.707107 0 -0.707107
    outer loop
      vertex 167 128.5 29.35
      vertex 164 131 26.35
      vertex 167 131 29.35
    endloop
  endfacet
  facet normal 0.707107 0 -0.707107
    outer loop
      vertex 164 131 26.35
      vertex 167 128.5 29.35
      vertex 164 128.5 26.35
    endloop
  endfacet
  facet normal -0.707107 0 0.707107
    outer loop
      vertex 176 -3 23.35
      vertex 179 -0.5 26.35
      vertex 176 -0.5 23.35
    endloop
  endfacet
  facet normal -0.707107 0 0.707107
    outer loop
      vertex 179 -0.5 26.35
      vertex 176 -3 23.35
      vertex 179 -3 26.35
    endloop
  endfacet
  facet normal -0.707107 0 -0.707107
    outer loop
      vertex 179 -3 26.35
      vertex 176 -0.5 29.35
      vertex 179 -0.5 26.35
    endloop
  endfacet
  facet normal -0.707107 -0 -0.707107
    outer loop
      vertex 176 -0.5 29.35
      vertex 179 -3 26.35
      vertex 176 -3 29.35
    endloop
  endfacet
  facet normal 0.707107 -0 0.707107
    outer loop
      vertex 173 -3 26.35
      vertex 176 -0.5 23.35
      vertex 173 -0.5 26.35
    endloop
  endfacet
  facet normal 0.707107 0 0.707107
    outer loop
      vertex 176 -0.5 23.35
      vertex 173 -3 26.35
      vertex 176 -3 23.35
    endloop
  endfacet
  facet normal 0.707107 0 -0.707107
    outer loop
      vertex 176 -3 29.35
      vertex 173 -0.5 26.35
      vertex 176 -0.5 29.35
    endloop
  endfacet
  facet normal 0.707107 0 -0.707107
    outer loop
      vertex 173 -0.5 26.35
      vertex 176 -3 29.35
      vertex 173 -3 26.35
    endloop
  endfacet
  facet normal -0.707107 0 0.707107
    outer loop
      vertex 176 128.5 23.35
      vertex 179 131 26.35
      vertex 176 131 23.35
    endloop
  endfacet
  facet normal -0.707107 0 0.707107
    outer loop
      vertex 179 131 26.35
      vertex 176 128.5 23.35
      vertex 179 128.5 26.35
    endloop
  endfacet
  facet normal -0.707107 0 -0.707107
    outer loop
      vertex 179 128.5 26.35
      vertex 176 131 29.35
      vertex 179 131 26.35
    endloop
  endfacet
  facet normal -0.707107 -0 -0.707107
    outer loop
      vertex 176 131 29.35
      vertex 179 128.5 26.35
      vertex 176 128.5 29.35
    endloop
  endfacet
  facet normal 0.707107 -0 0.707107
    outer loop
      vertex 173 128.5 26.35
      vertex 176 131 23.35
      vertex 173 131 26.35
    endloop
  endfacet
  facet normal 0.707107 0 0.707107
    outer loop
      vertex 176 131 23.35
      vertex 173 128.5 26.35
      vertex 176 128.5 23.35
    endloop
  endfacet
  facet normal 0.707107 0 -0.707107
    outer loop
      vertex 176 128.5 29.35
      vertex 173 131 26.35
      vertex 176 131 29.35
    endloop
  endfacet
  facet normal 0.707107 0 -0.707107
    outer loop
      vertex 173 131 26.35
      vertex 176 128.5 29.35
      vertex 173 128.5 26.35
    endloop
  endfacet
  facet normal -0.707107 0 0.707107
    outer loop
      vertex 185 -3 23.35
      vertex 188 -0.5 26.35
      vertex 185 -0.5 23.35
    endloop
  endfacet
  facet normal -0.707107 0 0.707107
    outer loop
      vertex 188 -0.5 26.35
      vertex 185 -3 23.35
      vertex 188 -3 26.35
    endloop
  endfacet
  facet normal -0.707107 0 -0.707107
    outer loop
      vertex 188 -3 26.35
      vertex 185 -0.5 29.35
      vertex 188 -0.5 26.35
    endloop
  endfacet
  facet normal -0.707107 -0 -0.707107
    outer loop
      vertex 185 -0.5 29.35
      vertex 188 -3 26.35
      vertex 185 -3 29.35
    endloop
  endfacet
  facet normal 0.707107 -0 0.707107
    outer loop
      vertex 182 -3 26.35
      vertex 185 -0.5 23.35
      vertex 182 -0.5 26.35
    endloop
  endfacet
  facet normal 0.707107 0 0.707107
    outer loop
      vertex 185 -0.5 23.35
      vertex 182 -3 26.35
      vertex 185 -3 23.35
    endloop
  endfacet
  facet normal 0.707107 0 -0.707107
    outer loop
      vertex 185 -3 29.35
      vertex 182 -0.5 26.35
      vertex 185 -0.5 29.35
    endloop
  endfacet
  facet normal 0.707107 0 -0.707107
    outer loop
      vertex 182 -0.5 26.35
      vertex 185 -3 29.35
      vertex 182 -3 26.35
    endloop
  endfacet
  facet normal -0.707107 0 0.707107
    outer loop
      vertex 185 128.5 23.35
      vertex 188 131 26.35
      vertex 185 131 23.35
    endloop
  endfacet
  facet normal -0.707107 0 0.707107
    outer loop
      vertex 188 131 26.35
      vertex 185 128.5 23.35
      vertex 188 128.5 26.35
    endloop
  endfacet
  facet normal -0.707107 0 -0.707107
    outer loop
      vertex 188 128.5 26.35
      vertex 185 131 29.35
      vertex 188 131 26.35
    endloop
  endfacet
  facet normal -0.707107 -0 -0.707107
    outer loop
      vertex 185 131 29.35
      vertex 188 128.5 26.35
      vertex 185 128.5 29.35
    endloop
  endfacet
  facet normal 0.707107 -0 0.707107
    outer loop
      vertex 182 128.5 26.35
      vertex 185 131 23.35
      vertex 182 131 26.35
    endloop
  endfacet
  facet normal 0.707107 0 0.707107
    outer loop
      vertex 185 131 23.35
      vertex 182 128.5 26.35
      vertex 185 128.5 23.35
    endloop
  endfacet
  facet normal 0.707107 0 -0.707107
    outer loop
      vertex 185 128.5 29.35
      vertex 182 131 26.35
      vertex 185 131 29.35
    endloop
  endfacet
  facet normal 0.707107 0 -0.707107
    outer loop
      vertex 182 131 26.35
      vertex 185 128.5 29.35
      vertex 182 128.5 26.35
    endloop
  endfacet
  facet normal -0.707107 0 0.707107
    outer loop
      vertex 212 -3 23.35
      vertex 215 -0.5 26.35
      vertex 212 -0.5 23.35
    endloop
  endfacet
  facet normal -0.707107 0 0.707107
    outer loop
      vertex 215 -0.5 26.35
      vertex 212 -3 23.35
      vertex 215 -3 26.35
    endloop
  endfacet
  facet normal -0.707107 0 -0.707107
    outer loop
      vertex 215 -3 26.35
      vertex 212 -0.5 29.35
      vertex 215 -0.5 26.35
    endloop
  endfacet
  facet normal -0.707107 -0 -0.707107
    outer loop
      vertex 212 -0.5 29.35
      vertex 215 -3 26.35
      vertex 212 -3 29.35
    endloop
  endfacet
  facet normal 0.707107 -0 0.707107
    outer loop
      vertex 209 -3 26.35
      vertex 212 -0.5 23.35
      vertex 209 -0.5 26.35
    endloop
  endfacet
  facet normal 0.707107 0 0.707107
    outer loop
      vertex 212 -0.5 23.35
      vertex 209 -3 26.35
      vertex 212 -3 23.35
    endloop
  endfacet
  facet normal 0.707107 0 -0.707107
    outer loop
      vertex 212 -3 29.35
      vertex 209 -0.5 26.35
      vertex 212 -0.5 29.35
    endloop
  endfacet
  facet normal 0.707107 0 -0.707107
    outer loop
      vertex 209 -0.5 26.35
      vertex 212 -3 29.35
      vertex 209 -3 26.35
    endloop
  endfacet
  facet normal -0.707107 0 0.707107
    outer loop
      vertex 212 128.5 23.35
      vertex 215 131 26.35
      vertex 212 131 23.35
    endloop
  endfacet
  facet normal -0.707107 0 0.707107
    outer loop
      vertex 215 131 26.35
      vertex 212 128.5 23.35
      vertex 215 128.5 26.35
    endloop
  endfacet
  facet normal -0.707107 0 -0.707107
    outer loop
      vertex 215 128.5 26.35
      vertex 212 131 29.35
      vertex 215 131 26.35
    endloop
  endfacet
  facet normal -0.707107 -0 -0.707107
    outer loop
      vertex 212 131 29.35
      vertex 215 128.5 26.35
      vertex 212 128.5 29.35
    endloop
  endfacet
  facet normal 0.707107 -0 0.707107
    outer loop
      vertex 209 128.5 26.35
      vertex 212 131 23.35
      vertex 209 131 26.35
    endloop
  endfacet
  facet normal 0.707107 0 0.707107
    outer loop
      vertex 212 131 23.35
      vertex 209 128.5 26.35
      vertex 212 128.5 23.35
    endloop
  endfacet
  facet normal 0.707107 0 -0.707107
    outer loop
      vertex 212 128.5 29.35
      vertex 209 131 26.35
      vertex 212 131 29.35
    endloop
  endfacet
  facet normal 0.707107 0 -0.707107
    outer loop
      vertex 209 131 26.35
      vertex 212 128.5 29.35
      vertex 209 128.5 26.35
    endloop
  endfacet
  facet normal -0.707107 0 0.707107
    outer loop
      vertex 221 -3 23.35
      vertex 224 -0.5 26.35
      vertex 221 -0.5 23.35
    endloop
  endfacet
  facet normal -0.707107 0 0.707107
    outer loop
      vertex 224 -0.5 26.35
      vertex 221 -3 23.35
      vertex 224 -3 26.35
    endloop
  endfacet
  facet normal -0.707107 0 -0.707107
    outer loop
      vertex 224 -3 26.35
      vertex 221 -0.5 29.35
      vertex 224 -0.5 26.35
    endloop
  endfacet
  facet normal -0.707107 -0 -0.707107
    outer loop
      vertex 221 -0.5 29.35
      vertex 224 -3 26.35
      vertex 221 -3 29.35
    endloop
  endfacet
  facet normal 0.707107 -0 0.707107
    outer loop
      vertex 218 -3 26.35
      vertex 221 -0.5 23.35
      vertex 218 -0.5 26.35
    endloop
  endfacet
  facet normal 0.707107 0 0.707107
    outer loop
      vertex 221 -0.5 23.35
      vertex 218 -3 26.35
      vertex 221 -3 23.35
    endloop
  endfacet
  facet normal 0.707107 0 -0.707107
    outer loop
      vertex 221 -3 29.35
      vertex 218 -0.5 26.35
      vertex 221 -0.5 29.35
    endloop
  endfacet
  facet normal 0.707107 0 -0.707107
    outer loop
      vertex 218 -0.5 26.35
      vertex 221 -3 29.35
      vertex 218 -3 26.35
    endloop
  endfacet
  facet normal -0.707107 0 0.707107
    outer loop
      vertex 221 128.5 23.35
      vertex 224 131 26.35
      vertex 221 131 23.35
    endloop
  endfacet
  facet normal -0.707107 0 0.707107
    outer loop
      vertex 224 131 26.35
      vertex 221 128.5 23.35
      vertex 224 128.5 26.35
    endloop
  endfacet
  facet normal -0.707107 0 -0.707107
    outer loop
      vertex 224 128.5 26.35
      vertex 221 131 29.35
      vertex 224 131 26.35
    endloop
  endfacet
  facet normal -0.707107 -0 -0.707107
    outer loop
      vertex 221 131 29.35
      vertex 224 128.5 26.35
      vertex 221 128.5 29.35
    endloop
  endfacet
  facet normal 0.707107 -0 0.707107
    outer loop
      vertex 218 128.5 26.35
      vertex 221 131 23.35
      vertex 218 131 26.35
    endloop
  endfacet
  facet normal 0.707107 0 0.707107
    outer loop
      vertex 221 131 23.35
      vertex 218 128.5 26.35
      vertex 221 128.5 23.35
    endloop
  endfacet
  facet normal 0.707107 0 -0.707107
    outer loop
      vertex 221 128.5 29.35
      vertex 218 131 26.35
      vertex 221 131 29.35
    endloop
  endfacet
  facet normal 0.707107 0 -0.707107
    outer loop
      vertex 218 131 26.35
      vertex 221 128.5 29.35
      vertex 218 128.5 26.35
    endloop
  endfacet
  facet normal -0.707107 0 0.707107
    outer loop
      vertex 230 -3 23.35
      vertex 233 -0.5 26.35
      vertex 230 -0.5 23.35
    endloop
  endfacet
  facet normal -0.707107 0 0.707107
    outer loop
      vertex 233 -0.5 26.35
      vertex 230 -3 23.35
      vertex 233 -3 26.35
    endloop
  endfacet
  facet normal -0.707107 0 -0.707107
    outer loop
      vertex 233 -3 26.35
      vertex 230 -0.5 29.35
      vertex 233 -0.5 26.35
    endloop
  endfacet
  facet normal -0.707107 -0 -0.707107
    outer loop
      vertex 230 -0.5 29.35
      vertex 233 -3 26.35
      vertex 230 -3 29.35
    endloop
  endfacet
  facet normal 0.707107 -0 0.707107
    outer loop
      vertex 227 -3 26.35
      vertex 230 -0.5 23.35
      vertex 227 -0.5 26.35
    endloop
  endfacet
  facet normal 0.707107 0 0.707107
    outer loop
      vertex 230 -0.5 23.35
      vertex 227 -3 26.35
      vertex 230 -3 23.35
    endloop
  endfacet
  facet normal 0.707107 0 -0.707107
    outer loop
      vertex 230 -3 29.35
      vertex 227 -0.5 26.35
      vertex 230 -0.5 29.35
    endloop
  endfacet
  facet normal 0.707107 0 -0.707107
    outer loop
      vertex 227 -0.5 26.35
      vertex 230 -3 29.35
      vertex 227 -3 26.35
    endloop
  endfacet
  facet normal -0.707107 0 0.707107
    outer loop
      vertex 230 128.5 23.35
      vertex 233 131 26.35
      vertex 230 131 23.35
    endloop
  endfacet
  facet normal -0.707107 0 0.707107
    outer loop
      vertex 233 131 26.35
      vertex 230 128.5 23.35
      vertex 233 128.5 26.35
    endloop
  endfacet
  facet normal -0.707107 0 -0.707107
    outer loop
      vertex 233 128.5 26.35
      vertex 230 131 29.35
      vertex 233 131 26.35
    endloop
  endfacet
  facet normal -0.707107 -0 -0.707107
    outer loop
      vertex 230 131 29.35
      vertex 233 128.5 26.35
      vertex 230 128.5 29.35
    endloop
  endfacet
  facet normal 0.707107 -0 0.707107
    outer loop
      vertex 227 128.5 26.35
      vertex 230 131 23.35
      vertex 227 131 26.35
    endloop
  endfacet
  facet normal 0.707107 0 0.707107
    outer loop
      vertex 230 131 23.35
      vertex 227 128.5 26.35
      vertex 230 128.5 23.35
    endloop
  endfacet
  facet normal 0.707107 0 -0.707107
    outer loop
      vertex 230 128.5 29.35
      vertex 227 131 26.35
      vertex 230 131 29.35
    endloop
  endfacet
  facet normal 0.707107 0 -0.707107
    outer loop
      vertex 227 131 26.35
      vertex 230 128.5 29.35
      vertex 227 128.5 26.35
    endloop
  endfacet
  facet normal -0.707107 0 0.707107
    outer loop
      vertex 239 -3 23.35
      vertex 242 -0.5 26.35
      vertex 239 -0.5 23.35
    endloop
  endfacet
  facet normal -0.707107 0 0.707107
    outer loop
      vertex 242 -0.5 26.35
      vertex 239 -3 23.35
      vertex 242 -3 26.35
    endloop
  endfacet
  facet normal -0.707107 0 -0.707107
    outer loop
      vertex 242 -3 26.35
      vertex 239 -0.5 29.35
      vertex 242 -0.5 26.35
    endloop
  endfacet
  facet normal -0.707107 -0 -0.707107
    outer loop
      vertex 239 -0.5 29.35
      vertex 242 -3 26.35
      vertex 239 -3 29.35
    endloop
  endfacet
  facet normal 0.707107 -0 0.707107
    outer loop
      vertex 236 -3 26.35
      vertex 239 -0.5 23.35
      vertex 236 -0.5 26.35
    endloop
  endfacet
  facet normal 0.707107 0 0.707107
    outer loop
      vertex 239 -0.5 23.35
      vertex 236 -3 26.35
      vertex 239 -3 23.35
    endloop
  endfacet
  facet normal 0.707107 0 -0.707107
    outer loop
      vertex 239 -3 29.35
      vertex 236 -0.5 26.35
      vertex 239 -0.5 29.35
    endloop
  endfacet
  facet normal 0.707107 0 -0.707107
    outer loop
      vertex 236 -0.5 26.35
      vertex 239 -3 29.35
      vertex 236 -3 26.35
    endloop
  endfacet
  facet normal -0.707107 0 0.707107
    outer loop
      vertex 239 128.5 23.35
      vertex 242 131 26.35
      vertex 239 131 23.35
    endloop
  endfacet
  facet normal -0.707107 0 0.707107
    outer loop
      vertex 242 131 26.35
      vertex 239 128.5 23.35
      vertex 242 128.5 26.35
    endloop
  endfacet
  facet normal -0.707107 0 -0.707107
    outer loop
      vertex 242 128.5 26.35
      vertex 239 131 29.35
      vertex 242 131 26.35
    endloop
  endfacet
  facet normal -0.707107 -0 -0.707107
    outer loop
      vertex 239 131 29.35
      vertex 242 128.5 26.35
      vertex 239 128.5 29.35
    endloop
  endfacet
  facet normal 0.707107 -0 0.707107
    outer loop
      vertex 236 128.5 26.35
      vertex 239 131 23.35
      vertex 236 131 26.35
    endloop
  endfacet
  facet normal 0.707107 0 0.707107
    outer loop
      vertex 239 131 23.35
      vertex 236 128.5 26.35
      vertex 239 128.5 23.35
    endloop
  endfacet
  facet normal 0.707107 0 -0.707107
    outer loop
      vertex 239 128.5 29.35
      vertex 236 131 26.35
      vertex 239 131 29.35
    endloop
  endfacet
  facet normal 0.707107 0 -0.707107
    outer loop
      vertex 236 131 26.35
      vertex 239 128.5 29.35
      vertex 236 128.5 26.35
    endloop
  endfacet
  facet normal 0 -1 0
    outer loop
      vertex 197.276 -2.4 7.58899
      vertex 197.913 -2.4 7.78116
      vertex 197.246 -2.4 7.72655
    endloop
  endfacet
  facet normal 0 -1 -0
    outer loop
      vertex 197.913 -2.4 7.78116
      vertex 197.276 -2.4 7.58899
      vertex 197.933 -2.4 7.71318
    endloop
  endfacet
  facet normal 0 -1 0
    outer loop
      vertex 197.319 -2.4 7.46271
      vertex 197.933 -2.4 7.71318
      vertex 197.276 -2.4 7.58899
    endloop
  endfacet
  facet normal 0 -1 -0
    outer loop
      vertex 197.933 -2.4 7.71318
      vertex 197.319 -2.4 7.46271
      vertex 197.957 -2.4 7.65167
    endloop
  endfacet
  facet normal 0 -1 0
    outer loop
      vertex 197.375 -2.4 7.34769
      vertex 197.957 -2.4 7.65167
      vertex 197.319 -2.4 7.46271
    endloop
  endfacet
  facet normal 0 -1 -0
    outer loop
      vertex 197.957 -2.4 7.65167
      vertex 197.375 -2.4 7.34769
      vertex 197.986 -2.4 7.59662
    endloop
  endfacet
  facet normal 0 -1 0
    outer loop
      vertex 197.444 -2.4 7.24396
      vertex 197.986 -2.4 7.59662
      vertex 197.375 -2.4 7.34769
    endloop
  endfacet
  facet normal 0 -1 0
    outer loop
      vertex 197.526 -2.4 7.15149
      vertex 197.986 -2.4 7.59662
      vertex 197.444 -2.4 7.24396
    endloop
  endfacet
  facet normal 0 -1 -0
    outer loop
      vertex 197.986 -2.4 7.59662
      vertex 197.526 -2.4 7.15149
      vertex 198.019 -2.4 7.54802
    endloop
  endfacet
  facet normal 0 -1 0
    outer loop
      vertex 197.62 -2.4 7.0703
      vertex 198.019 -2.4 7.54802
      vertex 197.526 -2.4 7.15149
    endloop
  endfacet
  facet normal 0 -1 -0
    outer loop
      vertex 198.019 -2.4 7.54802
      vertex 197.62 -2.4 7.0703
      vertex 198.056 -2.4 7.50589
    endloop
  endfacet
  facet normal 0 -1 0
    outer loop
      vertex 197.727 -2.4 7.00104
      vertex 198.056 -2.4 7.50589
      vertex 197.62 -2.4 7.0703
    endloop
  endfacet
  facet normal 0 -1 -0
    outer loop
      vertex 198.056 -2.4 7.50589
      vertex 197.727 -2.4 7.00104
      vertex 198.098 -2.4 7.47021
    endloop
  endfacet
  facet normal 0 -1 -0
    outer loop
      vertex 198.098 -2.4 7.47021
      vertex 197.844 -2.4 6.94438
      vertex 198.145 -2.4 7.44048
    endloop
  endfacet
  facet normal 0 -1 0
    outer loop
      vertex 197.844 -2.4 6.94438
      vertex 198.098 -2.4 7.47021
      vertex 197.727 -2.4 7.00104
    endloop
  endfacet
  facet normal 0 -1 0
    outer loop
      vertex 197.46 -2.4 10.2353
      vertex 198.065 -2.4 9.73921
      vertex 199.47 -2.4 10.2353
    endloop
  endfacet
  facet normal 0 -1 0
    outer loop
      vertex 197.46 -2.4 10.2353
      vertex 198.011 -2.4 8.89427
      vertex 198.065 -2.4 9.73921
    endloop
  endfacet
  facet normal 0 -1 0
    outer loop
      vertex 198.913 -2.4 9.07492
      vertex 199.466 -2.4 8.70636
      vertex 199.379 -2.4 8.81119
    endloop
  endfacet
  facet normal 0 -1 0
    outer loop
      vertex 198.671 -2.4 8.52963
      vertex 198.769 -2.4 9.09964
      vertex 198.603 -2.4 8.55156
    endloop
  endfacet
  facet normal 0 -1 0
    outer loop
      vertex 198.603 -2.4 8.55156
      vertex 198.616 -2.4 9.10788
      vertex 198.528 -2.4 8.56471
    endloop
  endfacet
  facet normal 0 -1 0
    outer loop
      vertex 198.011 -2.4 8.89427
      vertex 198.358 -2.4 8.5631
      vertex 198.447 -2.4 8.56909
    endloop
  endfacet
  facet normal 0 -1 0
    outer loop
      vertex 198.011 -2.4 8.89427
      vertex 198.273 -2.4 8.54509
      vertex 198.358 -2.4 8.5631
    endloop
  endfacet
  facet normal 0 -1 0
    outer loop
      vertex 198.011 -2.4 8.89427
      vertex 198.195 -2.4 8.51511
      vertex 198.273 -2.4 8.54509
    endloop
  endfacet
  facet normal 0 -1 0
    outer loop
      vertex 198.011 -2.4 8.89427
      vertex 198.122 -2.4 8.47313
      vertex 198.195 -2.4 8.51511
    endloop
  endfacet
  facet normal 0 -1 0
    outer loop
      vertex 197.344 -2.4 8.35315
      vertex 198.011 -2.4 8.89427
      vertex 197.46 -2.4 10.2353
    endloop
  endfacet
  facet normal 0 -1 0
    outer loop
      vertex 197.994 -2.4 8.35315
      vertex 198.011 -2.4 8.89427
      vertex 197.344 -2.4 8.35315
    endloop
  endfacet
  facet normal 0 -1 0
    outer loop
      vertex 198.011 -2.4 8.89427
      vertex 198.055 -2.4 8.41914
      vertex 198.122 -2.4 8.47313
    endloop
  endfacet
  facet normal 0 -1 -0
    outer loop
      vertex 198.011 -2.4 8.89427
      vertex 197.994 -2.4 8.35315
      vertex 198.055 -2.4 8.41914
    endloop
  endfacet
  facet normal 0 -1 -0
    outer loop
      vertex 199.47 -2.4 10.2353
      vertex 198.065 -2.4 9.73921
      vertex 199.47 -2.4 9.73921
    endloop
  endfacet
  facet normal 0 -1 0
    outer loop
      vertex 198.387 -2.4 9.08415
      vertex 198.447 -2.4 8.56909
      vertex 198.498 -2.4 9.10194
    endloop
  endfacet
  facet normal 0 -1 0
    outer loop
      vertex 198.283 -2.4 9.05447
      vertex 198.447 -2.4 8.56909
      vertex 198.387 -2.4 9.08415
    endloop
  endfacet
  facet normal 0 -1 0
    outer loop
      vertex 198.528 -2.4 8.56471
      vertex 198.498 -2.4 9.10194
      vertex 198.447 -2.4 8.56909
    endloop
  endfacet
  facet normal 0 -1 0
    outer loop
      vertex 198.185 -2.4 9.01294
      vertex 198.447 -2.4 8.56909
      vertex 198.283 -2.4 9.05447
    endloop
  endfacet
  facet normal 0 -1 0
    outer loop
      vertex 198.498 -2.4 9.10194
      vertex 198.528 -2.4 8.56471
      vertex 198.616 -2.4 9.10788
    endloop
  endfacet
  facet normal 0 -1 0
    outer loop
      vertex 198.095 -2.4 8.95955
      vertex 198.447 -2.4 8.56909
      vertex 198.185 -2.4 9.01294
    endloop
  endfacet
  facet normal 0 -1 0
    outer loop
      vertex 199.466 -2.4 8.70636
      vertex 198.913 -2.4 9.07492
      vertex 198.769 -2.4 9.09964
    endloop
  endfacet
  facet normal 0 -1 0
    outer loop
      vertex 198.447 -2.4 8.56909
      vertex 198.095 -2.4 8.95955
      vertex 198.011 -2.4 8.89427
    endloop
  endfacet
  facet normal 0 -1 0
    outer loop
      vertex 198.913 -2.4 9.07492
      vertex 199.379 -2.4 8.81119
      vertex 199.045 -2.4 9.03371
    endloop
  endfacet
  facet normal 0 -1 0
    outer loop
      vertex 199.045 -2.4 9.03371
      vertex 199.379 -2.4 8.81119
      vertex 199.167 -2.4 8.97601
    endloop
  endfacet
  facet normal 0 -1 0
    outer loop
      vertex 199.167 -2.4 8.97601
      vertex 199.379 -2.4 8.81119
      vertex 199.278 -2.4 8.90184
    endloop
  endfacet
  facet normal 0 -1 -0
    outer loop
      vertex 198.616 -2.4 9.10788
      vertex 198.603 -2.4 8.55156
      vertex 198.769 -2.4 9.09964
    endloop
  endfacet
  facet normal 0 -1 0
    outer loop
      vertex 198.733 -2.4 8.49895
      vertex 198.769 -2.4 9.09964
      vertex 198.671 -2.4 8.52963
    endloop
  endfacet
  facet normal 0 -1 0
    outer loop
      vertex 198.789 -2.4 8.45949
      vertex 198.769 -2.4 9.09964
      vertex 198.733 -2.4 8.49895
    endloop
  endfacet
  facet normal 0 -1 0
    outer loop
      vertex 198.769 -2.4 9.09964
      vertex 198.789 -2.4 8.45949
      vertex 199.466 -2.4 8.70636
    endloop
  endfacet
  facet normal 0 -1 0
    outer loop
      vertex 198.839 -2.4 8.41125
      vertex 199.466 -2.4 8.70636
      vertex 198.789 -2.4 8.45949
    endloop
  endfacet
  facet normal 0 -1 0
    outer loop
      vertex 198.882 -2.4 8.35571
      vertex 199.466 -2.4 8.70636
      vertex 198.839 -2.4 8.41125
    endloop
  endfacet
  facet normal 0 -1 0
    outer loop
      vertex 198.917 -2.4 8.29431
      vertex 199.466 -2.4 8.70636
      vertex 198.882 -2.4 8.35571
    endloop
  endfacet
  facet normal 0 -1 -0
    outer loop
      vertex 199.466 -2.4 8.70636
      vertex 198.917 -2.4 8.29431
      vertex 199.538 -2.4 8.58968
    endloop
  endfacet
  facet normal 0 -1 -0
    outer loop
      vertex 199.538 -2.4 8.58968
      vertex 198.917 -2.4 8.29431
      vertex 199.593 -2.4 8.46114
    endloop
  endfacet
  facet normal 0 -1 0
    outer loop
      vertex 198.944 -2.4 8.22704
      vertex 199.593 -2.4 8.46114
      vertex 198.917 -2.4 8.29431
    endloop
  endfacet
  facet normal 0 -1 -0
    outer loop
      vertex 199.593 -2.4 8.46114
      vertex 198.944 -2.4 8.22704
      vertex 199.633 -2.4 8.32071
    endloop
  endfacet
  facet normal 0 -1 0
    outer loop
      vertex 198.963 -2.4 8.15388
      vertex 199.633 -2.4 8.32071
      vertex 198.944 -2.4 8.22704
    endloop
  endfacet
  facet normal 0 -1 -0
    outer loop
      vertex 199.633 -2.4 8.32071
      vertex 198.963 -2.4 8.15388
      vertex 199.657 -2.4 8.16841
    endloop
  endfacet
  facet normal 0 -1 0
    outer loop
      vertex 198.975 -2.4 8.07487
      vertex 199.657 -2.4 8.16841
      vertex 198.963 -2.4 8.15388
    endloop
  endfacet
  facet normal 0 -1 0
    outer loop
      vertex 198.975 -2.4 8.07487
      vertex 199.665 -2.4 8.00424
      vertex 199.657 -2.4 8.16841
    endloop
  endfacet
  facet normal 0 -1 0
    outer loop
      vertex 198.979 -2.4 7.98999
      vertex 199.665 -2.4 8.00424
      vertex 198.975 -2.4 8.07487
    endloop
  endfacet
  facet normal 0 -1 0
    outer loop
      vertex 199.656 -2.4 7.83305
      vertex 198.979 -2.4 7.98999
      vertex 198.975 -2.4 7.89421
    endloop
  endfacet
  facet normal 0 -1 0
    outer loop
      vertex 198.979 -2.4 7.98999
      vertex 199.656 -2.4 7.83305
      vertex 199.665 -2.4 8.00424
    endloop
  endfacet
  facet normal 0 -1 0
    outer loop
      vertex 199.628 -2.4 7.67393
      vertex 198.975 -2.4 7.89421
      vertex 198.962 -2.4 7.8062
    endloop
  endfacet
  facet normal 0 -1 0
    outer loop
      vertex 199.582 -2.4 7.52689
      vertex 198.962 -2.4 7.8062
      vertex 198.942 -2.4 7.72595
    endloop
  endfacet
  facet normal 0 -1 0
    outer loop
      vertex 198.975 -2.4 7.89421
      vertex 199.628 -2.4 7.67393
      vertex 199.656 -2.4 7.83305
    endloop
  endfacet
  facet normal 0 -1 0
    outer loop
      vertex 199.518 -2.4 7.39189
      vertex 198.942 -2.4 7.72595
      vertex 198.913 -2.4 7.6535
    endloop
  endfacet
  facet normal 0 -1 0
    outer loop
      vertex 199.435 -2.4 7.26897
      vertex 198.913 -2.4 7.6535
      vertex 198.876 -2.4 7.58882
    endloop
  endfacet
  facet normal 0 -1 0
    outer loop
      vertex 199.334 -2.4 7.15811
      vertex 198.876 -2.4 7.58882
      vertex 198.831 -2.4 7.53192
    endloop
  endfacet
  facet normal 0 -1 0
    outer loop
      vertex 198.962 -2.4 7.8062
      vertex 199.582 -2.4 7.52689
      vertex 199.628 -2.4 7.67393
    endloop
  endfacet
  facet normal 0 -1 0
    outer loop
      vertex 199.217 -2.4 7.06203
      vertex 198.831 -2.4 7.53192
      vertex 198.778 -2.4 7.48334
    endloop
  endfacet
  facet normal 0 -1 0
    outer loop
      vertex 199.086 -2.4 6.98341
      vertex 198.778 -2.4 7.48334
      vertex 198.72 -2.4 7.44357
    endloop
  endfacet
  facet normal 0 -1 0
    outer loop
      vertex 198.941 -2.4 6.92226
      vertex 198.72 -2.4 7.44357
      vertex 198.657 -2.4 7.41266
    endloop
  endfacet
  facet normal 0 -1 0
    outer loop
      vertex 198.942 -2.4 7.72595
      vertex 199.518 -2.4 7.39189
      vertex 199.582 -2.4 7.52689
    endloop
  endfacet
  facet normal 0 -1 0
    outer loop
      vertex 198.783 -2.4 6.87859
      vertex 198.657 -2.4 7.41266
      vertex 198.588 -2.4 7.39058
    endloop
  endfacet
  facet normal 0 -1 0
    outer loop
      vertex 198.611 -2.4 6.85237
      vertex 198.588 -2.4 7.39058
      vertex 198.513 -2.4 7.37733
    endloop
  endfacet
  facet normal 0 -1 0
    outer loop
      vertex 198.426 -2.4 6.84364
      vertex 198.513 -2.4 7.37733
      vertex 198.433 -2.4 7.37291
    endloop
  endfacet
  facet normal 0 -1 0
    outer loop
      vertex 197.973 -2.4 6.9003
      vertex 198.145 -2.4 7.44048
      vertex 197.844 -2.4 6.94438
    endloop
  endfacet
  facet normal 0 -1 -0
    outer loop
      vertex 198.513 -2.4 7.37733
      vertex 198.426 -2.4 6.84364
      vertex 198.611 -2.4 6.85237
    endloop
  endfacet
  facet normal 0 -1 -0
    outer loop
      vertex 198.145 -2.4 7.44048
      vertex 197.973 -2.4 6.9003
      vertex 198.195 -2.4 7.41615
    endloop
  endfacet
  facet normal 0 -1 0
    outer loop
      vertex 198.588 -2.4 7.39058
      vertex 198.611 -2.4 6.85237
      vertex 198.783 -2.4 6.87859
    endloop
  endfacet
  facet normal 0 -1 0
    outer loop
      vertex 198.113 -2.4 6.86882
      vertex 198.195 -2.4 7.41615
      vertex 197.973 -2.4 6.9003
    endloop
  endfacet
  facet normal 0 -1 -0
    outer loop
      vertex 198.195 -2.4 7.41615
      vertex 198.113 -2.4 6.86882
      vertex 198.248 -2.4 7.39723
    endloop
  endfacet
  facet normal 0 -1 0
    outer loop
      vertex 198.657 -2.4 7.41266
      vertex 198.783 -2.4 6.87859
      vertex 198.941 -2.4 6.92226
    endloop
  endfacet
  facet normal 0 -1 -0
    outer loop
      vertex 198.248 -2.4 7.39723
      vertex 198.113 -2.4 6.86882
      vertex 198.306 -2.4 7.38373
    endloop
  endfacet
  facet normal 0 -1 0
    outer loop
      vertex 198.913 -2.4 7.6535
      vertex 199.435 -2.4 7.26897
      vertex 199.518 -2.4 7.39189
    endloop
  endfacet
  facet normal 0 -1 0
    outer loop
      vertex 198.264 -2.4 6.84995
      vertex 198.306 -2.4 7.38373
      vertex 198.113 -2.4 6.86882
    endloop
  endfacet
  facet normal 0 -1 0
    outer loop
      vertex 198.876 -2.4 7.58882
      vertex 199.334 -2.4 7.15811
      vertex 199.435 -2.4 7.26897
    endloop
  endfacet
  facet normal 0 -1 -0
    outer loop
      vertex 198.306 -2.4 7.38373
      vertex 198.264 -2.4 6.84995
      vertex 198.368 -2.4 7.37561
    endloop
  endfacet
  facet normal 0 -1 0
    outer loop
      vertex 198.831 -2.4 7.53192
      vertex 199.217 -2.4 7.06203
      vertex 199.334 -2.4 7.15811
    endloop
  endfacet
  facet normal 0 -1 0
    outer loop
      vertex 198.426 -2.4 6.84364
      vertex 198.368 -2.4 7.37561
      vertex 198.264 -2.4 6.84995
    endloop
  endfacet
  facet normal 0 -1 0
    outer loop
      vertex 198.72 -2.4 7.44357
      vertex 198.941 -2.4 6.92226
      vertex 199.086 -2.4 6.98341
    endloop
  endfacet
  facet normal 0 -1 0
    outer loop
      vertex 198.368 -2.4 7.37561
      vertex 198.426 -2.4 6.84364
      vertex 198.433 -2.4 7.37291
    endloop
  endfacet
  facet normal 0 -1 0
    outer loop
      vertex 198.778 -2.4 7.48334
      vertex 199.086 -2.4 6.98341
      vertex 199.217 -2.4 7.06203
    endloop
  endfacet
  facet normal 0 -1 0
    outer loop
      vertex 199.77 -2.4 10.2353
      vertex 201.189 -2.4 8.08733
      vertex 200.501 -2.4 10.2353
    endloop
  endfacet
  facet normal 0 -1 0
    outer loop
      vertex 201.007 -2.4 6.8911
      vertex 201.189 -2.4 8.08733
      vertex 199.77 -2.4 10.2353
    endloop
  endfacet
  facet normal 0 -1 -0
    outer loop
      vertex 201.189 -2.4 8.08733
      vertex 201.007 -2.4 6.8911
      vertex 201.212 -2.4 8.01176
    endloop
  endfacet
  facet normal 0 -1 -0
    outer loop
      vertex 201.212 -2.4 8.01176
      vertex 201.007 -2.4 6.8911
      vertex 201.237 -2.4 7.92435
    endloop
  endfacet
  facet normal 0 -1 -0
    outer loop
      vertex 201.237 -2.4 7.92435
      vertex 201.007 -2.4 6.8911
      vertex 201.265 -2.4 7.82504
    endloop
  endfacet
  facet normal 0 -1 -0
    outer loop
      vertex 201.265 -2.4 7.82504
      vertex 201.007 -2.4 6.8911
      vertex 201.296 -2.4 7.71388
    endloop
  endfacet
  facet normal 0 -1 -0
    outer loop
      vertex 201.296 -2.4 7.71388
      vertex 201.007 -2.4 6.8911
      vertex 201.329 -2.4 7.59087
    endloop
  endfacet
  facet normal 0 -1 -0
    outer loop
      vertex 201.329 -2.4 7.59087
      vertex 201.007 -2.4 6.8911
      vertex 201.365 -2.4 7.45596
    endloop
  endfacet
  facet normal 0 -1 0
    outer loop
      vertex 201.536 -2.4 8.08733
      vertex 202.946 -2.4 10.2353
      vertex 202.222 -2.4 10.2353
    endloop
  endfacet
  facet normal 0 -1 0
    outer loop
      vertex 201.716 -2.4 6.8911
      vertex 201.536 -2.4 8.08733
      vertex 201.415 -2.4 7.66008
    endloop
  endfacet
  facet normal 0 -1 0
    outer loop
      vertex 201.716 -2.4 6.8911
      vertex 201.415 -2.4 7.66008
      vertex 201.365 -2.4 7.45596
    endloop
  endfacet
  facet normal 0 -1 0
    outer loop
      vertex 201.536 -2.4 8.08733
      vertex 201.716 -2.4 6.8911
      vertex 202.946 -2.4 10.2353
    endloop
  endfacet
  facet normal 0 -1 0
    outer loop
      vertex 201.716 -2.4 6.8911
      vertex 201.365 -2.4 7.45596
      vertex 201.007 -2.4 6.8911
    endloop
  endfacet
  facet normal -0.150701 0 0.988579
    outer loop
      vertex 198.611 -2.4 6.85237
      vertex 198.783 -3 6.87859
      vertex 198.783 -2.4 6.87859
    endloop
  endfacet
  facet normal -0.150701 0 0.988579
    outer loop
      vertex 198.783 -3 6.87859
      vertex 198.611 -2.4 6.85237
      vertex 198.611 -3 6.85237
    endloop
  endfacet
  facet normal -0.266404 0 0.963861
    outer loop
      vertex 198.783 -2.4 6.87859
      vertex 198.941 -3 6.92226
      vertex 198.941 -2.4 6.92226
    endloop
  endfacet
  facet normal -0.266404 0 0.963861
    outer loop
      vertex 198.941 -3 6.92226
      vertex 198.783 -2.4 6.87859
      vertex 198.783 -3 6.87859
    endloop
  endfacet
  facet normal -0.388582 0 0.921414
    outer loop
      vertex 198.941 -2.4 6.92226
      vertex 199.086 -3 6.98341
      vertex 199.086 -2.4 6.98341
    endloop
  endfacet
  facet normal -0.388582 0 0.921414
    outer loop
      vertex 199.086 -3 6.98341
      vertex 198.941 -2.4 6.92226
      vertex 198.941 -3 6.92226
    endloop
  endfacet
  facet normal -0.514592 0 0.857435
    outer loop
      vertex 199.086 -2.4 6.98341
      vertex 199.217 -3 7.06203
      vertex 199.217 -2.4 7.06203
    endloop
  endfacet
  facet normal -0.514592 0 0.857435
    outer loop
      vertex 199.217 -3 7.06203
      vertex 199.086 -2.4 6.98341
      vertex 199.086 -3 6.98341
    endloop
  endfacet
  facet normal -0.634632 0 0.772814
    outer loop
      vertex 199.217 -2.4 7.06203
      vertex 199.334 -3 7.15811
      vertex 199.334 -2.4 7.15811
    endloop
  endfacet
  facet normal -0.634632 0 0.772814
    outer loop
      vertex 199.334 -3 7.15811
      vertex 199.217 -2.4 7.06203
      vertex 199.217 -3 7.06203
    endloop
  endfacet
  facet normal -0.739216 0 0.673469
    outer loop
      vertex 199.334 -3 7.15811
      vertex 199.435 -2.4 7.26897
      vertex 199.334 -2.4 7.15811
    endloop
  endfacet
  facet normal -0.739216 0 0.673469
    outer loop
      vertex 199.435 -2.4 7.26897
      vertex 199.334 -3 7.15811
      vertex 199.435 -3 7.26897
    endloop
  endfacet
  facet normal -0.828758 0 0.559607
    outer loop
      vertex 199.435 -3 7.26897
      vertex 199.518 -2.4 7.39189
      vertex 199.435 -2.4 7.26897
    endloop
  endfacet
  facet normal -0.828758 0 0.559607
    outer loop
      vertex 199.518 -2.4 7.39189
      vertex 199.435 -3 7.26897
      vertex 199.518 -3 7.39189
    endloop
  endfacet
  facet normal -0.903602 0 0.428374
    outer loop
      vertex 199.518 -3 7.39189
      vertex 199.582 -2.4 7.52689
      vertex 199.518 -2.4 7.39189
    endloop
  endfacet
  facet normal -0.903602 0 0.428374
    outer loop
      vertex 199.582 -2.4 7.52689
      vertex 199.518 -3 7.39189
      vertex 199.582 -3 7.52689
    endloop
  endfacet
  facet normal -0.954388 0 0.298571
    outer loop
      vertex 199.582 -3 7.52689
      vertex 199.628 -2.4 7.67393
      vertex 199.582 -2.4 7.52689
    endloop
  endfacet
  facet normal -0.954388 0 0.298571
    outer loop
      vertex 199.628 -2.4 7.67393
      vertex 199.582 -3 7.52689
      vertex 199.628 -3 7.67393
    endloop
  endfacet
  facet normal -0.984868 0 0.173305
    outer loop
      vertex 199.628 -3 7.67393
      vertex 199.656 -2.4 7.83305
      vertex 199.628 -2.4 7.67393
    endloop
  endfacet
  facet normal -0.984868 0 0.173305
    outer loop
      vertex 199.656 -2.4 7.83305
      vertex 199.628 -3 7.67393
      vertex 199.656 -3 7.83305
    endloop
  endfacet
  facet normal -0.998621 0 0.0525007
    outer loop
      vertex 199.656 -3 7.83305
      vertex 199.665 -2.4 8.00424
      vertex 199.656 -2.4 7.83305
    endloop
  endfacet
  facet normal -0.998621 0 0.0525007
    outer loop
      vertex 199.665 -2.4 8.00424
      vertex 199.656 -3 7.83305
      vertex 199.665 -3 8.00424
    endloop
  endfacet
  facet normal -0.998815 0 -0.0486722
    outer loop
      vertex 199.665 -3 8.00424
      vertex 199.657 -2.4 8.16841
      vertex 199.665 -2.4 8.00424
    endloop
  endfacet
  facet normal -0.998815 -0 -0.0486722
    outer loop
      vertex 199.657 -2.4 8.16841
      vertex 199.665 -3 8.00424
      vertex 199.657 -3 8.16841
    endloop
  endfacet
  facet normal -0.98781 0 -0.155663
    outer loop
      vertex 199.657 -3 8.16841
      vertex 199.633 -2.4 8.32071
      vertex 199.657 -2.4 8.16841
    endloop
  endfacet
  facet normal -0.98781 -0 -0.155663
    outer loop
      vertex 199.633 -2.4 8.32071
      vertex 199.657 -3 8.16841
      vertex 199.633 -3 8.32071
    endloop
  endfacet
  facet normal -0.961746 0 -0.273943
    outer loop
      vertex 199.633 -3 8.32071
      vertex 199.593 -2.4 8.46114
      vertex 199.633 -2.4 8.32071
    endloop
  endfacet
  facet normal -0.961746 -0 -0.273943
    outer loop
      vertex 199.593 -2.4 8.46114
      vertex 199.633 -3 8.32071
      vertex 199.593 -3 8.46114
    endloop
  endfacet
  facet normal -0.919374 0 -0.393384
    outer loop
      vertex 199.593 -3 8.46114
      vertex 199.538 -2.4 8.58968
      vertex 199.593 -2.4 8.46114
    endloop
  endfacet
  facet normal -0.919374 -0 -0.393384
    outer loop
      vertex 199.538 -2.4 8.58968
      vertex 199.593 -3 8.46114
      vertex 199.538 -3 8.58968
    endloop
  endfacet
  facet normal -0.851017 0 -0.525139
    outer loop
      vertex 199.538 -3 8.58968
      vertex 199.466 -2.4 8.70636
      vertex 199.538 -2.4 8.58968
    endloop
  endfacet
  facet normal -0.851017 -0 -0.525139
    outer loop
      vertex 199.466 -2.4 8.70636
      vertex 199.538 -3 8.58968
      vertex 199.466 -3 8.70636
    endloop
  endfacet
  facet normal -0.769513 0 -0.638631
    outer loop
      vertex 199.466 -3 8.70636
      vertex 199.379 -2.4 8.81119
      vertex 199.466 -2.4 8.70636
    endloop
  endfacet
  facet normal -0.769513 -0 -0.638631
    outer loop
      vertex 199.379 -2.4 8.81119
      vertex 199.466 -3 8.70636
      vertex 199.379 -3 8.81119
    endloop
  endfacet
  facet normal -0.667946 0 -0.744209
    outer loop
      vertex 199.278 -3 8.90184
      vertex 199.379 -2.4 8.81119
      vertex 199.379 -3 8.81119
    endloop
  endfacet
  facet normal -0.667946 0 -0.744209
    outer loop
      vertex 199.379 -2.4 8.81119
      vertex 199.278 -3 8.90184
      vertex 199.278 -2.4 8.90184
    endloop
  endfacet
  facet normal -0.555581 0 -0.831462
    outer loop
      vertex 199.167 -3 8.97601
      vertex 199.278 -2.4 8.90184
      vertex 199.278 -3 8.90184
    endloop
  endfacet
  facet normal -0.555581 0 -0.831462
    outer loop
      vertex 199.278 -2.4 8.90184
      vertex 199.167 -3 8.97601
      vertex 199.167 -2.4 8.97601
    endloop
  endfacet
  facet normal -0.427545 0 -0.903994
    outer loop
      vertex 199.045 -3 9.03371
      vertex 199.167 -2.4 8.97601
      vertex 199.167 -3 8.97601
    endloop
  endfacet
  facet normal -0.427545 0 -0.903994
    outer loop
      vertex 199.167 -2.4 8.97601
      vertex 199.045 -3 9.03371
      vertex 199.045 -2.4 9.03371
    endloop
  endfacet
  facet normal -0.298011 0 -0.954562
    outer loop
      vertex 198.913 -3 9.07492
      vertex 199.045 -2.4 9.03371
      vertex 199.045 -3 9.03371
    endloop
  endfacet
  facet normal -0.298011 0 -0.954562
    outer loop
      vertex 199.045 -2.4 9.03371
      vertex 198.913 -3 9.07492
      vertex 198.913 -2.4 9.07492
    endloop
  endfacet
  facet normal -0.169192 0 -0.985583
    outer loop
      vertex 198.769 -3 9.09964
      vertex 198.913 -2.4 9.07492
      vertex 198.913 -3 9.07492
    endloop
  endfacet
  facet normal -0.169192 0 -0.985583
    outer loop
      vertex 198.913 -2.4 9.07492
      vertex 198.769 -3 9.09964
      vertex 198.769 -2.4 9.09964
    endloop
  endfacet
  facet normal -0.0537783 0 -0.998553
    outer loop
      vertex 198.616 -3 9.10788
      vertex 198.769 -2.4 9.09964
      vertex 198.769 -3 9.09964
    endloop
  endfacet
  facet normal -0.0537783 0 -0.998553
    outer loop
      vertex 198.769 -2.4 9.09964
      vertex 198.616 -3 9.10788
      vertex 198.616 -2.4 9.10788
    endloop
  endfacet
  facet normal 0.0502753 0 -0.998735
    outer loop
      vertex 198.498 -3 9.10194
      vertex 198.616 -2.4 9.10788
      vertex 198.616 -3 9.10788
    endloop
  endfacet
  facet normal 0.0502753 0 -0.998735
    outer loop
      vertex 198.616 -2.4 9.10788
      vertex 198.498 -3 9.10194
      vertex 198.498 -2.4 9.10194
    endloop
  endfacet
  facet normal 0.158251 0 -0.987399
    outer loop
      vertex 198.387 -3 9.08415
      vertex 198.498 -2.4 9.10194
      vertex 198.498 -3 9.10194
    endloop
  endfacet
  facet normal 0.158251 0 -0.987399
    outer loop
      vertex 198.498 -2.4 9.10194
      vertex 198.387 -3 9.08415
      vertex 198.387 -2.4 9.08415
    endloop
  endfacet
  facet normal 0.274428 0 -0.961608
    outer loop
      vertex 198.283 -3 9.05447
      vertex 198.387 -2.4 9.08415
      vertex 198.387 -3 9.08415
    endloop
  endfacet
  facet normal 0.274428 0 -0.961608
    outer loop
      vertex 198.387 -2.4 9.08415
      vertex 198.283 -3 9.05447
      vertex 198.283 -2.4 9.05447
    endloop
  endfacet
  facet normal 0.390185 0 -0.920736
    outer loop
      vertex 198.185 -3 9.01294
      vertex 198.283 -2.4 9.05447
      vertex 198.283 -3 9.05447
    endloop
  endfacet
  facet normal 0.390185 0 -0.920736
    outer loop
      vertex 198.283 -2.4 9.05447
      vertex 198.185 -3 9.01294
      vertex 198.185 -2.4 9.01294
    endloop
  endfacet
  facet normal 0.510203 0 -0.860054
    outer loop
      vertex 198.095 -3 8.95955
      vertex 198.185 -2.4 9.01294
      vertex 198.185 -3 9.01294
    endloop
  endfacet
  facet normal 0.510203 0 -0.860054
    outer loop
      vertex 198.185 -2.4 9.01294
      vertex 198.095 -3 8.95955
      vertex 198.095 -2.4 8.95955
    endloop
  endfacet
  facet normal 0.613628 0 -0.789595
    outer loop
      vertex 198.011 -3 8.89427
      vertex 198.095 -2.4 8.95955
      vertex 198.095 -3 8.95955
    endloop
  endfacet
  facet normal 0.613628 0 -0.789595
    outer loop
      vertex 198.095 -2.4 8.95955
      vertex 198.011 -3 8.89427
      vertex 198.011 -2.4 8.89427
    endloop
  endfacet
  facet normal -0.997964 0 0.0637797
    outer loop
      vertex 198.011 -3 8.89427
      vertex 198.065 -2.4 9.73921
      vertex 198.011 -2.4 8.89427
    endloop
  endfacet
  facet normal -0.997964 0 0.0637797
    outer loop
      vertex 198.065 -2.4 9.73921
      vertex 198.011 -3 8.89427
      vertex 198.065 -3 9.73921
    endloop
  endfacet
  facet normal -0 0 1
    outer loop
      vertex 198.065 -2.4 9.73921
      vertex 199.47 -3 9.73921
      vertex 199.47 -2.4 9.73921
    endloop
  endfacet
  facet normal 0 0 1
    outer loop
      vertex 199.47 -3 9.73921
      vertex 198.065 -2.4 9.73921
      vertex 198.065 -3 9.73921
    endloop
  endfacet
  facet normal -1 0 0
    outer loop
      vertex 199.47 -3 9.73921
      vertex 199.47 -2.4 10.2353
      vertex 199.47 -2.4 9.73921
    endloop
  endfacet
  facet normal -1 -0 0
    outer loop
      vertex 199.47 -2.4 10.2353
      vertex 199.47 -3 9.73921
      vertex 199.47 -3 10.2353
    endloop
  endfacet
  facet normal 0 0 -1
    outer loop
      vertex 197.46 -3 10.2353
      vertex 199.47 -2.4 10.2353
      vertex 199.47 -3 10.2353
    endloop
  endfacet
  facet normal -0 0 -1
    outer loop
      vertex 199.47 -2.4 10.2353
      vertex 197.46 -3 10.2353
      vertex 197.46 -2.4 10.2353
    endloop
  endfacet
  facet normal 0.998106 0 -0.0615149
    outer loop
      vertex 197.46 -3 10.2353
      vertex 197.344 -2.4 8.35315
      vertex 197.46 -2.4 10.2353
    endloop
  endfacet
  facet normal 0.998106 0 -0.0615149
    outer loop
      vertex 197.344 -2.4 8.35315
      vertex 197.46 -3 10.2353
      vertex 197.344 -3 8.35315
    endloop
  endfacet
  facet normal -0 0 1
    outer loop
      vertex 197.344 -2.4 8.35315
      vertex 197.994 -3 8.35315
      vertex 197.994 -2.4 8.35315
    endloop
  endfacet
  facet normal 0 0 1
    outer loop
      vertex 197.994 -3 8.35315
      vertex 197.344 -2.4 8.35315
      vertex 197.344 -3 8.35315
    endloop
  endfacet
  facet normal -0.734325 0 0.678798
    outer loop
      vertex 197.994 -3 8.35315
      vertex 198.055 -2.4 8.41914
      vertex 197.994 -2.4 8.35315
    endloop
  endfacet
  facet normal -0.734325 0 0.678798
    outer loop
      vertex 198.055 -2.4 8.41914
      vertex 197.994 -3 8.35315
      vertex 198.055 -3 8.41914
    endloop
  endfacet
  facet normal -0.627455 0 0.778653
    outer loop
      vertex 198.055 -2.4 8.41914
      vertex 198.122 -3 8.47313
      vertex 198.122 -2.4 8.47313
    endloop
  endfacet
  facet normal -0.627455 0 0.778653
    outer loop
      vertex 198.122 -3 8.47313
      vertex 198.055 -2.4 8.41914
      vertex 198.055 -3 8.41914
    endloop
  endfacet
  facet normal -0.498516 0 0.866881
    outer loop
      vertex 198.122 -2.4 8.47313
      vertex 198.195 -3 8.51511
      vertex 198.195 -2.4 8.51511
    endloop
  endfacet
  facet normal -0.498516 0 0.866881
    outer loop
      vertex 198.195 -3 8.51511
      vertex 198.122 -2.4 8.47313
      vertex 198.122 -3 8.47313
    endloop
  endfacet
  facet normal -0.358771 0 0.933426
    outer loop
      vertex 198.195 -2.4 8.51511
      vertex 198.273 -3 8.54509
      vertex 198.273 -2.4 8.54509
    endloop
  endfacet
  facet normal -0.358771 0 0.933426
    outer loop
      vertex 198.273 -3 8.54509
      vertex 198.195 -2.4 8.51511
      vertex 198.195 -3 8.51511
    endloop
  endfacet
  facet normal -0.207281 0 0.978282
    outer loop
      vertex 198.273 -2.4 8.54509
      vertex 198.358 -3 8.5631
      vertex 198.358 -2.4 8.5631
    endloop
  endfacet
  facet normal -0.207281 0 0.978282
    outer loop
      vertex 198.358 -3 8.5631
      vertex 198.273 -2.4 8.54509
      vertex 198.273 -3 8.54509
    endloop
  endfacet
  facet normal -0.0671515 0 0.997743
    outer loop
      vertex 198.358 -2.4 8.5631
      vertex 198.447 -3 8.56909
      vertex 198.447 -2.4 8.56909
    endloop
  endfacet
  facet normal -0.0671515 0 0.997743
    outer loop
      vertex 198.447 -3 8.56909
      vertex 198.358 -2.4 8.5631
      vertex 198.358 -3 8.5631
    endloop
  endfacet
  facet normal 0.0539952 0 0.998541
    outer loop
      vertex 198.447 -2.4 8.56909
      vertex 198.528 -3 8.56471
      vertex 198.528 -2.4 8.56471
    endloop
  endfacet
  facet normal 0.0539952 0 0.998541
    outer loop
      vertex 198.528 -3 8.56471
      vertex 198.447 -2.4 8.56909
      vertex 198.447 -3 8.56909
    endloop
  endfacet
  facet normal 0.172699 0 0.984975
    outer loop
      vertex 198.528 -2.4 8.56471
      vertex 198.603 -3 8.55156
      vertex 198.603 -2.4 8.55156
    endloop
  endfacet
  facet normal 0.172699 0 0.984975
    outer loop
      vertex 198.603 -3 8.55156
      vertex 198.528 -2.4 8.56471
      vertex 198.528 -3 8.56471
    endloop
  endfacet
  facet normal 0.306933 0 0.951731
    outer loop
      vertex 198.603 -2.4 8.55156
      vertex 198.671 -3 8.52963
      vertex 198.671 -2.4 8.52963
    endloop
  endfacet
  facet normal 0.306933 0 0.951731
    outer loop
      vertex 198.671 -3 8.52963
      vertex 198.603 -2.4 8.55156
      vertex 198.603 -3 8.55156
    endloop
  endfacet
  facet normal 0.443509 0 0.89627
    outer loop
      vertex 198.671 -2.4 8.52963
      vertex 198.733 -3 8.49895
      vertex 198.733 -2.4 8.49895
    endloop
  endfacet
  facet normal 0.443509 0 0.89627
    outer loop
      vertex 198.733 -3 8.49895
      vertex 198.671 -2.4 8.52963
      vertex 198.671 -3 8.52963
    endloop
  endfacet
  facet normal 0.576007 0 0.817445
    outer loop
      vertex 198.733 -2.4 8.49895
      vertex 198.789 -3 8.45949
      vertex 198.789 -2.4 8.45949
    endloop
  endfacet
  facet normal 0.576007 0 0.817445
    outer loop
      vertex 198.789 -3 8.45949
      vertex 198.733 -2.4 8.49895
      vertex 198.733 -3 8.49895
    endloop
  endfacet
  facet normal 0.694327 0 0.719659
    outer loop
      vertex 198.789 -2.4 8.45949
      vertex 198.839 -3 8.41125
      vertex 198.839 -2.4 8.41125
    endloop
  endfacet
  facet normal 0.694327 0 0.719659
    outer loop
      vertex 198.839 -3 8.41125
      vertex 198.789 -2.4 8.45949
      vertex 198.789 -3 8.45949
    endloop
  endfacet
  facet normal 0.790715 -0 0.612185
    outer loop
      vertex 198.839 -3 8.41125
      vertex 198.882 -2.4 8.35571
      vertex 198.839 -2.4 8.41125
    endloop
  endfacet
  facet normal 0.790715 0 0.612185
    outer loop
      vertex 198.882 -2.4 8.35571
      vertex 198.839 -3 8.41125
      vertex 198.882 -3 8.35571
    endloop
  endfacet
  facet normal 0.868765 -0 0.495224
    outer loop
      vertex 198.882 -3 8.35571
      vertex 198.917 -2.4 8.29431
      vertex 198.882 -2.4 8.35571
    endloop
  endfacet
  facet normal 0.868765 0 0.495224
    outer loop
      vertex 198.917 -2.4 8.29431
      vertex 198.882 -3 8.35571
      vertex 198.917 -3 8.29431
    endloop
  endfacet
  facet normal 0.928038 -0 0.372485
    outer loop
      vertex 198.917 -3 8.29431
      vertex 198.944 -2.4 8.22704
      vertex 198.917 -2.4 8.29431
    endloop
  endfacet
  facet normal 0.928038 0 0.372485
    outer loop
      vertex 198.944 -2.4 8.22704
      vertex 198.917 -3 8.29431
      vertex 198.944 -3 8.22704
    endloop
  endfacet
  facet normal 0.967892 -0 0.251366
    outer loop
      vertex 198.944 -3 8.22704
      vertex 198.963 -2.4 8.15388
      vertex 198.944 -2.4 8.22704
    endloop
  endfacet
  facet normal 0.967892 0 0.251366
    outer loop
      vertex 198.963 -2.4 8.15388
      vertex 198.944 -3 8.22704
      vertex 198.963 -3 8.15388
    endloop
  endfacet
  facet normal 0.988662 -0 0.150158
    outer loop
      vertex 198.963 -3 8.15388
      vertex 198.975 -2.4 8.07487
      vertex 198.963 -2.4 8.15388
    endloop
  endfacet
  facet normal 0.988662 0 0.150158
    outer loop
      vertex 198.975 -2.4 8.07487
      vertex 198.963 -3 8.15388
      vertex 198.975 -3 8.07487
    endloop
  endfacet
  facet normal 0.998891 -0 0.0470731
    outer loop
      vertex 198.975 -3 8.07487
      vertex 198.979 -2.4 7.98999
      vertex 198.975 -2.4 8.07487
    endloop
  endfacet
  facet normal 0.998891 0 0.0470731
    outer loop
      vertex 198.979 -2.4 7.98999
      vertex 198.975 -3 8.07487
      vertex 198.979 -3 7.98999
    endloop
  endfacet
  facet normal 0.999129 0 -0.041726
    outer loop
      vertex 198.979 -3 7.98999
      vertex 198.975 -2.4 7.89421
      vertex 198.979 -2.4 7.98999
    endloop
  endfacet
  facet normal 0.999129 0 -0.041726
    outer loop
      vertex 198.975 -2.4 7.89421
      vertex 198.979 -3 7.98999
      vertex 198.975 -3 7.89421
    endloop
  endfacet
  facet normal 0.989266 0 -0.146125
    outer loop
      vertex 198.975 -3 7.89421
      vertex 198.962 -2.4 7.8062
      vertex 198.975 -2.4 7.89421
    endloop
  endfacet
  facet normal 0.989266 0 -0.146125
    outer loop
      vertex 198.962 -2.4 7.8062
      vertex 198.975 -3 7.89421
      vertex 198.962 -3 7.8062
    endloop
  endfacet
  facet normal 0.97032 0 -0.241824
    outer loop
      vertex 198.962 -3 7.8062
      vertex 198.942 -2.4 7.72595
      vertex 198.962 -2.4 7.8062
    endloop
  endfacet
  facet normal 0.97032 0 -0.241824
    outer loop
      vertex 198.942 -2.4 7.72595
      vertex 198.962 -3 7.8062
      vertex 198.942 -3 7.72595
    endloop
  endfacet
  facet normal 0.928388 0 -0.371612
    outer loop
      vertex 198.942 -3 7.72595
      vertex 198.913 -2.4 7.6535
      vertex 198.942 -2.4 7.72595
    endloop
  endfacet
  facet normal 0.928388 0 -0.371612
    outer loop
      vertex 198.913 -2.4 7.6535
      vertex 198.942 -3 7.72595
      vertex 198.913 -3 7.6535
    endloop
  endfacet
  facet normal 0.868012 0 -0.496544
    outer loop
      vertex 198.913 -3 7.6535
      vertex 198.876 -2.4 7.58882
      vertex 198.913 -2.4 7.6535
    endloop
  endfacet
  facet normal 0.868012 0 -0.496544
    outer loop
      vertex 198.876 -2.4 7.58882
      vertex 198.913 -3 7.6535
      vertex 198.876 -3 7.58882
    endloop
  endfacet
  facet normal 0.784353 0 -0.620314
    outer loop
      vertex 198.876 -3 7.58882
      vertex 198.831 -2.4 7.53192
      vertex 198.876 -2.4 7.58882
    endloop
  endfacet
  facet normal 0.784353 0 -0.620314
    outer loop
      vertex 198.831 -2.4 7.53192
      vertex 198.876 -3 7.58882
      vertex 198.831 -3 7.53192
    endloop
  endfacet
  facet normal 0.675699 0 -0.737177
    outer loop
      vertex 198.778 -3 7.48334
      vertex 198.831 -2.4 7.53192
      vertex 198.831 -3 7.53192
    endloop
  endfacet
  facet normal 0.675699 0 -0.737177
    outer loop
      vertex 198.831 -2.4 7.53192
      vertex 198.778 -3 7.48334
      vertex 198.778 -2.4 7.48334
    endloop
  endfacet
  facet normal 0.565515 0 -0.824738
    outer loop
      vertex 198.72 -3 7.44357
      vertex 198.778 -2.4 7.48334
      vertex 198.778 -3 7.48334
    endloop
  endfacet
  facet normal 0.565515 0 -0.824738
    outer loop
      vertex 198.778 -2.4 7.48334
      vertex 198.72 -3 7.44357
      vertex 198.72 -2.4 7.44357
    endloop
  endfacet
  facet normal 0.440475 0 -0.897765
    outer loop
      vertex 198.657 -3 7.41266
      vertex 198.72 -2.4 7.44357
      vertex 198.72 -3 7.44357
    endloop
  endfacet
  facet normal 0.440475 0 -0.897765
    outer loop
      vertex 198.72 -2.4 7.44357
      vertex 198.657 -3 7.41266
      vertex 198.657 -2.4 7.41266
    endloop
  endfacet
  facet normal 0.304776 0 -0.952424
    outer loop
      vertex 198.588 -3 7.39058
      vertex 198.657 -2.4 7.41266
      vertex 198.657 -3 7.41266
    endloop
  endfacet
  facet normal 0.304776 0 -0.952424
    outer loop
      vertex 198.657 -2.4 7.41266
      vertex 198.588 -3 7.39058
      vertex 198.588 -2.4 7.39058
    endloop
  endfacet
  facet normal 0.173973 0 -0.98475
    outer loop
      vertex 198.513 -3 7.37733
      vertex 198.588 -2.4 7.39058
      vertex 198.588 -3 7.39058
    endloop
  endfacet
  facet normal 0.173973 0 -0.98475
    outer loop
      vertex 198.588 -2.4 7.39058
      vertex 198.513 -3 7.37733
      vertex 198.513 -2.4 7.37733
    endloop
  endfacet
  facet normal 0.0551659 0 -0.998477
    outer loop
      vertex 198.433 -3 7.37291
      vertex 198.513 -2.4 7.37733
      vertex 198.513 -3 7.37733
    endloop
  endfacet
  facet normal 0.0551659 0 -0.998477
    outer loop
      vertex 198.513 -2.4 7.37733
      vertex 198.433 -3 7.37291
      vertex 198.433 -2.4 7.37291
    endloop
  endfacet
  facet normal -0.0415027 0 -0.999138
    outer loop
      vertex 198.368 -3 7.37561
      vertex 198.433 -2.4 7.37291
      vertex 198.433 -3 7.37291
    endloop
  endfacet
  facet normal -0.0415027 0 -0.999138
    outer loop
      vertex 198.433 -2.4 7.37291
      vertex 198.368 -3 7.37561
      vertex 198.368 -2.4 7.37561
    endloop
  endfacet
  facet normal -0.129859 0 -0.991533
    outer loop
      vertex 198.306 -3 7.38373
      vertex 198.368 -2.4 7.37561
      vertex 198.368 -3 7.37561
    endloop
  endfacet
  facet normal -0.129859 0 -0.991533
    outer loop
      vertex 198.368 -2.4 7.37561
      vertex 198.306 -3 7.38373
      vertex 198.306 -2.4 7.38373
    endloop
  endfacet
  facet normal -0.226699 0 -0.973965
    outer loop
      vertex 198.248 -3 7.39723
      vertex 198.306 -2.4 7.38373
      vertex 198.306 -3 7.38373
    endloop
  endfacet
  facet normal -0.226699 0 -0.973965
    outer loop
      vertex 198.306 -2.4 7.38373
      vertex 198.248 -3 7.39723
      vertex 198.248 -2.4 7.39723
    endloop
  endfacet
  facet normal -0.336201 0 -0.94179
    outer loop
      vertex 198.195 -3 7.41615
      vertex 198.248 -2.4 7.39723
      vertex 198.248 -3 7.39723
    endloop
  endfacet
  facet normal -0.336201 0 -0.94179
    outer loop
      vertex 198.248 -2.4 7.39723
      vertex 198.195 -3 7.41615
      vertex 198.195 -2.4 7.41615
    endloop
  endfacet
  facet normal -0.437548 0 -0.899195
    outer loop
      vertex 198.145 -3 7.44048
      vertex 198.195 -2.4 7.41615
      vertex 198.195 -3 7.41615
    endloop
  endfacet
  facet normal -0.437548 0 -0.899195
    outer loop
      vertex 198.195 -2.4 7.41615
      vertex 198.145 -3 7.44048
      vertex 198.145 -2.4 7.44048
    endloop
  endfacet
  facet normal -0.534581 0 -0.845117
    outer loop
      vertex 198.098 -3 7.47021
      vertex 198.145 -2.4 7.44048
      vertex 198.145 -3 7.44048
    endloop
  endfacet
  facet normal -0.534581 0 -0.845117
    outer loop
      vertex 198.145 -2.4 7.44048
      vertex 198.098 -3 7.47021
      vertex 198.098 -2.4 7.47021
    endloop
  endfacet
  facet normal -0.647438 0 -0.762118
    outer loop
      vertex 198.056 -3 7.50589
      vertex 198.098 -2.4 7.47021
      vertex 198.098 -3 7.47021
    endloop
  endfacet
  facet normal -0.647438 0 -0.762118
    outer loop
      vertex 198.098 -2.4 7.47021
      vertex 198.056 -3 7.50589
      vertex 198.056 -2.4 7.50589
    endloop
  endfacet
  facet normal -0.751371 0 -0.65988
    outer loop
      vertex 198.056 -3 7.50589
      vertex 198.019 -2.4 7.54802
      vertex 198.056 -2.4 7.50589
    endloop
  endfacet
  facet normal -0.751371 -0 -0.65988
    outer loop
      vertex 198.019 -2.4 7.54802
      vertex 198.056 -3 7.50589
      vertex 198.019 -3 7.54802
    endloop
  endfacet
  facet normal -0.827306 0 -0.561751
    outer loop
      vertex 198.019 -3 7.54802
      vertex 197.986 -2.4 7.59662
      vertex 198.019 -2.4 7.54802
    endloop
  endfacet
  facet normal -0.827306 -0 -0.561751
    outer loop
      vertex 197.986 -2.4 7.59662
      vertex 198.019 -3 7.54802
      vertex 197.986 -3 7.59662
    endloop
  endfacet
  facet normal -0.884744 0 -0.466078
    outer loop
      vertex 197.986 -3 7.59662
      vertex 197.957 -2.4 7.65167
      vertex 197.986 -2.4 7.59662
    endloop
  endfacet
  facet normal -0.884744 -0 -0.466078
    outer loop
      vertex 197.957 -2.4 7.65167
      vertex 197.986 -3 7.59662
      vertex 197.957 -3 7.65167
    endloop
  endfacet
  facet normal -0.931598 0 -0.363491
    outer loop
      vertex 197.957 -3 7.65167
      vertex 197.933 -2.4 7.71318
      vertex 197.957 -2.4 7.65167
    endloop
  endfacet
  facet normal -0.931598 -0 -0.363491
    outer loop
      vertex 197.933 -2.4 7.71318
      vertex 197.957 -3 7.65167
      vertex 197.933 -3 7.71318
    endloop
  endfacet
  facet normal -0.959343 0 -0.282243
    outer loop
      vertex 197.933 -3 7.71318
      vertex 197.913 -2.4 7.78116
      vertex 197.933 -2.4 7.71318
    endloop
  endfacet
  facet normal -0.959343 -0 -0.282243
    outer loop
      vertex 197.913 -2.4 7.78116
      vertex 197.933 -3 7.71318
      vertex 197.913 -3 7.78116
    endloop
  endfacet
  facet normal 0.081601 0 -0.996665
    outer loop
      vertex 197.246 -3 7.72655
      vertex 197.913 -2.4 7.78116
      vertex 197.913 -3 7.78116
    endloop
  endfacet
  facet normal 0.081601 0 -0.996665
    outer loop
      vertex 197.913 -2.4 7.78116
      vertex 197.246 -3 7.72655
      vertex 197.246 -2.4 7.72655
    endloop
  endfacet
  facet normal 0.977035 -0 0.213078
    outer loop
      vertex 197.246 -3 7.72655
      vertex 197.276 -2.4 7.58899
      vertex 197.246 -2.4 7.72655
    endloop
  endfacet
  facet normal 0.977035 0 0.213078
    outer loop
      vertex 197.276 -2.4 7.58899
      vertex 197.246 -3 7.72655
      vertex 197.276 -3 7.58899
    endloop
  endfacet
  facet normal 0.946625 -0 0.322338
    outer loop
      vertex 197.276 -3 7.58899
      vertex 197.319 -2.4 7.46271
      vertex 197.276 -2.4 7.58899
    endloop
  endfacet
  facet normal 0.946625 0 0.322338
    outer loop
      vertex 197.319 -2.4 7.46271
      vertex 197.276 -3 7.58899
      vertex 197.319 -3 7.46271
    endloop
  endfacet
  facet normal 0.899099 -0 0.437746
    outer loop
      vertex 197.319 -3 7.46271
      vertex 197.375 -2.4 7.34769
      vertex 197.319 -2.4 7.46271
    endloop
  endfacet
  facet normal 0.899099 0 0.437746
    outer loop
      vertex 197.375 -2.4 7.34769
      vertex 197.319 -3 7.46271
      vertex 197.375 -3 7.34769
    endloop
  endfacet
  facet normal 0.832618 -0 0.553848
    outer loop
      vertex 197.375 -3 7.34769
      vertex 197.444 -2.4 7.24396
      vertex 197.375 -2.4 7.34769
    endloop
  endfacet
  facet normal 0.832618 0 0.553848
    outer loop
      vertex 197.444 -2.4 7.24396
      vertex 197.375 -3 7.34769
      vertex 197.444 -3 7.24396
    endloop
  endfacet
  facet normal 0.748194 -0 0.663479
    outer loop
      vertex 197.444 -3 7.24396
      vertex 197.526 -2.4 7.15149
      vertex 197.444 -2.4 7.24396
    endloop
  endfacet
  facet normal 0.748194 0 0.663479
    outer loop
      vertex 197.526 -2.4 7.15149
      vertex 197.444 -3 7.24396
      vertex 197.526 -3 7.15149
    endloop
  endfacet
  facet normal 0.653658 0 0.75679
    outer loop
      vertex 197.526 -2.4 7.15149
      vertex 197.62 -3 7.0703
      vertex 197.62 -2.4 7.0703
    endloop
  endfacet
  facet normal 0.653658 0 0.75679
    outer loop
      vertex 197.62 -3 7.0703
      vertex 197.526 -2.4 7.15149
      vertex 197.526 -3 7.15149
    endloop
  endfacet
  facet normal 0.543388 0 0.839482
    outer loop
      vertex 197.62 -2.4 7.0703
      vertex 197.727 -3 7.00104
      vertex 197.727 -2.4 7.00104
    endloop
  endfacet
  facet normal 0.543388 0 0.839482
    outer loop
      vertex 197.727 -3 7.00104
      vertex 197.62 -2.4 7.0703
      vertex 197.62 -3 7.0703
    endloop
  endfacet
  facet normal 0.435854 0 0.900017
    outer loop
      vertex 197.727 -2.4 7.00104
      vertex 197.844 -3 6.94438
      vertex 197.844 -2.4 6.94438
    endloop
  endfacet
  facet normal 0.435854 0 0.900017
    outer loop
      vertex 197.844 -3 6.94438
      vertex 197.727 -2.4 7.00104
      vertex 197.727 -3 7.00104
    endloop
  endfacet
  facet normal 0.323349 0 0.94628
    outer loop
      vertex 197.844 -2.4 6.94438
      vertex 197.973 -3 6.9003
      vertex 197.973 -2.4 6.9003
    endloop
  endfacet
  facet normal 0.323349 0 0.94628
    outer loop
      vertex 197.973 -3 6.9003
      vertex 197.844 -2.4 6.94438
      vertex 197.844 -3 6.94438
    endloop
  endfacet
  facet normal 0.21938 0 0.97564
    outer loop
      vertex 197.973 -2.4 6.9003
      vertex 198.113 -3 6.86882
      vertex 198.113 -2.4 6.86882
    endloop
  endfacet
  facet normal 0.21938 0 0.97564
    outer loop
      vertex 198.113 -3 6.86882
      vertex 197.973 -2.4 6.9003
      vertex 197.973 -3 6.9003
    endloop
  endfacet
  facet normal 0.124002 0 0.992282
    outer loop
      vertex 198.113 -2.4 6.86882
      vertex 198.264 -3 6.84995
      vertex 198.264 -2.4 6.84995
    endloop
  endfacet
  facet normal 0.124002 0 0.992282
    outer loop
      vertex 198.264 -3 6.84995
      vertex 198.113 -2.4 6.86882
      vertex 198.113 -3 6.86882
    endloop
  endfacet
  facet normal 0.0389211 0 0.999242
    outer loop
      vertex 198.264 -2.4 6.84995
      vertex 198.426 -3 6.84364
      vertex 198.426 -2.4 6.84364
    endloop
  endfacet
  facet normal 0.0389211 0 0.999242
    outer loop
      vertex 198.426 -3 6.84364
      vertex 198.264 -2.4 6.84995
      vertex 198.264 -3 6.84995
    endloop
  endfacet
  facet normal -0.0471367 0 0.998888
    outer loop
      vertex 198.426 -2.4 6.84364
      vertex 198.611 -3 6.85237
      vertex 198.611 -2.4 6.85237
    endloop
  endfacet
  facet normal -0.0471367 0 0.998888
    outer loop
      vertex 198.611 -3 6.85237
      vertex 198.426 -2.4 6.84364
      vertex 198.426 -3 6.84364
    endloop
  endfacet
  facet normal 0 0 -1
    outer loop
      vertex 202.222 -3 10.2353
      vertex 202.946 -2.4 10.2353
      vertex 202.946 -3 10.2353
    endloop
  endfacet
  facet normal -0 0 -1
    outer loop
      vertex 202.946 -2.4 10.2353
      vertex 202.222 -3 10.2353
      vertex 202.222 -2.4 10.2353
    endloop
  endfacet
  facet normal 0.952598 0 -0.304232
    outer loop
      vertex 202.222 -3 10.2353
      vertex 201.536 -2.4 8.08733
      vertex 202.222 -2.4 10.2353
    endloop
  endfacet
  facet normal 0.952598 0 -0.304232
    outer loop
      vertex 201.536 -2.4 8.08733
      vertex 202.222 -3 10.2353
      vertex 201.536 -3 8.08733
    endloop
  endfacet
  facet normal 0.962159 0 -0.27249
    outer loop
      vertex 201.536 -3 8.08733
      vertex 201.415 -2.4 7.66008
      vertex 201.536 -2.4 8.08733
    endloop
  endfacet
  facet normal 0.962159 0 -0.27249
    outer loop
      vertex 201.415 -2.4 7.66008
      vertex 201.536 -3 8.08733
      vertex 201.415 -3 7.66008
    endloop
  endfacet
  facet normal 0.971285 0 -0.23792
    outer loop
      vertex 201.415 -3 7.66008
      vertex 201.365 -2.4 7.45596
      vertex 201.415 -2.4 7.66008
    endloop
  endfacet
  facet normal 0.971285 0 -0.23792
    outer loop
      vertex 201.365 -2.4 7.45596
      vertex 201.415 -3 7.66008
      vertex 201.365 -3 7.45596
    endloop
  endfacet
  facet normal -0.966192 0 -0.257823
    outer loop
      vertex 201.365 -3 7.45596
      vertex 201.329 -2.4 7.59087
      vertex 201.365 -2.4 7.45596
    endloop
  endfacet
  facet normal -0.966192 -0 -0.257823
    outer loop
      vertex 201.329 -2.4 7.59087
      vertex 201.365 -3 7.45596
      vertex 201.329 -3 7.59087
    endloop
  endfacet
  facet normal -0.965848 0 -0.259109
    outer loop
      vertex 201.329 -3 7.59087
      vertex 201.296 -2.4 7.71388
      vertex 201.329 -2.4 7.59087
    endloop
  endfacet
  facet normal -0.965848 -0 -0.259109
    outer loop
      vertex 201.296 -2.4 7.71388
      vertex 201.329 -3 7.59087
      vertex 201.296 -3 7.71388
    endloop
  endfacet
  facet normal -0.963244 0 -0.268627
    outer loop
      vertex 201.296 -3 7.71388
      vertex 201.265 -2.4 7.82504
      vertex 201.296 -2.4 7.71388
    endloop
  endfacet
  facet normal -0.963244 -0 -0.268627
    outer loop
      vertex 201.265 -2.4 7.82504
      vertex 201.296 -3 7.71388
      vertex 201.265 -3 7.82504
    endloop
  endfacet
  facet normal -0.962476 0 -0.271366
    outer loop
      vertex 201.265 -3 7.82504
      vertex 201.237 -2.4 7.92435
      vertex 201.265 -2.4 7.82504
    endloop
  endfacet
  facet normal -0.962476 -0 -0.271366
    outer loop
      vertex 201.237 -2.4 7.92435
      vertex 201.265 -3 7.82504
      vertex 201.237 -3 7.92435
    endloop
  endfacet
  facet normal -0.961449 0 -0.274983
    outer loop
      vertex 201.237 -3 7.92435
      vertex 201.212 -2.4 8.01176
      vertex 201.237 -2.4 7.92435
    endloop
  endfacet
  facet normal -0.961449 -0 -0.274983
    outer loop
      vertex 201.212 -2.4 8.01176
      vertex 201.237 -3 7.92435
      vertex 201.212 -3 8.01176
    endloop
  endfacet
  facet normal -0.956672 0 -0.291167
    outer loop
      vertex 201.212 -3 8.01176
      vertex 201.189 -2.4 8.08733
      vertex 201.212 -2.4 8.01176
    endloop
  endfacet
  facet normal -0.956672 -0 -0.291167
    outer loop
      vertex 201.189 -2.4 8.08733
      vertex 201.212 -3 8.01176
      vertex 201.189 -3 8.08733
    endloop
  endfacet
  facet normal -0.952341 0 -0.305037
    outer loop
      vertex 201.189 -3 8.08733
      vertex 200.501 -2.4 10.2353
      vertex 201.189 -2.4 8.08733
    endloop
  endfacet
  facet normal -0.952341 -0 -0.305037
    outer loop
      vertex 200.501 -2.4 10.2353
      vertex 201.189 -3 8.08733
      vertex 200.501 -3 10.2353
    endloop
  endfacet
  facet normal 0 0 -1
    outer loop
      vertex 199.77 -3 10.2353
      vertex 200.501 -2.4 10.2353
      vertex 200.501 -3 10.2353
    endloop
  endfacet
  facet normal -0 0 -1
    outer loop
      vertex 200.501 -2.4 10.2353
      vertex 199.77 -3 10.2353
      vertex 199.77 -2.4 10.2353
    endloop
  endfacet
  facet normal 0.937894 -0 0.346922
    outer loop
      vertex 199.77 -3 10.2353
      vertex 201.007 -2.4 6.8911
      vertex 199.77 -2.4 10.2353
    endloop
  endfacet
  facet normal 0.937894 0 0.346922
    outer loop
      vertex 201.007 -2.4 6.8911
      vertex 199.77 -3 10.2353
      vertex 201.007 -3 6.8911
    endloop
  endfacet
  facet normal -0 0 1
    outer loop
      vertex 201.007 -2.4 6.8911
      vertex 201.716 -3 6.8911
      vertex 201.716 -2.4 6.8911
    endloop
  endfacet
  facet normal 0 0 1
    outer loop
      vertex 201.716 -3 6.8911
      vertex 201.007 -2.4 6.8911
      vertex 201.007 -3 6.8911
    endloop
  endfacet
  facet normal -0.938532 0 0.345193
    outer loop
      vertex 201.716 -3 6.8911
      vertex 202.946 -2.4 10.2353
      vertex 201.716 -2.4 6.8911
    endloop
  endfacet
  facet normal -0.938532 0 0.345193
    outer loop
      vertex 202.946 -2.4 10.2353
      vertex 201.716 -3 6.8911
      vertex 202.946 -3 10.2353
    endloop
  endfacet
  facet normal -1 0 0
    outer loop
      vertex 204.5 -3 34.5
      vertex 204.5 -0.5 21.2
      vertex 204.5 -3 18
    endloop
  endfacet
  facet normal -1 0 0
    outer loop
      vertex 204.5 -3 18
      vertex 204.5 -0.5 21.2
      vertex 204.5 2.7 18
    endloop
  endfacet
  facet normal -1 0 0
    outer loop
      vertex 204.5 -0.5 31.5
      vertex 204.5 7.5 34.5
      vertex 204.5 7.5 31.5
    endloop
  endfacet
  facet normal -1 0 0
    outer loop
      vertex 204.5 -0.5 31.5
      vertex 204.5 -3 34.5
      vertex 204.5 7.5 34.5
    endloop
  endfacet
  facet normal -1 0 0
    outer loop
      vertex 204.5 -0.5 21.2
      vertex 204.5 -3 34.5
      vertex 204.5 -0.5 31.5
    endloop
  endfacet
  facet normal -0 0 1
    outer loop
      vertex 195.5 2.7 18
      vertex 204.5 -3 18
      vertex 204.5 2.7 18
    endloop
  endfacet
  facet normal 0 0 1
    outer loop
      vertex 204.5 -3 18
      vertex 195.5 2.7 18
      vertex 195.5 -3 18
    endloop
  endfacet
  facet normal 1 0 0
    outer loop
      vertex 195.5 7.5 34.5
      vertex 195.5 -0.5 31.5
      vertex 195.5 7.5 31.5
    endloop
  endfacet
  facet normal 1 0 0
    outer loop
      vertex 195.5 -0.5 31.5
      vertex 195.5 -3 34.5
      vertex 195.5 -0.5 21.2
    endloop
  endfacet
  facet normal 1 -0 0
    outer loop
      vertex 195.5 -3 34.5
      vertex 195.5 -0.5 31.5
      vertex 195.5 7.5 34.5
    endloop
  endfacet
  facet normal 1 0 0
    outer loop
      vertex 195.5 -0.5 21.2
      vertex 195.5 -3 18
      vertex 195.5 2.7 18
    endloop
  endfacet
  facet normal 1 0 0
    outer loop
      vertex 195.5 -3 18
      vertex 195.5 -0.5 21.2
      vertex 195.5 -3 34.5
    endloop
  endfacet
  facet normal -1 0 0
    outer loop
      vertex 128 -3 -0.2
      vertex 128 -0.5 -1
      vertex 128 -2.2 -1
    endloop
  endfacet
  facet normal -1 0 0
    outer loop
      vertex 128 -0.5 13.2
      vertex 128 2.85001 34.5
      vertex 128 2.85001 13.2
    endloop
  endfacet
  facet normal -1 0 0
    outer loop
      vertex 128 -0.5 -1
      vertex 128 -3 -0.2
      vertex 128 -0.5 13.2
    endloop
  endfacet
  facet normal -1 0 0
    outer loop
      vertex 128 -3 34.5
      vertex 128 -0.5 13.2
      vertex 128 -3 -0.2
    endloop
  endfacet
  facet normal -1 0 0
    outer loop
      vertex 128 -0.5 13.2
      vertex 128 -3 34.5
      vertex 128 2.85001 34.5
    endloop
  endfacet
  facet normal -1 0 0
    outer loop
      vertex 128 128.5 -1
      vertex 128 131 -0.2
      vertex 128 130.2 -1
    endloop
  endfacet
  facet normal -1 -0 0
    outer loop
      vertex 128 131 -0.2
      vertex 128 128.5 -1
      vertex 128 128.5 13.2
    endloop
  endfacet
  facet normal -1 0 0
    outer loop
      vertex 128 131 -0.2
      vertex 128 128.5 13.2
      vertex 128 131 34.5
    endloop
  endfacet
  facet normal -1 0 0
    outer loop
      vertex 128 125.15 34.5
      vertex 128 128.5 13.2
      vertex 128 125.15 13.2
    endloop
  endfacet
  facet normal -1 0 0
    outer loop
      vertex 128 128.5 13.2
      vertex 128 125.15 34.5
      vertex 128 131 34.5
    endloop
  endfacet
  facet normal -1 0 0
    outer loop
      vertex 128 7.14999 13.2
      vertex 128 11.5 34.5
      vertex 128 11.5 13.2
    endloop
  endfacet
  facet normal -1 -0 0
    outer loop
      vertex 128 11.5 34.5
      vertex 128 7.14999 13.2
      vertex 128 7.14999 34.5
    endloop
  endfacet
  facet normal -1 0 0
    outer loop
      vertex 128 116.5 13.2
      vertex 128 120.85 34.5
      vertex 128 120.85 13.2
    endloop
  endfacet
  facet normal -1 -0 0
    outer loop
      vertex 128 120.85 34.5
      vertex 128 116.5 13.2
      vertex 128 116.5 34.5
    endloop
  endfacet
endsolid OpenSCAD_Model
