solid OpenSCAD_Model
  facet normal -0.0784704 -0.996916 0
    outer loop
      vertex -0.469299 -2.96306 -0.2
      vertex 0 -3 34.5
      vertex -0.469299 -2.96306 34.5
    endloop
  endfacet
  facet normal -0.0784704 -0.996916 -0
    outer loop
      vertex 0 -3 34.5
      vertex -0.469299 -2.96306 -0.2
      vertex 0 -3 -0.2
    endloop
  endfacet
  facet normal -0.38241 0.923993 0
    outer loop
      vertex -0.927048 130.853 -0.2
      vertex -1.36197 130.673 34.5
      vertex -0.927048 130.853 34.5
    endloop
  endfacet
  facet normal -0.38241 0.923993 0
    outer loop
      vertex -1.36197 130.673 34.5
      vertex -0.927048 130.853 -0.2
      vertex -1.36197 130.673 -0.2
    endloop
  endfacet
  facet normal -0.166145 0.688534 -0.705916
    outer loop
      vertex -0.344162 130.173 -1
      vertex -0.67984 130.092 -1
      vertex -0.469299 130.963 -0.2
    endloop
  endfacet
  facet normal -0.923887 -0.382664 0
    outer loop
      vertex -2.67302 -1.36197 -0.2
      vertex -2.85316 -0.927048 34.5
      vertex -2.85316 -0.927048 -0.2
    endloop
  endfacet
  facet normal -0.923887 -0.382664 0
    outer loop
      vertex -2.85316 -0.927048 34.5
      vertex -2.67302 -1.36197 -0.2
      vertex -2.67302 -1.36197 34.5
    endloop
  endfacet
  facet normal -0.370032 0.603754 -0.706086
    outer loop
      vertex -0.998779 129.96 -1
      vertex -1.76335 130.427 -0.2
      vertex -1.36197 130.673 -0.2
    endloop
  endfacet
  facet normal -0.0556672 0.706069 -0.705951
    outer loop
      vertex -0.344162 130.173 -1
      vertex -0.469299 130.963 -0.2
      vertex 0 131 -0.2
    endloop
  endfacet
  facet normal -0.65429 -0.271018 -0.706012
    outer loop
      vertex -1.96022 -0.998779 -1
      vertex -2.67302 -1.36197 -0.2
      vertex -2.09233 -0.67984 -1
    endloop
  endfacet
  facet normal 0 -1 0
    outer loop
      vertex 98 -3 26.35
      vertex 104 -3 29.35
      vertex 95 -3 29.35
    endloop
  endfacet
  facet normal 0 -1 0
    outer loop
      vertex 98 -3 26.35
      vertex 101 -3 26.35
      vertex 104 -3 29.35
    endloop
  endfacet
  facet normal 0 -1 0
    outer loop
      vertex 95 -3 23.35
      vertex 101 -3 26.35
      vertex 98 -3 26.35
    endloop
  endfacet
  facet normal 0 -1 -0
    outer loop
      vertex 101 -3 26.35
      vertex 95 -3 23.35
      vertex 104 -3 23.35
    endloop
  endfacet
  facet normal 0 -1 0
    outer loop
      vertex 89 -3 26.35
      vertex 95 -3 29.35
      vertex 86 -3 29.35
    endloop
  endfacet
  facet normal 0 -1 0
    outer loop
      vertex 89 -3 26.35
      vertex 92 -3 26.35
      vertex 95 -3 29.35
    endloop
  endfacet
  facet normal 0 -1 0
    outer loop
      vertex 86 -3 23.35
      vertex 92 -3 26.35
      vertex 89 -3 26.35
    endloop
  endfacet
  facet normal 0 -1 -0
    outer loop
      vertex 92 -3 26.35
      vertex 86 -3 23.35
      vertex 95 -3 23.35
    endloop
  endfacet
  facet normal 0 -1 0
    outer loop
      vertex 80 -3 26.35
      vertex 86 -3 29.35
      vertex 77 -3 29.35
    endloop
  endfacet
  facet normal 0 -1 0
    outer loop
      vertex 80 -3 26.35
      vertex 83 -3 26.35
      vertex 86 -3 29.35
    endloop
  endfacet
  facet normal 0 -1 0
    outer loop
      vertex 77 -3 23.35
      vertex 83 -3 26.35
      vertex 80 -3 26.35
    endloop
  endfacet
  facet normal 0 -1 -0
    outer loop
      vertex 83 -3 26.35
      vertex 77 -3 23.35
      vertex 86 -3 23.35
    endloop
  endfacet
  facet normal 0 -1 0
    outer loop
      vertex 71 -3 26.35
      vertex 77 -3 29.35
      vertex 68 -3 29.35
    endloop
  endfacet
  facet normal 0 -1 0
    outer loop
      vertex 71 -3 26.35
      vertex 74 -3 26.35
      vertex 77 -3 29.35
    endloop
  endfacet
  facet normal 0 -1 0
    outer loop
      vertex 68 -3 23.35
      vertex 74 -3 26.35
      vertex 71 -3 26.35
    endloop
  endfacet
  facet normal 0 -1 -0
    outer loop
      vertex 74 -3 26.35
      vertex 68 -3 23.35
      vertex 77 -3 23.35
    endloop
  endfacet
  facet normal 0 -1 0
    outer loop
      vertex 62 -3 26.35
      vertex 68 -3 29.35
      vertex 59 -3 29.35
    endloop
  endfacet
  facet normal 0 -1 0
    outer loop
      vertex 62 -3 26.35
      vertex 65 -3 26.35
      vertex 68 -3 29.35
    endloop
  endfacet
  facet normal 0 -1 0
    outer loop
      vertex 59 -3 23.35
      vertex 65 -3 26.35
      vertex 62 -3 26.35
    endloop
  endfacet
  facet normal 0 -1 -0
    outer loop
      vertex 65 -3 26.35
      vertex 59 -3 23.35
      vertex 68 -3 23.35
    endloop
  endfacet
  facet normal 0 -1 0
    outer loop
      vertex 53 -3 26.35
      vertex 59 -3 29.35
      vertex 50 -3 29.35
    endloop
  endfacet
  facet normal 0 -1 0
    outer loop
      vertex 53 -3 26.35
      vertex 56 -3 26.35
      vertex 59 -3 29.35
    endloop
  endfacet
  facet normal 0 -1 0
    outer loop
      vertex 50 -3 23.35
      vertex 56 -3 26.35
      vertex 53 -3 26.35
    endloop
  endfacet
  facet normal 0 -1 -0
    outer loop
      vertex 56 -3 26.35
      vertex 50 -3 23.35
      vertex 59 -3 23.35
    endloop
  endfacet
  facet normal 0 -1 0
    outer loop
      vertex 44 -3 26.35
      vertex 50 -3 29.35
      vertex 41 -3 29.35
    endloop
  endfacet
  facet normal 0 -1 0
    outer loop
      vertex 44 -3 26.35
      vertex 47 -3 26.35
      vertex 50 -3 29.35
    endloop
  endfacet
  facet normal 0 -1 0
    outer loop
      vertex 41 -3 23.35
      vertex 47 -3 26.35
      vertex 44 -3 26.35
    endloop
  endfacet
  facet normal 0 -1 -0
    outer loop
      vertex 47 -3 26.35
      vertex 41 -3 23.35
      vertex 50 -3 23.35
    endloop
  endfacet
  facet normal 0 -1 0
    outer loop
      vertex 35 -3 26.35
      vertex 41 -3 29.35
      vertex 32 -3 29.35
    endloop
  endfacet
  facet normal 0 -1 0
    outer loop
      vertex 35 -3 26.35
      vertex 38 -3 26.35
      vertex 41 -3 29.35
    endloop
  endfacet
  facet normal 0 -1 0
    outer loop
      vertex 32 -3 23.35
      vertex 38 -3 26.35
      vertex 35 -3 26.35
    endloop
  endfacet
  facet normal 0 -1 -0
    outer loop
      vertex 38 -3 26.35
      vertex 32 -3 23.35
      vertex 41 -3 23.35
    endloop
  endfacet
  facet normal 0 -1 0
    outer loop
      vertex 26 -3 26.35
      vertex 32 -3 29.35
      vertex 23 -3 29.35
    endloop
  endfacet
  facet normal 0 -1 0
    outer loop
      vertex 26 -3 26.35
      vertex 29 -3 26.35
      vertex 32 -3 29.35
    endloop
  endfacet
  facet normal 0 -1 0
    outer loop
      vertex 23 -3 23.35
      vertex 29 -3 26.35
      vertex 26 -3 26.35
    endloop
  endfacet
  facet normal 0 -1 -0
    outer loop
      vertex 29 -3 26.35
      vertex 23 -3 23.35
      vertex 32 -3 23.35
    endloop
  endfacet
  facet normal 0 -1 0
    outer loop
      vertex 17 -3 26.35
      vertex 23 -3 29.35
      vertex 14 -3 29.35
    endloop
  endfacet
  facet normal 0 -1 0
    outer loop
      vertex 17 -3 26.35
      vertex 20 -3 26.35
      vertex 23 -3 29.35
    endloop
  endfacet
  facet normal 0 -1 0
    outer loop
      vertex 14 -3 23.35
      vertex 20 -3 26.35
      vertex 17 -3 26.35
    endloop
  endfacet
  facet normal 0 -1 -0
    outer loop
      vertex 20 -3 26.35
      vertex 14 -3 23.35
      vertex 23 -3 23.35
    endloop
  endfacet
  facet normal 0 -1 0
    outer loop
      vertex 23 -3 29.35
      vertex 0 -3 34.5
      vertex 14 -3 29.35
    endloop
  endfacet
  facet normal 0 -1 0
    outer loop
      vertex 0 -3 34.5
      vertex 11 -3 26.35
      vertex 14 -3 29.35
    endloop
  endfacet
  facet normal 0 -1 0
    outer loop
      vertex 0 -3 -0.2
      vertex 11 -3 26.35
      vertex 0 -3 34.5
    endloop
  endfacet
  facet normal 0 -1 0
    outer loop
      vertex 0 -3 -0.2
      vertex 23 -3 23.35
      vertex 14 -3 23.35
    endloop
  endfacet
  facet normal 0 -1 -0
    outer loop
      vertex 23 -3 23.35
      vertex 0 -3 -0.2
      vertex 32 -3 23.35
    endloop
  endfacet
  facet normal 0 -1 -0
    outer loop
      vertex 32 -3 23.35
      vertex 0 -3 -0.2
      vertex 41 -3 23.35
    endloop
  endfacet
  facet normal 0 -1 -0
    outer loop
      vertex 41 -3 23.35
      vertex 0 -3 -0.2
      vertex 50 -3 23.35
    endloop
  endfacet
  facet normal 0 -1 -0
    outer loop
      vertex 50 -3 23.35
      vertex 0 -3 -0.2
      vertex 59 -3 23.35
    endloop
  endfacet
  facet normal 0 -1 -0
    outer loop
      vertex 59 -3 23.35
      vertex 0 -3 -0.2
      vertex 68 -3 23.35
    endloop
  endfacet
  facet normal 0 -1 0
    outer loop
      vertex 128 -3 -0.2
      vertex 68 -3 23.35
      vertex 0 -3 -0.2
    endloop
  endfacet
  facet normal 0 -1 0
    outer loop
      vertex 68 -3 23.35
      vertex 128 -3 -0.2
      vertex 77 -3 23.35
    endloop
  endfacet
  facet normal 0 -1 0
    outer loop
      vertex 77 -3 23.35
      vertex 128 -3 -0.2
      vertex 86 -3 23.35
    endloop
  endfacet
  facet normal 0 -1 0
    outer loop
      vertex 86 -3 23.35
      vertex 128 -3 -0.2
      vertex 95 -3 23.35
    endloop
  endfacet
  facet normal 0 -1 -0
    outer loop
      vertex 11 -3 26.35
      vertex 0 -3 -0.2
      vertex 14 -3 23.35
    endloop
  endfacet
  facet normal 0 -1 0
    outer loop
      vertex 32 -3 29.35
      vertex 0 -3 34.5
      vertex 23 -3 29.35
    endloop
  endfacet
  facet normal 0 -1 0
    outer loop
      vertex 41 -3 29.35
      vertex 0 -3 34.5
      vertex 32 -3 29.35
    endloop
  endfacet
  facet normal 0 -1 0
    outer loop
      vertex 50 -3 29.35
      vertex 0 -3 34.5
      vertex 41 -3 29.35
    endloop
  endfacet
  facet normal 0 -1 0
    outer loop
      vertex 59 -3 29.35
      vertex 0 -3 34.5
      vertex 50 -3 29.35
    endloop
  endfacet
  facet normal 0 -1 0
    outer loop
      vertex 0 -3 34.5
      vertex 59 -3 29.35
      vertex 128 -3 34.5
    endloop
  endfacet
  facet normal 0 -1 0
    outer loop
      vertex 68 -3 29.35
      vertex 128 -3 34.5
      vertex 59 -3 29.35
    endloop
  endfacet
  facet normal 0 -1 0
    outer loop
      vertex 77 -3 29.35
      vertex 128 -3 34.5
      vertex 68 -3 29.35
    endloop
  endfacet
  facet normal 0 -1 0
    outer loop
      vertex 86 -3 29.35
      vertex 128 -3 34.5
      vertex 77 -3 29.35
    endloop
  endfacet
  facet normal 0 -1 0
    outer loop
      vertex 95 -3 29.35
      vertex 128 -3 34.5
      vertex 86 -3 29.35
    endloop
  endfacet
  facet normal 0 -1 0
    outer loop
      vertex 104 -3 29.35
      vertex 128 -3 34.5
      vertex 95 -3 29.35
    endloop
  endfacet
  facet normal 0 -1 0
    outer loop
      vertex 107 -3 26.35
      vertex 128 -3 34.5
      vertex 104 -3 29.35
    endloop
  endfacet
  facet normal 0 -1 0
    outer loop
      vertex 128 -3 -0.2
      vertex 107 -3 26.35
      vertex 104 -3 23.35
    endloop
  endfacet
  facet normal 0 -1 0
    outer loop
      vertex 107 -3 26.35
      vertex 128 -3 -0.2
      vertex 128 -3 34.5
    endloop
  endfacet
  facet normal 0 -1 0
    outer loop
      vertex 95 -3 23.35
      vertex 128 -3 -0.2
      vertex 104 -3 23.35
    endloop
  endfacet
  facet normal -0.649442 -0.760411 0
    outer loop
      vertex -2.12132 -2.12132 -0.2
      vertex -1.76335 -2.42705 34.5
      vertex -2.12132 -2.12132 34.5
    endloop
  endfacet
  facet normal -0.649442 -0.760411 -0
    outer loop
      vertex -1.76335 -2.42705 34.5
      vertex -2.12132 -2.12132 -0.2
      vertex -1.76335 -2.42705 -0.2
    endloop
  endfacet
  facet normal -0.460309 0.538486 -0.705796
    outer loop
      vertex -1.55563 129.556 -1
      vertex -2.12132 130.121 -0.2
      vertex -1.76335 130.427 -0.2
    endloop
  endfacet
  facet normal -0.382664 -0.923887 0
    outer loop
      vertex -1.36197 -2.67302 -0.2
      vertex -0.927048 -2.85316 34.5
      vertex -1.36197 -2.67302 34.5
    endloop
  endfacet
  facet normal -0.382664 -0.923887 -0
    outer loop
      vertex -0.927048 -2.85316 34.5
      vertex -1.36197 -2.67302 -0.2
      vertex -0.927048 -2.85316 -0.2
    endloop
  endfacet
  facet normal -1 0 0
    outer loop
      vertex -3 50.4747 10.064
      vertex -3 51.2939 10.2308
      vertex -3 51.2828 10.0364
    endloop
  endfacet
  facet normal -1 0 0
    outer loop
      vertex -3 50.4496 10.1614
      vertex -3 51.2939 10.2308
      vertex -3 50.4747 10.064
    endloop
  endfacet
  facet normal -1 0 0
    outer loop
      vertex -3 50.4228 10.2739
      vertex -3 51.2909 10.3266
      vertex -3 50.4496 10.1614
    endloop
  endfacet
  facet normal -1 0 0
    outer loop
      vertex -3 50.5201 9.91477
      vertex -3 51.2828 10.0364
      vertex -3 51.2496 9.87741
    endloop
  endfacet
  facet normal -1 -0 0
    outer loop
      vertex -3 51.2939 10.2308
      vertex -3 50.4496 10.1614
      vertex -3 51.2909 10.3266
    endloop
  endfacet
  facet normal -1 -0 0
    outer loop
      vertex -3 51.2909 10.3266
      vertex -3 50.4228 10.2739
      vertex -3 51.2818 10.4147
    endloop
  endfacet
  facet normal -1 0 0
    outer loop
      vertex -3 50.5818 9.78153
      vertex -3 51.2496 9.87741
      vertex -3 51.1942 9.75373
    endloop
  endfacet
  facet normal -1 -0 0
    outer loop
      vertex -3 51.2818 10.4147
      vertex -3 50.4228 10.2739
      vertex -3 51.2666 10.4951
    endloop
  endfacet
  facet normal -1 -0 0
    outer loop
      vertex -3 51.2666 10.4951
      vertex -3 50.4228 10.2739
      vertex -3 51.2454 10.5678
    endloop
  endfacet
  facet normal -1 0 0
    outer loop
      vertex -3 51.017 9.61237
      vertex -3 51.1942 9.75373
      vertex -3 51.1167 9.66538
    endloop
  endfacet
  facet normal -1 -0 0
    outer loop
      vertex -3 51.2454 10.5678
      vertex -3 50.4228 10.2739
      vertex -3 51.2181 10.6328
    endloop
  endfacet
  facet normal -1 0 0
    outer loop
      vertex -3 50.3944 10.4016
      vertex -3 51.2181 10.6328
      vertex -3 50.4228 10.2739
    endloop
  endfacet
  facet normal -1 0 0
    outer loop
      vertex -3 51.1942 9.75373
      vertex -3 51.017 9.61237
      vertex -3 50.8952 9.5947
    endloop
  endfacet
  facet normal -1 -0 0
    outer loop
      vertex -3 51.2181 10.6328
      vertex -3 50.3944 10.4016
      vertex -3 51.1847 10.69
    endloop
  endfacet
  facet normal -1 -0 0
    outer loop
      vertex -3 51.1847 10.69
      vertex -3 50.3944 10.4016
      vertex -3 51.1453 10.7404
    endloop
  endfacet
  facet normal -1 0 0
    outer loop
      vertex -3 50.6047 9.7463
      vertex -3 51.1942 9.75373
      vertex -3 50.8952 9.5947
    endloop
  endfacet
  facet normal -1 -0 0
    outer loop
      vertex -3 51.1453 10.7404
      vertex -3 50.3944 10.4016
      vertex -3 51.1001 10.7848
    endloop
  endfacet
  facet normal -1 0 0
    outer loop
      vertex -3 50.6047 9.7463
      vertex -3 50.8952 9.5947
      vertex -3 50.853 9.59658
    endloop
  endfacet
  facet normal -1 0 0
    outer loop
      vertex -3 51.7034 10.9365
      vertex -3 51.7401 12.1083
      vertex -3 51.7413 10.7894
    endloop
  endfacet
  facet normal -1 0 0
    outer loop
      vertex -3 51.6548 11.0663
      vertex -3 51.7401 12.1083
      vertex -3 51.7034 10.9365
    endloop
  endfacet
  facet normal -1 0 0
    outer loop
      vertex -3 51.5953 11.1789
      vertex -3 51.7401 12.1083
      vertex -3 51.6548 11.0663
    endloop
  endfacet
  facet normal -1 0 0
    outer loop
      vertex -3 51.5234 11.2768
      vertex -3 51.7401 12.1083
      vertex -3 51.5953 11.1789
    endloop
  endfacet
  facet normal -1 0 0
    outer loop
      vertex -3 51.4374 11.3624
      vertex -3 51.7401 12.1083
      vertex -3 51.5234 11.2768
    endloop
  endfacet
  facet normal -1 0 0
    outer loop
      vertex -3 51.3372 11.4356
      vertex -3 51.7401 12.1083
      vertex -3 51.4374 11.3624
    endloop
  endfacet
  facet normal -1 0 0
    outer loop
      vertex -3 51.223 11.4965
      vertex -3 51.7401 12.1083
      vertex -3 51.3372 11.4356
    endloop
  endfacet
  facet normal -1 0 0
    outer loop
      vertex -3 51.0946 11.545
      vertex -3 51.7401 12.1083
      vertex -3 51.223 11.4965
    endloop
  endfacet
  facet normal -1 0 0
    outer loop
      vertex -3 50.9521 11.5813
      vertex -3 51.7401 12.1083
      vertex -3 51.0946 11.545
    endloop
  endfacet
  facet normal -1 0 0
    outer loop
      vertex -3 50.6289 9.71468
      vertex -3 50.853 9.59658
      vertex -3 50.8134 9.60222
    endloop
  endfacet
  facet normal -1 0 0
    outer loop
      vertex -3 50.6545 9.6867
      vertex -3 50.8134 9.60222
      vertex -3 50.7765 9.61161
    endloop
  endfacet
  facet normal -1 0 0
    outer loop
      vertex -3 50.6545 9.6867
      vertex -3 50.7765 9.61161
      vertex -3 50.7422 9.62476
    endloop
  endfacet
  facet normal -1 0 0
    outer loop
      vertex -3 50.6545 9.6867
      vertex -3 50.7422 9.62476
      vertex -3 50.7106 9.64167
    endloop
  endfacet
  facet normal -1 0 0
    outer loop
      vertex -3 50.6545 9.6867
      vertex -3 50.7106 9.64167
      vertex -3 50.6815 9.66233
    endloop
  endfacet
  facet normal -1 -0 0
    outer loop
      vertex -3 51.2828 10.0364
      vertex -3 50.4983 9.98182
      vertex -3 50.4747 10.064
    endloop
  endfacet
  facet normal -1 0 0
    outer loop
      vertex -3 50.8134 9.60222
      vertex -3 50.6545 9.6867
      vertex -3 50.6289 9.71468
    endloop
  endfacet
  facet normal -1 0 0
    outer loop
      vertex -3 50.853 9.59658
      vertex -3 50.6289 9.71468
      vertex -3 50.6047 9.7463
    endloop
  endfacet
  facet normal -1 -0 0
    outer loop
      vertex -3 51.1942 9.75373
      vertex -3 50.6047 9.7463
      vertex -3 50.5818 9.78153
    endloop
  endfacet
  facet normal -1 0 0
    outer loop
      vertex -3 51.2496 9.87741
      vertex -3 50.5818 9.78153
      vertex -3 50.5604 9.82039
    endloop
  endfacet
  facet normal -1 0 0
    outer loop
      vertex -3 51.2496 9.87741
      vertex -3 50.5604 9.82039
      vertex -3 50.5403 9.86287
    endloop
  endfacet
  facet normal -1 -0 0
    outer loop
      vertex -3 51.2496 9.87741
      vertex -3 50.5403 9.86287
      vertex -3 50.5201 9.91477
    endloop
  endfacet
  facet normal -1 0 0
    outer loop
      vertex -3 51.2828 10.0364
      vertex -3 50.5201 9.91477
      vertex -3 50.4983 9.98182
    endloop
  endfacet
  facet normal -1 -0 0
    outer loop
      vertex -3 51.1001 10.7848
      vertex -3 50.3944 10.4016
      vertex -3 51.0488 10.8232
    endloop
  endfacet
  facet normal -1 -0 0
    outer loop
      vertex -3 51.0488 10.8232
      vertex -3 50.3944 10.4016
      vertex -3 50.9917 10.8556
    endloop
  endfacet
  facet normal -1 -0 0
    outer loop
      vertex -3 50.9917 10.8556
      vertex -3 50.3944 10.4016
      vertex -3 50.9286 10.882
    endloop
  endfacet
  facet normal -1 -0 0
    outer loop
      vertex -3 50.9286 10.882
      vertex -3 50.3944 10.4016
      vertex -3 50.8595 10.9024
    endloop
  endfacet
  facet normal -1 0 0
    outer loop
      vertex -3 50.3608 10.5546
      vertex -3 50.8595 10.9024
      vertex -3 50.3944 10.4016
    endloop
  endfacet
  facet normal -1 0 0
    outer loop
      vertex -3 50.328 10.6924
      vertex -3 50.8595 10.9024
      vertex -3 50.3608 10.5546
    endloop
  endfacet
  facet normal -1 0 0
    outer loop
      vertex -3 50.2962 10.8149
      vertex -3 50.8595 10.9024
      vertex -3 50.328 10.6924
    endloop
  endfacet
  facet normal -1 0 0
    outer loop
      vertex -3 50.2651 10.9222
      vertex -3 50.8595 10.9024
      vertex -3 50.2962 10.8149
    endloop
  endfacet
  facet normal -1 0 0
    outer loop
      vertex -3 50.235 11.0143
      vertex -3 50.8595 10.9024
      vertex -3 50.2651 10.9222
    endloop
  endfacet
  facet normal -1 0 0
    outer loop
      vertex -3 50.2057 11.0911
      vertex -3 50.8595 10.9024
      vertex -3 50.235 11.0143
    endloop
  endfacet
  facet normal -1 0 0
    outer loop
      vertex -3 50.8595 10.9024
      vertex -3 50.2057 11.0911
      vertex -3 50.9521 11.5813
    endloop
  endfacet
  facet normal -1 0 0
    outer loop
      vertex -3 50.176 11.1579
      vertex -3 50.9521 11.5813
      vertex -3 50.2057 11.0911
    endloop
  endfacet
  facet normal -1 0 0
    outer loop
      vertex -3 50.1448 11.2199
      vertex -3 50.9521 11.5813
      vertex -3 50.176 11.1579
    endloop
  endfacet
  facet normal -1 0 0
    outer loop
      vertex -3 50.1119 11.2771
      vertex -3 50.9521 11.5813
      vertex -3 50.1448 11.2199
    endloop
  endfacet
  facet normal -1 0 0
    outer loop
      vertex -3 50.0775 11.3295
      vertex -3 50.9521 11.5813
      vertex -3 50.1119 11.2771
    endloop
  endfacet
  facet normal -1 0 0
    outer loop
      vertex -3 50.0415 11.3771
      vertex -3 50.9521 11.5813
      vertex -3 50.0775 11.3295
    endloop
  endfacet
  facet normal -1 0 0
    outer loop
      vertex -3 50.004 11.4198
      vertex -3 50.9521 11.5813
      vertex -3 50.0415 11.3771
    endloop
  endfacet
  facet normal -1 0 0
    outer loop
      vertex -3 49.9643 11.4586
      vertex -3 50.9521 11.5813
      vertex -3 50.004 11.4198
    endloop
  endfacet
  facet normal -1 0 0
    outer loop
      vertex -3 49.9222 11.4942
      vertex -3 50.9521 11.5813
      vertex -3 49.9643 11.4586
    endloop
  endfacet
  facet normal -1 0 0
    outer loop
      vertex -3 49.8775 11.5267
      vertex -3 50.9521 11.5813
      vertex -3 49.9222 11.4942
    endloop
  endfacet
  facet normal -1 0 0
    outer loop
      vertex -3 49.8304 11.5559
      vertex -3 50.9521 11.5813
      vertex -3 49.8775 11.5267
    endloop
  endfacet
  facet normal -1 0 0
    outer loop
      vertex -3 49.7808 11.582
      vertex -3 50.9521 11.5813
      vertex -3 49.8304 11.5559
    endloop
  endfacet
  facet normal -1 0 0
    outer loop
      vertex -3 49.7286 11.605
      vertex -3 50.9521 11.5813
      vertex -3 49.7808 11.582
    endloop
  endfacet
  facet normal -1 0 0
    outer loop
      vertex -3 50.9521 11.5813
      vertex -3 49.7286 11.605
      vertex -3 51.7401 12.1083
    endloop
  endfacet
  facet normal -1 0 0
    outer loop
      vertex -3 49.6739 11.6246
      vertex -3 51.7401 12.1083
      vertex -3 49.7286 11.605
    endloop
  endfacet
  facet normal -1 0 0
    outer loop
      vertex -3 49.6164 11.6406
      vertex -3 51.7401 12.1083
      vertex -3 49.6739 11.6246
    endloop
  endfacet
  facet normal -1 0 0
    outer loop
      vertex -3 49.5562 11.653
      vertex -3 51.7401 12.1083
      vertex -3 49.6164 11.6406
    endloop
  endfacet
  facet normal -1 0 0
    outer loop
      vertex -3 48.396 12.1083
      vertex -3 49.5562 11.653
      vertex -3 49.4934 11.6619
    endloop
  endfacet
  facet normal -1 0 0
    outer loop
      vertex -3 48.396 12.1083
      vertex -3 49.4934 11.6619
      vertex -3 49.4278 11.6673
    endloop
  endfacet
  facet normal -1 0 0
    outer loop
      vertex -3 48.396 12.1083
      vertex -3 49.4278 11.6673
      vertex -3 49.3596 11.6691
    endloop
  endfacet
  facet normal -1 0 0
    outer loop
      vertex -3 48.396 12.1083
      vertex -3 49.3596 11.6691
      vertex -3 49.2022 11.659
    endloop
  endfacet
  facet normal -1 0 0
    outer loop
      vertex -3 49.5562 11.653
      vertex -3 48.396 12.1083
      vertex -3 51.7401 12.1083
    endloop
  endfacet
  facet normal -1 0 0
    outer loop
      vertex -3 49.0577 11.6286
      vertex -3 48.396 12.1083
      vertex -3 49.2022 11.659
    endloop
  endfacet
  facet normal -1 0 0
    outer loop
      vertex -3 48.9261 11.578
      vertex -3 48.396 12.1083
      vertex -3 49.0577 11.6286
    endloop
  endfacet
  facet normal -1 0 0
    outer loop
      vertex -3 48.8073 11.5071
      vertex -3 48.396 12.1083
      vertex -3 48.9261 11.578
    endloop
  endfacet
  facet normal -1 0 0
    outer loop
      vertex -3 48.7014 11.416
      vertex -3 48.396 12.1083
      vertex -3 48.8073 11.5071
    endloop
  endfacet
  facet normal -1 0 0
    outer loop
      vertex -3 48.6084 11.3047
      vertex -3 48.396 12.1083
      vertex -3 48.7014 11.416
    endloop
  endfacet
  facet normal -1 0 0
    outer loop
      vertex -3 48.5289 11.1738
      vertex -3 48.396 12.1083
      vertex -3 48.6084 11.3047
    endloop
  endfacet
  facet normal -1 0 0
    outer loop
      vertex -3 48.464 11.024
      vertex -3 48.396 12.1083
      vertex -3 48.5289 11.1738
    endloop
  endfacet
  facet normal -1 0 0
    outer loop
      vertex -3 48.4135 10.8553
      vertex -3 48.396 12.1083
      vertex -3 48.464 11.024
    endloop
  endfacet
  facet normal -1 0 0
    outer loop
      vertex -3 45.03 15.17
      vertex -3 48.396 12.1083
      vertex -3 48.3774 10.6676
    endloop
  endfacet
  facet normal -1 0 0
    outer loop
      vertex -3 48.3774 10.6676
      vertex -3 48.396 12.1083
      vertex -3 48.4135 10.8553
    endloop
  endfacet
  facet normal -1 0 0
    outer loop
      vertex -3 51.7401 6.1807
      vertex -3 49.7274 7.70203
      vertex -3 51.7401 7.70203
    endloop
  endfacet
  facet normal -1 0 0
    outer loop
      vertex -3 49.7037 6.1807
      vertex -3 49.7274 7.70203
      vertex -3 51.7401 6.1807
    endloop
  endfacet
  facet normal -1 0 0
    outer loop
      vertex -3 49.7037 6.1807
      vertex -3 49.5989 7.69643
      vertex -3 49.7274 7.70203
    endloop
  endfacet
  facet normal -1 0 0
    outer loop
      vertex -3 49.5769 6.18593
      vertex -3 49.5989 7.69643
      vertex -3 49.7037 6.1807
    endloop
  endfacet
  facet normal -1 0 0
    outer loop
      vertex -3 48.8967 6.92357
      vertex -3 49.5989 7.69643
      vertex -3 49.5769 6.18593
    endloop
  endfacet
  facet normal -1 0 0
    outer loop
      vertex -3 48.8967 6.92357
      vertex -3 49.5769 6.18593
      vertex -3 49.4607 6.20166
    endloop
  endfacet
  facet normal -1 0 0
    outer loop
      vertex -3 49.5989 7.69643
      vertex -3 48.8967 6.92357
      vertex -3 49.4807 7.67962
    endloop
  endfacet
  facet normal -1 0 0
    outer loop
      vertex -3 48.9024 6.80664
      vertex -3 49.4607 6.20166
      vertex -3 49.3551 6.22786
    endloop
  endfacet
  facet normal -1 0 -0
    outer loop
      vertex -3 48.9027 7.04375
      vertex -3 49.4807 7.67962
      vertex -3 48.8967 6.92357
    endloop
  endfacet
  facet normal -1 0 0
    outer loop
      vertex -3 48.9195 6.69954
      vertex -3 49.3551 6.22786
      vertex -3 49.2601 6.26455
    endloop
  endfacet
  facet normal -1 0 0
    outer loop
      vertex -3 49.4807 7.67962
      vertex -3 48.9027 7.04375
      vertex -3 49.3729 7.6516
    endloop
  endfacet
  facet normal -1 0 0
    outer loop
      vertex -3 48.948 6.60227
      vertex -3 49.2601 6.26455
      vertex -3 49.1758 6.31173
    endloop
  endfacet
  facet normal -1 0 -0
    outer loop
      vertex -3 48.9206 7.15432
      vertex -3 49.3729 7.6516
      vertex -3 48.9027 7.04375
    endloop
  endfacet
  facet normal -1 0 0
    outer loop
      vertex -3 48.948 6.60227
      vertex -3 49.1758 6.31173
      vertex -3 49.102 6.36937
    endloop
  endfacet
  facet normal -1 0 0
    outer loop
      vertex -3 49.3729 7.6516
      vertex -3 48.9206 7.15432
      vertex -3 49.2754 7.61237
    endloop
  endfacet
  facet normal -1 0 0
    outer loop
      vertex -3 48.948 6.60227
      vertex -3 49.102 6.36937
      vertex -3 49.0393 6.43718
    endloop
  endfacet
  facet normal -1 0 -0
    outer loop
      vertex -3 48.9504 7.25524
      vertex -3 49.2754 7.61237
      vertex -3 48.9206 7.15432
    endloop
  endfacet
  facet normal -1 0 0
    outer loop
      vertex -3 48.948 6.60227
      vertex -3 49.0393 6.43718
      vertex -3 48.988 6.51482
    endloop
  endfacet
  facet normal -1 0 0
    outer loop
      vertex -3 49.2754 7.61237
      vertex -3 48.9504 7.25524
      vertex -3 49.1883 7.56194
    endloop
  endfacet
  facet normal -1 0 0
    outer loop
      vertex -3 49.2601 6.26455
      vertex -3 48.948 6.60227
      vertex -3 48.9195 6.69954
    endloop
  endfacet
  facet normal -1 0 0
    outer loop
      vertex -3 49.1883 7.56194
      vertex -3 48.9504 7.25524
      vertex -3 49.1115 7.50029
    endloop
  endfacet
  facet normal -1 0 0
    outer loop
      vertex -3 49.3551 6.22786
      vertex -3 48.9195 6.69954
      vertex -3 48.9024 6.80664
    endloop
  endfacet
  facet normal -1 0 0
    outer loop
      vertex -3 49.0459 7.42824
      vertex -3 48.9504 7.25524
      vertex -3 48.9922 7.34656
    endloop
  endfacet
  facet normal -1 0 0
    outer loop
      vertex -3 49.4607 6.20166
      vertex -3 48.9024 6.80664
      vertex -3 48.8967 6.92357
    endloop
  endfacet
  facet normal -1 0 0
    outer loop
      vertex -3 49.1115 7.50029
      vertex -3 48.9504 7.25524
      vertex -3 49.0459 7.42824
    endloop
  endfacet
  facet normal -1 0 0
    outer loop
      vertex -3 62.0282 11.325
      vertex -3 60.0844 12.7609
      vertex -3 62.0282 12.7609
    endloop
  endfacet
  facet normal -1 0 0
    outer loop
      vertex -3 62.0282 11.325
      vertex -3 59.9845 12.7621
      vertex -3 60.0844 12.7609
    endloop
  endfacet
  facet normal -1 0 0
    outer loop
      vertex -3 62.0282 11.325
      vertex -3 59.881 12.7657
      vertex -3 59.9845 12.7621
    endloop
  endfacet
  facet normal -1 0 0
    outer loop
      vertex -3 62.0282 11.325
      vertex -3 59.774 12.7716
      vertex -3 59.881 12.7657
    endloop
  endfacet
  facet normal -1 0 0
    outer loop
      vertex -3 62.0282 11.325
      vertex -3 59.6635 12.7799
      vertex -3 59.774 12.7716
    endloop
  endfacet
  facet normal -1 0 0
    outer loop
      vertex -3 62.0282 11.325
      vertex -3 59.5494 12.7906
      vertex -3 59.6635 12.7799
    endloop
  endfacet
  facet normal -1 -0 -0
    outer loop
      vertex -3 59.5494 12.7906
      vertex -3 62.0282 11.325
      vertex -3 59.4317 12.8036
    endloop
  endfacet
  facet normal -1 -0 0
    outer loop
      vertex -3 68.4494 8.84717
      vertex -3 61.9809 8.82821
      vertex -3 68.4785 9.05791
    endloop
  endfacet
  facet normal -1 -0 0
    outer loop
      vertex -3 68.4785 9.05791
      vertex -3 61.9809 8.82821
      vertex -3 62.0282 10.5252
    endloop
  endfacet
  facet normal -1 0 0
    outer loop
      vertex -3 61.9217 9.05678
      vertex -3 62.0282 10.5252
      vertex -3 61.9809 8.82821
    endloop
  endfacet
  facet normal -1 0 0
    outer loop
      vertex -3 61.8389 9.26412
      vertex -3 62.0282 10.5252
      vertex -3 61.9217 9.05678
    endloop
  endfacet
  facet normal -1 0 0
    outer loop
      vertex -3 61.7323 9.45023
      vertex -3 62.0282 10.5252
      vertex -3 61.8389 9.26412
    endloop
  endfacet
  facet normal -1 0 0
    outer loop
      vertex -3 61.6022 9.61512
      vertex -3 62.0282 10.5252
      vertex -3 61.7323 9.45023
    endloop
  endfacet
  facet normal -1 0 0
    outer loop
      vertex -3 61.4499 9.75653
      vertex -3 62.0282 10.5252
      vertex -3 61.6022 9.61512
    endloop
  endfacet
  facet normal -1 0 0
    outer loop
      vertex -3 61.2771 9.87226
      vertex -3 62.0282 10.5252
      vertex -3 61.4499 9.75653
    endloop
  endfacet
  facet normal -1 0 0
    outer loop
      vertex -3 61.0839 9.96225
      vertex -3 62.0282 10.5252
      vertex -3 61.2771 9.87226
    endloop
  endfacet
  facet normal -1 0 0
    outer loop
      vertex -3 60.8701 10.0265
      vertex -3 62.0282 10.5252
      vertex -3 61.0839 9.96225
    endloop
  endfacet
  facet normal -1 0 0
    outer loop
      vertex -3 60.6358 10.0651
      vertex -3 62.0282 10.5252
      vertex -3 60.8701 10.0265
    endloop
  endfacet
  facet normal -1 0 0
    outer loop
      vertex -3 60.381 10.078
      vertex -3 62.0282 10.5252
      vertex -3 60.6358 10.0651
    endloop
  endfacet
  facet normal -1 0 0
    outer loop
      vertex -3 58.684 10.5252
      vertex -3 60.381 10.078
      vertex -3 60.2122 10.0723
    endloop
  endfacet
  facet normal -1 0 0
    outer loop
      vertex -3 58.684 10.5252
      vertex -3 60.2122 10.0723
      vertex -3 60.0508 10.0554
    endloop
  endfacet
  facet normal -1 0 0
    outer loop
      vertex -3 58.684 10.5252
      vertex -3 60.0508 10.0554
      vertex -3 59.8966 10.0272
    endloop
  endfacet
  facet normal -1 0 0
    outer loop
      vertex -3 60.381 10.078
      vertex -3 58.684 10.5252
      vertex -3 62.0282 10.5252
    endloop
  endfacet
  facet normal -1 0 0
    outer loop
      vertex -3 59.7497 9.98777
      vertex -3 58.684 10.5252
      vertex -3 59.8966 10.0272
    endloop
  endfacet
  facet normal -1 0 0
    outer loop
      vertex -3 59.6102 9.93703
      vertex -3 58.684 10.5252
      vertex -3 59.7497 9.98777
    endloop
  endfacet
  facet normal -1 0 0
    outer loop
      vertex -3 59.478 9.87502
      vertex -3 58.684 10.5252
      vertex -3 59.6102 9.93703
    endloop
  endfacet
  facet normal -1 0 0
    outer loop
      vertex -3 59.3544 9.80271
      vertex -3 58.684 10.5252
      vertex -3 59.478 9.87502
    endloop
  endfacet
  facet normal -1 0 0
    outer loop
      vertex -3 59.241 9.72101
      vertex -3 58.684 10.5252
      vertex -3 59.3544 9.80271
    endloop
  endfacet
  facet normal -1 0 0
    outer loop
      vertex -3 59.1377 9.62996
      vertex -3 58.684 10.5252
      vertex -3 59.241 9.72101
    endloop
  endfacet
  facet normal -1 0 0
    outer loop
      vertex -3 59.0444 9.52956
      vertex -3 58.684 10.5252
      vertex -3 59.1377 9.62996
    endloop
  endfacet
  facet normal -1 0 0
    outer loop
      vertex -3 58.9612 9.41977
      vertex -3 58.684 10.5252
      vertex -3 59.0444 9.52956
    endloop
  endfacet
  facet normal -1 0 0
    outer loop
      vertex -3 58.8882 9.30065
      vertex -3 58.684 10.5252
      vertex -3 58.9612 9.41977
    endloop
  endfacet
  facet normal -1 0 0
    outer loop
      vertex -3 58.8258 9.17383
      vertex -3 58.684 10.5252
      vertex -3 58.8882 9.30065
    endloop
  endfacet
  facet normal -1 0 0
    outer loop
      vertex -3 58.7748 9.04102
      vertex -3 58.684 10.5252
      vertex -3 58.8258 9.17383
    endloop
  endfacet
  facet normal -1 0 0
    outer loop
      vertex -3 58.7351 8.90221
      vertex -3 58.684 10.5252
      vertex -3 58.7748 9.04102
    endloop
  endfacet
  facet normal -1 0 0
    outer loop
      vertex -3 51.7632 9.84589
      vertex -3 58.7351 8.90221
      vertex -3 58.7067 8.75739
    endloop
  endfacet
  facet normal -1 0 0
    outer loop
      vertex -3 51.7632 9.84589
      vertex -3 58.7067 8.75739
      vertex -3 58.6897 8.60657
    endloop
  endfacet
  facet normal -1 0 0
    outer loop
      vertex -3 51.7401 8.40221
      vertex -3 58.6897 8.60657
      vertex -3 58.684 8.44976
    endloop
  endfacet
  facet normal -1 -0 0
    outer loop
      vertex -3 67.596 34.5
      vertex -3 62.817 23.4
      vertex -3 62.817 34.5
    endloop
  endfacet
  facet normal -1 0 0
    outer loop
      vertex -3 62.0282 11.325
      vertex -3 68.4871 10.6561
      vertex -3 62.0282 10.5252
    endloop
  endfacet
  facet normal -1 0 0
    outer loop
      vertex -3 68.4871 10.6561
      vertex -3 62.0282 11.325
      vertex -3 68.4871 11.3563
    endloop
  endfacet
  facet normal -1 0 0
    outer loop
      vertex -3 62.0282 12.7609
      vertex -3 68.4871 11.3563
      vertex -3 62.0282 11.325
    endloop
  endfacet
  facet normal -1 0 0
    outer loop
      vertex -3 62.0282 13.3828
      vertex -3 68.4871 11.3563
      vertex -3 62.0282 12.7609
    endloop
  endfacet
  facet normal -1 0 0
    outer loop
      vertex -3 68.4871 11.3563
      vertex -3 62.0282 13.3828
      vertex -3 62.817 23.4
    endloop
  endfacet
  facet normal -1 0 0
    outer loop
      vertex -3 58.684 13.3828
      vertex -3 62.817 23.4
      vertex -3 62.0282 13.3828
    endloop
  endfacet
  facet normal -1 -0 0
    outer loop
      vertex -3 62.817 23.4
      vertex -3 58.684 13.3828
      vertex -3 57.817 23.4
    endloop
  endfacet
  facet normal -1 0 0
    outer loop
      vertex -3 61.1383 11.1173
      vertex -3 58.684 12.5615
      vertex -3 61.2592 11.1043
    endloop
  endfacet
  facet normal -1 0 0
    outer loop
      vertex -3 61.0256 11.128
      vertex -3 58.684 12.5615
      vertex -3 61.1383 11.1173
    endloop
  endfacet
  facet normal -1 0 0
    outer loop
      vertex -3 60.921 11.1363
      vertex -3 58.684 12.5615
      vertex -3 61.0256 11.128
    endloop
  endfacet
  facet normal -1 0 0
    outer loop
      vertex -3 60.8246 11.1422
      vertex -3 58.684 12.5615
      vertex -3 60.921 11.1363
    endloop
  endfacet
  facet normal -1 0 0
    outer loop
      vertex -3 60.7364 11.1458
      vertex -3 58.684 12.5615
      vertex -3 60.8246 11.1422
    endloop
  endfacet
  facet normal -1 0 0
    outer loop
      vertex -3 60.6563 11.147
      vertex -3 58.684 12.5615
      vertex -3 60.7364 11.1458
    endloop
  endfacet
  facet normal -1 0 0
    outer loop
      vertex -3 58.684 12.5615
      vertex -3 60.6563 11.147
      vertex -3 58.684 11.147
    endloop
  endfacet
  facet normal -1 0 0
    outer loop
      vertex -3 57.817 23.4
      vertex -3 55.03 34.5
      vertex -3 57.817 34.5
    endloop
  endfacet
  facet normal -1 0 0
    outer loop
      vertex -3 51.7683 10.6251
      vertex -3 58.684 11.147
      vertex -3 51.7845 10.4437
    endloop
  endfacet
  facet normal -1 0 0
    outer loop
      vertex -3 51.7413 10.7894
      vertex -3 58.684 11.147
      vertex -3 51.7683 10.6251
    endloop
  endfacet
  facet normal -1 0 0
    outer loop
      vertex -3 51.7401 12.1083
      vertex -3 58.684 11.147
      vertex -3 51.7413 10.7894
    endloop
  endfacet
  facet normal -1 0 0
    outer loop
      vertex -3 58.684 11.147
      vertex -3 51.7401 12.1083
      vertex -3 55.03 15.17
    endloop
  endfacet
  facet normal -1 0 0
    outer loop
      vertex -3 51.7401 13.6392
      vertex -3 55.03 15.17
      vertex -3 51.7401 12.1083
    endloop
  endfacet
  facet normal -1 0 0
    outer loop
      vertex -3 51.7342 13.835
      vertex -3 55.03 15.17
      vertex -3 51.7401 13.6392
    endloop
  endfacet
  facet normal -1 0 0
    outer loop
      vertex -3 51.7165 14.0143
      vertex -3 55.03 15.17
      vertex -3 51.7342 13.835
    endloop
  endfacet
  facet normal -1 0 0
    outer loop
      vertex -3 51.687 14.1771
      vertex -3 55.03 15.17
      vertex -3 51.7165 14.0143
    endloop
  endfacet
  facet normal -1 0 0
    outer loop
      vertex -3 51.6457 14.3233
      vertex -3 55.03 15.17
      vertex -3 51.687 14.1771
    endloop
  endfacet
  facet normal -1 0 0
    outer loop
      vertex -3 51.5926 14.4529
      vertex -3 55.03 15.17
      vertex -3 51.6457 14.3233
    endloop
  endfacet
  facet normal -1 0 0
    outer loop
      vertex -3 51.5277 14.566
      vertex -3 55.03 15.17
      vertex -3 51.5926 14.4529
    endloop
  endfacet
  facet normal -1 0 0
    outer loop
      vertex -3 51.4512 14.6621
      vertex -3 55.03 15.17
      vertex -3 51.5277 14.566
    endloop
  endfacet
  facet normal -1 0 0
    outer loop
      vertex -3 51.3635 14.7407
      vertex -3 55.03 15.17
      vertex -3 51.4512 14.6621
    endloop
  endfacet
  facet normal -1 0 0
    outer loop
      vertex -3 51.2645 14.8019
      vertex -3 55.03 15.17
      vertex -3 51.3635 14.7407
    endloop
  endfacet
  facet normal -1 0 0
    outer loop
      vertex -3 51.1543 14.8455
      vertex -3 55.03 15.17
      vertex -3 51.2645 14.8019
    endloop
  endfacet
  facet normal -1 0 0
    outer loop
      vertex -3 51.0327 14.8718
      vertex -3 55.03 15.17
      vertex -3 51.1543 14.8455
    endloop
  endfacet
  facet normal -1 0 0
    outer loop
      vertex -3 50.8999 14.8805
      vertex -3 55.03 15.17
      vertex -3 51.0327 14.8718
    endloop
  endfacet
  facet normal -1 0 0
    outer loop
      vertex -3 49.563 15.0491
      vertex -3 50.8999 14.8805
      vertex -3 50.8074 14.8761
    endloop
  endfacet
  facet normal -1 0 0
    outer loop
      vertex -3 50.1344 14.372
      vertex -3 50.1811 14.3451
      vertex -3 50.1546 14.2421
    endloop
  endfacet
  facet normal -1 0 0
    outer loop
      vertex -3 50.1344 14.372
      vertex -3 50.2146 14.4389
      vertex -3 50.1811 14.3451
    endloop
  endfacet
  facet normal -1 0 0
    outer loop
      vertex -3 50.1052 14.4911
      vertex -3 50.2146 14.4389
      vertex -3 50.1344 14.372
    endloop
  endfacet
  facet normal -1 0 0
    outer loop
      vertex -3 50.2146 14.4389
      vertex -3 50.1052 14.4911
      vertex -3 50.2552 14.5236
    endloop
  endfacet
  facet normal -1 0 0
    outer loop
      vertex -3 50.0671 14.5996
      vertex -3 50.2552 14.5236
      vertex -3 50.1052 14.4911
    endloop
  endfacet
  facet normal -1 0 0
    outer loop
      vertex -3 50.2552 14.5236
      vertex -3 50.0671 14.5996
      vertex -3 50.3029 14.5991
    endloop
  endfacet
  facet normal -1 0 0
    outer loop
      vertex -3 50.0202 14.6972
      vertex -3 50.3029 14.5991
      vertex -3 50.0671 14.5996
    endloop
  endfacet
  facet normal -1 0 0
    outer loop
      vertex -3 50.3029 14.5991
      vertex -3 50.0202 14.6972
      vertex -3 50.3575 14.6655
    endloop
  endfacet
  facet normal -1 0 0
    outer loop
      vertex -3 49.9643 14.7842
      vertex -3 50.3575 14.6655
      vertex -3 50.0202 14.6972
    endloop
  endfacet
  facet normal -1 0 0
    outer loop
      vertex -3 50.3575 14.6655
      vertex -3 49.9643 14.7842
      vertex -3 50.4193 14.7226
    endloop
  endfacet
  facet normal -1 0 0
    outer loop
      vertex -3 50.4193 14.7226
      vertex -3 49.9643 14.7842
      vertex -3 50.487 14.7709
    endloop
  endfacet
  facet normal -1 0 0
    outer loop
      vertex -3 49.8995 14.8603
      vertex -3 50.487 14.7709
      vertex -3 49.9643 14.7842
    endloop
  endfacet
  facet normal -1 0 0
    outer loop
      vertex -3 50.487 14.7709
      vertex -3 49.8995 14.8603
      vertex -3 50.5597 14.8103
    endloop
  endfacet
  facet normal -1 0 0
    outer loop
      vertex -3 49.8266 14.9252
      vertex -3 50.5597 14.8103
      vertex -3 49.8995 14.8603
    endloop
  endfacet
  facet normal -1 0 0
    outer loop
      vertex -3 50.5597 14.8103
      vertex -3 49.8266 14.9252
      vertex -3 50.6373 14.841
    endloop
  endfacet
  facet normal -1 0 0
    outer loop
      vertex -3 49.7462 14.9783
      vertex -3 50.6373 14.841
      vertex -3 49.8266 14.9252
    endloop
  endfacet
  facet normal -1 0 0
    outer loop
      vertex -3 50.6373 14.841
      vertex -3 49.7462 14.9783
      vertex -3 50.7199 14.8629
    endloop
  endfacet
  facet normal -1 0 0
    outer loop
      vertex -3 49.6583 15.0196
      vertex -3 50.7199 14.8629
      vertex -3 49.7462 14.9783
    endloop
  endfacet
  facet normal -1 0 0
    outer loop
      vertex -3 50.7199 14.8629
      vertex -3 49.6583 15.0196
      vertex -3 50.8074 14.8761
    endloop
  endfacet
  facet normal -1 0 0
    outer loop
      vertex -3 49.563 15.0491
      vertex -3 50.8074 14.8761
      vertex -3 49.6583 15.0196
    endloop
  endfacet
  facet normal -1 0 0
    outer loop
      vertex -3 50.8999 14.8805
      vertex -3 49.563 15.0491
      vertex -3 55.03 15.17
    endloop
  endfacet
  facet normal -1 0 0
    outer loop
      vertex -3 49.4603 15.0668
      vertex -3 55.03 15.17
      vertex -3 49.563 15.0491
    endloop
  endfacet
  facet normal -1 0 0
    outer loop
      vertex -3 49.3501 15.0727
      vertex -3 55.03 15.17
      vertex -3 49.4603 15.0668
    endloop
  endfacet
  facet normal -1 0 0
    outer loop
      vertex -3 45.03 15.17
      vertex -3 48.3774 10.6676
      vertex -3 48.3557 10.461
    endloop
  endfacet
  facet normal -1 0 0
    outer loop
      vertex -3 45.03 15.17
      vertex -3 48.3557 10.461
      vertex -3 48.3485 10.2355
    endloop
  endfacet
  facet normal -1 0 0
    outer loop
      vertex -3 49.3501 15.0727
      vertex -3 45.03 15.17
      vertex -3 55.03 15.17
    endloop
  endfacet
  facet normal -1 0 0
    outer loop
      vertex -3 49.2039 15.0633
      vertex -3 45.03 15.17
      vertex -3 49.3501 15.0727
    endloop
  endfacet
  facet normal -1 0 0
    outer loop
      vertex -3 49.0692 15.0348
      vertex -3 45.03 15.17
      vertex -3 49.2039 15.0633
    endloop
  endfacet
  facet normal -1 0 0
    outer loop
      vertex -3 48.946 14.9873
      vertex -3 45.03 15.17
      vertex -3 49.0692 15.0348
    endloop
  endfacet
  facet normal -1 0 0
    outer loop
      vertex -3 48.8342 14.9208
      vertex -3 45.03 15.17
      vertex -3 48.946 14.9873
    endloop
  endfacet
  facet normal -1 0 0
    outer loop
      vertex -3 48.734 14.8354
      vertex -3 45.03 15.17
      vertex -3 48.8342 14.9208
    endloop
  endfacet
  facet normal -1 0 0
    outer loop
      vertex -3 48.6451 14.731
      vertex -3 45.03 15.17
      vertex -3 48.734 14.8354
    endloop
  endfacet
  facet normal -1 0 0
    outer loop
      vertex -3 48.569 14.6097
      vertex -3 45.03 15.17
      vertex -3 48.6451 14.731
    endloop
  endfacet
  facet normal -1 0 0
    outer loop
      vertex -3 48.5067 14.4736
      vertex -3 45.03 15.17
      vertex -3 48.569 14.6097
    endloop
  endfacet
  facet normal -1 0 0
    outer loop
      vertex -3 48.4582 14.3227
      vertex -3 45.03 15.17
      vertex -3 48.5067 14.4736
    endloop
  endfacet
  facet normal -1 0 0
    outer loop
      vertex -3 48.4236 14.1571
      vertex -3 45.03 15.17
      vertex -3 48.4582 14.3227
    endloop
  endfacet
  facet normal -1 0 0
    outer loop
      vertex -3 48.4029 13.9767
      vertex -3 45.03 15.17
      vertex -3 48.4236 14.1571
    endloop
  endfacet
  facet normal -1 0 0
    outer loop
      vertex -3 48.396 13.7816
      vertex -3 45.03 15.17
      vertex -3 48.4029 13.9767
    endloop
  endfacet
  facet normal -1 0 0
    outer loop
      vertex -3 48.396 12.1083
      vertex -3 45.03 15.17
      vertex -3 48.396 13.7816
    endloop
  endfacet
  facet normal -1 0 0
    outer loop
      vertex -3 58.684 7.0969
      vertex -3 51.7401 7.70203
      vertex -3 58.684 8.44976
    endloop
  endfacet
  facet normal -1 0 0
    outer loop
      vertex -3 51.7401 8.40221
      vertex -3 58.684 8.44976
      vertex -3 51.7401 7.70203
    endloop
  endfacet
  facet normal -1 -0 0
    outer loop
      vertex -3 58.6897 8.60657
      vertex -3 51.7401 8.40221
      vertex -3 51.7632 9.84589
    endloop
  endfacet
  facet normal -1 0 0
    outer loop
      vertex -3 51.7401 8.40221
      vertex -3 51.7297 9.67214
      vertex -3 51.7632 9.84589
    endloop
  endfacet
  facet normal -1 0 0
    outer loop
      vertex -3 51.7401 8.40221
      vertex -3 51.6829 9.51558
      vertex -3 51.7297 9.67214
    endloop
  endfacet
  facet normal -1 0 0
    outer loop
      vertex -3 51.7401 8.40221
      vertex -3 51.6227 9.37626
      vertex -3 51.6829 9.51558
    endloop
  endfacet
  facet normal -1 0 0
    outer loop
      vertex -3 51.7401 8.40221
      vertex -3 51.549 9.25412
      vertex -3 51.6227 9.37626
    endloop
  endfacet
  facet normal -1 0 0
    outer loop
      vertex -3 51.7401 8.40221
      vertex -3 51.4628 9.15006
      vertex -3 51.549 9.25412
    endloop
  endfacet
  facet normal -1 0 0
    outer loop
      vertex -3 51.7401 8.40221
      vertex -3 51.3648 9.0649
      vertex -3 51.4628 9.15006
    endloop
  endfacet
  facet normal -1 0 0
    outer loop
      vertex -3 51.7401 8.40221
      vertex -3 51.255 8.99868
      vertex -3 51.3648 9.0649
    endloop
  endfacet
  facet normal -1 0 0
    outer loop
      vertex -3 51.7401 8.40221
      vertex -3 51.1334 8.95137
      vertex -3 51.255 8.99868
    endloop
  endfacet
  facet normal -1 0 0
    outer loop
      vertex -3 51.7401 8.40221
      vertex -3 51 8.92299
      vertex -3 51.1334 8.95137
    endloop
  endfacet
  facet normal -1 0 0
    outer loop
      vertex -3 51.7401 8.40221
      vertex -3 50.8548 8.91353
      vertex -3 51 8.92299
    endloop
  endfacet
  facet normal -1 0 0
    outer loop
      vertex -3 51.7401 8.40221
      vertex -3 50.7966 8.91481
      vertex -3 50.8548 8.91353
    endloop
  endfacet
  facet normal -1 0 0
    outer loop
      vertex -3 49.6847 8.40221
      vertex -3 50.7966 8.91481
      vertex -3 51.7401 8.40221
    endloop
  endfacet
  facet normal -1 -0 0
    outer loop
      vertex -3 50.7966 8.91481
      vertex -3 49.6847 8.40221
      vertex -3 50.7406 8.91867
    endloop
  endfacet
  facet normal -1 -0 0
    outer loop
      vertex -3 50.7406 8.91867
      vertex -3 49.6847 8.40221
      vertex -3 50.6869 8.9251
    endloop
  endfacet
  facet normal -1 -0 0
    outer loop
      vertex -3 50.6869 8.9251
      vertex -3 49.6847 8.40221
      vertex -3 50.6354 8.9341
    endloop
  endfacet
  facet normal -1 -0 0
    outer loop
      vertex -3 50.6354 8.9341
      vertex -3 49.6847 8.40221
      vertex -3 50.5862 8.94567
    endloop
  endfacet
  facet normal -1 -0 0
    outer loop
      vertex -3 50.5862 8.94567
      vertex -3 49.6847 8.40221
      vertex -3 50.5392 8.9598
    endloop
  endfacet
  facet normal -1 -0 0
    outer loop
      vertex -3 50.5392 8.9598
      vertex -3 49.6847 8.40221
      vertex -3 50.4943 8.97625
    endloop
  endfacet
  facet normal -1 0 0
    outer loop
      vertex -3 48.903 9.93944
      vertex -3 49.8294 10.2158
      vertex -3 49.858 10.0789
    endloop
  endfacet
  facet normal -1 0 0
    outer loop
      vertex -3 48.8763 10.1409
      vertex -3 49.8294 10.2158
      vertex -3 48.8863 10.0359
    endloop
  endfacet
  facet normal -1 0 0
    outer loop
      vertex -3 48.873 10.2545
      vertex -3 49.8023 10.3372
      vertex -3 48.8763 10.1409
    endloop
  endfacet
  facet normal -1 -0 0
    outer loop
      vertex -3 49.8023 10.3372
      vertex -3 48.873 10.2545
      vertex -3 49.7767 10.4429
    endloop
  endfacet
  facet normal -1 0 0
    outer loop
      vertex -3 49.1492 9.53476
      vertex -3 49.858 10.0789
      vertex -3 49.8863 9.96021
    endloop
  endfacet
  facet normal -1 0 -0
    outer loop
      vertex -3 48.8854 10.4786
      vertex -3 49.7767 10.4429
      vertex -3 48.873 10.2545
    endloop
  endfacet
  facet normal -1 0 0
    outer loop
      vertex -3 49.3785 9.43332
      vertex -3 49.8863 9.96021
      vertex -3 49.9127 9.85419
    endloop
  endfacet
  facet normal -1 0 0
    outer loop
      vertex -3 49.7767 10.4429
      vertex -3 48.8854 10.4786
      vertex -3 49.7525 10.533
    endloop
  endfacet
  facet normal -1 -0 0
    outer loop
      vertex -3 50.4943 8.97625
      vertex -3 49.6847 8.40221
      vertex -3 50.4513 8.99474
    endloop
  endfacet
  facet normal -1 0 0
    outer loop
      vertex -3 49.6847 8.40221
      vertex -3 50.4104 9.01528
      vertex -3 50.4513 8.99474
    endloop
  endfacet
  facet normal -1 0 0
    outer loop
      vertex -3 49.6847 8.40221
      vertex -3 50.3714 9.03785
      vertex -3 50.4104 9.01528
    endloop
  endfacet
  facet normal -1 0 0
    outer loop
      vertex -3 49.6847 8.40221
      vertex -3 50.3344 9.06247
      vertex -3 50.3714 9.03785
    endloop
  endfacet
  facet normal -1 0 0
    outer loop
      vertex -3 49.6847 8.40221
      vertex -3 50.2994 9.08913
      vertex -3 50.3344 9.06247
    endloop
  endfacet
  facet normal -1 0 0
    outer loop
      vertex -3 49.6847 8.40221
      vertex -3 50.2662 9.11782
      vertex -3 50.2994 9.08913
    endloop
  endfacet
  facet normal -1 0 0
    outer loop
      vertex -3 49.6847 8.40221
      vertex -3 50.2347 9.14847
      vertex -3 50.2662 9.11782
    endloop
  endfacet
  facet normal -1 0 0
    outer loop
      vertex -3 49.6847 8.40221
      vertex -3 50.2048 9.18111
      vertex -3 50.2347 9.14847
    endloop
  endfacet
  facet normal -1 0 0
    outer loop
      vertex -3 49.6847 8.40221
      vertex -3 50.1765 9.21572
      vertex -3 50.2048 9.18111
    endloop
  endfacet
  facet normal -1 0 0
    outer loop
      vertex -3 49.267 8.75687
      vertex -3 50.1765 9.21572
      vertex -3 49.6847 8.40221
    endloop
  endfacet
  facet normal -1 -0 0
    outer loop
      vertex -3 50.1765 9.21572
      vertex -3 49.267 8.75687
      vertex -3 50.1499 9.25231
    endloop
  endfacet
  facet normal -1 -0 0
    outer loop
      vertex -3 50.1499 9.25231
      vertex -3 49.267 8.75687
      vertex -3 50.125 9.29087
    endloop
  endfacet
  facet normal -1 0 -0
    outer loop
      vertex -3 49.3785 9.43332
      vertex -3 50.125 9.29087
      vertex -3 49.267 8.75687
    endloop
  endfacet
  facet normal -1 0 0
    outer loop
      vertex -3 50.125 9.29087
      vertex -3 49.3785 9.43332
      vertex -3 50.1014 9.33123
    endloop
  endfacet
  facet normal -1 0 0
    outer loop
      vertex -3 50.1014 9.33123
      vertex -3 49.3785 9.43332
      vertex -3 50.0788 9.37316
    endloop
  endfacet
  facet normal -1 0 0
    outer loop
      vertex -3 50.0788 9.37316
      vertex -3 49.3785 9.43332
      vertex -3 50.0573 9.41668
    endloop
  endfacet
  facet normal -1 0 0
    outer loop
      vertex -3 50.0573 9.41668
      vertex -3 49.3785 9.43332
      vertex -3 50.0369 9.46177
    endloop
  endfacet
  facet normal -1 -0 0
    outer loop
      vertex -3 50.0369 9.46177
      vertex -3 49.3785 9.43332
      vertex -3 50.0175 9.50844
    endloop
  endfacet
  facet normal -1 -0 0
    outer loop
      vertex -3 50.0175 9.50844
      vertex -3 49.3785 9.43332
      vertex -3 49.9992 9.55669
    endloop
  endfacet
  facet normal -1 -0 0
    outer loop
      vertex -3 49.9804 9.61208
      vertex -3 49.3785 9.43332
      vertex -3 49.9598 9.68013
    endloop
  endfacet
  facet normal -1 -0 0
    outer loop
      vertex -3 49.9598 9.68013
      vertex -3 49.3785 9.43332
      vertex -3 49.9372 9.76084
    endloop
  endfacet
  facet normal -1 -0 0
    outer loop
      vertex -3 49.9372 9.76084
      vertex -3 49.3785 9.43332
      vertex -3 49.9127 9.85419
    endloop
  endfacet
  facet normal -1 0 0
    outer loop
      vertex -3 49.8863 9.96021
      vertex -3 49.3785 9.43332
      vertex -3 49.294 9.45989
    endloop
  endfacet
  facet normal -1 0 0
    outer loop
      vertex -3 49.8294 10.2158
      vertex -3 48.903 9.93944
      vertex -3 48.8863 10.0359
    endloop
  endfacet
  facet normal -1 -0 0
    outer loop
      vertex -3 49.8294 10.2158
      vertex -3 48.8763 10.1409
      vertex -3 49.8023 10.3372
    endloop
  endfacet
  facet normal -1 -0 0
    outer loop
      vertex -3 49.7297 10.6074
      vertex -3 48.8854 10.4786
      vertex -3 49.7085 10.6663
    endloop
  endfacet
  facet normal -1 0 -0
    outer loop
      vertex -3 48.9226 10.6619
      vertex -3 49.7085 10.6663
      vertex -3 48.8854 10.4786
    endloop
  endfacet
  facet normal -1 -0 0
    outer loop
      vertex -3 49.7085 10.6663
      vertex -3 48.9226 10.6619
      vertex -3 49.687 10.7154
    endloop
  endfacet
  facet normal -1 -0 0
    outer loop
      vertex -3 49.687 10.7154
      vertex -3 48.9226 10.6619
      vertex -3 49.6639 10.7607
    endloop
  endfacet
  facet normal -1 0 0
    outer loop
      vertex -3 49.267 8.75687
      vertex -3 49.6847 8.40221
      vertex -3 49.4806 8.3913
    endloop
  endfacet
  facet normal -1 0 -0
    outer loop
      vertex -3 48.9845 10.8046
      vertex -3 49.639 10.8022
      vertex -3 48.9226 10.6619
    endloop
  endfacet
  facet normal -1 0 0
    outer loop
      vertex -3 49.639 10.8022
      vertex -3 48.9845 10.8046
      vertex -3 49.6125 10.8398
    endloop
  endfacet
  facet normal -1 0 -0
    outer loop
      vertex -3 49.3192 10.9879
      vertex -3 49.6125 10.8398
      vertex -3 48.9845 10.8046
    endloop
  endfacet
  facet normal -1 0 0
    outer loop
      vertex -3 49.267 8.75687
      vertex -3 49.4806 8.3913
      vertex -3 49.2924 8.35857
    endloop
  endfacet
  facet normal -1 -0 0
    outer loop
      vertex -3 49.9992 9.55669
      vertex -3 49.3785 9.43332
      vertex -3 49.9804 9.61208
    endloop
  endfacet
  facet normal -1 0 0
    outer loop
      vertex -3 49.1201 8.304
      vertex -3 49.267 8.75687
      vertex -3 49.2924 8.35857
    endloop
  endfacet
  facet normal -1 0 0
    outer loop
      vertex -3 49.1201 8.304
      vertex -3 49.1192 8.79894
      vertex -3 49.267 8.75687
    endloop
  endfacet
  facet normal -1 0 0
    outer loop
      vertex -3 49.1201 8.304
      vertex -3 48.9846 8.8555
      vertex -3 49.1192 8.79894
    endloop
  endfacet
  facet normal -1 0 0
    outer loop
      vertex -3 48.9637 8.22763
      vertex -3 48.9846 8.8555
      vertex -3 49.1201 8.304
    endloop
  endfacet
  facet normal -1 0 0
    outer loop
      vertex -3 48.9637 8.22763
      vertex -3 48.8629 8.92658
      vertex -3 48.9846 8.8555
    endloop
  endfacet
  facet normal -1 0 0
    outer loop
      vertex -3 48.8232 8.12943
      vertex -3 48.8629 8.92658
      vertex -3 48.9637 8.22763
    endloop
  endfacet
  facet normal -1 0 0
    outer loop
      vertex -3 48.8232 8.12943
      vertex -3 48.7543 9.01215
      vertex -3 48.8629 8.92658
    endloop
  endfacet
  facet normal -1 0 0
    outer loop
      vertex -3 48.6985 8.0094
      vertex -3 48.7543 9.01215
      vertex -3 48.8232 8.12943
    endloop
  endfacet
  facet normal -1 0 0
    outer loop
      vertex -3 48.6985 8.0094
      vertex -3 48.6588 9.11223
      vertex -3 48.7543 9.01215
    endloop
  endfacet
  facet normal -1 0 0
    outer loop
      vertex -3 48.5916 7.8696
      vertex -3 48.6588 9.11223
      vertex -3 48.6985 8.0094
    endloop
  endfacet
  facet normal -1 0 0
    outer loop
      vertex -3 48.5916 7.8696
      vertex -3 48.5763 9.22683
      vertex -3 48.6588 9.11223
    endloop
  endfacet
  facet normal -1 0 0
    outer loop
      vertex -3 48.5041 7.71207
      vertex -3 48.5763 9.22683
      vertex -3 48.5916 7.8696
    endloop
  endfacet
  facet normal -1 -0 0
    outer loop
      vertex -3 48.5763 9.22683
      vertex -3 48.5041 7.71207
      vertex -3 48.5067 9.35637
    endloop
  endfacet
  facet normal -1 0 0
    outer loop
      vertex -3 48.5041 7.71207
      vertex -3 48.4498 9.50135
      vertex -3 48.5067 9.35637
    endloop
  endfacet
  facet normal -1 0 0
    outer loop
      vertex -3 48.436 7.53679
      vertex -3 48.4498 9.50135
      vertex -3 48.5041 7.71207
    endloop
  endfacet
  facet normal -1 0 0
    outer loop
      vertex -3 48.436 7.53679
      vertex -3 48.4054 9.66175
      vertex -3 48.4498 9.50135
    endloop
  endfacet
  facet normal -1 0 0
    outer loop
      vertex -3 48.3874 7.34378
      vertex -3 48.4054 9.66175
      vertex -3 48.436 7.53679
    endloop
  endfacet
  facet normal -1 0 0
    outer loop
      vertex -3 48.3874 7.34378
      vertex -3 48.3738 9.83757
      vertex -3 48.4054 9.66175
    endloop
  endfacet
  facet normal -1 0 0
    outer loop
      vertex -3 45.03 15.17
      vertex -3 48.3874 7.34378
      vertex -3 48.3582 7.13305
    endloop
  endfacet
  facet normal -1 0 0
    outer loop
      vertex -3 48.3874 7.34378
      vertex -3 45.03 15.17
      vertex -3 48.3738 9.83757
    endloop
  endfacet
  facet normal -1 0 0
    outer loop
      vertex -3 45.03 15.17
      vertex -3 48.3582 7.13305
      vertex -3 48.3485 6.90456
    endloop
  endfacet
  facet normal -1 0 0
    outer loop
      vertex -3 48.3738 9.83757
      vertex -3 45.03 15.17
      vertex -3 48.3548 10.0288
    endloop
  endfacet
  facet normal -1 0 0
    outer loop
      vertex -3 49.6125 10.8398
      vertex -3 49.3192 10.9879
      vertex -3 49.5842 10.8736
    endloop
  endfacet
  facet normal -1 -0 -0
    outer loop
      vertex -3 49.3653 10.9856
      vertex -3 49.5842 10.8736
      vertex -3 49.3192 10.9879
    endloop
  endfacet
  facet normal -1 0 0
    outer loop
      vertex -3 49.8863 9.96021
      vertex -3 49.294 9.45989
      vertex -3 49.2175 9.4937
    endloop
  endfacet
  facet normal -1 0 0
    outer loop
      vertex -3 49.8863 9.96021
      vertex -3 49.2175 9.4937
      vertex -3 49.1492 9.53476
    endloop
  endfacet
  facet normal -1 0 0
    outer loop
      vertex -3 49.5842 10.8736
      vertex -3 49.3653 10.9856
      vertex -3 49.5542 10.9036
    endloop
  endfacet
  facet normal -1 0 0
    outer loop
      vertex -3 49.858 10.0789
      vertex -3 49.1492 9.53476
      vertex -3 49.089 9.58309
    endloop
  endfacet
  facet normal -1 0 0
    outer loop
      vertex -3 49.858 10.0789
      vertex -3 49.089 9.58309
      vertex -3 49.0368 9.63866
    endloop
  endfacet
  facet normal -1 0 0
    outer loop
      vertex -3 49.4869 10.9504
      vertex -3 49.3653 10.9856
      vertex -3 49.4492 10.9668
    endloop
  endfacet
  facet normal -1 0 0
    outer loop
      vertex -3 49.858 10.0789
      vertex -3 49.0368 9.63866
      vertex -3 48.9928 9.7015
    endloop
  endfacet
  facet normal -1 0 0
    outer loop
      vertex -3 49.858 10.0789
      vertex -3 48.9928 9.7015
      vertex -3 48.9562 9.77224
    endloop
  endfacet
  facet normal -1 0 0
    outer loop
      vertex -3 49.4492 10.9668
      vertex -3 49.3653 10.9856
      vertex -3 49.4086 10.9785
    endloop
  endfacet
  facet normal -1 0 0
    outer loop
      vertex -3 49.858 10.0789
      vertex -3 48.9562 9.77224
      vertex -3 48.9263 9.85155
    endloop
  endfacet
  facet normal -1 0 0
    outer loop
      vertex -3 49.858 10.0789
      vertex -3 48.9263 9.85155
      vertex -3 48.903 9.93944
    endloop
  endfacet
  facet normal -1 0 0
    outer loop
      vertex -3 49.5219 10.9294
      vertex -3 49.3653 10.9856
      vertex -3 49.4869 10.9504
    endloop
  endfacet
  facet normal -1 -0 0
    outer loop
      vertex -3 49.7525 10.533
      vertex -3 48.8854 10.4786
      vertex -3 49.7297 10.6074
    endloop
  endfacet
  facet normal -1 -0 0
    outer loop
      vertex -3 49.6639 10.7607
      vertex -3 48.9226 10.6619
      vertex -3 49.639 10.8022
    endloop
  endfacet
  facet normal -1 0 0
    outer loop
      vertex -3 49.5542 10.9036
      vertex -3 49.3653 10.9856
      vertex -3 49.5219 10.9294
    endloop
  endfacet
  facet normal -1 0 0
    outer loop
      vertex -3 49.3192 10.9879
      vertex -3 48.9845 10.8046
      vertex -3 49.1829 10.9675
    endloop
  endfacet
  facet normal -1 0 0
    outer loop
      vertex -3 49.1829 10.9675
      vertex -3 48.9845 10.8046
      vertex -3 49.0713 10.9064
    endloop
  endfacet
  facet normal -1 0 0
    outer loop
      vertex -3 69.6643 11.3563
      vertex -3 68.4871 11.3563
      vertex -3 69.6643 12.187
    endloop
  endfacet
  facet normal -1 0 0
    outer loop
      vertex -3 69.7759 10.1163
      vertex -3 71.8313 10.6561
      vertex -3 71.8313 10.1163
    endloop
  endfacet
  facet normal -1 0 0
    outer loop
      vertex -3 68.4871 10.6561
      vertex -3 69.7759 10.1163
      vertex -3 69.5718 10.1054
    endloop
  endfacet
  facet normal -1 0 0
    outer loop
      vertex -3 68.4871 10.6561
      vertex -3 69.5718 10.1054
      vertex -3 69.3836 10.0727
    endloop
  endfacet
  facet normal -1 0 0
    outer loop
      vertex -3 69.7759 10.1163
      vertex -3 68.4871 10.6561
      vertex -3 71.8313 10.6561
    endloop
  endfacet
  facet normal -1 0 0
    outer loop
      vertex -3 69.2113 10.0181
      vertex -3 68.4871 10.6561
      vertex -3 69.3836 10.0727
    endloop
  endfacet
  facet normal -1 0 0
    outer loop
      vertex -3 69.0549 9.94176
      vertex -3 68.4871 10.6561
      vertex -3 69.2113 10.0181
    endloop
  endfacet
  facet normal -1 0 0
    outer loop
      vertex -3 68.9143 9.84356
      vertex -3 68.4871 10.6561
      vertex -3 69.0549 9.94176
    endloop
  endfacet
  facet normal -1 0 0
    outer loop
      vertex -3 68.7897 9.72353
      vertex -3 68.4871 10.6561
      vertex -3 68.9143 9.84356
    endloop
  endfacet
  facet normal -1 0 0
    outer loop
      vertex -3 68.6827 9.58373
      vertex -3 68.4871 10.6561
      vertex -3 68.7897 9.72353
    endloop
  endfacet
  facet normal -1 0 0
    outer loop
      vertex -3 68.5952 9.4262
      vertex -3 68.4871 10.6561
      vertex -3 68.6827 9.58373
    endloop
  endfacet
  facet normal -1 0 0
    outer loop
      vertex -3 68.5272 9.25092
      vertex -3 68.4871 10.6561
      vertex -3 68.5952 9.4262
    endloop
  endfacet
  facet normal -1 -0 0
    outer loop
      vertex -3 68.4396 8.61869
      vertex -3 62.0164 8.5784
      vertex -3 68.4494 8.84717
    endloop
  endfacet
  facet normal -1 0 0
    outer loop
      vertex -3 68.4785 9.05791
      vertex -3 68.4871 10.6561
      vertex -3 68.5272 9.25092
    endloop
  endfacet
  facet normal -1 0 0
    outer loop
      vertex -3 71.8313 7.89482
      vertex -3 69.8186 9.41617
      vertex -3 71.8313 9.41617
    endloop
  endfacet
  facet normal -1 0 0
    outer loop
      vertex -3 69.7949 7.89482
      vertex -3 69.8186 9.41617
      vertex -3 71.8313 7.89482
    endloop
  endfacet
  facet normal -1 0 0
    outer loop
      vertex -3 69.7949 7.89482
      vertex -3 69.6901 9.41056
      vertex -3 69.8186 9.41617
    endloop
  endfacet
  facet normal -1 0 0
    outer loop
      vertex -3 69.6681 7.90006
      vertex -3 69.6901 9.41056
      vertex -3 69.7949 7.89482
    endloop
  endfacet
  facet normal -1 0 0
    outer loop
      vertex -3 68.9879 8.6377
      vertex -3 69.6901 9.41056
      vertex -3 69.6681 7.90006
    endloop
  endfacet
  facet normal -1 0 0
    outer loop
      vertex -3 68.9879 8.6377
      vertex -3 69.6681 7.90006
      vertex -3 69.5519 7.91579
    endloop
  endfacet
  facet normal -1 0 0
    outer loop
      vertex -3 69.6901 9.41056
      vertex -3 68.9879 8.6377
      vertex -3 69.5719 9.39376
    endloop
  endfacet
  facet normal -1 0 0
    outer loop
      vertex -3 68.9936 8.52077
      vertex -3 69.5519 7.91579
      vertex -3 69.4463 7.94199
    endloop
  endfacet
  facet normal -1 0 -0
    outer loop
      vertex -3 68.9938 8.75788
      vertex -3 69.5719 9.39376
      vertex -3 68.9879 8.6377
    endloop
  endfacet
  facet normal -1 0 0
    outer loop
      vertex -3 69.0107 8.41367
      vertex -3 69.4463 7.94199
      vertex -3 69.3513 7.97869
    endloop
  endfacet
  facet normal -1 0 0
    outer loop
      vertex -3 69.5719 9.39376
      vertex -3 68.9938 8.75788
      vertex -3 69.4641 9.36573
    endloop
  endfacet
  facet normal -1 0 0
    outer loop
      vertex -3 69.0392 8.31639
      vertex -3 69.3513 7.97869
      vertex -3 69.2669 8.02585
    endloop
  endfacet
  facet normal -1 0 -0
    outer loop
      vertex -3 69.0117 8.86844
      vertex -3 69.4641 9.36573
      vertex -3 68.9938 8.75788
    endloop
  endfacet
  facet normal -1 0 0
    outer loop
      vertex -3 69.0392 8.31639
      vertex -3 69.2669 8.02585
      vertex -3 69.1932 8.0835
    endloop
  endfacet
  facet normal -1 0 0
    outer loop
      vertex -3 69.4641 9.36573
      vertex -3 69.0117 8.86844
      vertex -3 69.3666 9.32651
    endloop
  endfacet
  facet normal -1 0 0
    outer loop
      vertex -3 69.0392 8.31639
      vertex -3 69.1932 8.0835
      vertex -3 69.1305 8.15131
    endloop
  endfacet
  facet normal -1 0 -0
    outer loop
      vertex -3 69.0416 8.96938
      vertex -3 69.3666 9.32651
      vertex -3 69.0117 8.86844
    endloop
  endfacet
  facet normal -1 0 0
    outer loop
      vertex -3 69.0392 8.31639
      vertex -3 69.1305 8.15131
      vertex -3 69.0791 8.22895
    endloop
  endfacet
  facet normal -1 0 0
    outer loop
      vertex -3 69.3666 9.32651
      vertex -3 69.0416 8.96938
      vertex -3 69.2795 9.27607
    endloop
  endfacet
  facet normal -1 0 0
    outer loop
      vertex -3 69.3513 7.97869
      vertex -3 69.0392 8.31639
      vertex -3 69.0107 8.41367
    endloop
  endfacet
  facet normal -1 0 0
    outer loop
      vertex -3 69.2795 9.27607
      vertex -3 69.0416 8.96938
      vertex -3 69.2027 9.21442
    endloop
  endfacet
  facet normal -1 0 0
    outer loop
      vertex -3 69.4463 7.94199
      vertex -3 69.0107 8.41367
      vertex -3 68.9936 8.52077
    endloop
  endfacet
  facet normal -1 0 0
    outer loop
      vertex -3 69.137 9.14237
      vertex -3 69.0416 8.96938
      vertex -3 69.0834 9.06069
    endloop
  endfacet
  facet normal -1 0 0
    outer loop
      vertex -3 69.5519 7.91579
      vertex -3 68.9936 8.52077
      vertex -3 68.9879 8.6377
    endloop
  endfacet
  facet normal -1 0 0
    outer loop
      vertex -3 69.2027 9.21442
      vertex -3 69.0416 8.96938
      vertex -3 69.137 9.14237
    endloop
  endfacet
  facet normal -1 0 0
    outer loop
      vertex -3 80.3197 10.3283
      vertex -3 81.1389 10.495
      vertex -3 81.1278 10.3007
    endloop
  endfacet
  facet normal -1 0 0
    outer loop
      vertex -3 80.2946 10.4256
      vertex -3 81.1389 10.495
      vertex -3 80.3197 10.3283
    endloop
  endfacet
  facet normal -1 0 0
    outer loop
      vertex -3 80.2678 10.5382
      vertex -3 81.1359 10.5908
      vertex -3 80.2946 10.4256
    endloop
  endfacet
  facet normal -1 0 0
    outer loop
      vertex -3 80.3651 10.179
      vertex -3 81.1278 10.3007
      vertex -3 81.0946 10.1417
    endloop
  endfacet
  facet normal -1 -0 0
    outer loop
      vertex -3 81.1389 10.495
      vertex -3 80.2946 10.4256
      vertex -3 81.1359 10.5908
    endloop
  endfacet
  facet normal -1 -0 0
    outer loop
      vertex -3 81.1359 10.5908
      vertex -3 80.2678 10.5382
      vertex -3 81.1268 10.679
    endloop
  endfacet
  facet normal -1 0 0
    outer loop
      vertex -3 80.4268 10.0458
      vertex -3 81.0946 10.1417
      vertex -3 81.0392 10.018
    endloop
  endfacet
  facet normal -1 -0 0
    outer loop
      vertex -3 81.1268 10.679
      vertex -3 80.2678 10.5382
      vertex -3 81.1116 10.7594
    endloop
  endfacet
  facet normal -1 -0 0
    outer loop
      vertex -3 81.1116 10.7594
      vertex -3 80.2678 10.5382
      vertex -3 81.0904 10.832
    endloop
  endfacet
  facet normal -1 0 0
    outer loop
      vertex -3 80.862 9.87662
      vertex -3 81.0392 10.018
      vertex -3 80.9617 9.92963
    endloop
  endfacet
  facet normal -1 -0 0
    outer loop
      vertex -3 81.0904 10.832
      vertex -3 80.2678 10.5382
      vertex -3 81.0631 10.897
    endloop
  endfacet
  facet normal -1 0 0
    outer loop
      vertex -3 80.2394 10.6659
      vertex -3 81.0631 10.897
      vertex -3 80.2678 10.5382
    endloop
  endfacet
  facet normal -1 0 0
    outer loop
      vertex -3 81.0392 10.018
      vertex -3 80.862 9.87662
      vertex -3 80.7402 9.85895
    endloop
  endfacet
  facet normal -1 -0 0
    outer loop
      vertex -3 81.0631 10.897
      vertex -3 80.2394 10.6659
      vertex -3 81.0297 10.9543
    endloop
  endfacet
  facet normal -1 -0 0
    outer loop
      vertex -3 81.0297 10.9543
      vertex -3 80.2394 10.6659
      vertex -3 80.9903 11.0047
    endloop
  endfacet
  facet normal -1 0 0
    outer loop
      vertex -3 80.4497 10.0105
      vertex -3 81.0392 10.018
      vertex -3 80.7402 9.85895
    endloop
  endfacet
  facet normal -1 -0 0
    outer loop
      vertex -3 80.9903 11.0047
      vertex -3 80.2394 10.6659
      vertex -3 80.9451 11.0491
    endloop
  endfacet
  facet normal -1 0 0
    outer loop
      vertex -3 80.4497 10.0105
      vertex -3 80.7402 9.85895
      vertex -3 80.698 9.86083
    endloop
  endfacet
  facet normal -1 -0 0
    outer loop
      vertex -3 77.375 34.5
      vertex -3 72.596 23.4
      vertex -3 72.596 34.5
    endloop
  endfacet
  facet normal -1 0 0
    outer loop
      vertex -3 78.2188 10.1018
      vertex -3 71.8313 10.1163
      vertex -3 78.1998 10.2931
    endloop
  endfacet
  facet normal -1 -0 0
    outer loop
      vertex -3 78.1998 10.2931
      vertex -3 71.8313 10.1163
      vertex -3 78.1935 10.4997
    endloop
  endfacet
  facet normal -1 0 0
    outer loop
      vertex -3 71.8313 10.6561
      vertex -3 78.1935 10.4997
      vertex -3 71.8313 10.1163
    endloop
  endfacet
  facet normal -1 0 0
    outer loop
      vertex -3 71.8313 12.1585
      vertex -3 78.1935 10.4997
      vertex -3 71.8313 10.6561
    endloop
  endfacet
  facet normal -1 0 0
    outer loop
      vertex -3 71.8236 12.351
      vertex -3 78.1935 10.4997
      vertex -3 71.8313 12.1585
    endloop
  endfacet
  facet normal -1 0 0
    outer loop
      vertex -3 71.8005 12.5281
      vertex -3 78.1935 10.4997
      vertex -3 71.8236 12.351
    endloop
  endfacet
  facet normal -1 0 0
    outer loop
      vertex -3 71.7621 12.6899
      vertex -3 78.1935 10.4997
      vertex -3 71.8005 12.5281
    endloop
  endfacet
  facet normal -1 0 0
    outer loop
      vertex -3 71.7084 12.8362
      vertex -3 78.1935 10.4997
      vertex -3 71.7621 12.6899
    endloop
  endfacet
  facet normal -1 0 0
    outer loop
      vertex -3 71.6393 12.9673
      vertex -3 78.1935 10.4997
      vertex -3 71.7084 12.8362
    endloop
  endfacet
  facet normal -1 0 0
    outer loop
      vertex -3 71.5548 13.0829
      vertex -3 78.1935 10.4997
      vertex -3 71.6393 12.9673
    endloop
  endfacet
  facet normal -1 0 0
    outer loop
      vertex -3 78.1935 10.4997
      vertex -3 71.5548 13.0829
      vertex -3 72.596 23.4
    endloop
  endfacet
  facet normal -1 0 0
    outer loop
      vertex -3 71.4562 13.1819
      vertex -3 72.596 23.4
      vertex -3 71.5548 13.0829
    endloop
  endfacet
  facet normal -1 0 0
    outer loop
      vertex -3 71.345 13.2629
      vertex -3 72.596 23.4
      vertex -3 71.4562 13.1819
    endloop
  endfacet
  facet normal -1 0 0
    outer loop
      vertex -3 71.221 13.3259
      vertex -3 72.596 23.4
      vertex -3 71.345 13.2629
    endloop
  endfacet
  facet normal -1 0 0
    outer loop
      vertex -3 71.0843 13.3709
      vertex -3 72.596 23.4
      vertex -3 71.221 13.3259
    endloop
  endfacet
  facet normal -1 0 0
    outer loop
      vertex -3 70.9349 13.3979
      vertex -3 72.596 23.4
      vertex -3 71.0843 13.3709
    endloop
  endfacet
  facet normal -1 0 0
    outer loop
      vertex -3 70.7727 13.4069
      vertex -3 72.596 23.4
      vertex -3 70.9349 13.3979
    endloop
  endfacet
  facet normal -1 0 0
    outer loop
      vertex -3 70.667 13.4028
      vertex -3 72.596 23.4
      vertex -3 70.7727 13.4069
    endloop
  endfacet
  facet normal -1 0 0
    outer loop
      vertex -3 67.596 23.4
      vertex -3 70.667 13.4028
      vertex -3 70.5652 13.3906
    endloop
  endfacet
  facet normal -1 0 0
    outer loop
      vertex -3 67.596 23.4
      vertex -3 70.5652 13.3906
      vertex -3 70.4671 13.3701
    endloop
  endfacet
  facet normal -1 0 0
    outer loop
      vertex -3 67.596 23.4
      vertex -3 70.4671 13.3701
      vertex -3 70.3729 13.3415
    endloop
  endfacet
  facet normal -1 0 0
    outer loop
      vertex -3 67.596 23.4
      vertex -3 70.3729 13.3415
      vertex -3 70.2825 13.3047
    endloop
  endfacet
  facet normal -1 0 0
    outer loop
      vertex -3 67.596 23.4
      vertex -3 70.2825 13.3047
      vertex -3 70.196 13.2598
    endloop
  endfacet
  facet normal -1 0 0
    outer loop
      vertex -3 67.596 23.4
      vertex -3 70.196 13.2598
      vertex -3 70.1145 13.2072
    endloop
  endfacet
  facet normal -1 0 0
    outer loop
      vertex -3 67.596 23.4
      vertex -3 70.1145 13.2072
      vertex -3 70.0395 13.1476
    endloop
  endfacet
  facet normal -1 0 0
    outer loop
      vertex -3 67.596 23.4
      vertex -3 70.0395 13.1476
      vertex -3 69.9708 13.0809
    endloop
  endfacet
  facet normal -1 0 0
    outer loop
      vertex -3 62.817 23.4
      vertex -3 69.9708 13.0809
      vertex -3 69.9085 13.0071
    endloop
  endfacet
  facet normal -1 0 0
    outer loop
      vertex -3 62.817 23.4
      vertex -3 69.9085 13.0071
      vertex -3 69.8527 12.9263
    endloop
  endfacet
  facet normal -1 0 0
    outer loop
      vertex -3 68.4871 11.3563
      vertex -3 69.8527 12.9263
      vertex -3 69.8032 12.8385
    endloop
  endfacet
  facet normal -1 0 0
    outer loop
      vertex -3 68.4871 11.3563
      vertex -3 69.8032 12.8385
      vertex -3 69.7607 12.7443
    endloop
  endfacet
  facet normal -1 0 0
    outer loop
      vertex -3 68.4871 11.3563
      vertex -3 69.7607 12.7443
      vertex -3 69.726 12.6443
    endloop
  endfacet
  facet normal -1 0 0
    outer loop
      vertex -3 68.4871 11.3563
      vertex -3 69.6682 12.3099
      vertex -3 69.6643 12.187
    endloop
  endfacet
  facet normal -1 0 0
    outer loop
      vertex -3 68.4871 11.3563
      vertex -3 69.6798 12.4271
      vertex -3 69.6682 12.3099
    endloop
  endfacet
  facet normal -1 0 0
    outer loop
      vertex -3 68.4871 11.3563
      vertex -3 69.699 12.5385
      vertex -3 69.6798 12.4271
    endloop
  endfacet
  facet normal -1 0 0
    outer loop
      vertex -3 68.4871 11.3563
      vertex -3 69.726 12.6443
      vertex -3 69.699 12.5385
    endloop
  endfacet
  facet normal -1 -0 0
    outer loop
      vertex -3 69.8527 12.9263
      vertex -3 68.4871 11.3563
      vertex -3 62.817 23.4
    endloop
  endfacet
  facet normal -1 0 0
    outer loop
      vertex -3 62.0164 8.5784
      vertex -3 68.4396 8.61869
      vertex -3 62.0282 8.30738
    endloop
  endfacet
  facet normal -1 -0 0
    outer loop
      vertex -3 68.449 8.39746
      vertex -3 62.0282 8.30738
      vertex -3 68.4396 8.61869
    endloop
  endfacet
  facet normal -1 0 0
    outer loop
      vertex -3 70.667 13.4028
      vertex -3 67.596 23.4
      vertex -3 72.596 23.4
    endloop
  endfacet
  facet normal -1 0 0
    outer loop
      vertex -3 61.9809 8.82821
      vertex -3 68.4494 8.84717
      vertex -3 62.0164 8.5784
    endloop
  endfacet
  facet normal -1 0 0
    outer loop
      vertex -3 81.044 13.8821
      vertex -3 78.241 13.8821
      vertex -3 81.044 14.9644
    endloop
  endfacet
  facet normal -1 0 0
    outer loop
      vertex -3 81.5484 11.2007
      vertex -3 81.5851 12.102
      vertex -3 81.5863 11.0536
    endloop
  endfacet
  facet normal -1 0 0
    outer loop
      vertex -3 81.4998 11.3305
      vertex -3 81.5851 12.102
      vertex -3 81.5484 11.2007
    endloop
  endfacet
  facet normal -1 0 0
    outer loop
      vertex -3 81.4403 11.4432
      vertex -3 81.5851 12.102
      vertex -3 81.4998 11.3305
    endloop
  endfacet
  facet normal -1 0 0
    outer loop
      vertex -3 81.3684 11.541
      vertex -3 81.5851 12.102
      vertex -3 81.4403 11.4432
    endloop
  endfacet
  facet normal -1 0 0
    outer loop
      vertex -3 81.2824 11.6266
      vertex -3 81.5851 12.102
      vertex -3 81.3684 11.541
    endloop
  endfacet
  facet normal -1 0 0
    outer loop
      vertex -3 81.1822 11.6998
      vertex -3 81.5851 12.102
      vertex -3 81.2824 11.6266
    endloop
  endfacet
  facet normal -1 0 0
    outer loop
      vertex -3 81.044 12.102
      vertex -3 81.1822 11.6998
      vertex -3 81.068 11.7607
    endloop
  endfacet
  facet normal -1 0 0
    outer loop
      vertex -3 81.1822 11.6998
      vertex -3 81.044 12.102
      vertex -3 81.5851 12.102
    endloop
  endfacet
  facet normal -1 0 0
    outer loop
      vertex -3 80.9396 11.8093
      vertex -3 81.044 12.102
      vertex -3 81.068 11.7607
    endloop
  endfacet
  facet normal -1 0 0
    outer loop
      vertex -3 80.7971 11.8455
      vertex -3 81.044 12.102
      vertex -3 80.9396 11.8093
    endloop
  endfacet
  facet normal -1 -0 0
    outer loop
      vertex -3 81.044 12.102
      vertex -3 80.7971 11.8455
      vertex -3 81.044 13.1819
    endloop
  endfacet
  facet normal -1 0 0
    outer loop
      vertex -3 80.4739 9.97892
      vertex -3 80.698 9.86083
      vertex -3 80.6584 9.86646
    endloop
  endfacet
  facet normal -1 0 0
    outer loop
      vertex -3 80.4995 9.95093
      vertex -3 80.6584 9.86646
      vertex -3 80.6215 9.87586
    endloop
  endfacet
  facet normal -1 0 0
    outer loop
      vertex -3 80.4995 9.95093
      vertex -3 80.6215 9.87586
      vertex -3 80.5872 9.889
    endloop
  endfacet
  facet normal -1 0 0
    outer loop
      vertex -3 80.4995 9.95093
      vertex -3 80.5872 9.889
      vertex -3 80.5556 9.9059
    endloop
  endfacet
  facet normal -1 0 0
    outer loop
      vertex -3 80.4995 9.95093
      vertex -3 80.5556 9.9059
      vertex -3 80.5265 9.92656
    endloop
  endfacet
  facet normal -1 -0 0
    outer loop
      vertex -3 81.1278 10.3007
      vertex -3 80.3433 10.2461
      vertex -3 80.3197 10.3283
    endloop
  endfacet
  facet normal -1 0 0
    outer loop
      vertex -3 80.6584 9.86646
      vertex -3 80.4995 9.95093
      vertex -3 80.4739 9.97892
    endloop
  endfacet
  facet normal -1 0 0
    outer loop
      vertex -3 80.698 9.86083
      vertex -3 80.4739 9.97892
      vertex -3 80.4497 10.0105
    endloop
  endfacet
  facet normal -1 -0 0
    outer loop
      vertex -3 81.0392 10.018
      vertex -3 80.4497 10.0105
      vertex -3 80.4268 10.0458
    endloop
  endfacet
  facet normal -1 -0 0
    outer loop
      vertex -3 80.8938 11.0875
      vertex -3 80.2394 10.6659
      vertex -3 80.8367 11.1199
    endloop
  endfacet
  facet normal -1 0 0
    outer loop
      vertex -3 81.0946 10.1417
      vertex -3 80.4268 10.0458
      vertex -3 80.4054 10.0846
    endloop
  endfacet
  facet normal -1 0 0
    outer loop
      vertex -3 81.0946 10.1417
      vertex -3 80.4054 10.0846
      vertex -3 80.3853 10.1271
    endloop
  endfacet
  facet normal -1 -0 0
    outer loop
      vertex -3 81.0946 10.1417
      vertex -3 80.3853 10.1271
      vertex -3 80.3651 10.179
    endloop
  endfacet
  facet normal -1 0 0
    outer loop
      vertex -3 81.1278 10.3007
      vertex -3 80.3651 10.179
      vertex -3 80.3433 10.2461
    endloop
  endfacet
  facet normal -1 -0 0
    outer loop
      vertex -3 80.9451 11.0491
      vertex -3 80.2394 10.6659
      vertex -3 80.8938 11.0875
    endloop
  endfacet
  facet normal -1 -0 0
    outer loop
      vertex -3 80.8367 11.1199
      vertex -3 80.2394 10.6659
      vertex -3 80.7736 11.1463
    endloop
  endfacet
  facet normal -1 -0 0
    outer loop
      vertex -3 80.7736 11.1463
      vertex -3 80.2394 10.6659
      vertex -3 80.7045 11.1667
    endloop
  endfacet
  facet normal -1 0 0
    outer loop
      vertex -3 80.2058 10.8189
      vertex -3 80.7045 11.1667
      vertex -3 80.2394 10.6659
    endloop
  endfacet
  facet normal -1 0 0
    outer loop
      vertex -3 80.173 10.9566
      vertex -3 80.7045 11.1667
      vertex -3 80.2058 10.8189
    endloop
  endfacet
  facet normal -1 0 0
    outer loop
      vertex -3 80.1412 11.0792
      vertex -3 80.7045 11.1667
      vertex -3 80.173 10.9566
    endloop
  endfacet
  facet normal -1 0 0
    outer loop
      vertex -3 80.1101 11.1865
      vertex -3 80.7045 11.1667
      vertex -3 80.1412 11.0792
    endloop
  endfacet
  facet normal -1 0 0
    outer loop
      vertex -3 80.08 11.2785
      vertex -3 80.7045 11.1667
      vertex -3 80.1101 11.1865
    endloop
  endfacet
  facet normal -1 0 0
    outer loop
      vertex -3 80.0507 11.3554
      vertex -3 80.7045 11.1667
      vertex -3 80.08 11.2785
    endloop
  endfacet
  facet normal -1 0 0
    outer loop
      vertex -3 80.7045 11.1667
      vertex -3 80.0507 11.3554
      vertex -3 80.7971 11.8455
    endloop
  endfacet
  facet normal -1 0 0
    outer loop
      vertex -3 80.021 11.4222
      vertex -3 80.7971 11.8455
      vertex -3 80.0507 11.3554
    endloop
  endfacet
  facet normal -1 0 0
    outer loop
      vertex -3 79.9898 11.4842
      vertex -3 80.7971 11.8455
      vertex -3 80.021 11.4222
    endloop
  endfacet
  facet normal -1 0 0
    outer loop
      vertex -3 79.9569 11.5414
      vertex -3 80.7971 11.8455
      vertex -3 79.9898 11.4842
    endloop
  endfacet
  facet normal -1 0 0
    outer loop
      vertex -3 79.9225 11.5938
      vertex -3 80.7971 11.8455
      vertex -3 79.9569 11.5414
    endloop
  endfacet
  facet normal -1 0 0
    outer loop
      vertex -3 79.8865 11.6413
      vertex -3 80.7971 11.8455
      vertex -3 79.9225 11.5938
    endloop
  endfacet
  facet normal -1 0 0
    outer loop
      vertex -3 79.849 11.6841
      vertex -3 80.7971 11.8455
      vertex -3 79.8865 11.6413
    endloop
  endfacet
  facet normal -1 0 0
    outer loop
      vertex -3 79.8093 11.7228
      vertex -3 80.7971 11.8455
      vertex -3 79.849 11.6841
    endloop
  endfacet
  facet normal -1 0 0
    outer loop
      vertex -3 79.7672 11.7585
      vertex -3 80.7971 11.8455
      vertex -3 79.8093 11.7228
    endloop
  endfacet
  facet normal -1 0 0
    outer loop
      vertex -3 79.7225 11.7909
      vertex -3 80.7971 11.8455
      vertex -3 79.7672 11.7585
    endloop
  endfacet
  facet normal -1 -0 0
    outer loop
      vertex -3 80.7971 11.8455
      vertex -3 79.7225 11.7909
      vertex -3 81.044 13.1819
    endloop
  endfacet
  facet normal -1 0 0
    outer loop
      vertex -3 79.6754 11.8202
      vertex -3 81.044 13.1819
      vertex -3 79.7225 11.7909
    endloop
  endfacet
  facet normal -1 0 0
    outer loop
      vertex -3 79.6258 11.8463
      vertex -3 81.044 13.1819
      vertex -3 79.6754 11.8202
    endloop
  endfacet
  facet normal -1 0 0
    outer loop
      vertex -3 79.5736 11.8692
      vertex -3 81.044 13.1819
      vertex -3 79.6258 11.8463
    endloop
  endfacet
  facet normal -1 0 0
    outer loop
      vertex -3 79.5189 11.8888
      vertex -3 81.044 13.1819
      vertex -3 79.5736 11.8692
    endloop
  endfacet
  facet normal -1 0 0
    outer loop
      vertex -3 79.4614 11.9048
      vertex -3 81.044 13.1819
      vertex -3 79.5189 11.8888
    endloop
  endfacet
  facet normal -1 0 0
    outer loop
      vertex -3 79.4012 11.9173
      vertex -3 81.044 13.1819
      vertex -3 79.4614 11.9048
    endloop
  endfacet
  facet normal -1 0 0
    outer loop
      vertex -3 78.241 13.1819
      vertex -3 79.4012 11.9173
      vertex -3 79.3384 11.9262
    endloop
  endfacet
  facet normal -1 0 0
    outer loop
      vertex -3 78.241 13.1819
      vertex -3 79.3384 11.9262
      vertex -3 79.2728 11.9315
    endloop
  endfacet
  facet normal -1 0 0
    outer loop
      vertex -3 78.241 13.1819
      vertex -3 79.2728 11.9315
      vertex -3 79.2046 11.9333
    endloop
  endfacet
  facet normal -1 0 0
    outer loop
      vertex -3 78.241 13.1819
      vertex -3 79.2046 11.9333
      vertex -3 79.0472 11.9232
    endloop
  endfacet
  facet normal -1 0 0
    outer loop
      vertex -3 78.241 13.1819
      vertex -3 79.0472 11.9232
      vertex -3 78.9027 11.8928
    endloop
  endfacet
  facet normal -1 0 0
    outer loop
      vertex -3 78.241 13.1819
      vertex -3 78.9027 11.8928
      vertex -3 78.7711 11.8422
    endloop
  endfacet
  facet normal -1 0 0
    outer loop
      vertex -3 79.4012 11.9173
      vertex -3 78.241 13.1819
      vertex -3 81.044 13.1819
    endloop
  endfacet
  facet normal -1 0 0
    outer loop
      vertex -3 78.6523 11.7714
      vertex -3 78.241 13.1819
      vertex -3 78.7711 11.8422
    endloop
  endfacet
  facet normal -1 0 0
    outer loop
      vertex -3 78.5464 11.6803
      vertex -3 78.241 13.1819
      vertex -3 78.6523 11.7714
    endloop
  endfacet
  facet normal -1 0 0
    outer loop
      vertex -3 78.4534 11.569
      vertex -3 78.241 13.1819
      vertex -3 78.5464 11.6803
    endloop
  endfacet
  facet normal -1 0 0
    outer loop
      vertex -3 78.3739 11.4381
      vertex -3 78.241 13.1819
      vertex -3 78.4534 11.569
    endloop
  endfacet
  facet normal -1 0 0
    outer loop
      vertex -3 78.309 11.2882
      vertex -3 78.241 13.1819
      vertex -3 78.3739 11.4381
    endloop
  endfacet
  facet normal -1 0 0
    outer loop
      vertex -3 78.2585 11.1195
      vertex -3 78.241 13.1819
      vertex -3 78.309 11.2882
    endloop
  endfacet
  facet normal -1 0 0
    outer loop
      vertex -3 78.2007 10.7253
      vertex -3 78.241 13.1819
      vertex -3 78.2224 10.9318
    endloop
  endfacet
  facet normal -1 0 0
    outer loop
      vertex -3 78.2224 10.9318
      vertex -3 78.241 13.1819
      vertex -3 78.2585 11.1195
    endloop
  endfacet
  facet normal -1 0 0
    outer loop
      vertex -3 128 -0.2
      vertex -3 82.375 23.4
      vertex -3 128 34.5
    endloop
  endfacet
  facet normal -1 0 0
    outer loop
      vertex -3 81.6295 10.7079
      vertex -3 128 -0.2
      vertex -3 81.6349 10.5092
    endloop
  endfacet
  facet normal -1 0 0
    outer loop
      vertex -3 128 -0.2
      vertex -3 81.6283 10.3011
      vertex -3 81.6349 10.5092
    endloop
  endfacet
  facet normal -1 0 0
    outer loop
      vertex -3 81.5851 7.44887
      vertex -3 81.6283 10.3011
      vertex -3 128 -0.2
    endloop
  endfacet
  facet normal -1 0 0
    outer loop
      vertex -3 81.5851 7.44887
      vertex -3 128 -0.2
      vertex -3 81.5851 5.77797
    endloop
  endfacet
  facet normal -1 0 0
    outer loop
      vertex -3 128 -0.2
      vertex -3 78.241 5.77797
      vertex -3 81.5851 5.77797
    endloop
  endfacet
  facet normal -1 0 0
    outer loop
      vertex -3 71.8313 7.19464
      vertex -3 78.241 6.47815
      vertex -3 78.241 5.77797
    endloop
  endfacet
  facet normal -1 0 0
    outer loop
      vertex -3 78.241 6.47815
      vertex -3 71.8313 7.19464
      vertex -3 78.241 8.07547
    endloop
  endfacet
  facet normal -1 0 0
    outer loop
      vertex -3 71.8313 7.89482
      vertex -3 78.241 8.07547
      vertex -3 71.8313 7.19464
    endloop
  endfacet
  facet normal -1 -0 0
    outer loop
      vertex -3 78.241 8.07547
      vertex -3 71.8313 7.89482
      vertex -3 78.241 8.86347
    endloop
  endfacet
  facet normal -1 0 0
    outer loop
      vertex -3 71.8313 9.41617
      vertex -3 78.241 8.86347
      vertex -3 71.8313 7.89482
    endloop
  endfacet
  facet normal -1 0 0
    outer loop
      vertex -3 78.241 8.86347
      vertex -3 71.8313 9.41617
      vertex -3 78.2188 10.1018
    endloop
  endfacet
  facet normal -1 0 0
    outer loop
      vertex -3 77.375 23.4
      vertex -3 72.596 23.4
      vertex -3 77.375 34.5
    endloop
  endfacet
  facet normal -1 0 0
    outer loop
      vertex -3 71.8313 10.1163
      vertex -3 78.2188 10.1018
      vertex -3 71.8313 9.41617
    endloop
  endfacet
  facet normal -1 0 0
    outer loop
      vertex -3 78.1935 10.4997
      vertex -3 72.596 23.4
      vertex -3 77.375 23.4
    endloop
  endfacet
  facet normal -1 0 0
    outer loop
      vertex -3 78.241 5.77797
      vertex -3 69.7403 7.19464
      vertex -3 71.8313 7.19464
    endloop
  endfacet
  facet normal -1 0 0
    outer loop
      vertex -3 78.241 5.77797
      vertex -3 69.5395 7.20484
      vertex -3 69.7403 7.19464
    endloop
  endfacet
  facet normal -1 0 0
    outer loop
      vertex -3 68.4771 8.19425
      vertex -3 62.0282 8.30738
      vertex -3 68.449 8.39746
    endloop
  endfacet
  facet normal -1 0 0
    outer loop
      vertex -3 67.596 23.4
      vertex -3 62.817 23.4
      vertex -3 67.596 34.5
    endloop
  endfacet
  facet normal -1 0 0
    outer loop
      vertex -3 69.9708 13.0809
      vertex -3 62.817 23.4
      vertex -3 67.596 23.4
    endloop
  endfacet
  facet normal -1 0 0
    outer loop
      vertex -3 62.0282 8.30738
      vertex -3 68.4771 8.19425
      vertex -3 62.0282 7.0969
    endloop
  endfacet
  facet normal -1 0 0
    outer loop
      vertex -3 62.0282 7.0969
      vertex -3 68.4771 8.19425
      vertex -3 68.5239 8.00902
    endloop
  endfacet
  facet normal -1 0 0
    outer loop
      vertex -3 68.4785 9.05791
      vertex -3 62.0282 10.5252
      vertex -3 68.4871 10.6561
    endloop
  endfacet
  facet normal -1 -0 0
    outer loop
      vertex -3 68.5894 7.8418
      vertex -3 62.0282 7.0969
      vertex -3 68.5239 8.00902
    endloop
  endfacet
  facet normal -1 -0 0
    outer loop
      vertex -3 68.6737 7.69257
      vertex -3 62.0282 7.0969
      vertex -3 68.5894 7.8418
    endloop
  endfacet
  facet normal -1 -0 0
    outer loop
      vertex -3 68.7766 7.56134
      vertex -3 62.0282 7.0969
      vertex -3 68.6737 7.69257
    endloop
  endfacet
  facet normal -1 -0 0
    outer loop
      vertex -3 68.8971 7.4493
      vertex -3 62.0282 7.0969
      vertex -3 68.7766 7.56134
    endloop
  endfacet
  facet normal -1 -0 0
    outer loop
      vertex -3 69.0335 7.35762
      vertex -3 62.0282 7.0969
      vertex -3 68.8971 7.4493
    endloop
  endfacet
  facet normal -1 -0 0
    outer loop
      vertex -3 69.1861 7.28632
      vertex -3 62.0282 7.0969
      vertex -3 69.0335 7.35762
    endloop
  endfacet
  facet normal -1 -0 0
    outer loop
      vertex -3 69.3547 7.23539
      vertex -3 62.0282 7.0969
      vertex -3 69.1861 7.28632
    endloop
  endfacet
  facet normal -1 -0 0
    outer loop
      vertex -3 69.5395 7.20484
      vertex -3 62.0282 7.0969
      vertex -3 69.3547 7.23539
    endloop
  endfacet
  facet normal -1 0 0
    outer loop
      vertex -3 78.241 5.77797
      vertex -3 62.0282 7.0969
      vertex -3 69.5395 7.20484
    endloop
  endfacet
  facet normal -1 0 0
    outer loop
      vertex -3 51.7401 5.48052
      vertex -3 78.241 5.77797
      vertex -3 128 -0.2
    endloop
  endfacet
  facet normal -1 -0 0
    outer loop
      vertex -3 78.241 5.77797
      vertex -3 51.7401 5.48052
      vertex -3 62.0282 7.0969
    endloop
  endfacet
  facet normal -1 0 0
    outer loop
      vertex -3 51.7401 7.70203
      vertex -3 58.684 7.0969
      vertex -3 51.7401 6.1807
    endloop
  endfacet
  facet normal -1 0 0
    outer loop
      vertex -3 58.7351 8.90221
      vertex -3 51.7632 9.84589
      vertex -3 58.684 10.5252
    endloop
  endfacet
  facet normal -1 0 -0
    outer loop
      vertex -3 51.7833 10.0368
      vertex -3 58.684 10.5252
      vertex -3 51.7632 9.84589
    endloop
  endfacet
  facet normal -1 0 0
    outer loop
      vertex -3 51.7845 10.4437
      vertex -3 58.684 10.5252
      vertex -3 51.7899 10.245
    endloop
  endfacet
  facet normal -1 0 0
    outer loop
      vertex -3 58.684 11.147
      vertex -3 55.03 15.17
      vertex -3 58.684 12.5615
    endloop
  endfacet
  facet normal -1 0 0
    outer loop
      vertex -3 55.03 34.5
      vertex -3 57.817 23.4
      vertex -3 55.03 15.17
    endloop
  endfacet
  facet normal -1 0 0
    outer loop
      vertex -3 58.684 13.3828
      vertex -3 55.03 15.17
      vertex -3 57.817 23.4
    endloop
  endfacet
  facet normal -1 0 0
    outer loop
      vertex -3 58.684 12.5615
      vertex -3 55.03 15.17
      vertex -3 58.684 13.3828
    endloop
  endfacet
  facet normal -1 -0 0
    outer loop
      vertex -3 58.684 10.5252
      vertex -3 51.7845 10.4437
      vertex -3 58.684 11.147
    endloop
  endfacet
  facet normal -1 0 -0
    outer loop
      vertex -3 51.7899 10.245
      vertex -3 58.684 10.5252
      vertex -3 51.7833 10.0368
    endloop
  endfacet
  facet normal -1 0 0
    outer loop
      vertex -3 51.7401 6.1807
      vertex -3 58.684 7.0969
      vertex -3 51.7401 5.48052
    endloop
  endfacet
  facet normal -1 -0 0
    outer loop
      vertex -3 62.0282 7.0969
      vertex -3 51.7401 5.48052
      vertex -3 58.684 7.0969
    endloop
  endfacet
  facet normal -1 0 0
    outer loop
      vertex -3 0 -0.2
      vertex -3 51.7401 5.48052
      vertex -3 128 -0.2
    endloop
  endfacet
  facet normal -1 -0 0
    outer loop
      vertex -3 51.7401 5.48052
      vertex -3 0 -0.2
      vertex -3 49.6491 5.48052
    endloop
  endfacet
  facet normal -1 0 0
    outer loop
      vertex -3 48.3548 10.0288
      vertex -3 45.03 15.17
      vertex -3 48.3485 10.2355
    endloop
  endfacet
  facet normal -1 0 0
    outer loop
      vertex -3 48.3578 6.68334
      vertex -3 45.03 15.17
      vertex -3 48.3485 6.90456
    endloop
  endfacet
  facet normal -1 0 0
    outer loop
      vertex -3 48.3859 6.48012
      vertex -3 45.03 15.17
      vertex -3 48.3578 6.68334
    endloop
  endfacet
  facet normal -1 0 0
    outer loop
      vertex -3 0 -0.2
      vertex -3 48.3859 6.48012
      vertex -3 48.4327 6.2949
    endloop
  endfacet
  facet normal -1 -0 0
    outer loop
      vertex -3 49.6491 5.48052
      vertex -3 0 -0.2
      vertex -3 49.4483 5.49071
    endloop
  endfacet
  facet normal -1 0 0
    outer loop
      vertex -3 0 -0.2
      vertex -3 49.2636 5.52126
      vertex -3 49.4483 5.49071
    endloop
  endfacet
  facet normal -1 0 0
    outer loop
      vertex -3 0 -0.2
      vertex -3 49.0949 5.57219
      vertex -3 49.2636 5.52126
    endloop
  endfacet
  facet normal -1 0 0
    outer loop
      vertex -3 0 -0.2
      vertex -3 48.9424 5.6435
      vertex -3 49.0949 5.57219
    endloop
  endfacet
  facet normal -1 0 0
    outer loop
      vertex -3 0 -0.2
      vertex -3 48.8059 5.73517
      vertex -3 48.9424 5.6435
    endloop
  endfacet
  facet normal -1 0 0
    outer loop
      vertex -3 0 -0.2
      vertex -3 48.6855 5.84722
      vertex -3 48.8059 5.73517
    endloop
  endfacet
  facet normal -1 0 0
    outer loop
      vertex -3 0 -0.2
      vertex -3 48.5825 5.97844
      vertex -3 48.6855 5.84722
    endloop
  endfacet
  facet normal -1 0 0
    outer loop
      vertex -3 0 -0.2
      vertex -3 48.4983 6.12767
      vertex -3 48.5825 5.97844
    endloop
  endfacet
  facet normal -1 0 0
    outer loop
      vertex -3 0 -0.2
      vertex -3 48.4327 6.2949
      vertex -3 48.4983 6.12767
    endloop
  endfacet
  facet normal -1 -0 0
    outer loop
      vertex -3 48.3859 6.48012
      vertex -3 0 -0.2
      vertex -3 45.03 15.17
    endloop
  endfacet
  facet normal -1 0 0
    outer loop
      vertex -3 0 34.5
      vertex -3 45.03 15.17
      vertex -3 0 -0.2
    endloop
  endfacet
  facet normal -1 0 0
    outer loop
      vertex -3 45.03 15.17
      vertex -3 0 34.5
      vertex -3 45.03 34.5
    endloop
  endfacet
  facet normal -1 -0 0
    outer loop
      vertex -3 128 34.5
      vertex -3 82.375 23.4
      vertex -3 82.375 34.5
    endloop
  endfacet
  facet normal -1 0 0
    outer loop
      vertex -3 81.5851 12.102
      vertex -3 128 -0.2
      vertex -3 81.6295 10.7079
    endloop
  endfacet
  facet normal -1 0 0
    outer loop
      vertex -3 81.5851 12.102
      vertex -3 81.6295 10.7079
      vertex -3 81.6133 10.8894
    endloop
  endfacet
  facet normal -1 0 0
    outer loop
      vertex -3 81.5851 12.102
      vertex -3 81.6133 10.8894
      vertex -3 81.5863 11.0536
    endloop
  endfacet
  facet normal -1 0 0
    outer loop
      vertex -3 81.5851 14.9644
      vertex -3 128 -0.2
      vertex -3 81.5851 12.102
    endloop
  endfacet
  facet normal -1 0 0
    outer loop
      vertex -3 128 -0.2
      vertex -3 81.5851 14.9644
      vertex -3 82.375 23.4
    endloop
  endfacet
  facet normal -1 0 0
    outer loop
      vertex -3 81.044 14.9644
      vertex -3 82.375 23.4
      vertex -3 81.5851 14.9644
    endloop
  endfacet
  facet normal -1 0 0
    outer loop
      vertex -3 77.375 23.4
      vertex -3 81.044 14.9644
      vertex -3 78.241 13.8821
    endloop
  endfacet
  facet normal -1 -0 0
    outer loop
      vertex -3 78.241 13.1819
      vertex -3 78.2007 10.7253
      vertex -3 78.241 13.8821
    endloop
  endfacet
  facet normal -1 0 0
    outer loop
      vertex -3 78.1935 10.4997
      vertex -3 78.241 13.8821
      vertex -3 78.2007 10.7253
    endloop
  endfacet
  facet normal -1 0 0
    outer loop
      vertex -3 81.044 14.9644
      vertex -3 77.375 23.4
      vertex -3 82.375 23.4
    endloop
  endfacet
  facet normal -1 0 0
    outer loop
      vertex -3 77.375 23.4
      vertex -3 78.241 13.8821
      vertex -3 78.1935 10.4997
    endloop
  endfacet
  facet normal -1 0 0
    outer loop
      vertex -3 81.578 7.64066
      vertex -3 81.6283 10.3011
      vertex -3 81.5851 7.44887
    endloop
  endfacet
  facet normal -1 0 0
    outer loop
      vertex -3 81.6283 10.3011
      vertex -3 81.578 7.64066
      vertex -3 81.6082 10.1101
    endloop
  endfacet
  facet normal -1 0 0
    outer loop
      vertex -3 81.5565 7.8173
      vertex -3 81.6082 10.1101
      vertex -3 81.578 7.64066
    endloop
  endfacet
  facet normal -1 0 0
    outer loop
      vertex -3 81.6082 10.1101
      vertex -3 81.5565 7.8173
      vertex -3 81.5747 9.93637
    endloop
  endfacet
  facet normal -1 0 0
    outer loop
      vertex -3 81.5207 7.97875
      vertex -3 81.5747 9.93637
      vertex -3 81.5565 7.8173
    endloop
  endfacet
  facet normal -1 0 0
    outer loop
      vertex -3 81.5747 9.93637
      vertex -3 81.5207 7.97875
      vertex -3 81.5279 9.77983
    endloop
  endfacet
  facet normal -1 0 0
    outer loop
      vertex -3 81.4707 8.12505
      vertex -3 81.5279 9.77983
      vertex -3 81.5207 7.97875
    endloop
  endfacet
  facet normal -1 0 0
    outer loop
      vertex -3 81.4707 8.12505
      vertex -3 81.4677 9.64049
      vertex -3 81.5279 9.77983
    endloop
  endfacet
  facet normal -1 0 0
    outer loop
      vertex -3 81.4063 8.25617
      vertex -3 81.4677 9.64049
      vertex -3 81.4707 8.12505
    endloop
  endfacet
  facet normal -1 0 0
    outer loop
      vertex -3 81.4063 8.25617
      vertex -3 81.394 9.51836
      vertex -3 81.4677 9.64049
    endloop
  endfacet
  facet normal -1 0 0
    outer loop
      vertex -3 81.3276 8.37214
      vertex -3 81.394 9.51836
      vertex -3 81.4063 8.25617
    endloop
  endfacet
  facet normal -1 0 0
    outer loop
      vertex -3 81.3276 8.37214
      vertex -3 81.3078 9.4143
      vertex -3 81.394 9.51836
    endloop
  endfacet
  facet normal -1 0 0
    outer loop
      vertex -3 81.2355 8.4715
      vertex -3 81.3078 9.4143
      vertex -3 81.3276 8.37214
    endloop
  endfacet
  facet normal -1 0 0
    outer loop
      vertex -3 81.2355 8.4715
      vertex -3 81.2098 9.32915
      vertex -3 81.3078 9.4143
    endloop
  endfacet
  facet normal -1 0 0
    outer loop
      vertex -3 81.131 8.5528
      vertex -3 81.2098 9.32915
      vertex -3 81.2355 8.4715
    endloop
  endfacet
  facet normal -1 0 0
    outer loop
      vertex -3 81.131 8.5528
      vertex -3 81.1 9.26293
      vertex -3 81.2098 9.32915
    endloop
  endfacet
  facet normal -1 0 0
    outer loop
      vertex -3 81.014 8.61603
      vertex -3 81.1 9.26293
      vertex -3 81.131 8.5528
    endloop
  endfacet
  facet normal -1 0 0
    outer loop
      vertex -3 81.014 8.61603
      vertex -3 80.9784 9.21563
      vertex -3 81.1 9.26293
    endloop
  endfacet
  facet normal -1 0 0
    outer loop
      vertex -3 80.8846 8.6612
      vertex -3 80.9784 9.21563
      vertex -3 81.014 8.61603
    endloop
  endfacet
  facet normal -1 0 0
    outer loop
      vertex -3 80.8846 8.6612
      vertex -3 80.845 9.18724
      vertex -3 80.9784 9.21563
    endloop
  endfacet
  facet normal -1 0 0
    outer loop
      vertex -3 80.7426 8.6883
      vertex -3 80.845 9.18724
      vertex -3 80.8846 8.6612
    endloop
  endfacet
  facet normal -1 0 0
    outer loop
      vertex -3 80.7426 8.6883
      vertex -3 80.6998 9.17778
      vertex -3 80.845 9.18724
    endloop
  endfacet
  facet normal -1 0 0
    outer loop
      vertex -3 80.5883 8.69733
      vertex -3 80.6998 9.17778
      vertex -3 80.7426 8.6883
    endloop
  endfacet
  facet normal -1 -0 0
    outer loop
      vertex -3 80.6998 9.17778
      vertex -3 80.5883 8.69733
      vertex -3 80.6416 9.17907
    endloop
  endfacet
  facet normal -1 0 0
    outer loop
      vertex -3 80.5883 8.69733
      vertex -3 80.5856 9.18293
      vertex -3 80.6416 9.17907
    endloop
  endfacet
  facet normal -1 0 0
    outer loop
      vertex -3 80.5883 8.69733
      vertex -3 80.5319 9.18935
      vertex -3 80.5856 9.18293
    endloop
  endfacet
  facet normal -1 0 0
    outer loop
      vertex -3 80.4738 8.69179
      vertex -3 80.5319 9.18935
      vertex -3 80.5883 8.69733
    endloop
  endfacet
  facet normal -1 -0 0
    outer loop
      vertex -3 80.5319 9.18935
      vertex -3 80.4738 8.69179
      vertex -3 80.4804 9.19834
    endloop
  endfacet
  facet normal -1 0 0
    outer loop
      vertex -3 80.4738 8.69179
      vertex -3 80.4312 9.2099
      vertex -3 80.4804 9.19834
    endloop
  endfacet
  facet normal -1 0 0
    outer loop
      vertex -3 80.3648 8.67517
      vertex -3 80.4312 9.2099
      vertex -3 80.4738 8.69179
    endloop
  endfacet
  facet normal -1 -0 0
    outer loop
      vertex -3 80.4312 9.2099
      vertex -3 80.3648 8.67517
      vertex -3 80.3842 9.22405
    endloop
  endfacet
  facet normal -1 0 0
    outer loop
      vertex -3 80.3648 8.67517
      vertex -3 80.3393 9.2405
      vertex -3 80.3842 9.22405
    endloop
  endfacet
  facet normal -1 0 0
    outer loop
      vertex -3 80.261 8.64748
      vertex -3 80.3393 9.2405
      vertex -3 80.3648 8.67517
    endloop
  endfacet
  facet normal -1 -0 0
    outer loop
      vertex -3 80.3393 9.2405
      vertex -3 80.261 8.64748
      vertex -3 80.2963 9.25898
    endloop
  endfacet
  facet normal -1 0 0
    outer loop
      vertex -3 80.261 8.64748
      vertex -3 80.2554 9.27951
      vertex -3 80.2963 9.25898
    endloop
  endfacet
  facet normal -1 0 0
    outer loop
      vertex -3 80.1626 8.60871
      vertex -3 80.2554 9.27951
      vertex -3 80.261 8.64748
    endloop
  endfacet
  facet normal -1 -0 0
    outer loop
      vertex -3 80.2554 9.27951
      vertex -3 80.1626 8.60871
      vertex -3 80.2164 9.3021
    endloop
  endfacet
  facet normal -1 -0 0
    outer loop
      vertex -3 80.2164 9.3021
      vertex -3 80.1626 8.60871
      vertex -3 80.1794 9.32671
    endloop
  endfacet
  facet normal -1 0 0
    outer loop
      vertex -3 80.0695 8.55886
      vertex -3 80.1794 9.32671
      vertex -3 80.1626 8.60871
    endloop
  endfacet
  facet normal -1 -0 0
    outer loop
      vertex -3 80.1794 9.32671
      vertex -3 80.0695 8.55886
      vertex -3 80.1444 9.35337
    endloop
  endfacet
  facet normal -1 -0 0
    outer loop
      vertex -3 80.1444 9.35337
      vertex -3 80.0695 8.55886
      vertex -3 80.1112 9.38205
    endloop
  endfacet
  facet normal -1 -0 0
    outer loop
      vertex -3 80.1112 9.38205
      vertex -3 80.0695 8.55886
      vertex -3 80.0797 9.41272
    endloop
  endfacet
  facet normal -1 0 0
    outer loop
      vertex -3 79.9818 8.49793
      vertex -3 80.0797 9.41272
      vertex -3 80.0695 8.55886
    endloop
  endfacet
  facet normal -1 0 0
    outer loop
      vertex -3 79.112 9.02112
      vertex -3 80.0797 9.41272
      vertex -3 79.9818 8.49793
    endloop
  endfacet
  facet normal -1 -0 0
    outer loop
      vertex -3 80.0498 9.44535
      vertex -3 79.112 9.02112
      vertex -3 80.0215 9.47997
    endloop
  endfacet
  facet normal -1 -0 0
    outer loop
      vertex -3 80.0797 9.41272
      vertex -3 79.112 9.02112
      vertex -3 80.0498 9.44535
    endloop
  endfacet
  facet normal -1 -0 0
    outer loop
      vertex -3 80.0215 9.47997
      vertex -3 79.112 9.02112
      vertex -3 79.9949 9.51654
    endloop
  endfacet
  facet normal -1 -0 0
    outer loop
      vertex -3 79.9949 9.51654
      vertex -3 79.112 9.02112
      vertex -3 79.97 9.55512
    endloop
  endfacet
  facet normal -1 0 -0
    outer loop
      vertex -3 79.2235 9.69756
      vertex -3 79.97 9.55512
      vertex -3 79.112 9.02112
    endloop
  endfacet
  facet normal -1 0 0
    outer loop
      vertex -3 79.97 9.55512
      vertex -3 79.2235 9.69756
      vertex -3 79.9464 9.59546
    endloop
  endfacet
  facet normal -1 0 0
    outer loop
      vertex -3 79.112 9.02112
      vertex -3 79.9818 8.49793
      vertex -3 79.9016 8.42759
    endloop
  endfacet
  facet normal -1 0 0
    outer loop
      vertex -3 79.9464 9.59546
      vertex -3 79.2235 9.69756
      vertex -3 79.9238 9.63739
    endloop
  endfacet
  facet normal -1 0 0
    outer loop
      vertex -3 79.9238 9.63739
      vertex -3 79.2235 9.69756
      vertex -3 79.9023 9.68091
    endloop
  endfacet
  facet normal -1 0 0
    outer loop
      vertex -3 79.9023 9.68091
      vertex -3 79.2235 9.69756
      vertex -3 79.8819 9.726
    endloop
  endfacet
  facet normal -1 0 0
    outer loop
      vertex -3 79.112 9.02112
      vertex -3 79.9016 8.42759
      vertex -3 79.8311 8.34946
    endloop
  endfacet
  facet normal -1 -0 0
    outer loop
      vertex -3 79.8819 9.726
      vertex -3 79.2235 9.69756
      vertex -3 79.8625 9.77268
    endloop
  endfacet
  facet normal -1 -0 0
    outer loop
      vertex -3 79.8625 9.77268
      vertex -3 79.2235 9.69756
      vertex -3 79.8442 9.82094
    endloop
  endfacet
  facet normal -1 -0 0
    outer loop
      vertex -3 79.8442 9.82094
      vertex -3 79.2235 9.69756
      vertex -3 79.8254 9.87633
    endloop
  endfacet
  facet normal -1 0 0
    outer loop
      vertex -3 79.112 9.02112
      vertex -3 79.8311 8.34946
      vertex -3 79.7703 8.26357
    endloop
  endfacet
  facet normal -1 -0 0
    outer loop
      vertex -3 79.8254 9.87633
      vertex -3 79.2235 9.69756
      vertex -3 79.8048 9.94437
    endloop
  endfacet
  facet normal -1 -0 0
    outer loop
      vertex -3 79.8048 9.94437
      vertex -3 79.2235 9.69756
      vertex -3 79.7822 10.0251
    endloop
  endfacet
  facet normal -1 0 0
    outer loop
      vertex -3 79.112 9.02112
      vertex -3 79.7703 8.26357
      vertex -3 79.7192 8.16988
    endloop
  endfacet
  facet normal -1 -0 0
    outer loop
      vertex -3 79.7577 10.1184
      vertex -3 79.2235 9.69756
      vertex -3 79.7313 10.2244
    endloop
  endfacet
  facet normal -1 0 0
    outer loop
      vertex -3 79.112 9.02112
      vertex -3 79.7192 8.16988
      vertex -3 79.6778 8.06842
    endloop
  endfacet
  facet normal -1 0 0
    outer loop
      vertex -3 79.139 9.72412
      vertex -3 79.7313 10.2244
      vertex -3 79.2235 9.69756
    endloop
  endfacet
  facet normal -1 0 0
    outer loop
      vertex -3 79.0625 9.75794
      vertex -3 79.7313 10.2244
      vertex -3 79.139 9.72412
    endloop
  endfacet
  facet normal -1 0 0
    outer loop
      vertex -3 79.112 9.02112
      vertex -3 79.6778 8.06842
      vertex -3 79.646 7.95917
    endloop
  endfacet
  facet normal -1 -0 0
    outer loop
      vertex -3 79.7313 10.2244
      vertex -3 79.0625 9.75794
      vertex -3 79.703 10.3431
    endloop
  endfacet
  facet normal -1 0 0
    outer loop
      vertex -3 78.9942 9.79902
      vertex -3 79.703 10.3431
      vertex -3 79.0625 9.75794
    endloop
  endfacet
  facet normal -1 0 0
    outer loop
      vertex -3 78.934 9.84732
      vertex -3 79.703 10.3431
      vertex -3 78.9942 9.79902
    endloop
  endfacet
  facet normal -1 0 0
    outer loop
      vertex -3 78.8819 9.90291
      vertex -3 79.703 10.3431
      vertex -3 78.934 9.84732
    endloop
  endfacet
  facet normal -1 0 0
    outer loop
      vertex -3 78.7213 10.4052
      vertex -3 79.6744 10.4801
      vertex -3 78.7313 10.3001
    endloop
  endfacet
  facet normal -1 -0 0
    outer loop
      vertex -3 79.6473 10.6014
      vertex -3 78.718 10.5188
      vertex -3 79.6217 10.7071
    endloop
  endfacet
  facet normal -1 0 -0
    outer loop
      vertex -3 78.7304 10.7428
      vertex -3 79.6217 10.7071
      vertex -3 78.718 10.5188
    endloop
  endfacet
  facet normal -1 0 0
    outer loop
      vertex -3 79.6217 10.7071
      vertex -3 78.7304 10.7428
      vertex -3 79.5975 10.7972
    endloop
  endfacet
  facet normal -1 -0 0
    outer loop
      vertex -3 79.5747 10.8717
      vertex -3 78.7304 10.7428
      vertex -3 79.5535 10.9305
    endloop
  endfacet
  facet normal -1 0 -0
    outer loop
      vertex -3 78.7676 10.9262
      vertex -3 79.5535 10.9305
      vertex -3 78.7304 10.7428
    endloop
  endfacet
  facet normal -1 -0 0
    outer loop
      vertex -3 79.5535 10.9305
      vertex -3 78.7676 10.9262
      vertex -3 79.532 10.9796
    endloop
  endfacet
  facet normal -1 -0 0
    outer loop
      vertex -3 79.532 10.9796
      vertex -3 78.7676 10.9262
      vertex -3 79.5089 11.0249
    endloop
  endfacet
  facet normal -1 0 -0
    outer loop
      vertex -3 78.8295 11.0688
      vertex -3 79.484 11.0664
      vertex -3 78.7676 10.9262
    endloop
  endfacet
  facet normal -1 0 0
    outer loop
      vertex -3 79.484 11.0664
      vertex -3 78.8295 11.0688
      vertex -3 79.4575 11.1041
    endloop
  endfacet
  facet normal -1 0 -0
    outer loop
      vertex -3 79.1642 11.2521
      vertex -3 79.4575 11.1041
      vertex -3 78.8295 11.0688
    endloop
  endfacet
  facet normal -1 -0 0
    outer loop
      vertex -3 79.7822 10.0251
      vertex -3 79.2235 9.69756
      vertex -3 79.7577 10.1184
    endloop
  endfacet
  facet normal -1 0 0
    outer loop
      vertex -3 78.241 8.86347
      vertex -3 79.112 9.02112
      vertex -3 79.646 7.95917
    endloop
  endfacet
  facet normal -1 -0 0
    outer loop
      vertex -3 79.112 9.02112
      vertex -3 78.241 8.86347
      vertex -3 78.9642 9.06318
    endloop
  endfacet
  facet normal -1 -0 0
    outer loop
      vertex -3 78.9642 9.06318
      vertex -3 78.241 8.86347
      vertex -3 78.8296 9.11975
    endloop
  endfacet
  facet normal -1 -0 0
    outer loop
      vertex -3 78.8296 9.11975
      vertex -3 78.241 8.86347
      vertex -3 78.7079 9.19083
    endloop
  endfacet
  facet normal -1 -0 0
    outer loop
      vertex -3 78.7079 9.19083
      vertex -3 78.241 8.86347
      vertex -3 78.5993 9.2764
    endloop
  endfacet
  facet normal -1 -0 0
    outer loop
      vertex -3 78.5993 9.2764
      vertex -3 78.241 8.86347
      vertex -3 78.5038 9.37648
    endloop
  endfacet
  facet normal -1 0 0
    outer loop
      vertex -3 78.241 8.86347
      vertex -3 78.4213 9.49106
      vertex -3 78.5038 9.37648
    endloop
  endfacet
  facet normal -1 0 0
    outer loop
      vertex -3 78.241 8.86347
      vertex -3 78.3517 9.62061
      vertex -3 78.4213 9.49106
    endloop
  endfacet
  facet normal -1 0 0
    outer loop
      vertex -3 78.241 8.86347
      vertex -3 78.2948 9.76558
      vertex -3 78.3517 9.62061
    endloop
  endfacet
  facet normal -1 0 0
    outer loop
      vertex -3 78.241 8.86347
      vertex -3 78.2504 9.92598
      vertex -3 78.2948 9.76558
    endloop
  endfacet
  facet normal -1 -0 0
    outer loop
      vertex -3 78.2504 9.92598
      vertex -3 78.241 8.86347
      vertex -3 78.2188 10.1018
    endloop
  endfacet
  facet normal -1 0 0
    outer loop
      vertex -3 79.4575 11.1041
      vertex -3 79.1642 11.2521
      vertex -3 79.4292 11.1379
    endloop
  endfacet
  facet normal -1 -0 -0
    outer loop
      vertex -3 79.2103 11.2498
      vertex -3 79.4292 11.1379
      vertex -3 79.1642 11.2521
    endloop
  endfacet
  facet normal -1 -0 0
    outer loop
      vertex -3 79.6744 10.4801
      vertex -3 78.7213 10.4052
      vertex -3 79.6473 10.6014
    endloop
  endfacet
  facet normal -1 -0 0
    outer loop
      vertex -3 79.703 10.3431
      vertex -3 78.748 10.2037
      vertex -3 79.6744 10.4801
    endloop
  endfacet
  facet normal -1 0 0
    outer loop
      vertex -3 79.4292 11.1379
      vertex -3 79.2103 11.2498
      vertex -3 79.3992 11.1679
    endloop
  endfacet
  facet normal -1 0 0
    outer loop
      vertex -3 78.8378 9.96573
      vertex -3 79.703 10.3431
      vertex -3 78.8819 9.90291
    endloop
  endfacet
  facet normal -1 0 0
    outer loop
      vertex -3 78.8012 10.0365
      vertex -3 79.703 10.3431
      vertex -3 78.8378 9.96573
    endloop
  endfacet
  facet normal -1 0 0
    outer loop
      vertex -3 79.3319 11.2147
      vertex -3 79.2103 11.2498
      vertex -3 79.2942 11.2311
    endloop
  endfacet
  facet normal -1 0 0
    outer loop
      vertex -3 78.7713 10.1158
      vertex -3 79.703 10.3431
      vertex -3 78.8012 10.0365
    endloop
  endfacet
  facet normal -1 0 0
    outer loop
      vertex -3 78.748 10.2037
      vertex -3 79.703 10.3431
      vertex -3 78.7713 10.1158
    endloop
  endfacet
  facet normal -1 0 0
    outer loop
      vertex -3 79.2942 11.2311
      vertex -3 79.2103 11.2498
      vertex -3 79.2536 11.2428
    endloop
  endfacet
  facet normal -1 0 0
    outer loop
      vertex -3 78.7313 10.3001
      vertex -3 79.6744 10.4801
      vertex -3 78.748 10.2037
    endloop
  endfacet
  facet normal -1 0 0
    outer loop
      vertex -3 78.718 10.5188
      vertex -3 79.6473 10.6014
      vertex -3 78.7213 10.4052
    endloop
  endfacet
  facet normal -1 0 0
    outer loop
      vertex -3 79.3669 11.1936
      vertex -3 79.2103 11.2498
      vertex -3 79.3319 11.2147
    endloop
  endfacet
  facet normal -1 -0 0
    outer loop
      vertex -3 79.5975 10.7972
      vertex -3 78.7304 10.7428
      vertex -3 79.5747 10.8717
    endloop
  endfacet
  facet normal -1 -0 0
    outer loop
      vertex -3 79.5089 11.0249
      vertex -3 78.7676 10.9262
      vertex -3 79.484 11.0664
    endloop
  endfacet
  facet normal -1 0 0
    outer loop
      vertex -3 79.3992 11.1679
      vertex -3 79.2103 11.2498
      vertex -3 79.3669 11.1936
    endloop
  endfacet
  facet normal -1 0 0
    outer loop
      vertex -3 79.1642 11.2521
      vertex -3 78.8295 11.0688
      vertex -3 79.0279 11.2318
    endloop
  endfacet
  facet normal -1 0 0
    outer loop
      vertex -3 79.0279 11.2318
      vertex -3 78.8295 11.0688
      vertex -3 78.9163 11.1707
    endloop
  endfacet
  facet normal -1 0 0
    outer loop
      vertex -3 78.241 6.47815
      vertex -3 79.5107 7.29935
      vertex -3 79.5107 6.47815
    endloop
  endfacet
  facet normal -1 -0 0
    outer loop
      vertex -3 79.5107 7.29935
      vertex -3 78.241 6.47815
      vertex -3 78.241 8.07547
    endloop
  endfacet
  facet normal -1 0 0
    outer loop
      vertex -3 80.0542 6.47815
      vertex -3 81.0416 7.37531
      vertex -3 81.0416 6.47815
    endloop
  endfacet
  facet normal -1 0 -0
    outer loop
      vertex -3 80.0579 7.48845
      vertex -3 81.0416 7.37531
      vertex -3 80.0542 7.39431
    endloop
  endfacet
  facet normal -1 0 0
    outer loop
      vertex -3 81.0416 7.37531
      vertex -3 80.0579 7.48845
      vertex -3 81.0282 7.56386
    endloop
  endfacet
  facet normal -1 0 -0
    outer loop
      vertex -3 80.069 7.57468
      vertex -3 81.0282 7.56386
      vertex -3 80.0579 7.48845
    endloop
  endfacet
  facet normal -1 0 -0
    outer loop
      vertex -3 80.0875 7.65299
      vertex -3 81.0282 7.56386
      vertex -3 80.069 7.57468
    endloop
  endfacet
  facet normal -1 0 0
    outer loop
      vertex -3 81.0282 7.56386
      vertex -3 80.5598 7.99239
      vertex -3 80.9881 7.71813
    endloop
  endfacet
  facet normal -1 -0 -0
    outer loop
      vertex -3 80.707 7.97525
      vertex -3 80.9881 7.71813
      vertex -3 80.5598 7.99239
    endloop
  endfacet
  facet normal -1 0 0
    outer loop
      vertex -3 80.9881 7.71813
      vertex -3 80.707 7.97525
      vertex -3 80.9211 7.83812
    endloop
  endfacet
  facet normal -1 0 0
    outer loop
      vertex -3 80.9211 7.83812
      vertex -3 80.707 7.97525
      vertex -3 80.8275 7.92383
    endloop
  endfacet
  facet normal -1 0 0
    outer loop
      vertex -3 81.0282 7.56386
      vertex -3 80.0875 7.65299
      vertex -3 80.5598 7.99239
    endloop
  endfacet
  facet normal -1 0 0
    outer loop
      vertex -3 80.5598 7.99239
      vertex -3 80.0875 7.65299
      vertex -3 80.4828 7.98818
    endloop
  endfacet
  facet normal -1 0 0
    outer loop
      vertex -3 80.4828 7.98818
      vertex -3 80.0875 7.65299
      vertex -3 80.4118 7.97551
    endloop
  endfacet
  facet normal -1 0 -0
    outer loop
      vertex -3 80.1133 7.72341
      vertex -3 80.4118 7.97551
      vertex -3 80.0875 7.65299
    endloop
  endfacet
  facet normal -1 0 0
    outer loop
      vertex -3 80.4118 7.97551
      vertex -3 80.1133 7.72341
      vertex -3 80.3468 7.95441
    endloop
  endfacet
  facet normal -1 0 0
    outer loop
      vertex -3 80.3468 7.95441
      vertex -3 80.1133 7.72341
      vertex -3 80.2876 7.92488
    endloop
  endfacet
  facet normal -1 0 0
    outer loop
      vertex -3 80.2344 7.88691
      vertex -3 80.1133 7.72341
      vertex -3 80.1871 7.84049
    endloop
  endfacet
  facet normal -1 0 0
    outer loop
      vertex -3 80.1871 7.84049
      vertex -3 80.1133 7.72341
      vertex -3 80.1465 7.78591
    endloop
  endfacet
  facet normal -1 -0 0
    outer loop
      vertex -3 81.0416 7.37531
      vertex -3 80.0542 6.47815
      vertex -3 80.0542 7.39431
    endloop
  endfacet
  facet normal -1 0 0
    outer loop
      vertex -3 80.2876 7.92488
      vertex -3 80.1133 7.72341
      vertex -3 80.2344 7.88691
    endloop
  endfacet
  facet normal -1 0 0
    outer loop
      vertex -3 59.2252 7.79708
      vertex -3 61.4871 8.29313
      vertex -3 61.4871 7.79708
    endloop
  endfacet
  facet normal -1 0 -0
    outer loop
      vertex -3 60.381 9.37305
      vertex -3 61.4871 8.29313
      vertex -3 59.2252 8.39043
    endloop
  endfacet
  facet normal -1 -0 -0
    outer loop
      vertex -3 60.5535 9.36528
      vertex -3 61.4871 8.29313
      vertex -3 60.381 9.37305
    endloop
  endfacet
  facet normal -1 -0 -0
    outer loop
      vertex -3 60.7119 9.34194
      vertex -3 61.4792 8.45974
      vertex -3 60.5535 9.36528
    endloop
  endfacet
  facet normal -1 0 0
    outer loop
      vertex -3 61.4556 8.61303
      vertex -3 60.7119 9.34194
      vertex -3 61.4162 8.75299
    endloop
  endfacet
  facet normal -1 -0 -0
    outer loop
      vertex -3 60.856 9.30304
      vertex -3 61.4162 8.75299
      vertex -3 60.7119 9.34194
    endloop
  endfacet
  facet normal -1 0 0
    outer loop
      vertex -3 61.361 8.87964
      vertex -3 60.856 9.30304
      vertex -3 61.2901 8.99297
    endloop
  endfacet
  facet normal -1 0 0
    outer loop
      vertex -3 61.2901 8.99297
      vertex -3 60.856 9.30304
      vertex -3 61.2034 9.09299
    endloop
  endfacet
  facet normal -1 0 0
    outer loop
      vertex -3 61.1018 9.17856
      vertex -3 60.856 9.30304
      vertex -3 60.986 9.24858
    endloop
  endfacet
  facet normal -1 0 0
    outer loop
      vertex -3 61.2034 9.09299
      vertex -3 60.856 9.30304
      vertex -3 61.1018 9.17856
    endloop
  endfacet
  facet normal -1 0 0
    outer loop
      vertex -3 61.4162 8.75299
      vertex -3 60.856 9.30304
      vertex -3 61.361 8.87964
    endloop
  endfacet
  facet normal -1 0 0
    outer loop
      vertex -3 61.4792 8.45974
      vertex -3 60.7119 9.34194
      vertex -3 61.4556 8.61303
    endloop
  endfacet
  facet normal -1 0 0
    outer loop
      vertex -3 61.4871 8.29313
      vertex -3 60.5535 9.36528
      vertex -3 61.4792 8.45974
    endloop
  endfacet
  facet normal -1 0 0
    outer loop
      vertex -3 60.381 9.37305
      vertex -3 59.2252 8.39043
      vertex -3 60.2092 9.36567
    endloop
  endfacet
  facet normal -1 0 0
    outer loop
      vertex -3 60.2092 9.36567
      vertex -3 59.2252 8.39043
      vertex -3 60.0498 9.34352
    endloop
  endfacet
  facet normal -1 0 0
    outer loop
      vertex -3 60.0498 9.34352
      vertex -3 59.2252 8.39043
      vertex -3 59.9028 9.3066
    endloop
  endfacet
  facet normal -1 0 0
    outer loop
      vertex -3 59.9028 9.3066
      vertex -3 59.2252 8.39043
      vertex -3 59.7682 9.25492
    endloop
  endfacet
  facet normal -1 0 0
    outer loop
      vertex -3 59.7682 9.25492
      vertex -3 59.2252 8.39043
      vertex -3 59.6459 9.18845
    endloop
  endfacet
  facet normal -1 0 -0
    outer loop
      vertex -3 59.2338 8.53562
      vertex -3 59.6459 9.18845
      vertex -3 59.2252 8.39043
    endloop
  endfacet
  facet normal -1 0 0
    outer loop
      vertex -3 59.6459 9.18845
      vertex -3 59.2338 8.53562
      vertex -3 59.5361 9.10723
    endloop
  endfacet
  facet normal -1 0 0
    outer loop
      vertex -3 59.5361 9.10723
      vertex -3 59.2338 8.53562
      vertex -3 59.4411 9.01348
    endloop
  endfacet
  facet normal -1 0 0
    outer loop
      vertex -3 59.4411 9.01348
      vertex -3 59.2338 8.53562
      vertex -3 59.3634 8.90944
    endloop
  endfacet
  facet normal -1 0 0
    outer loop
      vertex -3 59.3634 8.90944
      vertex -3 59.2338 8.53562
      vertex -3 59.3029 8.79512
    endloop
  endfacet
  facet normal -1 -0 0
    outer loop
      vertex -3 61.4871 8.29313
      vertex -3 59.2252 7.79708
      vertex -3 59.2252 8.39043
    endloop
  endfacet
  facet normal -1 0 0
    outer loop
      vertex -3 59.3029 8.79512
      vertex -3 59.2338 8.53562
      vertex -3 59.2597 8.67051
    endloop
  endfacet
  facet normal -1 0 0
    outer loop
      vertex -3 70.2031 11.3563
      vertex -3 71.2878 12.0802
      vertex -3 71.2878 11.3563
    endloop
  endfacet
  facet normal -1 0 -0
    outer loop
      vertex -3 70.2071 12.192
      vertex -3 71.2878 12.0802
      vertex -3 70.2031 12.0992
    endloop
  endfacet
  facet normal -1 0 0
    outer loop
      vertex -3 71.2878 12.0802
      vertex -3 70.2071 12.192
      vertex -3 71.2731 12.2702
    endloop
  endfacet
  facet normal -1 0 -0
    outer loop
      vertex -3 70.7608 12.702
      vertex -3 71.2731 12.2702
      vertex -3 70.2071 12.192
    endloop
  endfacet
  facet normal -1 0 0
    outer loop
      vertex -3 71.2731 12.2702
      vertex -3 70.7608 12.702
      vertex -3 71.2292 12.4256
    endloop
  endfacet
  facet normal -1 0 0
    outer loop
      vertex -3 71.156 12.5466
      vertex -3 70.9218 12.6848
      vertex -3 71.0536 12.6329
    endloop
  endfacet
  facet normal -1 0 0
    outer loop
      vertex -3 71.2292 12.4256
      vertex -3 70.9218 12.6848
      vertex -3 71.156 12.5466
    endloop
  endfacet
  facet normal -1 -0 -0
    outer loop
      vertex -3 70.9218 12.6848
      vertex -3 71.2292 12.4256
      vertex -3 70.7608 12.702
    endloop
  endfacet
  facet normal -1 0 0
    outer loop
      vertex -3 70.7608 12.702
      vertex -3 70.2071 12.192
      vertex -3 70.6742 12.6977
    endloop
  endfacet
  facet normal -1 0 -0
    outer loop
      vertex -3 70.219 12.2774
      vertex -3 70.6742 12.6977
      vertex -3 70.2071 12.192
    endloop
  endfacet
  facet normal -1 0 0
    outer loop
      vertex -3 70.6742 12.6977
      vertex -3 70.219 12.2774
      vertex -3 70.5946 12.6846
    endloop
  endfacet
  facet normal -1 0 -0
    outer loop
      vertex -3 70.239 12.3555
      vertex -3 70.5946 12.6846
      vertex -3 70.219 12.2774
    endloop
  endfacet
  facet normal -1 0 0
    outer loop
      vertex -3 70.5946 12.6846
      vertex -3 70.239 12.3555
      vertex -3 70.522 12.6629
    endloop
  endfacet
  facet normal -1 0 -0
    outer loop
      vertex -3 70.2669 12.4262
      vertex -3 70.522 12.6629
      vertex -3 70.239 12.3555
    endloop
  endfacet
  facet normal -1 0 -0
    outer loop
      vertex -3 70.3028 12.4895
      vertex -3 70.4565 12.6324
      vertex -3 70.2669 12.4262
    endloop
  endfacet
  facet normal -1 0 0
    outer loop
      vertex -3 70.4565 12.6324
      vertex -3 70.3028 12.4895
      vertex -3 70.3981 12.5932
    endloop
  endfacet
  facet normal -1 0 0
    outer loop
      vertex -3 70.3981 12.5932
      vertex -3 70.3028 12.4895
      vertex -3 70.3467 12.5454
    endloop
  endfacet
  facet normal -1 -0 0
    outer loop
      vertex -3 71.2878 12.0802
      vertex -3 70.2031 11.3563
      vertex -3 70.2031 12.0992
    endloop
  endfacet
  facet normal -1 0 0
    outer loop
      vertex -3 70.522 12.6629
      vertex -3 70.2669 12.4262
      vertex -3 70.4565 12.6324
    endloop
  endfacet
  facet normal -1 0 0
    outer loop
      vertex -3 48.9157 12.8085
      vertex -3 49.8746 13.6962
      vertex -3 49.8746 12.8085
    endloop
  endfacet
  facet normal -1 0 -0
    outer loop
      vertex -3 48.9191 13.8296
      vertex -3 49.8746 13.6962
      vertex -3 48.9157 13.7223
    endloop
  endfacet
  facet normal -1 0 0
    outer loop
      vertex -3 49.8746 13.6962
      vertex -3 48.9191 13.8296
      vertex -3 49.8615 13.9021
    endloop
  endfacet
  facet normal -1 0 -0
    outer loop
      vertex -3 48.9293 13.9268
      vertex -3 49.8615 13.9021
      vertex -3 48.9191 13.8296
    endloop
  endfacet
  facet normal -1 0 0
    outer loop
      vertex -3 49.8615 13.9021
      vertex -3 48.9293 13.9268
      vertex -3 49.8224 14.0706
    endloop
  endfacet
  facet normal -1 0 -0
    outer loop
      vertex -3 48.9463 14.0139
      vertex -3 49.8224 14.0706
      vertex -3 48.9293 13.9268
    endloop
  endfacet
  facet normal -1 0 -0
    outer loop
      vertex -3 49.4046 14.3702
      vertex -3 49.8224 14.0706
      vertex -3 48.9463 14.0139
    endloop
  endfacet
  facet normal -1 0 0
    outer loop
      vertex -3 49.8224 14.0706
      vertex -3 49.4046 14.3702
      vertex -3 49.7571 14.2017
    endloop
  endfacet
  facet normal -1 -0 -0
    outer loop
      vertex -3 49.5482 14.3515
      vertex -3 49.7571 14.2017
      vertex -3 49.4046 14.3702
    endloop
  endfacet
  facet normal -1 0 0
    outer loop
      vertex -3 49.7571 14.2017
      vertex -3 49.5482 14.3515
      vertex -3 49.6657 14.2953
    endloop
  endfacet
  facet normal -1 0 0
    outer loop
      vertex -3 49.4046 14.3702
      vertex -3 48.9463 14.0139
      vertex -3 49.3266 14.3659
    endloop
  endfacet
  facet normal -1 0 -0
    outer loop
      vertex -3 48.97 14.0909
      vertex -3 49.3266 14.3659
      vertex -3 48.9463 14.0139
    endloop
  endfacet
  facet normal -1 0 -0
    outer loop
      vertex -3 49.0006 14.1579
      vertex -3 49.2553 14.353
      vertex -3 48.97 14.0909
    endloop
  endfacet
  facet normal -1 0 0
    outer loop
      vertex -3 49.2553 14.353
      vertex -3 49.0006 14.1579
      vertex -3 49.1908 14.3313
    endloop
  endfacet
  facet normal -1 0 0
    outer loop
      vertex -3 49.133 14.3011
      vertex -3 49.0006 14.1579
      vertex -3 49.0821 14.2623
    endloop
  endfacet
  facet normal -1 0 0
    outer loop
      vertex -3 49.0821 14.2623
      vertex -3 49.0006 14.1579
      vertex -3 49.0379 14.2148
    endloop
  endfacet
  facet normal -1 0 0
    outer loop
      vertex -3 49.1908 14.3313
      vertex -3 49.0006 14.1579
      vertex -3 49.133 14.3011
    endloop
  endfacet
  facet normal -1 -0 0
    outer loop
      vertex -3 49.8746 13.6962
      vertex -3 48.9157 12.8085
      vertex -3 48.9157 13.7223
    endloop
  endfacet
  facet normal -1 0 0
    outer loop
      vertex -3 49.3266 14.3659
      vertex -3 48.97 14.0909
      vertex -3 49.2553 14.353
    endloop
  endfacet
  facet normal -1 0 0
    outer loop
      vertex -3 50.392 13.6107
      vertex -3 51.2203 13.606
      vertex -3 51.2203 12.8085
    endloop
  endfacet
  facet normal -1 0 0
    outer loop
      vertex -3 51.2203 13.606
      vertex -3 50.392 13.6107
      vertex -3 51.2177 13.6962
    endloop
  endfacet
  facet normal -1 0 -0
    outer loop
      vertex -3 50.3949 13.7051
      vertex -3 51.2177 13.6962
      vertex -3 50.392 13.6107
    endloop
  endfacet
  facet normal -1 0 0
    outer loop
      vertex -3 51.2177 13.6962
      vertex -3 50.3949 13.7051
      vertex -3 51.2098 13.7788
    endloop
  endfacet
  facet normal -1 0 -0
    outer loop
      vertex -3 50.4035 13.7904
      vertex -3 51.2098 13.7788
      vertex -3 50.3949 13.7051
    endloop
  endfacet
  facet normal -1 0 0
    outer loop
      vertex -3 51.2098 13.7788
      vertex -3 50.4035 13.7904
      vertex -3 51.1966 13.8537
    endloop
  endfacet
  facet normal -1 0 -0
    outer loop
      vertex -3 50.4178 13.8667
      vertex -3 51.1966 13.8537
      vertex -3 50.4035 13.7904
    endloop
  endfacet
  facet normal -1 0 -0
    outer loop
      vertex -3 50.805 14.1756
      vertex -3 51.1966 13.8537
      vertex -3 50.4178 13.8667
    endloop
  endfacet
  facet normal -1 0 0
    outer loop
      vertex -3 51.1966 13.8537
      vertex -3 50.805 14.1756
      vertex -3 51.1781 13.9208
    endloop
  endfacet
  facet normal -1 -0 -0
    outer loop
      vertex -3 50.8765 14.1716
      vertex -3 51.1781 13.9208
      vertex -3 50.805 14.1756
    endloop
  endfacet
  facet normal -1 0 0
    outer loop
      vertex -3 51.1781 13.9208
      vertex -3 50.8765 14.1716
      vertex -3 51.1544 13.9803
    endloop
  endfacet
  facet normal -1 -0 -0
    outer loop
      vertex -3 50.9978 14.1397
      vertex -3 51.1254 14.032
      vertex -3 50.9408 14.1596
    endloop
  endfacet
  facet normal -1 0 0
    outer loop
      vertex -3 51.0901 14.0759
      vertex -3 50.9978 14.1397
      vertex -3 51.0476 14.1118
    endloop
  endfacet
  facet normal -1 0 0
    outer loop
      vertex -3 51.1254 14.032
      vertex -3 50.9978 14.1397
      vertex -3 51.0901 14.0759
    endloop
  endfacet
  facet normal -1 0 0
    outer loop
      vertex -3 51.1544 13.9803
      vertex -3 50.9408 14.1596
      vertex -3 51.1254 14.032
    endloop
  endfacet
  facet normal -1 -0 -0
    outer loop
      vertex -3 50.9408 14.1596
      vertex -3 51.1544 13.9803
      vertex -3 50.8765 14.1716
    endloop
  endfacet
  facet normal -1 0 0
    outer loop
      vertex -3 50.805 14.1756
      vertex -3 50.4178 13.8667
      vertex -3 50.739 14.1719
    endloop
  endfacet
  facet normal -1 0 -0
    outer loop
      vertex -3 50.4379 13.934
      vertex -3 50.739 14.1719
      vertex -3 50.4178 13.8667
    endloop
  endfacet
  facet normal -1 0 -0
    outer loop
      vertex -3 50.4637 13.9923
      vertex -3 50.6788 14.1607
      vertex -3 50.4379 13.934
    endloop
  endfacet
  facet normal -1 0 0
    outer loop
      vertex -3 50.6788 14.1607
      vertex -3 50.4637 13.9923
      vertex -3 50.6243 14.1421
    endloop
  endfacet
  facet normal -1 0 0
    outer loop
      vertex -3 50.5755 14.116
      vertex -3 50.4637 13.9923
      vertex -3 50.5325 14.0824
    endloop
  endfacet
  facet normal -1 0 0
    outer loop
      vertex -3 50.5325 14.0824
      vertex -3 50.4637 13.9923
      vertex -3 50.4952 14.0415
    endloop
  endfacet
  facet normal -1 0 0
    outer loop
      vertex -3 50.6243 14.1421
      vertex -3 50.4637 13.9923
      vertex -3 50.5755 14.116
    endloop
  endfacet
  facet normal -1 0 0
    outer loop
      vertex -3 50.392 13.6107
      vertex -3 51.2203 12.8085
      vertex -3 50.392 12.8085
    endloop
  endfacet
  facet normal -1 0 0
    outer loop
      vertex -3 50.739 14.1719
      vertex -3 50.4379 13.934
      vertex -3 50.6788 14.1607
    endloop
  endfacet
  facet normal -0.0785971 0.996906 0
    outer loop
      vertex 0 131 -0.2
      vertex -0.469299 130.963 34.5
      vertex 0 131 34.5
    endloop
  endfacet
  facet normal -0.0785971 0.996906 0
    outer loop
      vertex -0.469299 130.963 34.5
      vertex 0 131 -0.2
      vertex -0.469299 130.963 -0.2
    endloop
  endfacet
  facet normal 0 -0.707107 -0.707107
    outer loop
      vertex 0 -3 -0.2
      vertex 128 -2.2 -1
      vertex 128 -3 -0.2
    endloop
  endfacet
  facet normal -0 -0.707107 -0.707107
    outer loop
      vertex 128 -2.2 -1
      vertex 0 -3 -0.2
      vertex 0 -2.2 -1
    endloop
  endfacet
  facet normal 0 1 -0
    outer loop
      vertex 20 131 26.35
      vertex 14 131 29.35
      vertex 23 131 29.35
    endloop
  endfacet
  facet normal 0 1 0
    outer loop
      vertex 20 131 26.35
      vertex 17 131 26.35
      vertex 14 131 29.35
    endloop
  endfacet
  facet normal 0 1 0
    outer loop
      vertex 23 131 23.35
      vertex 17 131 26.35
      vertex 20 131 26.35
    endloop
  endfacet
  facet normal 0 1 0
    outer loop
      vertex 17 131 26.35
      vertex 23 131 23.35
      vertex 14 131 23.35
    endloop
  endfacet
  facet normal 0 1 -0
    outer loop
      vertex 29 131 26.35
      vertex 23 131 29.35
      vertex 32 131 29.35
    endloop
  endfacet
  facet normal 0 1 0
    outer loop
      vertex 29 131 26.35
      vertex 26 131 26.35
      vertex 23 131 29.35
    endloop
  endfacet
  facet normal 0 1 0
    outer loop
      vertex 32 131 23.35
      vertex 26 131 26.35
      vertex 29 131 26.35
    endloop
  endfacet
  facet normal 0 1 0
    outer loop
      vertex 26 131 26.35
      vertex 32 131 23.35
      vertex 23 131 23.35
    endloop
  endfacet
  facet normal 0 1 -0
    outer loop
      vertex 38 131 26.35
      vertex 32 131 29.35
      vertex 41 131 29.35
    endloop
  endfacet
  facet normal 0 1 0
    outer loop
      vertex 38 131 26.35
      vertex 35 131 26.35
      vertex 32 131 29.35
    endloop
  endfacet
  facet normal 0 1 0
    outer loop
      vertex 41 131 23.35
      vertex 35 131 26.35
      vertex 38 131 26.35
    endloop
  endfacet
  facet normal 0 1 0
    outer loop
      vertex 35 131 26.35
      vertex 41 131 23.35
      vertex 32 131 23.35
    endloop
  endfacet
  facet normal 0 1 -0
    outer loop
      vertex 47 131 26.35
      vertex 41 131 29.35
      vertex 50 131 29.35
    endloop
  endfacet
  facet normal 0 1 0
    outer loop
      vertex 47 131 26.35
      vertex 44 131 26.35
      vertex 41 131 29.35
    endloop
  endfacet
  facet normal 0 1 0
    outer loop
      vertex 50 131 23.35
      vertex 44 131 26.35
      vertex 47 131 26.35
    endloop
  endfacet
  facet normal 0 1 0
    outer loop
      vertex 44 131 26.35
      vertex 50 131 23.35
      vertex 41 131 23.35
    endloop
  endfacet
  facet normal 0 1 -0
    outer loop
      vertex 56 131 26.35
      vertex 50 131 29.35
      vertex 59 131 29.35
    endloop
  endfacet
  facet normal 0 1 0
    outer loop
      vertex 56 131 26.35
      vertex 53 131 26.35
      vertex 50 131 29.35
    endloop
  endfacet
  facet normal 0 1 0
    outer loop
      vertex 59 131 23.35
      vertex 53 131 26.35
      vertex 56 131 26.35
    endloop
  endfacet
  facet normal 0 1 0
    outer loop
      vertex 53 131 26.35
      vertex 59 131 23.35
      vertex 50 131 23.35
    endloop
  endfacet
  facet normal 0 1 -0
    outer loop
      vertex 65 131 26.35
      vertex 59 131 29.35
      vertex 68 131 29.35
    endloop
  endfacet
  facet normal 0 1 0
    outer loop
      vertex 65 131 26.35
      vertex 62 131 26.35
      vertex 59 131 29.35
    endloop
  endfacet
  facet normal 0 1 0
    outer loop
      vertex 68 131 23.35
      vertex 62 131 26.35
      vertex 65 131 26.35
    endloop
  endfacet
  facet normal 0 1 0
    outer loop
      vertex 62 131 26.35
      vertex 68 131 23.35
      vertex 59 131 23.35
    endloop
  endfacet
  facet normal 0 1 -0
    outer loop
      vertex 74 131 26.35
      vertex 68 131 29.35
      vertex 77 131 29.35
    endloop
  endfacet
  facet normal 0 1 0
    outer loop
      vertex 74 131 26.35
      vertex 71 131 26.35
      vertex 68 131 29.35
    endloop
  endfacet
  facet normal 0 1 0
    outer loop
      vertex 77 131 23.35
      vertex 71 131 26.35
      vertex 74 131 26.35
    endloop
  endfacet
  facet normal 0 1 0
    outer loop
      vertex 71 131 26.35
      vertex 77 131 23.35
      vertex 68 131 23.35
    endloop
  endfacet
  facet normal 0 1 -0
    outer loop
      vertex 83 131 26.35
      vertex 77 131 29.35
      vertex 86 131 29.35
    endloop
  endfacet
  facet normal 0 1 0
    outer loop
      vertex 83 131 26.35
      vertex 80 131 26.35
      vertex 77 131 29.35
    endloop
  endfacet
  facet normal 0 1 0
    outer loop
      vertex 86 131 23.35
      vertex 80 131 26.35
      vertex 83 131 26.35
    endloop
  endfacet
  facet normal 0 1 0
    outer loop
      vertex 80 131 26.35
      vertex 86 131 23.35
      vertex 77 131 23.35
    endloop
  endfacet
  facet normal 0 1 -0
    outer loop
      vertex 92 131 26.35
      vertex 86 131 29.35
      vertex 95 131 29.35
    endloop
  endfacet
  facet normal 0 1 0
    outer loop
      vertex 92 131 26.35
      vertex 89 131 26.35
      vertex 86 131 29.35
    endloop
  endfacet
  facet normal 0 1 0
    outer loop
      vertex 95 131 23.35
      vertex 89 131 26.35
      vertex 92 131 26.35
    endloop
  endfacet
  facet normal 0 1 0
    outer loop
      vertex 89 131 26.35
      vertex 95 131 23.35
      vertex 86 131 23.35
    endloop
  endfacet
  facet normal 0 1 -0
    outer loop
      vertex 101 131 26.35
      vertex 95 131 29.35
      vertex 104 131 29.35
    endloop
  endfacet
  facet normal 0 1 0
    outer loop
      vertex 101 131 26.35
      vertex 98 131 26.35
      vertex 95 131 29.35
    endloop
  endfacet
  facet normal 0 1 0
    outer loop
      vertex 104 131 23.35
      vertex 98 131 26.35
      vertex 101 131 26.35
    endloop
  endfacet
  facet normal 0 1 0
    outer loop
      vertex 98 131 26.35
      vertex 104 131 23.35
      vertex 95 131 23.35
    endloop
  endfacet
  facet normal 0 1 0
    outer loop
      vertex 95 131 29.35
      vertex 128 131 34.5
      vertex 104 131 29.35
    endloop
  endfacet
  facet normal 0 1 0
    outer loop
      vertex 128 131 34.5
      vertex 107 131 26.35
      vertex 104 131 29.35
    endloop
  endfacet
  facet normal 0 1 -0
    outer loop
      vertex 128 131 -0.2
      vertex 107 131 26.35
      vertex 128 131 34.5
    endloop
  endfacet
  facet normal 0 1 0
    outer loop
      vertex 128 131 -0.2
      vertex 95 131 23.35
      vertex 104 131 23.35
    endloop
  endfacet
  facet normal 0 1 0
    outer loop
      vertex 95 131 23.35
      vertex 128 131 -0.2
      vertex 86 131 23.35
    endloop
  endfacet
  facet normal 0 1 0
    outer loop
      vertex 86 131 23.35
      vertex 128 131 -0.2
      vertex 77 131 23.35
    endloop
  endfacet
  facet normal 0 1 0
    outer loop
      vertex 77 131 23.35
      vertex 128 131 -0.2
      vertex 68 131 23.35
    endloop
  endfacet
  facet normal 0 1 0
    outer loop
      vertex 68 131 23.35
      vertex 128 131 -0.2
      vertex 59 131 23.35
    endloop
  endfacet
  facet normal 0 1 0
    outer loop
      vertex 0 131 -0.2
      vertex 59 131 23.35
      vertex 128 131 -0.2
    endloop
  endfacet
  facet normal 0 1 0
    outer loop
      vertex 59 131 23.35
      vertex 0 131 -0.2
      vertex 50 131 23.35
    endloop
  endfacet
  facet normal 0 1 0
    outer loop
      vertex 50 131 23.35
      vertex 0 131 -0.2
      vertex 41 131 23.35
    endloop
  endfacet
  facet normal 0 1 0
    outer loop
      vertex 32 131 23.35
      vertex 0 131 -0.2
      vertex 23 131 23.35
    endloop
  endfacet
  facet normal 0 1 0
    outer loop
      vertex 41 131 23.35
      vertex 0 131 -0.2
      vertex 32 131 23.35
    endloop
  endfacet
  facet normal 0 1 0
    outer loop
      vertex 107 131 26.35
      vertex 128 131 -0.2
      vertex 104 131 23.35
    endloop
  endfacet
  facet normal 0 1 0
    outer loop
      vertex 86 131 29.35
      vertex 128 131 34.5
      vertex 95 131 29.35
    endloop
  endfacet
  facet normal 0 1 0
    outer loop
      vertex 77 131 29.35
      vertex 128 131 34.5
      vertex 86 131 29.35
    endloop
  endfacet
  facet normal 0 1 0
    outer loop
      vertex 68 131 29.35
      vertex 128 131 34.5
      vertex 77 131 29.35
    endloop
  endfacet
  facet normal 0 1 0
    outer loop
      vertex 128 131 34.5
      vertex 68 131 29.35
      vertex 0 131 34.5
    endloop
  endfacet
  facet normal 0 1 -0
    outer loop
      vertex 59 131 29.35
      vertex 0 131 34.5
      vertex 68 131 29.35
    endloop
  endfacet
  facet normal 0 1 -0
    outer loop
      vertex 50 131 29.35
      vertex 0 131 34.5
      vertex 59 131 29.35
    endloop
  endfacet
  facet normal 0 1 -0
    outer loop
      vertex 41 131 29.35
      vertex 0 131 34.5
      vertex 50 131 29.35
    endloop
  endfacet
  facet normal 0 1 -0
    outer loop
      vertex 32 131 29.35
      vertex 0 131 34.5
      vertex 41 131 29.35
    endloop
  endfacet
  facet normal 0 1 -0
    outer loop
      vertex 23 131 29.35
      vertex 0 131 34.5
      vertex 32 131 29.35
    endloop
  endfacet
  facet normal 0 1 -0
    outer loop
      vertex 14 131 29.35
      vertex 0 131 34.5
      vertex 23 131 29.35
    endloop
  endfacet
  facet normal 0 1 -0
    outer loop
      vertex 11 131 26.35
      vertex 0 131 34.5
      vertex 14 131 29.35
    endloop
  endfacet
  facet normal 0 1 0
    outer loop
      vertex 0 131 -0.2
      vertex 11 131 26.35
      vertex 14 131 23.35
    endloop
  endfacet
  facet normal 0 1 0
    outer loop
      vertex 11 131 26.35
      vertex 0 131 -0.2
      vertex 0 131 34.5
    endloop
  endfacet
  facet normal 0 1 0
    outer loop
      vertex 23 131 23.35
      vertex 0 131 -0.2
      vertex 14 131 23.35
    endloop
  endfacet
  facet normal -0.0555726 -0.706014 -0.706014
    outer loop
      vertex 0 -3 -0.2
      vertex -0.469299 -2.96306 -0.2
      vertex -0.344162 -2.17291 -1
    endloop
  endfacet
  facet normal -0.233454 -0.972368 0
    outer loop
      vertex -0.927048 -2.85316 -0.2
      vertex -0.469299 -2.96306 34.5
      vertex -0.927048 -2.85316 34.5
    endloop
  endfacet
  facet normal -0.233454 -0.972368 -0
    outer loop
      vertex -0.469299 -2.96306 34.5
      vertex -0.927048 -2.85316 -0.2
      vertex -0.469299 -2.96306 -0.2
    endloop
  endfacet
  facet normal -0.53869 0.460038 -0.705817
    outer loop
      vertex -1.55563 129.556 -1
      vertex -2.42705 129.763 -0.2
      vertex -2.12132 130.121 -0.2
    endloop
  endfacet
  facet normal -0.271018 -0.65429 -0.706012
    outer loop
      vertex -0.67984 -2.09233 -1
      vertex -1.36197 -2.67302 -0.2
      vertex -0.998779 -1.96022 -1
    endloop
  endfacet
  facet normal -0.654301 -0.271004 -0.706008
    outer loop
      vertex -2.67302 -1.36197 -0.2
      vertex -2.85316 -0.927048 -0.2
      vertex -2.09233 -0.67984 -1
    endloop
  endfacet
  facet normal 0 0.707107 -0.707107
    outer loop
      vertex 0 130.2 -1
      vertex 128 131 -0.2
      vertex 128 130.2 -1
    endloop
  endfacet
  facet normal 0 0.707107 -0.707107
    outer loop
      vertex 128 131 -0.2
      vertex 0 130.2 -1
      vertex 0 131 -0.2
    endloop
  endfacet
  facet normal -0.760411 -0.649442 0
    outer loop
      vertex -2.12132 -2.12132 -0.2
      vertex -2.42705 -1.76335 34.5
      vertex -2.42705 -1.76335 -0.2
    endloop
  endfacet
  facet normal -0.760411 -0.649442 0
    outer loop
      vertex -2.42705 -1.76335 34.5
      vertex -2.12132 -2.12132 -0.2
      vertex -2.12132 -2.12132 34.5
    endloop
  endfacet
  facet normal -0.0555724 -0.706014 -0.706014
    outer loop
      vertex 0 -3 -0.2
      vertex -0.344162 -2.17291 -1
      vertex 0 -2.2 -1
    endloop
  endfacet
  facet normal -0.270798 0.654302 -0.706086
    outer loop
      vertex -0.998779 129.96 -1
      vertex -1.36197 130.673 -0.2
      vertex -0.67984 130.092 -1
    endloop
  endfacet
  facet normal -0.0553884 0.706021 -0.706021
    outer loop
      vertex 0 130.2 -1
      vertex -0.344162 130.173 -1
      vertex 0 131 -0.2
    endloop
  endfacet
  facet normal -0.165457 0.688524 -0.706087
    outer loop
      vertex -0.67984 130.092 -1
      vertex -0.927048 130.853 -0.2
      vertex -0.469299 130.963 -0.2
    endloop
  endfacet
  facet normal -0.459733 0.53877 -0.705955
    outer loop
      vertex -1.55563 129.556 -1
      vertex -1.76335 130.427 -0.2
      vertex -1.29312 129.78 -1
    endloop
  endfacet
  facet normal -0.972368 -0.233454 0
    outer loop
      vertex -2.85316 -0.927048 -0.2
      vertex -2.96306 -0.469299 34.5
      vertex -2.96306 -0.469299 -0.2
    endloop
  endfacet
  facet normal -0.972368 -0.233454 0
    outer loop
      vertex -2.96306 -0.469299 34.5
      vertex -2.85316 -0.927048 -0.2
      vertex -2.85316 -0.927048 34.5
    endloop
  endfacet
  facet normal -0.370038 -0.603837 -0.706012
    outer loop
      vertex -1.36197 -2.67302 -0.2
      vertex -1.76335 -2.42705 -0.2
      vertex -0.998779 -1.96022 -1
    endloop
  endfacet
  facet normal -0.45993 -0.53852 -0.706017
    outer loop
      vertex -1.29312 -1.77983 -1
      vertex -1.76335 -2.42705 -0.2
      vertex -1.55563 -1.55563 -1
    endloop
  endfacet
  facet normal -0.923912 0.382606 0
    outer loop
      vertex -2.85316 128.927 -0.2
      vertex -2.67302 129.362 34.5
      vertex -2.67302 129.362 -0.2
    endloop
  endfacet
  facet normal -0.923912 0.382606 0
    outer loop
      vertex -2.67302 129.362 34.5
      vertex -2.85316 128.927 -0.2
      vertex -2.85316 128.927 34.5
    endloop
  endfacet
  facet normal -0.706013 0.0555985 -0.706013
    outer loop
      vertex -2.2 128 -1
      vertex -3 128 -0.2
      vertex -2.17291 128.344 -1
    endloop
  endfacet
  facet normal -0.270795 0.654304 -0.706085
    outer loop
      vertex -0.67984 130.092 -1
      vertex -1.36197 130.673 -0.2
      vertex -0.927048 130.853 -0.2
    endloop
  endfacet
  facet normal 0 0 1
    outer loop
      vertex 128 11.5 34.5
      vertex 117.85 9.14999 34.5
      vertex 128 7.14999 34.5
    endloop
  endfacet
  facet normal 0 0 1
    outer loop
      vertex 114 7.5 34.5
      vertex 117.85 9.14999 34.5
      vertex 114 11.5 34.5
    endloop
  endfacet
  facet normal -0 0 1
    outer loop
      vertex 114 11.5 34.5
      vertex 117.85 9.14999 34.5
      vertex 128 11.5 34.5
    endloop
  endfacet
  facet normal -0 0 1
    outer loop
      vertex 117.85 0.850006 34.5
      vertex 128 -3 34.5
      vertex 128 2.85001 34.5
    endloop
  endfacet
  facet normal 0 0 1
    outer loop
      vertex 117.85 9.14999 34.5
      vertex 114 7.5 34.5
      vertex 117.85 0.850006 34.5
    endloop
  endfacet
  facet normal -0 0 1
    outer loop
      vertex 7.5 7.5 34.5
      vertex 117.85 0.850006 34.5
      vertex 114 7.5 34.5
    endloop
  endfacet
  facet normal 0 0 1
    outer loop
      vertex 0 -3 34.5
      vertex 117.85 0.850006 34.5
      vertex 7.5 7.5 34.5
    endloop
  endfacet
  facet normal 0 0 1
    outer loop
      vertex 117.85 0.850006 34.5
      vertex 0 -3 34.5
      vertex 128 -3 34.5
    endloop
  endfacet
  facet normal -0 0 1
    outer loop
      vertex -3 45.03 34.5
      vertex 7.5 7.5 34.5
      vertex 7.5 45.03 34.5
    endloop
  endfacet
  facet normal 0 0 1
    outer loop
      vertex 7.5 7.5 34.5
      vertex -3 0 34.5
      vertex 0 -3 34.5
    endloop
  endfacet
  facet normal 0 0 1
    outer loop
      vertex 0 -3 34.5
      vertex -3 0 34.5
      vertex -0.469299 -2.96306 34.5
    endloop
  endfacet
  facet normal 0 0 1
    outer loop
      vertex -0.469299 -2.96306 34.5
      vertex -3 0 34.5
      vertex -0.927048 -2.85316 34.5
    endloop
  endfacet
  facet normal 0 0 1
    outer loop
      vertex -0.927048 -2.85316 34.5
      vertex -3 0 34.5
      vertex -1.36197 -2.67302 34.5
    endloop
  endfacet
  facet normal 0 0 1
    outer loop
      vertex -1.36197 -2.67302 34.5
      vertex -3 0 34.5
      vertex -1.76335 -2.42705 34.5
    endloop
  endfacet
  facet normal 0 0 1
    outer loop
      vertex -1.76335 -2.42705 34.5
      vertex -3 0 34.5
      vertex -2.12132 -2.12132 34.5
    endloop
  endfacet
  facet normal 0 0 1
    outer loop
      vertex -2.12132 -2.12132 34.5
      vertex -3 0 34.5
      vertex -2.42705 -1.76335 34.5
    endloop
  endfacet
  facet normal 0 0 1
    outer loop
      vertex -2.42705 -1.76335 34.5
      vertex -3 0 34.5
      vertex -2.67302 -1.36197 34.5
    endloop
  endfacet
  facet normal 0 0 1
    outer loop
      vertex -2.67302 -1.36197 34.5
      vertex -3 0 34.5
      vertex -2.85316 -0.927048 34.5
    endloop
  endfacet
  facet normal 0 0 1
    outer loop
      vertex 7.5 7.5 34.5
      vertex -3 45.03 34.5
      vertex -3 0 34.5
    endloop
  endfacet
  facet normal 0 0 1
    outer loop
      vertex -2.85316 -0.927048 34.5
      vertex -3 0 34.5
      vertex -2.96306 -0.469299 34.5
    endloop
  endfacet
  facet normal 0 0 1
    outer loop
      vertex 128 131 34.5
      vertex 117.85 127.15 34.5
      vertex 128 125.15 34.5
    endloop
  endfacet
  facet normal 0 0 1
    outer loop
      vertex 117.85 127.15 34.5
      vertex 114 120.5 34.5
      vertex 117.85 118.85 34.5
    endloop
  endfacet
  facet normal 0 0 1
    outer loop
      vertex 117.85 127.15 34.5
      vertex 58 120.5 34.5
      vertex 114 120.5 34.5
    endloop
  endfacet
  facet normal 0 0 1
    outer loop
      vertex 48.6953 125.14 34.5
      vertex 117.85 127.15 34.5
      vertex 128 131 34.5
    endloop
  endfacet
  facet normal -0 0 1
    outer loop
      vertex 52.5 115 34.5
      vertex 58 111 34.5
      vertex 58 120.5 34.5
    endloop
  endfacet
  facet normal -0 0 1
    outer loop
      vertex 52.4446 114.296 34.5
      vertex 58 111 34.5
      vertex 52.5 115 34.5
    endloop
  endfacet
  facet normal -0 0 1
    outer loop
      vertex 52.2798 113.609 34.5
      vertex 58 111 34.5
      vertex 52.4446 114.296 34.5
    endloop
  endfacet
  facet normal -0 0 1
    outer loop
      vertex 52.0095 112.957 34.5
      vertex 58 111 34.5
      vertex 52.2798 113.609 34.5
    endloop
  endfacet
  facet normal 0 -0 1
    outer loop
      vertex 55 108 34.5
      vertex 58 111 34.5
      vertex 52.0095 112.957 34.5
    endloop
  endfacet
  facet normal 0 0 1
    outer loop
      vertex 58 111 34.5
      vertex 55 108 34.5
      vertex 57.9631 110.531 34.5
    endloop
  endfacet
  facet normal 0 0 1
    outer loop
      vertex 57.9631 110.531 34.5
      vertex 55 108 34.5
      vertex 57.8532 110.073 34.5
    endloop
  endfacet
  facet normal 0 0 1
    outer loop
      vertex 57.673 109.638 34.5
      vertex 55 108 34.5
      vertex 57.427 109.237 34.5
    endloop
  endfacet
  facet normal 0 0 1
    outer loop
      vertex 57.427 109.237 34.5
      vertex 55 108 34.5
      vertex 57.1213 108.879 34.5
    endloop
  endfacet
  facet normal 0 0 1
    outer loop
      vertex 57.1213 108.879 34.5
      vertex 55 108 34.5
      vertex 56.7634 108.573 34.5
    endloop
  endfacet
  facet normal 0 0 1
    outer loop
      vertex 57.8532 110.073 34.5
      vertex 55 108 34.5
      vertex 57.673 109.638 34.5
    endloop
  endfacet
  facet normal 0 0 1
    outer loop
      vertex 58 120.5 34.5
      vertex 52.4446 115.704 34.5
      vertex 52.5 115 34.5
    endloop
  endfacet
  facet normal 0 0 1
    outer loop
      vertex 58 120.5 34.5
      vertex 52.2798 116.391 34.5
      vertex 52.4446 115.704 34.5
    endloop
  endfacet
  facet normal 0 0 1
    outer loop
      vertex 58 120.5 34.5
      vertex 52.0095 117.043 34.5
      vertex 52.2798 116.391 34.5
    endloop
  endfacet
  facet normal 0 0 1
    outer loop
      vertex 58 120.5 34.5
      vertex 51.6406 117.645 34.5
      vertex 52.0095 117.043 34.5
    endloop
  endfacet
  facet normal 0 0 1
    outer loop
      vertex 58 120.5 34.5
      vertex 51.182 118.182 34.5
      vertex 51.6406 117.645 34.5
    endloop
  endfacet
  facet normal 0 0 1
    outer loop
      vertex 50.25 123 34.5
      vertex 51.182 118.182 34.5
      vertex 58 120.5 34.5
    endloop
  endfacet
  facet normal 0 0 1
    outer loop
      vertex 51.182 118.182 34.5
      vertex 50.25 123 34.5
      vertex 50.645 118.641 34.5
    endloop
  endfacet
  facet normal 0 0 1
    outer loop
      vertex 117.85 127.15 34.5
      vertex 49.0215 125.005 34.5
      vertex 58 120.5 34.5
    endloop
  endfacet
  facet normal 0 0 1
    outer loop
      vertex 58 120.5 34.5
      vertex 50.2223 123.352 34.5
      vertex 50.25 123 34.5
    endloop
  endfacet
  facet normal 0 0 1
    outer loop
      vertex 58 120.5 34.5
      vertex 50.1399 123.695 34.5
      vertex 50.2223 123.352 34.5
    endloop
  endfacet
  facet normal 0 0 1
    outer loop
      vertex 58 120.5 34.5
      vertex 50.0048 124.021 34.5
      vertex 50.1399 123.695 34.5
    endloop
  endfacet
  facet normal 0 0 1
    outer loop
      vertex 58 120.5 34.5
      vertex 49.8203 124.323 34.5
      vertex 50.0048 124.021 34.5
    endloop
  endfacet
  facet normal 0 0 1
    outer loop
      vertex 58 120.5 34.5
      vertex 49.591 124.591 34.5
      vertex 49.8203 124.323 34.5
    endloop
  endfacet
  facet normal 0 0 1
    outer loop
      vertex 58 120.5 34.5
      vertex 49.3225 124.82 34.5
      vertex 49.591 124.591 34.5
    endloop
  endfacet
  facet normal 0 0 1
    outer loop
      vertex 58 120.5 34.5
      vertex 49.0215 125.005 34.5
      vertex 49.3225 124.82 34.5
    endloop
  endfacet
  facet normal 0 0 1
    outer loop
      vertex 117.85 127.15 34.5
      vertex 48.6953 125.14 34.5
      vertex 49.0215 125.005 34.5
    endloop
  endfacet
  facet normal 0 0 1
    outer loop
      vertex 128 131 34.5
      vertex 48.352 125.222 34.5
      vertex 48.6953 125.14 34.5
    endloop
  endfacet
  facet normal 0 0 1
    outer loop
      vertex 128 131 34.5
      vertex 48 125.25 34.5
      vertex 48.352 125.222 34.5
    endloop
  endfacet
  facet normal 0 0 1
    outer loop
      vertex 45.75 123 34.5
      vertex 45.355 118.641 34.5
      vertex 45.75 118.883 34.5
    endloop
  endfacet
  facet normal 0 0 1
    outer loop
      vertex 38 120.5 34.5
      vertex 45.75 123 34.5
      vertex 45.7777 123.352 34.5
    endloop
  endfacet
  facet normal 0 0 1
    outer loop
      vertex 45.75 123 34.5
      vertex 44.818 118.182 34.5
      vertex 45.355 118.641 34.5
    endloop
  endfacet
  facet normal 0 0 1
    outer loop
      vertex 45.75 123 34.5
      vertex 38 120.5 34.5
      vertex 44.818 118.182 34.5
    endloop
  endfacet
  facet normal 0 0 1
    outer loop
      vertex 38 120.5 34.5
      vertex 45.7777 123.352 34.5
      vertex 45.8601 123.695 34.5
    endloop
  endfacet
  facet normal 0 0 1
    outer loop
      vertex 44.818 118.182 34.5
      vertex 38 120.5 34.5
      vertex 44.3594 117.645 34.5
    endloop
  endfacet
  facet normal 0 0 1
    outer loop
      vertex 44.3594 117.645 34.5
      vertex 38 120.5 34.5
      vertex 43.9905 117.043 34.5
    endloop
  endfacet
  facet normal 0 0 1
    outer loop
      vertex 38 111 34.5
      vertex 43.5 115 34.5
      vertex 43.5554 115.704 34.5
    endloop
  endfacet
  facet normal 0 0 1
    outer loop
      vertex 38 120.5 34.5
      vertex 43.5554 115.704 34.5
      vertex 43.7202 116.391 34.5
    endloop
  endfacet
  facet normal 0 0 1
    outer loop
      vertex 43.9905 117.043 34.5
      vertex 38 120.5 34.5
      vertex 43.7202 116.391 34.5
    endloop
  endfacet
  facet normal 0 0 1
    outer loop
      vertex 43.5 115 34.5
      vertex 38 111 34.5
      vertex 41 108 34.5
    endloop
  endfacet
  facet normal 0 0 1
    outer loop
      vertex 41 108 34.5
      vertex 38 111 34.5
      vertex 40.5307 108.037 34.5
    endloop
  endfacet
  facet normal 0 0 1
    outer loop
      vertex 40.5307 108.037 34.5
      vertex 38 111 34.5
      vertex 40.073 108.147 34.5
    endloop
  endfacet
  facet normal 0 0 1
    outer loop
      vertex 40.073 108.147 34.5
      vertex 38 111 34.5
      vertex 39.638 108.327 34.5
    endloop
  endfacet
  facet normal 0 0 1
    outer loop
      vertex 38 120.5 34.5
      vertex 45.8601 123.695 34.5
      vertex 45.9952 124.021 34.5
    endloop
  endfacet
  facet normal 0 0 1
    outer loop
      vertex 39.638 108.327 34.5
      vertex 38 111 34.5
      vertex 39.2366 108.573 34.5
    endloop
  endfacet
  facet normal 0 0 1
    outer loop
      vertex 39.2366 108.573 34.5
      vertex 38 111 34.5
      vertex 38.8787 108.879 34.5
    endloop
  endfacet
  facet normal 0 0 1
    outer loop
      vertex 38.8787 108.879 34.5
      vertex 38 111 34.5
      vertex 38.573 109.237 34.5
    endloop
  endfacet
  facet normal 0 0 1
    outer loop
      vertex 38.573 109.237 34.5
      vertex 38 111 34.5
      vertex 38.327 109.638 34.5
    endloop
  endfacet
  facet normal 0 0 1
    outer loop
      vertex 38.327 109.638 34.5
      vertex 38 111 34.5
      vertex 38.1468 110.073 34.5
    endloop
  endfacet
  facet normal 0 0 1
    outer loop
      vertex 43.5554 115.704 34.5
      vertex 38 120.5 34.5
      vertex 38 111 34.5
    endloop
  endfacet
  facet normal 0 0 1
    outer loop
      vertex 46.1797 124.323 34.5
      vertex 38 120.5 34.5
      vertex 45.9952 124.021 34.5
    endloop
  endfacet
  facet normal 0 0 1
    outer loop
      vertex 46.409 124.591 34.5
      vertex 38 120.5 34.5
      vertex 46.1797 124.323 34.5
    endloop
  endfacet
  facet normal 0 0 1
    outer loop
      vertex 46.6775 124.82 34.5
      vertex 38 120.5 34.5
      vertex 46.409 124.591 34.5
    endloop
  endfacet
  facet normal 0 0 1
    outer loop
      vertex 0 131 34.5
      vertex 46.6775 124.82 34.5
      vertex 46.9785 125.005 34.5
    endloop
  endfacet
  facet normal 0 0 1
    outer loop
      vertex 46.6775 124.82 34.5
      vertex 0 131 34.5
      vertex 38 120.5 34.5
    endloop
  endfacet
  facet normal 0 0 1
    outer loop
      vertex 0 131 34.5
      vertex 46.9785 125.005 34.5
      vertex 47.3047 125.14 34.5
    endloop
  endfacet
  facet normal 0 0 1
    outer loop
      vertex 0 131 34.5
      vertex 47.3047 125.14 34.5
      vertex 47.648 125.222 34.5
    endloop
  endfacet
  facet normal -0 0 1
    outer loop
      vertex 0 131 34.5
      vertex 48 125.25 34.5
      vertex 128 131 34.5
    endloop
  endfacet
  facet normal 0 0 1
    outer loop
      vertex 0 131 34.5
      vertex 47.648 125.222 34.5
      vertex 48 125.25 34.5
    endloop
  endfacet
  facet normal 0 0 1
    outer loop
      vertex 38 120.5 34.5
      vertex 0 131 34.5
      vertex 7.5 120.5 34.5
    endloop
  endfacet
  facet normal -0 0 1
    outer loop
      vertex -3 128 34.5
      vertex 7.5 120.5 34.5
      vertex 0 131 34.5
    endloop
  endfacet
  facet normal 0 0 1
    outer loop
      vertex -3 128 34.5
      vertex 0 131 34.5
      vertex -0.469299 130.963 34.5
    endloop
  endfacet
  facet normal 0 0 1
    outer loop
      vertex -3 128 34.5
      vertex -0.469299 130.963 34.5
      vertex -0.927048 130.853 34.5
    endloop
  endfacet
  facet normal 0 0 1
    outer loop
      vertex -3 128 34.5
      vertex -0.927048 130.853 34.5
      vertex -1.36197 130.673 34.5
    endloop
  endfacet
  facet normal 0 0 1
    outer loop
      vertex -3 128 34.5
      vertex -1.36197 130.673 34.5
      vertex -1.76335 130.427 34.5
    endloop
  endfacet
  facet normal 0 0 1
    outer loop
      vertex -3 128 34.5
      vertex -1.76335 130.427 34.5
      vertex -2.12132 130.121 34.5
    endloop
  endfacet
  facet normal 0 0 1
    outer loop
      vertex -3 128 34.5
      vertex -2.12132 130.121 34.5
      vertex -2.42705 129.763 34.5
    endloop
  endfacet
  facet normal 0 0 1
    outer loop
      vertex -3 128 34.5
      vertex -2.42705 129.763 34.5
      vertex -2.67302 129.362 34.5
    endloop
  endfacet
  facet normal 0 0 1
    outer loop
      vertex -3 128 34.5
      vertex -2.67302 129.362 34.5
      vertex -2.85316 128.927 34.5
    endloop
  endfacet
  facet normal 0 0 1
    outer loop
      vertex -3 128 34.5
      vertex -2.85316 128.927 34.5
      vertex -2.96306 128.469 34.5
    endloop
  endfacet
  facet normal 0 0 1
    outer loop
      vertex -3 82.375 34.5
      vertex 7.5 120.5 34.5
      vertex -3 128 34.5
    endloop
  endfacet
  facet normal 0 0 1
    outer loop
      vertex 7.5 120.5 34.5
      vertex -3 82.375 34.5
      vertex 7.5 82.375 34.5
    endloop
  endfacet
  facet normal -0 0 1
    outer loop
      vertex 117.85 118.85 34.5
      vertex 128 116.5 34.5
      vertex 128 120.85 34.5
    endloop
  endfacet
  facet normal 0 0 1
    outer loop
      vertex 117.85 118.85 34.5
      vertex 114 116.5 34.5
      vertex 128 116.5 34.5
    endloop
  endfacet
  facet normal 0 0 1
    outer loop
      vertex 114 116.5 34.5
      vertex 117.85 118.85 34.5
      vertex 114 120.5 34.5
    endloop
  endfacet
  facet normal 0 0 1
    outer loop
      vertex 56.7634 108.573 34.5
      vertex 55 108 34.5
      vertex 56.362 108.327 34.5
    endloop
  endfacet
  facet normal 0 0 1
    outer loop
      vertex 56.362 108.327 34.5
      vertex 55 108 34.5
      vertex 55.927 108.147 34.5
    endloop
  endfacet
  facet normal 0 0 1
    outer loop
      vertex 55.927 108.147 34.5
      vertex 55 108 34.5
      vertex 55.4693 108.037 34.5
    endloop
  endfacet
  facet normal -0 0 1
    outer loop
      vertex 51.6406 112.355 34.5
      vertex 55 108 34.5
      vertex 52.0095 112.957 34.5
    endloop
  endfacet
  facet normal -0 0 1
    outer loop
      vertex 51.182 111.818 34.5
      vertex 55 108 34.5
      vertex 51.6406 112.355 34.5
    endloop
  endfacet
  facet normal -0 0 1
    outer loop
      vertex 50.645 111.359 34.5
      vertex 55 108 34.5
      vertex 51.182 111.818 34.5
    endloop
  endfacet
  facet normal -0 0 1
    outer loop
      vertex 50.043 110.99 34.5
      vertex 55 108 34.5
      vertex 50.645 111.359 34.5
    endloop
  endfacet
  facet normal -0 0 1
    outer loop
      vertex 49.3906 110.72 34.5
      vertex 55 108 34.5
      vertex 50.043 110.99 34.5
    endloop
  endfacet
  facet normal -0 0 1
    outer loop
      vertex 48.704 110.555 34.5
      vertex 55 108 34.5
      vertex 49.3906 110.72 34.5
    endloop
  endfacet
  facet normal -0 0 1
    outer loop
      vertex 48 110.5 34.5
      vertex 55 108 34.5
      vertex 48.704 110.555 34.5
    endloop
  endfacet
  facet normal 0 0 1
    outer loop
      vertex 41 108 34.5
      vertex 48 110.5 34.5
      vertex 47.296 110.555 34.5
    endloop
  endfacet
  facet normal 0 0 1
    outer loop
      vertex 41 108 34.5
      vertex 47.296 110.555 34.5
      vertex 46.6094 110.72 34.5
    endloop
  endfacet
  facet normal 0 0 1
    outer loop
      vertex 48 110.5 34.5
      vertex 41 108 34.5
      vertex 55 108 34.5
    endloop
  endfacet
  facet normal 0 0 1
    outer loop
      vertex 45.957 110.99 34.5
      vertex 41 108 34.5
      vertex 46.6094 110.72 34.5
    endloop
  endfacet
  facet normal 0 0 1
    outer loop
      vertex 45.355 111.359 34.5
      vertex 41 108 34.5
      vertex 45.957 110.99 34.5
    endloop
  endfacet
  facet normal 0 0 1
    outer loop
      vertex 44.818 111.818 34.5
      vertex 41 108 34.5
      vertex 45.355 111.359 34.5
    endloop
  endfacet
  facet normal 0 0 1
    outer loop
      vertex 44.3594 112.355 34.5
      vertex 41 108 34.5
      vertex 44.818 111.818 34.5
    endloop
  endfacet
  facet normal 0 0 1
    outer loop
      vertex 43.9905 112.957 34.5
      vertex 41 108 34.5
      vertex 44.3594 112.355 34.5
    endloop
  endfacet
  facet normal 0 0 1
    outer loop
      vertex 43.7202 113.609 34.5
      vertex 41 108 34.5
      vertex 43.9905 112.957 34.5
    endloop
  endfacet
  facet normal 0 0 1
    outer loop
      vertex 43.5554 114.296 34.5
      vertex 41 108 34.5
      vertex 43.7202 113.609 34.5
    endloop
  endfacet
  facet normal 0 0 1
    outer loop
      vertex 41 108 34.5
      vertex 43.5554 114.296 34.5
      vertex 43.5 115 34.5
    endloop
  endfacet
  facet normal 0 0 1
    outer loop
      vertex 50.645 118.641 34.5
      vertex 50.25 123 34.5
      vertex 50.25 118.883 34.5
    endloop
  endfacet
  facet normal 0 0 1
    outer loop
      vertex 38.1468 110.073 34.5
      vertex 38 111 34.5
      vertex 38.0369 110.531 34.5
    endloop
  endfacet
  facet normal -0 0 1
    outer loop
      vertex -3 67.596 34.5
      vertex 7.5 62.817 34.5
      vertex 7.5 67.596 34.5
    endloop
  endfacet
  facet normal 0 0 1
    outer loop
      vertex 7.5 62.817 34.5
      vertex -3 67.596 34.5
      vertex -3 62.817 34.5
    endloop
  endfacet
  facet normal -0 0 1
    outer loop
      vertex -3 57.817 34.5
      vertex 7.5 55.03 34.5
      vertex 7.5 57.817 34.5
    endloop
  endfacet
  facet normal 0 0 1
    outer loop
      vertex 7.5 55.03 34.5
      vertex -3 57.817 34.5
      vertex -3 55.03 34.5
    endloop
  endfacet
  facet normal -0 0 1
    outer loop
      vertex -3 77.375 34.5
      vertex 7.5 72.596 34.5
      vertex 7.5 77.375 34.5
    endloop
  endfacet
  facet normal 0 0 1
    outer loop
      vertex 7.5 72.596 34.5
      vertex -3 77.375 34.5
      vertex -3 72.596 34.5
    endloop
  endfacet
  facet normal -0.459931 -0.53852 -0.706017
    outer loop
      vertex -1.76335 -2.42705 -0.2
      vertex -2.12132 -2.12132 -0.2
      vertex -1.55563 -1.55563 -1
    endloop
  endfacet
  facet normal -0.65434 0.270987 -0.705978
    outer loop
      vertex -2.09233 128.68 -1
      vertex -2.67302 129.362 -0.2
      vertex -1.96022 128.999 -1
    endloop
  endfacet
  facet normal -0.603729 0.370322 -0.705956
    outer loop
      vertex -1.96022 128.999 -1
      vertex -2.67302 129.362 -0.2
      vertex -2.42705 129.763 -0.2
    endloop
  endfacet
  facet normal -0.707107 0 -0.707107
    outer loop
      vertex -3 0 -0.2
      vertex -2.2 128 -1
      vertex -2.2 0 -1
    endloop
  endfacet
  facet normal -0.707107 0 -0.707107
    outer loop
      vertex -2.2 128 -1
      vertex -3 0 -0.2
      vertex -3 128 -0.2
    endloop
  endfacet
  facet normal -0.522505 -0.852636 0
    outer loop
      vertex -1.76335 -2.42705 -0.2
      vertex -1.36197 -2.67302 34.5
      vertex -1.76335 -2.42705 34.5
    endloop
  endfacet
  facet normal -0.522505 -0.852636 -0
    outer loop
      vertex -1.36197 -2.67302 34.5
      vertex -1.76335 -2.42705 -0.2
      vertex -1.36197 -2.67302 -0.2
    endloop
  endfacet
  facet normal -0.996913 0.0785201 0
    outer loop
      vertex -3 128 -0.2
      vertex -2.96306 128.469 34.5
      vertex -2.96306 128.469 -0.2
    endloop
  endfacet
  facet normal -0.996913 0.0785201 0
    outer loop
      vertex -2.96306 128.469 34.5
      vertex -3 128 -0.2
      vertex -3 128 34.5
    endloop
  endfacet
  facet normal -0.603818 -0.370056 -0.706018
    outer loop
      vertex -1.77983 -1.29312 -1
      vertex -2.42705 -1.76335 -0.2
      vertex -1.96022 -0.998779 -1
    endloop
  endfacet
  facet normal -0.760438 0.64941 0
    outer loop
      vertex -2.42705 129.763 -0.2
      vertex -2.12132 130.121 34.5
      vertex -2.12132 130.121 -0.2
    endloop
  endfacet
  facet normal -0.760438 0.64941 0
    outer loop
      vertex -2.12132 130.121 34.5
      vertex -2.42705 129.763 -0.2
      vertex -2.42705 129.763 34.5
    endloop
  endfacet
  facet normal -0.706014 -0.0555726 -0.706014
    outer loop
      vertex -2.96306 -0.469299 -0.2
      vertex -3 0 -0.2
      vertex -2.17291 -0.344162 -1
    endloop
  endfacet
  facet normal -0.649773 0.760128 0
    outer loop
      vertex -1.76335 130.427 -0.2
      vertex -2.12132 130.121 34.5
      vertex -1.76335 130.427 34.5
    endloop
  endfacet
  facet normal -0.649773 0.760128 0
    outer loop
      vertex -2.12132 130.121 34.5
      vertex -1.76335 130.427 -0.2
      vertex -2.12132 130.121 -0.2
    endloop
  endfacet
  facet normal -0.369532 0.604268 -0.705908
    outer loop
      vertex -1.29312 129.78 -1
      vertex -1.76335 130.427 -0.2
      vertex -0.998779 129.96 -1
    endloop
  endfacet
  facet normal -0.706015 0.0556081 -0.706011
    outer loop
      vertex -2.17291 128.344 -1
      vertex -3 128 -0.2
      vertex -2.96306 128.469 -0.2
    endloop
  endfacet
  facet normal -0.654349 0.270976 -0.705974
    outer loop
      vertex -2.09233 128.68 -1
      vertex -2.85316 128.927 -0.2
      vertex -2.67302 129.362 -0.2
    endloop
  endfacet
  facet normal -0.233655 0.97232 0
    outer loop
      vertex -0.469299 130.963 -0.2
      vertex -0.927048 130.853 34.5
      vertex -0.469299 130.963 34.5
    endloop
  endfacet
  facet normal -0.233655 0.97232 0
    outer loop
      vertex -0.927048 130.853 34.5
      vertex -0.469299 130.963 -0.2
      vertex -0.927048 130.853 -0.2
    endloop
  endfacet
  facet normal -0.370056 -0.603818 -0.706018
    outer loop
      vertex -0.998779 -1.96022 -1
      vertex -1.76335 -2.42705 -0.2
      vertex -1.29312 -1.77983 -1
    endloop
  endfacet
  facet normal -0.852636 -0.522505 0
    outer loop
      vertex -2.42705 -1.76335 -0.2
      vertex -2.67302 -1.36197 34.5
      vertex -2.67302 -1.36197 -0.2
    endloop
  endfacet
  facet normal -0.852636 -0.522505 0
    outer loop
      vertex -2.67302 -1.36197 34.5
      vertex -2.42705 -1.76335 -0.2
      vertex -2.42705 -1.76335 34.5
    endloop
  endfacet
  facet normal -0.53852 -0.459931 -0.706017
    outer loop
      vertex -2.12132 -2.12132 -0.2
      vertex -2.42705 -1.76335 -0.2
      vertex -1.55563 -1.55563 -1
    endloop
  endfacet
  facet normal -0.688679 0.16516 -0.706006
    outer loop
      vertex -2.17291 128.344 -1
      vertex -2.96306 128.469 -0.2
      vertex -2.09233 128.68 -1
    endloop
  endfacet
  facet normal -0.271004 -0.654301 -0.706008
    outer loop
      vertex -0.927048 -2.85316 -0.2
      vertex -1.36197 -2.67302 -0.2
      vertex -0.67984 -2.09233 -1
    endloop
  endfacet
  facet normal -0.522551 0.852608 0
    outer loop
      vertex -1.36197 130.673 -0.2
      vertex -1.76335 130.427 34.5
      vertex -1.36197 130.673 34.5
    endloop
  endfacet
  facet normal -0.522551 0.852608 0
    outer loop
      vertex -1.76335 130.427 34.5
      vertex -1.36197 130.673 -0.2
      vertex -1.76335 130.427 -0.2
    endloop
  endfacet
  facet normal -0.972397 0.233333 0
    outer loop
      vertex -2.96306 128.469 -0.2
      vertex -2.85316 128.927 34.5
      vertex -2.85316 128.927 -0.2
    endloop
  endfacet
  facet normal -0.972397 0.233333 0
    outer loop
      vertex -2.85316 128.927 34.5
      vertex -2.96306 128.469 -0.2
      vertex -2.96306 128.469 34.5
    endloop
  endfacet
  facet normal -0.706014 -0.0555724 -0.706014
    outer loop
      vertex -2.17291 -0.344162 -1
      vertex -3 0 -0.2
      vertex -2.2 0 -1
    endloop
  endfacet
  facet normal -0.68868 0.165253 -0.705982
    outer loop
      vertex -2.09233 128.68 -1
      vertex -2.96306 128.469 -0.2
      vertex -2.85316 128.927 -0.2
    endloop
  endfacet
  facet normal -0.603837 -0.370038 -0.706012
    outer loop
      vertex -2.42705 -1.76335 -0.2
      vertex -2.67302 -1.36197 -0.2
      vertex -1.96022 -0.998779 -1
    endloop
  endfacet
  facet normal -0.53852 -0.45993 -0.706017
    outer loop
      vertex -1.55563 -1.55563 -1
      vertex -2.42705 -1.76335 -0.2
      vertex -1.77983 -1.29312 -1
    endloop
  endfacet
  facet normal -0.688635 -0.165333 -0.706007
    outer loop
      vertex -2.85316 -0.927048 -0.2
      vertex -2.96306 -0.469299 -0.2
      vertex -2.09233 -0.67984 -1
    endloop
  endfacet
  facet normal -0.538974 0.45946 -0.705977
    outer loop
      vertex -1.77983 129.293 -1
      vertex -2.42705 129.763 -0.2
      vertex -1.55563 129.556 -1
    endloop
  endfacet
  facet normal -0.165333 -0.688635 -0.706007
    outer loop
      vertex -0.469299 -2.96306 -0.2
      vertex -0.927048 -2.85316 -0.2
      vertex -0.67984 -2.09233 -1
    endloop
  endfacet
  facet normal -0.165308 -0.688635 -0.706014
    outer loop
      vertex -0.469299 -2.96306 -0.2
      vertex -0.67984 -2.09233 -1
      vertex -0.344162 -2.17291 -1
    endloop
  endfacet
  facet normal -0.852416 0.522865 0
    outer loop
      vertex -2.67302 129.362 -0.2
      vertex -2.42705 129.763 34.5
      vertex -2.42705 129.763 -0.2
    endloop
  endfacet
  facet normal -0.852416 0.522865 0
    outer loop
      vertex -2.42705 129.763 34.5
      vertex -2.67302 129.362 -0.2
      vertex -2.67302 129.362 34.5
    endloop
  endfacet
  facet normal -0.60366 0.370389 -0.705979
    outer loop
      vertex -1.96022 128.999 -1
      vertex -2.42705 129.763 -0.2
      vertex -1.77983 129.293 -1
    endloop
  endfacet
  facet normal -0.996916 -0.0784704 0
    outer loop
      vertex -2.96306 -0.469299 -0.2
      vertex -3 0 34.5
      vertex -3 0 -0.2
    endloop
  endfacet
  facet normal -0.996916 -0.0784704 0
    outer loop
      vertex -3 0 34.5
      vertex -2.96306 -0.469299 -0.2
      vertex -2.96306 -0.469299 34.5
    endloop
  endfacet
  facet normal -0.688635 -0.165308 -0.706014
    outer loop
      vertex -2.09233 -0.67984 -1
      vertex -2.96306 -0.469299 -0.2
      vertex -2.17291 -0.344162 -1
    endloop
  endfacet
  facet normal 0 0 -1
    outer loop
      vertex 0 -2.2 -1
      vertex 128 -0.5 -1
      vertex 128 -2.2 -1
    endloop
  endfacet
  facet normal 0 0 -1
    outer loop
      vertex -0.5 -0.5 -1
      vertex 0 -2.2 -1
      vertex -0.344162 -2.17291 -1
    endloop
  endfacet
  facet normal 0 0 -1
    outer loop
      vertex 0 -2.2 -1
      vertex -0.5 -0.5 -1
      vertex 128 -0.5 -1
    endloop
  endfacet
  facet normal 0 0 -1
    outer loop
      vertex -0.998779 -1.96022 -1
      vertex -0.5 -0.5 -1
      vertex -0.67984 -2.09233 -1
    endloop
  endfacet
  facet normal 0 0 -1
    outer loop
      vertex -0.67984 -2.09233 -1
      vertex -0.5 -0.5 -1
      vertex -0.344162 -2.17291 -1
    endloop
  endfacet
  facet normal 0 0 -1
    outer loop
      vertex 128 128.5 -1
      vertex 0 130.2 -1
      vertex 128 130.2 -1
    endloop
  endfacet
  facet normal 0 0 -1
    outer loop
      vertex -0.5 128.5 -1
      vertex 0 130.2 -1
      vertex 128 128.5 -1
    endloop
  endfacet
  facet normal 0 0 -1
    outer loop
      vertex 0 130.2 -1
      vertex -0.5 128.5 -1
      vertex -0.344162 130.173 -1
    endloop
  endfacet
  facet normal 0 0 -1
    outer loop
      vertex -0.5 128.5 -1
      vertex -0.67984 130.092 -1
      vertex -0.344162 130.173 -1
    endloop
  endfacet
  facet normal 0 0 -1
    outer loop
      vertex -0.5 -0.5 -1
      vertex -2.2 0 -1
      vertex -0.5 128.5 -1
    endloop
  endfacet
  facet normal 0 0 -1
    outer loop
      vertex -1.29312 -1.77983 -1
      vertex -0.5 -0.5 -1
      vertex -0.998779 -1.96022 -1
    endloop
  endfacet
  facet normal 0 0 -1
    outer loop
      vertex -2.2 128 -1
      vertex -0.5 128.5 -1
      vertex -2.2 0 -1
    endloop
  endfacet
  facet normal 0 0 -1
    outer loop
      vertex -1.55563 -1.55563 -1
      vertex -0.5 -0.5 -1
      vertex -1.29312 -1.77983 -1
    endloop
  endfacet
  facet normal 0 -0 -1
    outer loop
      vertex -2.17291 128.344 -1
      vertex -0.5 128.5 -1
      vertex -2.2 128 -1
    endloop
  endfacet
  facet normal 0 0 -1
    outer loop
      vertex -1.77983 -1.29312 -1
      vertex -0.5 -0.5 -1
      vertex -1.55563 -1.55563 -1
    endloop
  endfacet
  facet normal 0 0 -1
    outer loop
      vertex -0.5 128.5 -1
      vertex -0.998779 129.96 -1
      vertex -0.67984 130.092 -1
    endloop
  endfacet
  facet normal 0 0 -1
    outer loop
      vertex -1.96022 -0.998779 -1
      vertex -0.5 -0.5 -1
      vertex -1.77983 -1.29312 -1
    endloop
  endfacet
  facet normal 0 0 -1
    outer loop
      vertex -0.5 128.5 -1
      vertex -1.29312 129.78 -1
      vertex -0.998779 129.96 -1
    endloop
  endfacet
  facet normal 0 0 -1
    outer loop
      vertex -2.09233 -0.67984 -1
      vertex -0.5 -0.5 -1
      vertex -1.96022 -0.998779 -1
    endloop
  endfacet
  facet normal 0 0 -1
    outer loop
      vertex -0.5 128.5 -1
      vertex -1.55563 129.556 -1
      vertex -1.29312 129.78 -1
    endloop
  endfacet
  facet normal 0 0 -1
    outer loop
      vertex -2.17291 -0.344162 -1
      vertex -0.5 -0.5 -1
      vertex -2.09233 -0.67984 -1
    endloop
  endfacet
  facet normal 0 0 -1
    outer loop
      vertex -0.5 128.5 -1
      vertex -1.77983 129.293 -1
      vertex -1.55563 129.556 -1
    endloop
  endfacet
  facet normal 0 0 -1
    outer loop
      vertex -0.5 -0.5 -1
      vertex -2.17291 -0.344162 -1
      vertex -2.2 0 -1
    endloop
  endfacet
  facet normal 0 0 -1
    outer loop
      vertex -0.5 128.5 -1
      vertex -1.96022 128.999 -1
      vertex -1.77983 129.293 -1
    endloop
  endfacet
  facet normal 0 0 -1
    outer loop
      vertex -0.5 128.5 -1
      vertex -2.09233 128.68 -1
      vertex -1.96022 128.999 -1
    endloop
  endfacet
  facet normal -0 0 -1
    outer loop
      vertex -0.5 128.5 -1
      vertex -2.17291 128.344 -1
      vertex -2.09233 128.68 -1
    endloop
  endfacet
  facet normal 1 -0 0
    outer loop
      vertex -0.5 -0.5 13.2
      vertex -0.5 128.5 -1
      vertex -0.5 128.5 13.2
    endloop
  endfacet
  facet normal 1 0 0
    outer loop
      vertex -0.5 128.5 -1
      vertex -0.5 -0.5 13.2
      vertex -0.5 -0.5 -1
    endloop
  endfacet
  facet normal 1 -0 0
    outer loop
      vertex -0.5 -0.5 31.5
      vertex -0.5 45.03 21.2
      vertex -0.5 45.03 31.5
    endloop
  endfacet
  facet normal 1 0 0
    outer loop
      vertex -0.5 45.03 21.2
      vertex -0.5 -0.5 31.5
      vertex -0.5 -0.5 21.2
    endloop
  endfacet
  facet normal 1 0 0
    outer loop
      vertex -0.5 57.817 31.5
      vertex -0.5 55.03 31.5
      vertex -0.5 57.817 23.4
    endloop
  endfacet
  facet normal 1 0 0
    outer loop
      vertex -0.5 67.596 31.5
      vertex -0.5 62.817 31.5
      vertex -0.5 67.596 23.4
    endloop
  endfacet
  facet normal 1 0 0
    outer loop
      vertex -0.5 77.375 31.5
      vertex -0.5 72.596 31.5
      vertex -0.5 77.375 23.4
    endloop
  endfacet
  facet normal 1 0 0
    outer loop
      vertex -0.5 82.375 23.4
      vertex -0.5 128.5 31.5
      vertex -0.5 82.375 31.5
    endloop
  endfacet
  facet normal 1 0 0
    outer loop
      vertex -0.5 128.5 31.5
      vertex -0.5 82.375 23.4
      vertex -0.5 128.5 21.2
    endloop
  endfacet
  facet normal 1 0 0
    outer loop
      vertex -0.5 55.03 21.2
      vertex -0.5 82.375 23.4
      vertex -0.5 77.375 23.4
    endloop
  endfacet
  facet normal 1 0 0
    outer loop
      vertex -0.5 72.596 23.4
      vertex -0.5 77.375 23.4
      vertex -0.5 72.596 31.5
    endloop
  endfacet
  facet normal 1 0 0
    outer loop
      vertex -0.5 55.03 21.2
      vertex -0.5 77.375 23.4
      vertex -0.5 72.596 23.4
    endloop
  endfacet
  facet normal 1 0 0
    outer loop
      vertex -0.5 55.03 21.2
      vertex -0.5 72.596 23.4
      vertex -0.5 67.596 23.4
    endloop
  endfacet
  facet normal 1 0 0
    outer loop
      vertex -0.5 62.817 23.4
      vertex -0.5 67.596 23.4
      vertex -0.5 62.817 31.5
    endloop
  endfacet
  facet normal 1 0 0
    outer loop
      vertex -0.5 55.03 21.2
      vertex -0.5 67.596 23.4
      vertex -0.5 62.817 23.4
    endloop
  endfacet
  facet normal 1 0 0
    outer loop
      vertex -0.5 55.03 21.2
      vertex -0.5 62.817 23.4
      vertex -0.5 57.817 23.4
    endloop
  endfacet
  facet normal 1 0 0
    outer loop
      vertex -0.5 82.375 23.4
      vertex -0.5 55.03 21.2
      vertex -0.5 128.5 21.2
    endloop
  endfacet
  facet normal 1 0 0
    outer loop
      vertex -0.5 55.03 21.2
      vertex -0.5 57.817 23.4
      vertex -0.5 55.03 31.5
    endloop
  endfacet
  facet normal 0 -1 0
    outer loop
      vertex -0.5 128.5 -1
      vertex 128 128.5 13.2
      vertex -0.5 128.5 13.2
    endloop
  endfacet
  facet normal 0 -1 -0
    outer loop
      vertex 128 128.5 13.2
      vertex -0.5 128.5 -1
      vertex 128 128.5 -1
    endloop
  endfacet
  facet normal 0 -1 0
    outer loop
      vertex 98 128.5 26.35
      vertex 104 128.5 29.35
      vertex 95 128.5 29.35
    endloop
  endfacet
  facet normal 0 -1 0
    outer loop
      vertex 98 128.5 26.35
      vertex 101 128.5 26.35
      vertex 104 128.5 29.35
    endloop
  endfacet
  facet normal 0 -1 0
    outer loop
      vertex 95 128.5 23.35
      vertex 101 128.5 26.35
      vertex 98 128.5 26.35
    endloop
  endfacet
  facet normal 0 -1 -0
    outer loop
      vertex 101 128.5 26.35
      vertex 95 128.5 23.35
      vertex 104 128.5 23.35
    endloop
  endfacet
  facet normal 0 -1 0
    outer loop
      vertex 89 128.5 26.35
      vertex 95 128.5 29.35
      vertex 86 128.5 29.35
    endloop
  endfacet
  facet normal 0 -1 0
    outer loop
      vertex 89 128.5 26.35
      vertex 92 128.5 26.35
      vertex 95 128.5 29.35
    endloop
  endfacet
  facet normal 0 -1 0
    outer loop
      vertex 86 128.5 23.35
      vertex 92 128.5 26.35
      vertex 89 128.5 26.35
    endloop
  endfacet
  facet normal 0 -1 -0
    outer loop
      vertex 92 128.5 26.35
      vertex 86 128.5 23.35
      vertex 95 128.5 23.35
    endloop
  endfacet
  facet normal 0 -1 0
    outer loop
      vertex 80 128.5 26.35
      vertex 86 128.5 29.35
      vertex 77 128.5 29.35
    endloop
  endfacet
  facet normal 0 -1 0
    outer loop
      vertex 80 128.5 26.35
      vertex 83 128.5 26.35
      vertex 86 128.5 29.35
    endloop
  endfacet
  facet normal 0 -1 0
    outer loop
      vertex 77 128.5 23.35
      vertex 83 128.5 26.35
      vertex 80 128.5 26.35
    endloop
  endfacet
  facet normal 0 -1 -0
    outer loop
      vertex 83 128.5 26.35
      vertex 77 128.5 23.35
      vertex 86 128.5 23.35
    endloop
  endfacet
  facet normal 0 -1 0
    outer loop
      vertex 71 128.5 26.35
      vertex 77 128.5 29.35
      vertex 68 128.5 29.35
    endloop
  endfacet
  facet normal 0 -1 0
    outer loop
      vertex 71 128.5 26.35
      vertex 74 128.5 26.35
      vertex 77 128.5 29.35
    endloop
  endfacet
  facet normal 0 -1 0
    outer loop
      vertex 68 128.5 23.35
      vertex 74 128.5 26.35
      vertex 71 128.5 26.35
    endloop
  endfacet
  facet normal 0 -1 -0
    outer loop
      vertex 74 128.5 26.35
      vertex 68 128.5 23.35
      vertex 77 128.5 23.35
    endloop
  endfacet
  facet normal 0 -1 0
    outer loop
      vertex 62 128.5 26.35
      vertex 68 128.5 29.35
      vertex 59 128.5 29.35
    endloop
  endfacet
  facet normal 0 -1 0
    outer loop
      vertex 62 128.5 26.35
      vertex 65 128.5 26.35
      vertex 68 128.5 29.35
    endloop
  endfacet
  facet normal 0 -1 0
    outer loop
      vertex 59 128.5 23.35
      vertex 65 128.5 26.35
      vertex 62 128.5 26.35
    endloop
  endfacet
  facet normal 0 -1 -0
    outer loop
      vertex 65 128.5 26.35
      vertex 59 128.5 23.35
      vertex 68 128.5 23.35
    endloop
  endfacet
  facet normal 0 -1 0
    outer loop
      vertex 53 128.5 26.35
      vertex 59 128.5 29.35
      vertex 50 128.5 29.35
    endloop
  endfacet
  facet normal 0 -1 0
    outer loop
      vertex 53 128.5 26.35
      vertex 56 128.5 26.35
      vertex 59 128.5 29.35
    endloop
  endfacet
  facet normal 0 -1 0
    outer loop
      vertex 50 128.5 23.35
      vertex 56 128.5 26.35
      vertex 53 128.5 26.35
    endloop
  endfacet
  facet normal 0 -1 -0
    outer loop
      vertex 56 128.5 26.35
      vertex 50 128.5 23.35
      vertex 59 128.5 23.35
    endloop
  endfacet
  facet normal 0 -1 0
    outer loop
      vertex 44 128.5 26.35
      vertex 50 128.5 29.35
      vertex 41 128.5 29.35
    endloop
  endfacet
  facet normal 0 -1 0
    outer loop
      vertex 44 128.5 26.35
      vertex 47 128.5 26.35
      vertex 50 128.5 29.35
    endloop
  endfacet
  facet normal 0 -1 0
    outer loop
      vertex 41 128.5 23.35
      vertex 47 128.5 26.35
      vertex 44 128.5 26.35
    endloop
  endfacet
  facet normal 0 -1 -0
    outer loop
      vertex 47 128.5 26.35
      vertex 41 128.5 23.35
      vertex 50 128.5 23.35
    endloop
  endfacet
  facet normal 0 -1 0
    outer loop
      vertex 35 128.5 26.35
      vertex 41 128.5 29.35
      vertex 32 128.5 29.35
    endloop
  endfacet
  facet normal 0 -1 0
    outer loop
      vertex 35 128.5 26.35
      vertex 38 128.5 26.35
      vertex 41 128.5 29.35
    endloop
  endfacet
  facet normal 0 -1 0
    outer loop
      vertex 32 128.5 23.35
      vertex 38 128.5 26.35
      vertex 35 128.5 26.35
    endloop
  endfacet
  facet normal 0 -1 -0
    outer loop
      vertex 38 128.5 26.35
      vertex 32 128.5 23.35
      vertex 41 128.5 23.35
    endloop
  endfacet
  facet normal 0 -1 0
    outer loop
      vertex 26 128.5 26.35
      vertex 32 128.5 29.35
      vertex 23 128.5 29.35
    endloop
  endfacet
  facet normal 0 -1 0
    outer loop
      vertex 26 128.5 26.35
      vertex 29 128.5 26.35
      vertex 32 128.5 29.35
    endloop
  endfacet
  facet normal 0 -1 0
    outer loop
      vertex 23 128.5 23.35
      vertex 29 128.5 26.35
      vertex 26 128.5 26.35
    endloop
  endfacet
  facet normal 0 -1 -0
    outer loop
      vertex 29 128.5 26.35
      vertex 23 128.5 23.35
      vertex 32 128.5 23.35
    endloop
  endfacet
  facet normal 0 -1 0
    outer loop
      vertex 17 128.5 26.35
      vertex 23 128.5 29.35
      vertex 14 128.5 29.35
    endloop
  endfacet
  facet normal 0 -1 0
    outer loop
      vertex 17 128.5 26.35
      vertex 20 128.5 26.35
      vertex 23 128.5 29.35
    endloop
  endfacet
  facet normal 0 -1 0
    outer loop
      vertex 14 128.5 23.35
      vertex 20 128.5 26.35
      vertex 17 128.5 26.35
    endloop
  endfacet
  facet normal 0 -1 -0
    outer loop
      vertex 20 128.5 26.35
      vertex 14 128.5 23.35
      vertex 23 128.5 23.35
    endloop
  endfacet
  facet normal 0 -1 0
    outer loop
      vertex 23 128.5 29.35
      vertex -0.5 128.5 31.5
      vertex 14 128.5 29.35
    endloop
  endfacet
  facet normal 0 -1 0
    outer loop
      vertex -0.5 128.5 31.5
      vertex 11 128.5 26.35
      vertex 14 128.5 29.35
    endloop
  endfacet
  facet normal 0 -1 0
    outer loop
      vertex -0.5 128.5 21.2
      vertex 11 128.5 26.35
      vertex -0.5 128.5 31.5
    endloop
  endfacet
  facet normal 0 -1 0
    outer loop
      vertex -0.5 128.5 21.2
      vertex 23 128.5 23.35
      vertex 14 128.5 23.35
    endloop
  endfacet
  facet normal 0 -1 -0
    outer loop
      vertex 23 128.5 23.35
      vertex -0.5 128.5 21.2
      vertex 32 128.5 23.35
    endloop
  endfacet
  facet normal 0 -1 -0
    outer loop
      vertex 32 128.5 23.35
      vertex -0.5 128.5 21.2
      vertex 41 128.5 23.35
    endloop
  endfacet
  facet normal 0 -1 -0
    outer loop
      vertex 41 128.5 23.35
      vertex -0.5 128.5 21.2
      vertex 50 128.5 23.35
    endloop
  endfacet
  facet normal 0 -1 -0
    outer loop
      vertex 50 128.5 23.35
      vertex -0.5 128.5 21.2
      vertex 59 128.5 23.35
    endloop
  endfacet
  facet normal 0 -1 0
    outer loop
      vertex 114 128.5 21.2
      vertex 59 128.5 23.35
      vertex -0.5 128.5 21.2
    endloop
  endfacet
  facet normal 0 -1 0
    outer loop
      vertex 59 128.5 23.35
      vertex 114 128.5 21.2
      vertex 68 128.5 23.35
    endloop
  endfacet
  facet normal 0 -1 0
    outer loop
      vertex 68 128.5 23.35
      vertex 114 128.5 21.2
      vertex 77 128.5 23.35
    endloop
  endfacet
  facet normal 0 -1 0
    outer loop
      vertex 77 128.5 23.35
      vertex 114 128.5 21.2
      vertex 86 128.5 23.35
    endloop
  endfacet
  facet normal 0 -1 0
    outer loop
      vertex 86 128.5 23.35
      vertex 114 128.5 21.2
      vertex 95 128.5 23.35
    endloop
  endfacet
  facet normal 0 -1 -0
    outer loop
      vertex 11 128.5 26.35
      vertex -0.5 128.5 21.2
      vertex 14 128.5 23.35
    endloop
  endfacet
  facet normal 0 -1 0
    outer loop
      vertex 32 128.5 29.35
      vertex -0.5 128.5 31.5
      vertex 23 128.5 29.35
    endloop
  endfacet
  facet normal 0 -1 0
    outer loop
      vertex 41 128.5 29.35
      vertex -0.5 128.5 31.5
      vertex 32 128.5 29.35
    endloop
  endfacet
  facet normal 0 -1 0
    outer loop
      vertex 50 128.5 29.35
      vertex -0.5 128.5 31.5
      vertex 41 128.5 29.35
    endloop
  endfacet
  facet normal 0 -1 0
    outer loop
      vertex -0.5 128.5 31.5
      vertex 50 128.5 29.35
      vertex 114 128.5 31.5
    endloop
  endfacet
  facet normal 0 -1 0
    outer loop
      vertex 59 128.5 29.35
      vertex 114 128.5 31.5
      vertex 50 128.5 29.35
    endloop
  endfacet
  facet normal 0 -1 0
    outer loop
      vertex 68 128.5 29.35
      vertex 114 128.5 31.5
      vertex 59 128.5 29.35
    endloop
  endfacet
  facet normal 0 -1 0
    outer loop
      vertex 77 128.5 29.35
      vertex 114 128.5 31.5
      vertex 68 128.5 29.35
    endloop
  endfacet
  facet normal 0 -1 0
    outer loop
      vertex 86 128.5 29.35
      vertex 114 128.5 31.5
      vertex 77 128.5 29.35
    endloop
  endfacet
  facet normal 0 -1 0
    outer loop
      vertex 95 128.5 29.35
      vertex 114 128.5 31.5
      vertex 86 128.5 29.35
    endloop
  endfacet
  facet normal 0 -1 0
    outer loop
      vertex 104 128.5 29.35
      vertex 114 128.5 31.5
      vertex 95 128.5 29.35
    endloop
  endfacet
  facet normal 0 -1 0
    outer loop
      vertex 107 128.5 26.35
      vertex 114 128.5 31.5
      vertex 104 128.5 29.35
    endloop
  endfacet
  facet normal 0 -1 0
    outer loop
      vertex 114 128.5 21.2
      vertex 107 128.5 26.35
      vertex 104 128.5 23.35
    endloop
  endfacet
  facet normal 0 -1 0
    outer loop
      vertex 107 128.5 26.35
      vertex 114 128.5 21.2
      vertex 114 128.5 31.5
    endloop
  endfacet
  facet normal 0 -1 0
    outer loop
      vertex 95 128.5 23.35
      vertex 114 128.5 21.2
      vertex 104 128.5 23.35
    endloop
  endfacet
  facet normal 0 1 -0
    outer loop
      vertex 128 -0.5 -1
      vertex -0.5 -0.5 13.2
      vertex 128 -0.5 13.2
    endloop
  endfacet
  facet normal 0 1 0
    outer loop
      vertex -0.5 -0.5 13.2
      vertex 128 -0.5 -1
      vertex -0.5 -0.5 -1
    endloop
  endfacet
  facet normal 0 1 -0
    outer loop
      vertex 20 -0.5 26.35
      vertex 14 -0.5 29.35
      vertex 23 -0.5 29.35
    endloop
  endfacet
  facet normal 0 1 0
    outer loop
      vertex 20 -0.5 26.35
      vertex 17 -0.5 26.35
      vertex 14 -0.5 29.35
    endloop
  endfacet
  facet normal 0 1 0
    outer loop
      vertex 23 -0.5 23.35
      vertex 17 -0.5 26.35
      vertex 20 -0.5 26.35
    endloop
  endfacet
  facet normal 0 1 0
    outer loop
      vertex 17 -0.5 26.35
      vertex 23 -0.5 23.35
      vertex 14 -0.5 23.35
    endloop
  endfacet
  facet normal 0 1 -0
    outer loop
      vertex 29 -0.5 26.35
      vertex 23 -0.5 29.35
      vertex 32 -0.5 29.35
    endloop
  endfacet
  facet normal 0 1 0
    outer loop
      vertex 29 -0.5 26.35
      vertex 26 -0.5 26.35
      vertex 23 -0.5 29.35
    endloop
  endfacet
  facet normal 0 1 0
    outer loop
      vertex 32 -0.5 23.35
      vertex 26 -0.5 26.35
      vertex 29 -0.5 26.35
    endloop
  endfacet
  facet normal 0 1 0
    outer loop
      vertex 26 -0.5 26.35
      vertex 32 -0.5 23.35
      vertex 23 -0.5 23.35
    endloop
  endfacet
  facet normal 0 1 -0
    outer loop
      vertex 38 -0.5 26.35
      vertex 32 -0.5 29.35
      vertex 41 -0.5 29.35
    endloop
  endfacet
  facet normal 0 1 0
    outer loop
      vertex 38 -0.5 26.35
      vertex 35 -0.5 26.35
      vertex 32 -0.5 29.35
    endloop
  endfacet
  facet normal 0 1 0
    outer loop
      vertex 41 -0.5 23.35
      vertex 35 -0.5 26.35
      vertex 38 -0.5 26.35
    endloop
  endfacet
  facet normal 0 1 0
    outer loop
      vertex 35 -0.5 26.35
      vertex 41 -0.5 23.35
      vertex 32 -0.5 23.35
    endloop
  endfacet
  facet normal 0 1 -0
    outer loop
      vertex 47 -0.5 26.35
      vertex 41 -0.5 29.35
      vertex 50 -0.5 29.35
    endloop
  endfacet
  facet normal 0 1 0
    outer loop
      vertex 47 -0.5 26.35
      vertex 44 -0.5 26.35
      vertex 41 -0.5 29.35
    endloop
  endfacet
  facet normal 0 1 0
    outer loop
      vertex 50 -0.5 23.35
      vertex 44 -0.5 26.35
      vertex 47 -0.5 26.35
    endloop
  endfacet
  facet normal 0 1 0
    outer loop
      vertex 44 -0.5 26.35
      vertex 50 -0.5 23.35
      vertex 41 -0.5 23.35
    endloop
  endfacet
  facet normal 0 1 -0
    outer loop
      vertex 56 -0.5 26.35
      vertex 50 -0.5 29.35
      vertex 59 -0.5 29.35
    endloop
  endfacet
  facet normal 0 1 0
    outer loop
      vertex 56 -0.5 26.35
      vertex 53 -0.5 26.35
      vertex 50 -0.5 29.35
    endloop
  endfacet
  facet normal 0 1 0
    outer loop
      vertex 59 -0.5 23.35
      vertex 53 -0.5 26.35
      vertex 56 -0.5 26.35
    endloop
  endfacet
  facet normal 0 1 0
    outer loop
      vertex 53 -0.5 26.35
      vertex 59 -0.5 23.35
      vertex 50 -0.5 23.35
    endloop
  endfacet
  facet normal 0 1 -0
    outer loop
      vertex 65 -0.5 26.35
      vertex 59 -0.5 29.35
      vertex 68 -0.5 29.35
    endloop
  endfacet
  facet normal 0 1 0
    outer loop
      vertex 65 -0.5 26.35
      vertex 62 -0.5 26.35
      vertex 59 -0.5 29.35
    endloop
  endfacet
  facet normal 0 1 0
    outer loop
      vertex 68 -0.5 23.35
      vertex 62 -0.5 26.35
      vertex 65 -0.5 26.35
    endloop
  endfacet
  facet normal 0 1 0
    outer loop
      vertex 62 -0.5 26.35
      vertex 68 -0.5 23.35
      vertex 59 -0.5 23.35
    endloop
  endfacet
  facet normal 0 1 -0
    outer loop
      vertex 74 -0.5 26.35
      vertex 68 -0.5 29.35
      vertex 77 -0.5 29.35
    endloop
  endfacet
  facet normal 0 1 0
    outer loop
      vertex 74 -0.5 26.35
      vertex 71 -0.5 26.35
      vertex 68 -0.5 29.35
    endloop
  endfacet
  facet normal 0 1 0
    outer loop
      vertex 77 -0.5 23.35
      vertex 71 -0.5 26.35
      vertex 74 -0.5 26.35
    endloop
  endfacet
  facet normal 0 1 0
    outer loop
      vertex 71 -0.5 26.35
      vertex 77 -0.5 23.35
      vertex 68 -0.5 23.35
    endloop
  endfacet
  facet normal 0 1 -0
    outer loop
      vertex 83 -0.5 26.35
      vertex 77 -0.5 29.35
      vertex 86 -0.5 29.35
    endloop
  endfacet
  facet normal 0 1 0
    outer loop
      vertex 83 -0.5 26.35
      vertex 80 -0.5 26.35
      vertex 77 -0.5 29.35
    endloop
  endfacet
  facet normal 0 1 0
    outer loop
      vertex 86 -0.5 23.35
      vertex 80 -0.5 26.35
      vertex 83 -0.5 26.35
    endloop
  endfacet
  facet normal 0 1 0
    outer loop
      vertex 80 -0.5 26.35
      vertex 86 -0.5 23.35
      vertex 77 -0.5 23.35
    endloop
  endfacet
  facet normal 0 1 -0
    outer loop
      vertex 92 -0.5 26.35
      vertex 86 -0.5 29.35
      vertex 95 -0.5 29.35
    endloop
  endfacet
  facet normal 0 1 0
    outer loop
      vertex 92 -0.5 26.35
      vertex 89 -0.5 26.35
      vertex 86 -0.5 29.35
    endloop
  endfacet
  facet normal 0 1 0
    outer loop
      vertex 95 -0.5 23.35
      vertex 89 -0.5 26.35
      vertex 92 -0.5 26.35
    endloop
  endfacet
  facet normal 0 1 0
    outer loop
      vertex 89 -0.5 26.35
      vertex 95 -0.5 23.35
      vertex 86 -0.5 23.35
    endloop
  endfacet
  facet normal 0 1 -0
    outer loop
      vertex 101 -0.5 26.35
      vertex 95 -0.5 29.35
      vertex 104 -0.5 29.35
    endloop
  endfacet
  facet normal 0 1 0
    outer loop
      vertex 101 -0.5 26.35
      vertex 98 -0.5 26.35
      vertex 95 -0.5 29.35
    endloop
  endfacet
  facet normal 0 1 0
    outer loop
      vertex 104 -0.5 23.35
      vertex 98 -0.5 26.35
      vertex 101 -0.5 26.35
    endloop
  endfacet
  facet normal 0 1 0
    outer loop
      vertex 98 -0.5 26.35
      vertex 104 -0.5 23.35
      vertex 95 -0.5 23.35
    endloop
  endfacet
  facet normal 0 1 0
    outer loop
      vertex 95 -0.5 29.35
      vertex 114 -0.5 31.5
      vertex 104 -0.5 29.35
    endloop
  endfacet
  facet normal 0 1 0
    outer loop
      vertex 114 -0.5 31.5
      vertex 107 -0.5 26.35
      vertex 104 -0.5 29.35
    endloop
  endfacet
  facet normal 0 1 -0
    outer loop
      vertex 114 -0.5 21.2
      vertex 107 -0.5 26.35
      vertex 114 -0.5 31.5
    endloop
  endfacet
  facet normal 0 1 0
    outer loop
      vertex 114 -0.5 21.2
      vertex 95 -0.5 23.35
      vertex 104 -0.5 23.35
    endloop
  endfacet
  facet normal 0 1 0
    outer loop
      vertex 95 -0.5 23.35
      vertex 114 -0.5 21.2
      vertex 86 -0.5 23.35
    endloop
  endfacet
  facet normal 0 1 0
    outer loop
      vertex 86 -0.5 23.35
      vertex 114 -0.5 21.2
      vertex 77 -0.5 23.35
    endloop
  endfacet
  facet normal 0 1 0
    outer loop
      vertex 77 -0.5 23.35
      vertex 114 -0.5 21.2
      vertex 68 -0.5 23.35
    endloop
  endfacet
  facet normal 0 1 0
    outer loop
      vertex 68 -0.5 23.35
      vertex 114 -0.5 21.2
      vertex 59 -0.5 23.35
    endloop
  endfacet
  facet normal 0 1 0
    outer loop
      vertex 59 -0.5 23.35
      vertex 114 -0.5 21.2
      vertex 50 -0.5 23.35
    endloop
  endfacet
  facet normal 0 1 0
    outer loop
      vertex -0.5 -0.5 21.2
      vertex 50 -0.5 23.35
      vertex 114 -0.5 21.2
    endloop
  endfacet
  facet normal 0 1 0
    outer loop
      vertex 50 -0.5 23.35
      vertex -0.5 -0.5 21.2
      vertex 41 -0.5 23.35
    endloop
  endfacet
  facet normal 0 1 0
    outer loop
      vertex 41 -0.5 23.35
      vertex -0.5 -0.5 21.2
      vertex 32 -0.5 23.35
    endloop
  endfacet
  facet normal 0 1 0
    outer loop
      vertex 32 -0.5 23.35
      vertex -0.5 -0.5 21.2
      vertex 23 -0.5 23.35
    endloop
  endfacet
  facet normal 0 1 0
    outer loop
      vertex 107 -0.5 26.35
      vertex 114 -0.5 21.2
      vertex 104 -0.5 23.35
    endloop
  endfacet
  facet normal 0 1 0
    outer loop
      vertex 86 -0.5 29.35
      vertex 114 -0.5 31.5
      vertex 95 -0.5 29.35
    endloop
  endfacet
  facet normal 0 1 0
    outer loop
      vertex 77 -0.5 29.35
      vertex 114 -0.5 31.5
      vertex 86 -0.5 29.35
    endloop
  endfacet
  facet normal 0 1 0
    outer loop
      vertex 68 -0.5 29.35
      vertex 114 -0.5 31.5
      vertex 77 -0.5 29.35
    endloop
  endfacet
  facet normal 0 1 0
    outer loop
      vertex 59 -0.5 29.35
      vertex 114 -0.5 31.5
      vertex 68 -0.5 29.35
    endloop
  endfacet
  facet normal 0 1 0
    outer loop
      vertex 114 -0.5 31.5
      vertex 59 -0.5 29.35
      vertex -0.5 -0.5 31.5
    endloop
  endfacet
  facet normal 0 1 -0
    outer loop
      vertex 50 -0.5 29.35
      vertex -0.5 -0.5 31.5
      vertex 59 -0.5 29.35
    endloop
  endfacet
  facet normal 0 1 -0
    outer loop
      vertex 41 -0.5 29.35
      vertex -0.5 -0.5 31.5
      vertex 50 -0.5 29.35
    endloop
  endfacet
  facet normal 0 1 -0
    outer loop
      vertex 32 -0.5 29.35
      vertex -0.5 -0.5 31.5
      vertex 41 -0.5 29.35
    endloop
  endfacet
  facet normal 0 1 -0
    outer loop
      vertex 23 -0.5 29.35
      vertex -0.5 -0.5 31.5
      vertex 32 -0.5 29.35
    endloop
  endfacet
  facet normal 0 1 -0
    outer loop
      vertex 14 -0.5 29.35
      vertex -0.5 -0.5 31.5
      vertex 23 -0.5 29.35
    endloop
  endfacet
  facet normal 0 1 -0
    outer loop
      vertex 11 -0.5 26.35
      vertex -0.5 -0.5 31.5
      vertex 14 -0.5 29.35
    endloop
  endfacet
  facet normal 0 1 0
    outer loop
      vertex -0.5 -0.5 21.2
      vertex 11 -0.5 26.35
      vertex 14 -0.5 23.35
    endloop
  endfacet
  facet normal 0 1 0
    outer loop
      vertex 11 -0.5 26.35
      vertex -0.5 -0.5 21.2
      vertex -0.5 -0.5 31.5
    endloop
  endfacet
  facet normal 0 1 0
    outer loop
      vertex 23 -0.5 23.35
      vertex -0.5 -0.5 21.2
      vertex 14 -0.5 23.35
    endloop
  endfacet
  facet normal 0 1 -0
    outer loop
      vertex 114 5.5 13.2
      vertex 5.5 5.5 15.2
      vertex 114 5.5 15.2
    endloop
  endfacet
  facet normal 0 1 0
    outer loop
      vertex 114 5.5 13.2
      vertex 5.5 5.5 13.2
      vertex 5.5 5.5 15.2
    endloop
  endfacet
  facet normal 0 0 0
    outer loop
      vertex 5.5 5.5 13.2
      vertex 114 5.5 13.2
      vertex 117.85 5.5 13.2
    endloop
  endfacet
  facet normal -0 0.707107 0.707107
    outer loop
      vertex 5.5 5.5 15.2
      vertex 114 -0.5 21.2
      vertex 114 5.5 15.2
    endloop
  endfacet
  facet normal 0 0.707107 0.707107
    outer loop
      vertex 114 -0.5 21.2
      vertex 5.5 5.5 15.2
      vertex -0.5 -0.5 21.2
    endloop
  endfacet
  facet normal 0 0 -1
    outer loop
      vertex 128 -0.5 13.2
      vertex 117.85 0.850006 13.2
      vertex 128 2.85001 13.2
    endloop
  endfacet
  facet normal 0 0 -1
    outer loop
      vertex 117.85 0.850006 13.2
      vertex 5.5 5.5 13.2
      vertex 117.85 5.5 13.2
    endloop
  endfacet
  facet normal 0 0 -1
    outer loop
      vertex -0.5 -0.5 13.2
      vertex 117.85 0.850006 13.2
      vertex 128 -0.5 13.2
    endloop
  endfacet
  facet normal -0 0 -1
    outer loop
      vertex 5.5 5.5 13.2
      vertex -0.5 -0.5 13.2
      vertex 5.5 122.5 13.2
    endloop
  endfacet
  facet normal -0 0 -1
    outer loop
      vertex 117.85 0.850006 13.2
      vertex -0.5 -0.5 13.2
      vertex 5.5 5.5 13.2
    endloop
  endfacet
  facet normal 0 0 -1
    outer loop
      vertex 117.85 122.5 13.2
      vertex 5.5 122.5 13.2
      vertex 117.85 127.15 13.2
    endloop
  endfacet
  facet normal 0 0 -1
    outer loop
      vertex 117.85 127.15 13.2
      vertex 128 128.5 13.2
      vertex 128 125.15 13.2
    endloop
  endfacet
  facet normal 0 0 -1
    outer loop
      vertex -0.5 128.5 13.2
      vertex 117.85 127.15 13.2
      vertex 5.5 122.5 13.2
    endloop
  endfacet
  facet normal 0 0 -1
    outer loop
      vertex 117.85 127.15 13.2
      vertex -0.5 128.5 13.2
      vertex 128 128.5 13.2
    endloop
  endfacet
  facet normal 0 0 -1
    outer loop
      vertex -0.5 128.5 13.2
      vertex 5.5 122.5 13.2
      vertex -0.5 -0.5 13.2
    endloop
  endfacet
  facet normal 0 -0.707107 0.707107
    outer loop
      vertex 5.5 122.5 15.2
      vertex 114 128.5 21.2
      vertex -0.5 128.5 21.2
    endloop
  endfacet
  facet normal 0 -0.707107 0.707107
    outer loop
      vertex 114 128.5 21.2
      vertex 5.5 122.5 15.2
      vertex 114 122.5 15.2
    endloop
  endfacet
  facet normal 0 -1 0
    outer loop
      vertex 5.5 122.5 15.2
      vertex 114 122.5 13.2
      vertex 114 122.5 15.2
    endloop
  endfacet
  facet normal 0 -1 0
    outer loop
      vertex 5.5 122.5 13.2
      vertex 114 122.5 13.2
      vertex 5.5 122.5 15.2
    endloop
  endfacet
  facet normal 0 0 0
    outer loop
      vertex 117.85 122.5 13.2
      vertex 114 122.5 13.2
      vertex 5.5 122.5 13.2
    endloop
  endfacet
  facet normal 0.707107 0 0.707107
    outer loop
      vertex -0.5 45.03 21.2
      vertex 5.5 5.5 15.2
      vertex 5.5 45.03 15.2
    endloop
  endfacet
  facet normal 0.707107 0 0.707107
    outer loop
      vertex 5.5 5.5 15.2
      vertex -0.5 45.03 21.2
      vertex -0.5 -0.5 21.2
    endloop
  endfacet
  facet normal 0.707107 -0 0.707107
    outer loop
      vertex -0.5 55.03 21.2
      vertex 5.5 122.5 15.2
      vertex -0.5 128.5 21.2
    endloop
  endfacet
  facet normal 0.707107 0 0.707107
    outer loop
      vertex 5.5 122.5 15.2
      vertex -0.5 55.03 21.2
      vertex 5.5 55.03 15.2
    endloop
  endfacet
  facet normal 1 0 0
    outer loop
      vertex 5.5 45.03 15.2
      vertex 5.5 5.5 15.2
      vertex 5.5 45.03 15.17
    endloop
  endfacet
  facet normal 1 0 0
    outer loop
      vertex 5.5 55.03 15.17
      vertex 5.5 122.5 15.2
      vertex 5.5 55.03 15.2
    endloop
  endfacet
  facet normal 1 0 0
    outer loop
      vertex 5.5 122.5 15.2
      vertex 5.5 55.03 15.17
      vertex 5.5 122.5 13.2
    endloop
  endfacet
  facet normal 1 0 0
    outer loop
      vertex 5.5 5.5 13.2
      vertex 5.5 55.03 15.17
      vertex 5.5 45.03 15.17
    endloop
  endfacet
  facet normal 1 0 0
    outer loop
      vertex 5.5 5.5 13.2
      vertex 5.5 45.03 15.17
      vertex 5.5 5.5 15.2
    endloop
  endfacet
  facet normal 1 0 0
    outer loop
      vertex 5.5 55.03 15.17
      vertex 5.5 5.5 13.2
      vertex 5.5 122.5 13.2
    endloop
  endfacet
  facet normal 0 1 -0
    outer loop
      vertex 114 7.5 31.5
      vertex 7.5 7.5 34.5
      vertex 114 7.5 34.5
    endloop
  endfacet
  facet normal 0 1 0
    outer loop
      vertex 7.5 7.5 34.5
      vertex 114 7.5 31.5
      vertex 7.5 7.5 31.5
    endloop
  endfacet
  facet normal 0 0 -1
    outer loop
      vertex 114 -0.5 31.5
      vertex 7.5 7.5 31.5
      vertex 114 7.5 31.5
    endloop
  endfacet
  facet normal 0 0 -1
    outer loop
      vertex -0.5 -0.5 31.5
      vertex 7.5 7.5 31.5
      vertex 114 -0.5 31.5
    endloop
  endfacet
  facet normal 0 0 -1
    outer loop
      vertex -0.5 45.03 31.5
      vertex 7.5 7.5 31.5
      vertex -0.5 -0.5 31.5
    endloop
  endfacet
  facet normal 0 0 -1
    outer loop
      vertex 7.5 7.5 31.5
      vertex -0.5 45.03 31.5
      vertex 7.5 45.03 31.5
    endloop
  endfacet
  facet normal 0 0 -1
    outer loop
      vertex 7.5 82.375 31.5
      vertex -0.5 82.375 31.5
      vertex 7.5 120.5 31.5
    endloop
  endfacet
  facet normal 0 0 -1
    outer loop
      vertex 55 108 31.5
      vertex 58 111 31.5
      vertex 57.9631 110.531 31.5
    endloop
  endfacet
  facet normal 0 0 -1
    outer loop
      vertex 58 120.5 31.5
      vertex 114 128.5 31.5
      vertex 114 120.5 31.5
    endloop
  endfacet
  facet normal 0 0 -1
    outer loop
      vertex 55 108 31.5
      vertex 57.9631 110.531 31.5
      vertex 57.8532 110.073 31.5
    endloop
  endfacet
  facet normal 0 0 -1
    outer loop
      vertex 55 108 31.5
      vertex 57.8532 110.073 31.5
      vertex 57.673 109.638 31.5
    endloop
  endfacet
  facet normal 0 0 -1
    outer loop
      vertex 55 108 31.5
      vertex 57.673 109.638 31.5
      vertex 57.427 109.237 31.5
    endloop
  endfacet
  facet normal 0 0 -1
    outer loop
      vertex 55 108 31.5
      vertex 57.427 109.237 31.5
      vertex 57.1213 108.879 31.5
    endloop
  endfacet
  facet normal 0 0 -1
    outer loop
      vertex 55 108 31.5
      vertex 57.1213 108.879 31.5
      vertex 56.7634 108.573 31.5
    endloop
  endfacet
  facet normal 0 0 -1
    outer loop
      vertex 55 108 31.5
      vertex 56.7634 108.573 31.5
      vertex 56.362 108.327 31.5
    endloop
  endfacet
  facet normal 0 0 -1
    outer loop
      vertex 55 108 31.5
      vertex 56.362 108.327 31.5
      vertex 55.927 108.147 31.5
    endloop
  endfacet
  facet normal 0 0 -1
    outer loop
      vertex 55 108 31.5
      vertex 55.927 108.147 31.5
      vertex 55.4693 108.037 31.5
    endloop
  endfacet
  facet normal -0 0 -1
    outer loop
      vertex 58 111 31.5
      vertex 55 108 31.5
      vertex 52.0095 112.957 31.5
    endloop
  endfacet
  facet normal 0 0 -1
    outer loop
      vertex 58 111 31.5
      vertex 52.4446 114.296 31.5
      vertex 52.5 115 31.5
    endloop
  endfacet
  facet normal 0 0 -1
    outer loop
      vertex 52.4446 115.704 31.5
      vertex 58 120.5 31.5
      vertex 52.5 115 31.5
    endloop
  endfacet
  facet normal 0 0 -1
    outer loop
      vertex 52.2798 116.391 31.5
      vertex 58 120.5 31.5
      vertex 52.4446 115.704 31.5
    endloop
  endfacet
  facet normal 0 0 -1
    outer loop
      vertex 52.0095 117.043 31.5
      vertex 58 120.5 31.5
      vertex 52.2798 116.391 31.5
    endloop
  endfacet
  facet normal 0 0 -1
    outer loop
      vertex 51.6406 117.645 31.5
      vertex 58 120.5 31.5
      vertex 52.0095 117.043 31.5
    endloop
  endfacet
  facet normal 0 0 -1
    outer loop
      vertex 51.182 118.182 31.5
      vertex 58 120.5 31.5
      vertex 51.6406 117.645 31.5
    endloop
  endfacet
  facet normal 0 0 -1
    outer loop
      vertex 50.25 123 31.5
      vertex 51.182 118.182 31.5
      vertex 50.645 118.641 31.5
    endloop
  endfacet
  facet normal 0 0 -1
    outer loop
      vertex 50.25 123 31.5
      vertex 50.645 118.641 31.5
      vertex 50.25 118.883 31.5
    endloop
  endfacet
  facet normal 0 0 -1
    outer loop
      vertex 51.182 118.182 31.5
      vertex 50.25 123 31.5
      vertex 58 120.5 31.5
    endloop
  endfacet
  facet normal 0 0 -1
    outer loop
      vertex 50.2223 123.352 31.5
      vertex 58 120.5 31.5
      vertex 50.25 123 31.5
    endloop
  endfacet
  facet normal 0 0 -1
    outer loop
      vertex 50.1399 123.695 31.5
      vertex 58 120.5 31.5
      vertex 50.2223 123.352 31.5
    endloop
  endfacet
  facet normal 0 0 -1
    outer loop
      vertex 50.0048 124.021 31.5
      vertex 58 120.5 31.5
      vertex 50.1399 123.695 31.5
    endloop
  endfacet
  facet normal 0 0 -1
    outer loop
      vertex 49.8203 124.323 31.5
      vertex 58 120.5 31.5
      vertex 50.0048 124.021 31.5
    endloop
  endfacet
  facet normal 0 0 -1
    outer loop
      vertex 49.591 124.591 31.5
      vertex 58 120.5 31.5
      vertex 49.8203 124.323 31.5
    endloop
  endfacet
  facet normal 0 0 -1
    outer loop
      vertex 49.3225 124.82 31.5
      vertex 58 120.5 31.5
      vertex 49.591 124.591 31.5
    endloop
  endfacet
  facet normal 0 0 -1
    outer loop
      vertex 58 120.5 31.5
      vertex 49.3225 124.82 31.5
      vertex 114 128.5 31.5
    endloop
  endfacet
  facet normal 0 0 -1
    outer loop
      vertex 49.0215 125.005 31.5
      vertex 114 128.5 31.5
      vertex 49.3225 124.82 31.5
    endloop
  endfacet
  facet normal 0 0 -1
    outer loop
      vertex 48.6953 125.14 31.5
      vertex 114 128.5 31.5
      vertex 49.0215 125.005 31.5
    endloop
  endfacet
  facet normal 0 0 -1
    outer loop
      vertex 48.352 125.222 31.5
      vertex 114 128.5 31.5
      vertex 48.6953 125.14 31.5
    endloop
  endfacet
  facet normal 0 0 -1
    outer loop
      vertex 48 125.25 31.5
      vertex 114 128.5 31.5
      vertex 48.352 125.222 31.5
    endloop
  endfacet
  facet normal 0 0 -1
    outer loop
      vertex 44.818 118.182 31.5
      vertex 45.75 123 31.5
      vertex 45.355 118.641 31.5
    endloop
  endfacet
  facet normal 0 0 -1
    outer loop
      vertex 38 120.5 31.5
      vertex 45.75 123 31.5
      vertex 44.818 118.182 31.5
    endloop
  endfacet
  facet normal 0 0 -1
    outer loop
      vertex 38 120.5 31.5
      vertex 44.818 118.182 31.5
      vertex 44.3594 117.645 31.5
    endloop
  endfacet
  facet normal -0 0 -1
    outer loop
      vertex 45.75 123 31.5
      vertex 38 120.5 31.5
      vertex 45.7777 123.352 31.5
    endloop
  endfacet
  facet normal 0 0 -1
    outer loop
      vertex 38 120.5 31.5
      vertex 44.3594 117.645 31.5
      vertex 43.9905 117.043 31.5
    endloop
  endfacet
  facet normal 0 0 -1
    outer loop
      vertex 38 120.5 31.5
      vertex 43.9905 117.043 31.5
      vertex 43.7202 116.391 31.5
    endloop
  endfacet
  facet normal -0 0 -1
    outer loop
      vertex 43.5554 114.296 31.5
      vertex 38 111 31.5
      vertex 43.5 115 31.5
    endloop
  endfacet
  facet normal -0 0 -1
    outer loop
      vertex 43.5 115 31.5
      vertex 38 111 31.5
      vertex 43.5554 115.704 31.5
    endloop
  endfacet
  facet normal 0 0 -1
    outer loop
      vertex 38 120.5 31.5
      vertex 43.5554 115.704 31.5
      vertex 38 111 31.5
    endloop
  endfacet
  facet normal 0 0 -1
    outer loop
      vertex 38 111 31.5
      vertex 41 108 31.5
      vertex 40.5307 108.037 31.5
    endloop
  endfacet
  facet normal 0 0 -1
    outer loop
      vertex 38 111 31.5
      vertex 40.5307 108.037 31.5
      vertex 40.073 108.147 31.5
    endloop
  endfacet
  facet normal 0 0 -1
    outer loop
      vertex 38 111 31.5
      vertex 40.073 108.147 31.5
      vertex 39.638 108.327 31.5
    endloop
  endfacet
  facet normal 0 0 -1
    outer loop
      vertex 38 111 31.5
      vertex 39.638 108.327 31.5
      vertex 39.2366 108.573 31.5
    endloop
  endfacet
  facet normal 0 0 -1
    outer loop
      vertex 43.5554 115.704 31.5
      vertex 38 120.5 31.5
      vertex 43.7202 116.391 31.5
    endloop
  endfacet
  facet normal 0 0 -1
    outer loop
      vertex 38 111 31.5
      vertex 39.2366 108.573 31.5
      vertex 38.8787 108.879 31.5
    endloop
  endfacet
  facet normal 0 0 -1
    outer loop
      vertex 38 111 31.5
      vertex 38.8787 108.879 31.5
      vertex 38.573 109.237 31.5
    endloop
  endfacet
  facet normal 0 0 -1
    outer loop
      vertex 38 111 31.5
      vertex 38.573 109.237 31.5
      vertex 38.327 109.638 31.5
    endloop
  endfacet
  facet normal 0 0 -1
    outer loop
      vertex 38 111 31.5
      vertex 38.327 109.638 31.5
      vertex 38.1468 110.073 31.5
    endloop
  endfacet
  facet normal 0 0 -1
    outer loop
      vertex 38 111 31.5
      vertex 38.1468 110.073 31.5
      vertex 38.0369 110.531 31.5
    endloop
  endfacet
  facet normal -0 0 -1
    outer loop
      vertex 45.7777 123.352 31.5
      vertex 38 120.5 31.5
      vertex 45.8601 123.695 31.5
    endloop
  endfacet
  facet normal -0 0 -1
    outer loop
      vertex 45.8601 123.695 31.5
      vertex 38 120.5 31.5
      vertex 45.9952 124.021 31.5
    endloop
  endfacet
  facet normal -0 0 -1
    outer loop
      vertex 45.9952 124.021 31.5
      vertex 38 120.5 31.5
      vertex 46.1797 124.323 31.5
    endloop
  endfacet
  facet normal 0 0 -1
    outer loop
      vertex 38 120.5 31.5
      vertex 46.409 124.591 31.5
      vertex 46.1797 124.323 31.5
    endloop
  endfacet
  facet normal 0 0 -1
    outer loop
      vertex 38 120.5 31.5
      vertex 46.6775 124.82 31.5
      vertex 46.409 124.591 31.5
    endloop
  endfacet
  facet normal 0 0 -1
    outer loop
      vertex -0.5 128.5 31.5
      vertex 46.6775 124.82 31.5
      vertex 38 120.5 31.5
    endloop
  endfacet
  facet normal 0 0 -1
    outer loop
      vertex -0.5 128.5 31.5
      vertex 38 120.5 31.5
      vertex 7.5 120.5 31.5
    endloop
  endfacet
  facet normal 0 0 -1
    outer loop
      vertex 46.6775 124.82 31.5
      vertex -0.5 128.5 31.5
      vertex 46.9785 125.005 31.5
    endloop
  endfacet
  facet normal 0 0 -1
    outer loop
      vertex 46.9785 125.005 31.5
      vertex -0.5 128.5 31.5
      vertex 47.3047 125.14 31.5
    endloop
  endfacet
  facet normal 0 0 -1
    outer loop
      vertex 48 125.25 31.5
      vertex -0.5 128.5 31.5
      vertex 114 128.5 31.5
    endloop
  endfacet
  facet normal 0 0 -1
    outer loop
      vertex 47.648 125.222 31.5
      vertex -0.5 128.5 31.5
      vertex 48 125.25 31.5
    endloop
  endfacet
  facet normal 0 0 -1
    outer loop
      vertex 47.3047 125.14 31.5
      vertex -0.5 128.5 31.5
      vertex 47.648 125.222 31.5
    endloop
  endfacet
  facet normal 0 0 -1
    outer loop
      vertex -0.5 128.5 31.5
      vertex 7.5 120.5 31.5
      vertex -0.5 82.375 31.5
    endloop
  endfacet
  facet normal -0 0 -1
    outer loop
      vertex 45.75 118.883 31.5
      vertex 45.355 118.641 31.5
      vertex 45.75 123 31.5
    endloop
  endfacet
  facet normal 0 0 -1
    outer loop
      vertex 58 111 31.5
      vertex 52.5 115 31.5
      vertex 58 120.5 31.5
    endloop
  endfacet
  facet normal 0 0 -1
    outer loop
      vertex 58 111 31.5
      vertex 52.2798 113.609 31.5
      vertex 52.4446 114.296 31.5
    endloop
  endfacet
  facet normal 0 0 -1
    outer loop
      vertex 58 111 31.5
      vertex 52.0095 112.957 31.5
      vertex 52.2798 113.609 31.5
    endloop
  endfacet
  facet normal 0 0 -1
    outer loop
      vertex 55 108 31.5
      vertex 51.6406 112.355 31.5
      vertex 52.0095 112.957 31.5
    endloop
  endfacet
  facet normal 0 0 -1
    outer loop
      vertex 55 108 31.5
      vertex 51.182 111.818 31.5
      vertex 51.6406 112.355 31.5
    endloop
  endfacet
  facet normal 0 0 -1
    outer loop
      vertex 55 108 31.5
      vertex 50.645 111.359 31.5
      vertex 51.182 111.818 31.5
    endloop
  endfacet
  facet normal 0 0 -1
    outer loop
      vertex 55 108 31.5
      vertex 50.043 110.99 31.5
      vertex 50.645 111.359 31.5
    endloop
  endfacet
  facet normal 0 0 -1
    outer loop
      vertex 55 108 31.5
      vertex 49.3906 110.72 31.5
      vertex 50.043 110.99 31.5
    endloop
  endfacet
  facet normal 0 0 -1
    outer loop
      vertex 55 108 31.5
      vertex 48.704 110.555 31.5
      vertex 49.3906 110.72 31.5
    endloop
  endfacet
  facet normal 0 0 -1
    outer loop
      vertex 55 108 31.5
      vertex 48 110.5 31.5
      vertex 48.704 110.555 31.5
    endloop
  endfacet
  facet normal 0 0 -1
    outer loop
      vertex 41 108 31.5
      vertex 48 110.5 31.5
      vertex 55 108 31.5
    endloop
  endfacet
  facet normal -0 0 -1
    outer loop
      vertex 48 110.5 31.5
      vertex 41 108 31.5
      vertex 47.296 110.555 31.5
    endloop
  endfacet
  facet normal -0 0 -1
    outer loop
      vertex 43.7202 113.609 31.5
      vertex 38 111 31.5
      vertex 43.5554 114.296 31.5
    endloop
  endfacet
  facet normal -0 0 -1
    outer loop
      vertex 43.9905 112.957 31.5
      vertex 38 111 31.5
      vertex 43.7202 113.609 31.5
    endloop
  endfacet
  facet normal 0 0 -1
    outer loop
      vertex 38 111 31.5
      vertex 43.9905 112.957 31.5
      vertex 41 108 31.5
    endloop
  endfacet
  facet normal -0 0 -1
    outer loop
      vertex 44.3594 112.355 31.5
      vertex 41 108 31.5
      vertex 43.9905 112.957 31.5
    endloop
  endfacet
  facet normal -0 0 -1
    outer loop
      vertex 44.818 111.818 31.5
      vertex 41 108 31.5
      vertex 44.3594 112.355 31.5
    endloop
  endfacet
  facet normal -0 0 -1
    outer loop
      vertex 45.355 111.359 31.5
      vertex 41 108 31.5
      vertex 44.818 111.818 31.5
    endloop
  endfacet
  facet normal -0 0 -1
    outer loop
      vertex 45.957 110.99 31.5
      vertex 41 108 31.5
      vertex 45.355 111.359 31.5
    endloop
  endfacet
  facet normal -0 0 -1
    outer loop
      vertex 46.6094 110.72 31.5
      vertex 41 108 31.5
      vertex 45.957 110.99 31.5
    endloop
  endfacet
  facet normal -0 0 -1
    outer loop
      vertex 47.296 110.555 31.5
      vertex 41 108 31.5
      vertex 46.6094 110.72 31.5
    endloop
  endfacet
  facet normal 0 0 -1
    outer loop
      vertex -0.5 62.817 31.5
      vertex 7.5 67.596 31.5
      vertex 7.5 62.817 31.5
    endloop
  endfacet
  facet normal -0 0 -1
    outer loop
      vertex 7.5 67.596 31.5
      vertex -0.5 62.817 31.5
      vertex -0.5 67.596 31.5
    endloop
  endfacet
  facet normal 0 0 -1
    outer loop
      vertex -0.5 55.03 31.5
      vertex 7.5 57.817 31.5
      vertex 7.5 55.03 31.5
    endloop
  endfacet
  facet normal -0 0 -1
    outer loop
      vertex 7.5 57.817 31.5
      vertex -0.5 55.03 31.5
      vertex -0.5 57.817 31.5
    endloop
  endfacet
  facet normal 0 0 -1
    outer loop
      vertex -0.5 72.596 31.5
      vertex 7.5 77.375 31.5
      vertex 7.5 72.596 31.5
    endloop
  endfacet
  facet normal -0 0 -1
    outer loop
      vertex 7.5 77.375 31.5
      vertex -0.5 72.596 31.5
      vertex -0.5 77.375 31.5
    endloop
  endfacet
  facet normal 0 -1 0
    outer loop
      vertex 7.5 120.5 31.5
      vertex 38 120.5 34.5
      vertex 7.5 120.5 34.5
    endloop
  endfacet
  facet normal 0 -1 -0
    outer loop
      vertex 38 120.5 34.5
      vertex 7.5 120.5 31.5
      vertex 38 120.5 31.5
    endloop
  endfacet
  facet normal 0 -1 0
    outer loop
      vertex 58 120.5 31.5
      vertex 114 120.5 34.5
      vertex 58 120.5 34.5
    endloop
  endfacet
  facet normal 0 -1 -0
    outer loop
      vertex 114 120.5 34.5
      vertex 58 120.5 31.5
      vertex 114 120.5 31.5
    endloop
  endfacet
  facet normal 1 -0 0
    outer loop
      vertex 7.5 7.5 34.5
      vertex 7.5 45.03 31.5
      vertex 7.5 45.03 34.5
    endloop
  endfacet
  facet normal 1 0 0
    outer loop
      vertex 7.5 45.03 31.5
      vertex 7.5 7.5 34.5
      vertex 7.5 7.5 31.5
    endloop
  endfacet
  facet normal 1 -0 0
    outer loop
      vertex 7.5 82.375 34.5
      vertex 7.5 120.5 31.5
      vertex 7.5 120.5 34.5
    endloop
  endfacet
  facet normal 1 0 0
    outer loop
      vertex 7.5 120.5 31.5
      vertex 7.5 82.375 34.5
      vertex 7.5 82.375 31.5
    endloop
  endfacet
  facet normal 1 -0 0
    outer loop
      vertex 7.5 62.817 34.5
      vertex 7.5 67.596 31.5
      vertex 7.5 67.596 34.5
    endloop
  endfacet
  facet normal 1 0 0
    outer loop
      vertex 7.5 67.596 31.5
      vertex 7.5 62.817 34.5
      vertex 7.5 62.817 31.5
    endloop
  endfacet
  facet normal 1 -0 0
    outer loop
      vertex 7.5 55.03 34.5
      vertex 7.5 57.817 31.5
      vertex 7.5 57.817 34.5
    endloop
  endfacet
  facet normal 1 0 0
    outer loop
      vertex 7.5 57.817 31.5
      vertex 7.5 55.03 34.5
      vertex 7.5 55.03 31.5
    endloop
  endfacet
  facet normal 1 -0 0
    outer loop
      vertex 7.5 72.596 34.5
      vertex 7.5 77.375 31.5
      vertex 7.5 77.375 34.5
    endloop
  endfacet
  facet normal 1 0 0
    outer loop
      vertex 7.5 77.375 31.5
      vertex 7.5 72.596 34.5
      vertex 7.5 72.596 31.5
    endloop
  endfacet
  facet normal 0.382352 -0.924017 0
    outer loop
      vertex 55.927 108.147 31.5
      vertex 56.362 108.327 34.5
      vertex 55.927 108.147 34.5
    endloop
  endfacet
  facet normal 0.382352 -0.924017 0
    outer loop
      vertex 56.362 108.327 34.5
      vertex 55.927 108.147 31.5
      vertex 56.362 108.327 31.5
    endloop
  endfacet
  facet normal -0.972397 -0.233333 0
    outer loop
      vertex 38.1468 110.073 31.5
      vertex 38.0369 110.531 34.5
      vertex 38.0369 110.531 31.5
    endloop
  endfacet
  facet normal -0.972397 -0.233333 0
    outer loop
      vertex 38.0369 110.531 34.5
      vertex 38.1468 110.073 31.5
      vertex 38.1468 110.073 34.5
    endloop
  endfacet
  facet normal -0.382352 -0.924017 0
    outer loop
      vertex 39.638 108.327 31.5
      vertex 40.073 108.147 34.5
      vertex 39.638 108.327 34.5
    endloop
  endfacet
  facet normal -0.382352 -0.924017 -0
    outer loop
      vertex 40.073 108.147 34.5
      vertex 39.638 108.327 31.5
      vertex 40.073 108.147 31.5
    endloop
  endfacet
  facet normal -0.923867 -0.382714 0
    outer loop
      vertex 38.327 109.638 31.5
      vertex 38.1468 110.073 34.5
      vertex 38.1468 110.073 31.5
    endloop
  endfacet
  facet normal -0.923867 -0.382714 0
    outer loop
      vertex 38.1468 110.073 34.5
      vertex 38.327 109.638 31.5
      vertex 38.327 109.638 34.5
    endloop
  endfacet
  facet normal 0 -1 0
    outer loop
      vertex 41 108 31.5
      vertex 55 108 34.5
      vertex 41 108 34.5
    endloop
  endfacet
  facet normal 0 -1 -0
    outer loop
      vertex 55 108 34.5
      vertex 41 108 31.5
      vertex 55 108 31.5
    endloop
  endfacet
  facet normal 0.649846 -0.760066 0
    outer loop
      vertex 56.7634 108.573 31.5
      vertex 57.1213 108.879 34.5
      vertex 56.7634 108.573 34.5
    endloop
  endfacet
  facet normal 0.649846 -0.760066 0
    outer loop
      vertex 57.1213 108.879 34.5
      vertex 56.7634 108.573 31.5
      vertex 57.1213 108.879 31.5
    endloop
  endfacet
  facet normal -0.852387 -0.522911 0
    outer loop
      vertex 38.573 109.237 31.5
      vertex 38.327 109.638 34.5
      vertex 38.327 109.638 31.5
    endloop
  endfacet
  facet normal -0.852387 -0.522911 0
    outer loop
      vertex 38.327 109.638 34.5
      vertex 38.573 109.237 31.5
      vertex 38.573 109.237 34.5
    endloop
  endfacet
  facet normal 0.996919 -0.0784356 0
    outer loop
      vertex 57.9631 110.531 34.5
      vertex 58 111 31.5
      vertex 58 111 34.5
    endloop
  endfacet
  facet normal 0.996919 -0.0784356 0
    outer loop
      vertex 58 111 31.5
      vertex 57.9631 110.531 34.5
      vertex 57.9631 110.531 31.5
    endloop
  endfacet
  facet normal 0.0785969 -0.996906 0
    outer loop
      vertex 55 108 31.5
      vertex 55.4693 108.037 34.5
      vertex 55 108 34.5
    endloop
  endfacet
  facet normal 0.0785969 -0.996906 0
    outer loop
      vertex 55.4693 108.037 34.5
      vertex 55 108 31.5
      vertex 55.4693 108.037 31.5
    endloop
  endfacet
  facet normal -0.76047 -0.649373 0
    outer loop
      vertex 38.8787 108.879 31.5
      vertex 38.573 109.237 34.5
      vertex 38.573 109.237 31.5
    endloop
  endfacet
  facet normal -0.76047 -0.649373 0
    outer loop
      vertex 38.573 109.237 34.5
      vertex 38.8787 108.879 31.5
      vertex 38.8787 108.879 34.5
    endloop
  endfacet
  facet normal -0.0785969 -0.996906 0
    outer loop
      vertex 40.5307 108.037 31.5
      vertex 41 108 34.5
      vertex 40.5307 108.037 34.5
    endloop
  endfacet
  facet normal -0.0785969 -0.996906 -0
    outer loop
      vertex 41 108 34.5
      vertex 40.5307 108.037 31.5
      vertex 41 108 31.5
    endloop
  endfacet
  facet normal -1 0 0
    outer loop
      vertex 38 111 31.5
      vertex 38 120.5 34.5
      vertex 38 120.5 31.5
    endloop
  endfacet
  facet normal -1 -0 0
    outer loop
      vertex 38 120.5 34.5
      vertex 38 111 31.5
      vertex 38 111 34.5
    endloop
  endfacet
  facet normal 1 -0 0
    outer loop
      vertex 58 111 34.5
      vertex 58 120.5 31.5
      vertex 58 120.5 34.5
    endloop
  endfacet
  facet normal 1 0 0
    outer loop
      vertex 58 120.5 31.5
      vertex 58 111 34.5
      vertex 58 111 31.5
    endloop
  endfacet
  facet normal 0.522532 -0.85262 0
    outer loop
      vertex 56.362 108.327 31.5
      vertex 56.7634 108.573 34.5
      vertex 56.362 108.327 34.5
    endloop
  endfacet
  facet normal 0.522532 -0.85262 0
    outer loop
      vertex 56.7634 108.573 34.5
      vertex 56.362 108.327 31.5
      vertex 56.7634 108.573 31.5
    endloop
  endfacet
  facet normal -0.522532 -0.85262 0
    outer loop
      vertex 39.2366 108.573 31.5
      vertex 39.638 108.327 34.5
      vertex 39.2366 108.573 34.5
    endloop
  endfacet
  facet normal -0.522532 -0.85262 -0
    outer loop
      vertex 39.638 108.327 34.5
      vertex 39.2366 108.573 31.5
      vertex 39.638 108.327 31.5
    endloop
  endfacet
  facet normal -0.233678 -0.972314 0
    outer loop
      vertex 40.073 108.147 31.5
      vertex 40.5307 108.037 34.5
      vertex 40.073 108.147 34.5
    endloop
  endfacet
  facet normal -0.233678 -0.972314 -0
    outer loop
      vertex 40.5307 108.037 34.5
      vertex 40.073 108.147 31.5
      vertex 40.5307 108.037 31.5
    endloop
  endfacet
  facet normal -0.649846 -0.760066 0
    outer loop
      vertex 38.8787 108.879 31.5
      vertex 39.2366 108.573 34.5
      vertex 38.8787 108.879 34.5
    endloop
  endfacet
  facet normal -0.649846 -0.760066 -0
    outer loop
      vertex 39.2366 108.573 34.5
      vertex 38.8787 108.879 31.5
      vertex 39.2366 108.573 31.5
    endloop
  endfacet
  facet normal 0.233678 -0.972314 0
    outer loop
      vertex 55.4693 108.037 31.5
      vertex 55.927 108.147 34.5
      vertex 55.4693 108.037 34.5
    endloop
  endfacet
  facet normal 0.233678 -0.972314 0
    outer loop
      vertex 55.927 108.147 34.5
      vertex 55.4693 108.037 31.5
      vertex 55.927 108.147 31.5
    endloop
  endfacet
  facet normal 0.972397 -0.233333 0
    outer loop
      vertex 57.8532 110.073 34.5
      vertex 57.9631 110.531 31.5
      vertex 57.9631 110.531 34.5
    endloop
  endfacet
  facet normal 0.972397 -0.233333 0
    outer loop
      vertex 57.9631 110.531 31.5
      vertex 57.8532 110.073 34.5
      vertex 57.8532 110.073 31.5
    endloop
  endfacet
  facet normal -0.996919 -0.0784356 0
    outer loop
      vertex 38.0369 110.531 31.5
      vertex 38 111 34.5
      vertex 38 111 31.5
    endloop
  endfacet
  facet normal -0.996919 -0.0784356 0
    outer loop
      vertex 38 111 34.5
      vertex 38.0369 110.531 31.5
      vertex 38.0369 110.531 34.5
    endloop
  endfacet
  facet normal 0.923867 -0.382714 0
    outer loop
      vertex 57.673 109.638 34.5
      vertex 57.8532 110.073 31.5
      vertex 57.8532 110.073 34.5
    endloop
  endfacet
  facet normal 0.923867 -0.382714 0
    outer loop
      vertex 57.8532 110.073 31.5
      vertex 57.673 109.638 34.5
      vertex 57.673 109.638 31.5
    endloop
  endfacet
  facet normal 0.76047 -0.649373 0
    outer loop
      vertex 57.1213 108.879 34.5
      vertex 57.427 109.237 31.5
      vertex 57.427 109.237 34.5
    endloop
  endfacet
  facet normal 0.76047 -0.649373 0
    outer loop
      vertex 57.427 109.237 31.5
      vertex 57.1213 108.879 34.5
      vertex 57.1213 108.879 31.5
    endloop
  endfacet
  facet normal 0.852387 -0.522911 0
    outer loop
      vertex 57.427 109.237 34.5
      vertex 57.673 109.638 31.5
      vertex 57.673 109.638 34.5
    endloop
  endfacet
  facet normal 0.852387 -0.522911 0
    outer loop
      vertex 57.673 109.638 31.5
      vertex 57.427 109.237 34.5
      vertex 57.427 109.237 31.5
    endloop
  endfacet
  facet normal 0 0 -1
    outer loop
      vertex 117.85 5.5 13.2
      vertex 114 5.5 13.2
      vertex 117.85 9.14999 13.2
    endloop
  endfacet
  facet normal 0 0 -1
    outer loop
      vertex 117.85 9.14999 13.2
      vertex 128 11.5 13.2
      vertex 128 7.14999 13.2
    endloop
  endfacet
  facet normal 0 0 -1
    outer loop
      vertex 117.85 9.14999 13.2
      vertex 114 11.5 13.2
      vertex 128 11.5 13.2
    endloop
  endfacet
  facet normal 0 0 -1
    outer loop
      vertex 114 11.5 13.2
      vertex 117.85 9.14999 13.2
      vertex 114 5.5 13.2
    endloop
  endfacet
  facet normal -1 0 0
    outer loop
      vertex 114 11.5 13.2
      vertex 114 7.5 31.5
      vertex 114 11.5 34.5
    endloop
  endfacet
  facet normal -1 0 0
    outer loop
      vertex 114 5.5 15.2
      vertex 114 11.5 13.2
      vertex 114 5.5 13.2
    endloop
  endfacet
  facet normal -1 0 0
    outer loop
      vertex 114 11.5 13.2
      vertex 114 5.5 15.2
      vertex 114 7.5 31.5
    endloop
  endfacet
  facet normal -1 0 0
    outer loop
      vertex 114 -0.5 21.2
      vertex 114 7.5 31.5
      vertex 114 5.5 15.2
    endloop
  endfacet
  facet normal -1 -0 0
    outer loop
      vertex 114 7.5 31.5
      vertex 114 -0.5 21.2
      vertex 114 -0.5 31.5
    endloop
  endfacet
  facet normal -1 -0 0
    outer loop
      vertex 114 11.5 34.5
      vertex 114 7.5 31.5
      vertex 114 7.5 34.5
    endloop
  endfacet
  facet normal 0 1 -0
    outer loop
      vertex 128 11.5 13.2
      vertex 114 11.5 34.5
      vertex 128 11.5 34.5
    endloop
  endfacet
  facet normal 0 1 0
    outer loop
      vertex 114 11.5 34.5
      vertex 128 11.5 13.2
      vertex 114 11.5 13.2
    endloop
  endfacet
  facet normal 0 0 -1
    outer loop
      vertex 128 116.5 13.2
      vertex 117.85 118.85 13.2
      vertex 128 120.85 13.2
    endloop
  endfacet
  facet normal 0 0 -1
    outer loop
      vertex 114 116.5 13.2
      vertex 117.85 118.85 13.2
      vertex 128 116.5 13.2
    endloop
  endfacet
  facet normal 0 0 -1
    outer loop
      vertex 114 122.5 13.2
      vertex 117.85 118.85 13.2
      vertex 114 116.5 13.2
    endloop
  endfacet
  facet normal 0 0 -1
    outer loop
      vertex 117.85 118.85 13.2
      vertex 114 122.5 13.2
      vertex 117.85 122.5 13.2
    endloop
  endfacet
  facet normal -1 0 0
    outer loop
      vertex 114 116.5 13.2
      vertex 114 122.5 15.2
      vertex 114 122.5 13.2
    endloop
  endfacet
  facet normal -1 -0 0
    outer loop
      vertex 114 122.5 15.2
      vertex 114 116.5 13.2
      vertex 114 120.5 31.5
    endloop
  endfacet
  facet normal -1 0 0
    outer loop
      vertex 114 116.5 34.5
      vertex 114 120.5 31.5
      vertex 114 116.5 13.2
    endloop
  endfacet
  facet normal -1 0 0
    outer loop
      vertex 114 120.5 31.5
      vertex 114 116.5 34.5
      vertex 114 120.5 34.5
    endloop
  endfacet
  facet normal -1 0 0
    outer loop
      vertex 114 120.5 31.5
      vertex 114 128.5 21.2
      vertex 114 122.5 15.2
    endloop
  endfacet
  facet normal -1 0 0
    outer loop
      vertex 114 128.5 21.2
      vertex 114 120.5 31.5
      vertex 114 128.5 31.5
    endloop
  endfacet
  facet normal 0 -1 0
    outer loop
      vertex 114 116.5 13.2
      vertex 128 116.5 34.5
      vertex 114 116.5 34.5
    endloop
  endfacet
  facet normal 0 -1 -0
    outer loop
      vertex 128 116.5 34.5
      vertex 114 116.5 13.2
      vertex 128 116.5 13.2
    endloop
  endfacet
  facet normal 0.923763 0.382965 0
    outer loop
      vertex 43.9905 112.957 34.5
      vertex 43.7202 113.609 31.5
      vertex 43.7202 113.609 34.5
    endloop
  endfacet
  facet normal 0.923763 0.382965 0
    outer loop
      vertex 43.7202 113.609 31.5
      vertex 43.9905 112.957 34.5
      vertex 43.9905 112.957 31.5
    endloop
  endfacet
  facet normal -0.0778877 0.996962 0
    outer loop
      vertex 48.704 110.555 31.5
      vertex 48 110.5 34.5
      vertex 48.704 110.555 34.5
    endloop
  endfacet
  facet normal -0.0778877 0.996962 0
    outer loop
      vertex 48 110.5 34.5
      vertex 48.704 110.555 31.5
      vertex 48 110.5 31.5
    endloop
  endfacet
  facet normal -0.972413 -0.233266 0
    outer loop
      vertex 52.4446 115.704 31.5
      vertex 52.2798 116.391 34.5
      vertex 52.2798 116.391 31.5
    endloop
  endfacet
  facet normal -0.972413 -0.233266 0
    outer loop
      vertex 52.2798 116.391 34.5
      vertex 52.4446 115.704 31.5
      vertex 52.4446 115.704 34.5
    endloop
  endfacet
  facet normal -0.996918 -0.0784506 0
    outer loop
      vertex 52.5 115 31.5
      vertex 52.4446 115.704 34.5
      vertex 52.4446 115.704 31.5
    endloop
  endfacet
  facet normal -0.996918 -0.0784506 0
    outer loop
      vertex 52.4446 115.704 34.5
      vertex 52.5 115 31.5
      vertex 52.5 115 34.5
    endloop
  endfacet
  facet normal -0.923763 -0.382965 0
    outer loop
      vertex 52.2798 116.391 31.5
      vertex 52.0095 117.043 34.5
      vertex 52.0095 117.043 31.5
    endloop
  endfacet
  facet normal -0.923763 -0.382965 0
    outer loop
      vertex 52.0095 117.043 34.5
      vertex 52.2798 116.391 31.5
      vertex 52.2798 116.391 34.5
    endloop
  endfacet
  facet normal -0.996918 0.0784506 0
    outer loop
      vertex 52.4446 114.296 31.5
      vertex 52.5 115 34.5
      vertex 52.5 115 31.5
    endloop
  endfacet
  facet normal -0.996918 0.0784506 0
    outer loop
      vertex 52.5 115 34.5
      vertex 52.4446 114.296 31.5
      vertex 52.4446 114.296 34.5
    endloop
  endfacet
  facet normal 0.649742 0.760155 -0
    outer loop
      vertex 45.355 111.359 31.5
      vertex 44.818 111.818 34.5
      vertex 45.355 111.359 34.5
    endloop
  endfacet
  facet normal 0.649742 0.760155 0
    outer loop
      vertex 44.818 111.818 34.5
      vertex 45.355 111.359 31.5
      vertex 44.818 111.818 31.5
    endloop
  endfacet
  facet normal -0.852644 -0.522492 0
    outer loop
      vertex 52.0095 117.043 31.5
      vertex 51.6406 117.645 34.5
      vertex 51.6406 117.645 31.5
    endloop
  endfacet
  facet normal -0.852644 -0.522492 0
    outer loop
      vertex 51.6406 117.645 34.5
      vertex 52.0095 117.043 31.5
      vertex 52.0095 117.043 34.5
    endloop
  endfacet
  facet normal -0.760435 -0.649414 0
    outer loop
      vertex 51.6406 117.645 31.5
      vertex 51.182 118.182 34.5
      vertex 51.182 118.182 31.5
    endloop
  endfacet
  facet normal -0.760435 -0.649414 0
    outer loop
      vertex 51.182 118.182 34.5
      vertex 51.6406 117.645 31.5
      vertex 51.6406 117.645 34.5
    endloop
  endfacet
  facet normal -0.649742 0.760155 0
    outer loop
      vertex 51.182 111.818 31.5
      vertex 50.645 111.359 34.5
      vertex 51.182 111.818 34.5
    endloop
  endfacet
  facet normal -0.649742 0.760155 0
    outer loop
      vertex 50.645 111.359 34.5
      vertex 51.182 111.818 31.5
      vertex 50.645 111.359 31.5
    endloop
  endfacet
  facet normal 0.52241 -0.852694 0
    outer loop
      vertex 45.355 118.641 31.5
      vertex 45.75 118.883 34.5
      vertex 45.355 118.641 34.5
    endloop
  endfacet
  facet normal 0.52241 -0.852694 0
    outer loop
      vertex 45.75 118.883 34.5
      vertex 45.355 118.641 31.5
      vertex 45.75 118.883 31.5
    endloop
  endfacet
  facet normal 0.852644 -0.522492 0
    outer loop
      vertex 43.9905 117.043 34.5
      vertex 44.3594 117.645 31.5
      vertex 44.3594 117.645 34.5
    endloop
  endfacet
  facet normal 0.852644 -0.522492 0
    outer loop
      vertex 44.3594 117.645 31.5
      vertex 43.9905 117.043 34.5
      vertex 43.9905 117.043 31.5
    endloop
  endfacet
  facet normal 0.996918 -0.0784506 0
    outer loop
      vertex 43.5 115 34.5
      vertex 43.5554 115.704 31.5
      vertex 43.5554 115.704 34.5
    endloop
  endfacet
  facet normal 0.996918 -0.0784506 0
    outer loop
      vertex 43.5554 115.704 31.5
      vertex 43.5 115 34.5
      vertex 43.5 115 31.5
    endloop
  endfacet
  facet normal -0.382402 0.923996 0
    outer loop
      vertex 50.043 110.99 31.5
      vertex 49.3906 110.72 34.5
      vertex 50.043 110.99 34.5
    endloop
  endfacet
  facet normal -0.382402 0.923996 0
    outer loop
      vertex 49.3906 110.72 34.5
      vertex 50.043 110.99 31.5
      vertex 49.3906 110.72 31.5
    endloop
  endfacet
  facet normal 0.0778877 0.996962 -0
    outer loop
      vertex 48 110.5 31.5
      vertex 47.296 110.555 34.5
      vertex 48 110.5 34.5
    endloop
  endfacet
  facet normal 0.0778877 0.996962 0
    outer loop
      vertex 47.296 110.555 34.5
      vertex 48 110.5 31.5
      vertex 47.296 110.555 31.5
    endloop
  endfacet
  facet normal -0.923763 0.382965 0
    outer loop
      vertex 52.0095 112.957 31.5
      vertex 52.2798 113.609 34.5
      vertex 52.2798 113.609 31.5
    endloop
  endfacet
  facet normal -0.923763 0.382965 0
    outer loop
      vertex 52.2798 113.609 34.5
      vertex 52.0095 112.957 31.5
      vertex 52.0095 112.957 34.5
    endloop
  endfacet
  facet normal 0.996918 0.0784506 0
    outer loop
      vertex 43.5554 114.296 34.5
      vertex 43.5 115 31.5
      vertex 43.5 115 34.5
    endloop
  endfacet
  facet normal 0.996918 0.0784506 0
    outer loop
      vertex 43.5 115 31.5
      vertex 43.5554 114.296 34.5
      vertex 43.5554 114.296 31.5
    endloop
  endfacet
  facet normal -0.760435 0.649414 0
    outer loop
      vertex 51.182 111.818 31.5
      vertex 51.6406 112.355 34.5
      vertex 51.6406 112.355 31.5
    endloop
  endfacet
  facet normal -0.760435 0.649414 0
    outer loop
      vertex 51.6406 112.355 34.5
      vertex 51.182 111.818 31.5
      vertex 51.182 111.818 34.5
    endloop
  endfacet
  facet normal 0.972413 0.233266 0
    outer loop
      vertex 43.7202 113.609 34.5
      vertex 43.5554 114.296 31.5
      vertex 43.5554 114.296 34.5
    endloop
  endfacet
  facet normal 0.972413 0.233266 0
    outer loop
      vertex 43.5554 114.296 31.5
      vertex 43.7202 113.609 34.5
      vertex 43.7202 113.609 31.5
    endloop
  endfacet
  facet normal -0.52241 -0.852694 0
    outer loop
      vertex 50.25 118.883 31.5
      vertex 50.645 118.641 34.5
      vertex 50.25 118.883 34.5
    endloop
  endfacet
  facet normal -0.52241 -0.852694 -0
    outer loop
      vertex 50.645 118.641 34.5
      vertex 50.25 118.883 31.5
      vertex 50.645 118.641 31.5
    endloop
  endfacet
  facet normal -0.233662 0.972318 0
    outer loop
      vertex 49.3906 110.72 31.5
      vertex 48.704 110.555 34.5
      vertex 49.3906 110.72 34.5
    endloop
  endfacet
  facet normal -0.233662 0.972318 0
    outer loop
      vertex 48.704 110.555 34.5
      vertex 49.3906 110.72 31.5
      vertex 48.704 110.555 31.5
    endloop
  endfacet
  facet normal 0.649742 -0.760155 0
    outer loop
      vertex 44.818 118.182 31.5
      vertex 45.355 118.641 34.5
      vertex 44.818 118.182 34.5
    endloop
  endfacet
  facet normal 0.649742 -0.760155 0
    outer loop
      vertex 45.355 118.641 34.5
      vertex 44.818 118.182 31.5
      vertex 45.355 118.641 31.5
    endloop
  endfacet
  facet normal 0.972413 -0.233266 0
    outer loop
      vertex 43.5554 115.704 34.5
      vertex 43.7202 116.391 31.5
      vertex 43.7202 116.391 34.5
    endloop
  endfacet
  facet normal 0.972413 -0.233266 0
    outer loop
      vertex 43.7202 116.391 31.5
      vertex 43.5554 115.704 34.5
      vertex 43.5554 115.704 31.5
    endloop
  endfacet
  facet normal -0.649742 -0.760155 0
    outer loop
      vertex 50.645 118.641 31.5
      vertex 51.182 118.182 34.5
      vertex 50.645 118.641 34.5
    endloop
  endfacet
  facet normal -0.649742 -0.760155 -0
    outer loop
      vertex 51.182 118.182 34.5
      vertex 50.645 118.641 31.5
      vertex 51.182 118.182 31.5
    endloop
  endfacet
  facet normal 0.522595 0.852581 -0
    outer loop
      vertex 45.957 110.99 31.5
      vertex 45.355 111.359 34.5
      vertex 45.957 110.99 34.5
    endloop
  endfacet
  facet normal 0.522595 0.852581 0
    outer loop
      vertex 45.355 111.359 34.5
      vertex 45.957 110.99 31.5
      vertex 45.355 111.359 31.5
    endloop
  endfacet
  facet normal 0.852644 0.522492 0
    outer loop
      vertex 44.3594 112.355 34.5
      vertex 43.9905 112.957 31.5
      vertex 43.9905 112.957 34.5
    endloop
  endfacet
  facet normal 0.852644 0.522492 0
    outer loop
      vertex 43.9905 112.957 31.5
      vertex 44.3594 112.355 34.5
      vertex 44.3594 112.355 31.5
    endloop
  endfacet
  facet normal -0.972413 0.233266 0
    outer loop
      vertex 52.2798 113.609 31.5
      vertex 52.4446 114.296 34.5
      vertex 52.4446 114.296 31.5
    endloop
  endfacet
  facet normal -0.972413 0.233266 0
    outer loop
      vertex 52.4446 114.296 34.5
      vertex 52.2798 113.609 31.5
      vertex 52.2798 113.609 34.5
    endloop
  endfacet
  facet normal 0.760435 0.649414 0
    outer loop
      vertex 44.818 111.818 34.5
      vertex 44.3594 112.355 31.5
      vertex 44.3594 112.355 34.5
    endloop
  endfacet
  facet normal 0.760435 0.649414 0
    outer loop
      vertex 44.3594 112.355 31.5
      vertex 44.818 111.818 34.5
      vertex 44.818 111.818 31.5
    endloop
  endfacet
  facet normal -0.522595 0.852581 0
    outer loop
      vertex 50.645 111.359 31.5
      vertex 50.043 110.99 34.5
      vertex 50.645 111.359 34.5
    endloop
  endfacet
  facet normal -0.522595 0.852581 0
    outer loop
      vertex 50.043 110.99 34.5
      vertex 50.645 111.359 31.5
      vertex 50.043 110.99 31.5
    endloop
  endfacet
  facet normal -0.852644 0.522492 0
    outer loop
      vertex 51.6406 112.355 31.5
      vertex 52.0095 112.957 34.5
      vertex 52.0095 112.957 31.5
    endloop
  endfacet
  facet normal -0.852644 0.522492 0
    outer loop
      vertex 52.0095 112.957 34.5
      vertex 51.6406 112.355 31.5
      vertex 51.6406 112.355 34.5
    endloop
  endfacet
  facet normal 0.923763 -0.382965 0
    outer loop
      vertex 43.7202 116.391 34.5
      vertex 43.9905 117.043 31.5
      vertex 43.9905 117.043 34.5
    endloop
  endfacet
  facet normal 0.923763 -0.382965 0
    outer loop
      vertex 43.9905 117.043 31.5
      vertex 43.7202 116.391 34.5
      vertex 43.7202 116.391 31.5
    endloop
  endfacet
  facet normal 0.382402 0.923996 -0
    outer loop
      vertex 46.6094 110.72 31.5
      vertex 45.957 110.99 34.5
      vertex 46.6094 110.72 34.5
    endloop
  endfacet
  facet normal 0.382402 0.923996 0
    outer loop
      vertex 45.957 110.99 34.5
      vertex 46.6094 110.72 31.5
      vertex 45.957 110.99 31.5
    endloop
  endfacet
  facet normal 0.233662 0.972318 -0
    outer loop
      vertex 47.296 110.555 31.5
      vertex 46.6094 110.72 34.5
      vertex 47.296 110.555 34.5
    endloop
  endfacet
  facet normal 0.233662 0.972318 0
    outer loop
      vertex 46.6094 110.72 34.5
      vertex 47.296 110.555 31.5
      vertex 46.6094 110.72 31.5
    endloop
  endfacet
  facet normal 0.760435 -0.649414 0
    outer loop
      vertex 44.3594 117.645 34.5
      vertex 44.818 118.182 31.5
      vertex 44.818 118.182 34.5
    endloop
  endfacet
  facet normal 0.760435 -0.649414 0
    outer loop
      vertex 44.818 118.182 31.5
      vertex 44.3594 117.645 34.5
      vertex 44.3594 117.645 31.5
    endloop
  endfacet
  facet normal -1 0 0
    outer loop
      vertex 50.25 118.883 31.5
      vertex 50.25 123 34.5
      vertex 50.25 123 31.5
    endloop
  endfacet
  facet normal -1 -0 0
    outer loop
      vertex 50.25 123 34.5
      vertex 50.25 118.883 31.5
      vertex 50.25 118.883 34.5
    endloop
  endfacet
  facet normal 1 -0 0
    outer loop
      vertex 45.75 118.883 34.5
      vertex 45.75 123 31.5
      vertex 45.75 123 34.5
    endloop
  endfacet
  facet normal 1 0 0
    outer loop
      vertex 45.75 123 31.5
      vertex 45.75 118.883 34.5
      vertex 45.75 118.883 31.5
    endloop
  endfacet
  facet normal -0.972336 -0.233587 0
    outer loop
      vertex 50.2223 123.352 31.5
      vertex 50.1399 123.695 34.5
      vertex 50.1399 123.695 31.5
    endloop
  endfacet
  facet normal -0.972336 -0.233587 0
    outer loop
      vertex 50.1399 123.695 34.5
      vertex 50.2223 123.352 31.5
      vertex 50.2223 123.352 34.5
    endloop
  endfacet
  facet normal -0.996918 -0.0784506 0
    outer loop
      vertex 50.25 123 31.5
      vertex 50.2223 123.352 34.5
      vertex 50.2223 123.352 31.5
    endloop
  endfacet
  facet normal -0.996918 -0.0784506 0
    outer loop
      vertex 50.2223 123.352 34.5
      vertex 50.25 123 31.5
      vertex 50.25 123 34.5
    endloop
  endfacet
  facet normal -0.923813 -0.382844 0
    outer loop
      vertex 50.1399 123.695 31.5
      vertex 50.0048 124.021 34.5
      vertex 50.0048 124.021 31.5
    endloop
  endfacet
  facet normal -0.923813 -0.382844 0
    outer loop
      vertex 50.0048 124.021 34.5
      vertex 50.1399 123.695 31.5
      vertex 50.1399 123.695 34.5
    endloop
  endfacet
  facet normal 0.232323 -0.972639 0
    outer loop
      vertex 47.3047 125.14 31.5
      vertex 47.648 125.222 34.5
      vertex 47.3047 125.14 34.5
    endloop
  endfacet
  facet normal 0.232323 -0.972639 0
    outer loop
      vertex 47.648 125.222 34.5
      vertex 47.3047 125.14 31.5
      vertex 47.648 125.222 31.5
    endloop
  endfacet
  facet normal 0.648922 -0.760855 0
    outer loop
      vertex 46.409 124.591 31.5
      vertex 46.6775 124.82 34.5
      vertex 46.409 124.591 34.5
    endloop
  endfacet
  facet normal 0.648922 -0.760855 0
    outer loop
      vertex 46.6775 124.82 34.5
      vertex 46.409 124.591 31.5
      vertex 46.6775 124.82 31.5
    endloop
  endfacet
  facet normal -0.759837 -0.650114 0
    outer loop
      vertex 49.8203 124.323 31.5
      vertex 49.591 124.591 34.5
      vertex 49.591 124.591 31.5
    endloop
  endfacet
  facet normal -0.759837 -0.650114 0
    outer loop
      vertex 49.591 124.591 34.5
      vertex 49.8203 124.323 31.5
      vertex 49.8203 124.323 34.5
    endloop
  endfacet
  facet normal -0.853352 -0.521336 0
    outer loop
      vertex 50.0048 124.021 31.5
      vertex 49.8203 124.323 34.5
      vertex 49.8203 124.323 31.5
    endloop
  endfacet
  facet normal -0.853352 -0.521336 0
    outer loop
      vertex 49.8203 124.323 34.5
      vertex 50.0048 124.021 31.5
      vertex 50.0048 124.021 34.5
    endloop
  endfacet
  facet normal 0.759837 -0.650114 0
    outer loop
      vertex 46.1797 124.323 34.5
      vertex 46.409 124.591 31.5
      vertex 46.409 124.591 34.5
    endloop
  endfacet
  facet normal 0.759837 -0.650114 0
    outer loop
      vertex 46.409 124.591 31.5
      vertex 46.1797 124.323 34.5
      vertex 46.1797 124.323 31.5
    endloop
  endfacet
  facet normal -0.648922 -0.760855 0
    outer loop
      vertex 49.3225 124.82 31.5
      vertex 49.591 124.591 34.5
      vertex 49.3225 124.82 34.5
    endloop
  endfacet
  facet normal -0.648922 -0.760855 -0
    outer loop
      vertex 49.591 124.591 34.5
      vertex 49.3225 124.82 31.5
      vertex 49.591 124.591 31.5
    endloop
  endfacet
  facet normal -0.523624 -0.85195 0
    outer loop
      vertex 49.0215 125.005 31.5
      vertex 49.3225 124.82 34.5
      vertex 49.0215 125.005 34.5
    endloop
  endfacet
  facet normal -0.523624 -0.85195 -0
    outer loop
      vertex 49.3225 124.82 34.5
      vertex 49.0215 125.005 31.5
      vertex 49.3225 124.82 31.5
    endloop
  endfacet
  facet normal 0.853352 -0.521336 0
    outer loop
      vertex 45.9952 124.021 34.5
      vertex 46.1797 124.323 31.5
      vertex 46.1797 124.323 34.5
    endloop
  endfacet
  facet normal 0.853352 -0.521336 0
    outer loop
      vertex 46.1797 124.323 31.5
      vertex 45.9952 124.021 34.5
      vertex 45.9952 124.021 31.5
    endloop
  endfacet
  facet normal 0.079295 -0.996851 0
    outer loop
      vertex 47.648 125.222 31.5
      vertex 48 125.25 34.5
      vertex 47.648 125.222 34.5
    endloop
  endfacet
  facet normal 0.079295 -0.996851 0
    outer loop
      vertex 48 125.25 34.5
      vertex 47.648 125.222 31.5
      vertex 48 125.25 31.5
    endloop
  endfacet
  facet normal 0.996918 -0.0784506 0
    outer loop
      vertex 45.75 123 34.5
      vertex 45.7777 123.352 31.5
      vertex 45.7777 123.352 34.5
    endloop
  endfacet
  facet normal 0.996918 -0.0784506 0
    outer loop
      vertex 45.7777 123.352 31.5
      vertex 45.75 123 34.5
      vertex 45.75 123 31.5
    endloop
  endfacet
  facet normal 0.382402 -0.923996 0
    outer loop
      vertex 46.9785 125.005 31.5
      vertex 47.3047 125.14 34.5
      vertex 46.9785 125.005 34.5
    endloop
  endfacet
  facet normal 0.382402 -0.923996 0
    outer loop
      vertex 47.3047 125.14 34.5
      vertex 46.9785 125.005 31.5
      vertex 47.3047 125.14 31.5
    endloop
  endfacet
  facet normal 0.972336 -0.233587 0
    outer loop
      vertex 45.7777 123.352 34.5
      vertex 45.8601 123.695 31.5
      vertex 45.8601 123.695 34.5
    endloop
  endfacet
  facet normal 0.972336 -0.233587 0
    outer loop
      vertex 45.8601 123.695 31.5
      vertex 45.7777 123.352 34.5
      vertex 45.7777 123.352 31.5
    endloop
  endfacet
  facet normal 0.523624 -0.85195 0
    outer loop
      vertex 46.6775 124.82 31.5
      vertex 46.9785 125.005 34.5
      vertex 46.6775 124.82 34.5
    endloop
  endfacet
  facet normal 0.523624 -0.85195 0
    outer loop
      vertex 46.9785 125.005 34.5
      vertex 46.6775 124.82 31.5
      vertex 46.9785 125.005 31.5
    endloop
  endfacet
  facet normal 0.923813 -0.382844 0
    outer loop
      vertex 45.8601 123.695 34.5
      vertex 45.9952 124.021 31.5
      vertex 45.9952 124.021 34.5
    endloop
  endfacet
  facet normal 0.923813 -0.382844 0
    outer loop
      vertex 45.9952 124.021 31.5
      vertex 45.8601 123.695 34.5
      vertex 45.8601 123.695 31.5
    endloop
  endfacet
  facet normal -0.382402 -0.923996 0
    outer loop
      vertex 48.6953 125.14 31.5
      vertex 49.0215 125.005 34.5
      vertex 48.6953 125.14 34.5
    endloop
  endfacet
  facet normal -0.382402 -0.923996 -0
    outer loop
      vertex 49.0215 125.005 34.5
      vertex 48.6953 125.14 31.5
      vertex 49.0215 125.005 31.5
    endloop
  endfacet
  facet normal -0.232323 -0.972639 0
    outer loop
      vertex 48.352 125.222 31.5
      vertex 48.6953 125.14 34.5
      vertex 48.352 125.222 34.5
    endloop
  endfacet
  facet normal -0.232323 -0.972639 -0
    outer loop
      vertex 48.6953 125.14 34.5
      vertex 48.352 125.222 31.5
      vertex 48.6953 125.14 31.5
    endloop
  endfacet
  facet normal -0.079295 -0.996851 0
    outer loop
      vertex 48 125.25 31.5
      vertex 48.352 125.222 34.5
      vertex 48 125.25 34.5
    endloop
  endfacet
  facet normal -0.079295 -0.996851 -0
    outer loop
      vertex 48.352 125.222 34.5
      vertex 48 125.25 31.5
      vertex 48.352 125.222 31.5
    endloop
  endfacet
  facet normal -0.193327 -0.981134 0
    outer loop
      vertex 117.85 9.14999 13.2
      vertex 128 7.14999 34.5
      vertex 117.85 9.14999 34.5
    endloop
  endfacet
  facet normal -0.193327 -0.981134 -0
    outer loop
      vertex 128 7.14999 34.5
      vertex 117.85 9.14999 13.2
      vertex 128 7.14999 13.2
    endloop
  endfacet
  facet normal 1 0 0
    outer loop
      vertex 117.85 9.14999 34.5
      vertex 117.85 5.5 13.2
      vertex 117.85 9.14999 13.2
    endloop
  endfacet
  facet normal 1 -0 0
    outer loop
      vertex 117.85 0.850006 34.5
      vertex 117.85 5.5 13.2
      vertex 117.85 9.14999 34.5
    endloop
  endfacet
  facet normal 1 0 0
    outer loop
      vertex 117.85 0.850006 13.2
      vertex 117.85 5.5 13.2
      vertex 117.85 0.850006 34.5
    endloop
  endfacet
  facet normal -0.193327 0.981134 0
    outer loop
      vertex 128 2.85001 13.2
      vertex 117.85 0.850006 34.5
      vertex 128 2.85001 34.5
    endloop
  endfacet
  facet normal -0.193327 0.981134 0
    outer loop
      vertex 117.85 0.850006 34.5
      vertex 128 2.85001 13.2
      vertex 117.85 0.850006 13.2
    endloop
  endfacet
  facet normal -0.193327 -0.981134 0
    outer loop
      vertex 117.85 127.15 13.2
      vertex 128 125.15 34.5
      vertex 117.85 127.15 34.5
    endloop
  endfacet
  facet normal -0.193327 -0.981134 -0
    outer loop
      vertex 128 125.15 34.5
      vertex 117.85 127.15 13.2
      vertex 128 125.15 13.2
    endloop
  endfacet
  facet normal 1 0 0
    outer loop
      vertex 117.85 127.15 34.5
      vertex 117.85 122.5 13.2
      vertex 117.85 127.15 13.2
    endloop
  endfacet
  facet normal 1 -0 0
    outer loop
      vertex 117.85 118.85 34.5
      vertex 117.85 122.5 13.2
      vertex 117.85 127.15 34.5
    endloop
  endfacet
  facet normal 1 0 0
    outer loop
      vertex 117.85 122.5 13.2
      vertex 117.85 118.85 34.5
      vertex 117.85 118.85 13.2
    endloop
  endfacet
  facet normal -0.193327 0.981134 0
    outer loop
      vertex 128 120.85 13.2
      vertex 117.85 118.85 34.5
      vertex 128 120.85 34.5
    endloop
  endfacet
  facet normal -0.193327 0.981134 0
    outer loop
      vertex 117.85 118.85 34.5
      vertex 128 120.85 13.2
      vertex 117.85 118.85 13.2
    endloop
  endfacet
  facet normal -0.707107 0 0.707107
    outer loop
      vertex 14 -3 23.35
      vertex 17 -0.5 26.35
      vertex 14 -0.5 23.35
    endloop
  endfacet
  facet normal -0.707107 0 0.707107
    outer loop
      vertex 17 -0.5 26.35
      vertex 14 -3 23.35
      vertex 17 -3 26.35
    endloop
  endfacet
  facet normal -0.707107 0 -0.707107
    outer loop
      vertex 17 -3 26.35
      vertex 14 -0.5 29.35
      vertex 17 -0.5 26.35
    endloop
  endfacet
  facet normal -0.707107 -0 -0.707107
    outer loop
      vertex 14 -0.5 29.35
      vertex 17 -3 26.35
      vertex 14 -3 29.35
    endloop
  endfacet
  facet normal 0.707107 -0 0.707107
    outer loop
      vertex 11 -3 26.35
      vertex 14 -0.5 23.35
      vertex 11 -0.5 26.35
    endloop
  endfacet
  facet normal 0.707107 0 0.707107
    outer loop
      vertex 14 -0.5 23.35
      vertex 11 -3 26.35
      vertex 14 -3 23.35
    endloop
  endfacet
  facet normal 0.707107 0 -0.707107
    outer loop
      vertex 14 -3 29.35
      vertex 11 -0.5 26.35
      vertex 14 -0.5 29.35
    endloop
  endfacet
  facet normal 0.707107 0 -0.707107
    outer loop
      vertex 11 -0.5 26.35
      vertex 14 -3 29.35
      vertex 11 -3 26.35
    endloop
  endfacet
  facet normal -0.707107 0 0.707107
    outer loop
      vertex 14 128.5 23.35
      vertex 17 131 26.35
      vertex 14 131 23.35
    endloop
  endfacet
  facet normal -0.707107 0 0.707107
    outer loop
      vertex 17 131 26.35
      vertex 14 128.5 23.35
      vertex 17 128.5 26.35
    endloop
  endfacet
  facet normal -0.707107 0 -0.707107
    outer loop
      vertex 17 128.5 26.35
      vertex 14 131 29.35
      vertex 17 131 26.35
    endloop
  endfacet
  facet normal -0.707107 -0 -0.707107
    outer loop
      vertex 14 131 29.35
      vertex 17 128.5 26.35
      vertex 14 128.5 29.35
    endloop
  endfacet
  facet normal 0.707107 -0 0.707107
    outer loop
      vertex 11 128.5 26.35
      vertex 14 131 23.35
      vertex 11 131 26.35
    endloop
  endfacet
  facet normal 0.707107 0 0.707107
    outer loop
      vertex 14 131 23.35
      vertex 11 128.5 26.35
      vertex 14 128.5 23.35
    endloop
  endfacet
  facet normal 0.707107 0 -0.707107
    outer loop
      vertex 14 128.5 29.35
      vertex 11 131 26.35
      vertex 14 131 29.35
    endloop
  endfacet
  facet normal 0.707107 0 -0.707107
    outer loop
      vertex 11 131 26.35
      vertex 14 128.5 29.35
      vertex 11 128.5 26.35
    endloop
  endfacet
  facet normal -0.707107 0 0.707107
    outer loop
      vertex 23 -3 23.35
      vertex 26 -0.5 26.35
      vertex 23 -0.5 23.35
    endloop
  endfacet
  facet normal -0.707107 0 0.707107
    outer loop
      vertex 26 -0.5 26.35
      vertex 23 -3 23.35
      vertex 26 -3 26.35
    endloop
  endfacet
  facet normal -0.707107 0 -0.707107
    outer loop
      vertex 26 -3 26.35
      vertex 23 -0.5 29.35
      vertex 26 -0.5 26.35
    endloop
  endfacet
  facet normal -0.707107 -0 -0.707107
    outer loop
      vertex 23 -0.5 29.35
      vertex 26 -3 26.35
      vertex 23 -3 29.35
    endloop
  endfacet
  facet normal 0.707107 -0 0.707107
    outer loop
      vertex 20 -3 26.35
      vertex 23 -0.5 23.35
      vertex 20 -0.5 26.35
    endloop
  endfacet
  facet normal 0.707107 0 0.707107
    outer loop
      vertex 23 -0.5 23.35
      vertex 20 -3 26.35
      vertex 23 -3 23.35
    endloop
  endfacet
  facet normal 0.707107 0 -0.707107
    outer loop
      vertex 23 -3 29.35
      vertex 20 -0.5 26.35
      vertex 23 -0.5 29.35
    endloop
  endfacet
  facet normal 0.707107 0 -0.707107
    outer loop
      vertex 20 -0.5 26.35
      vertex 23 -3 29.35
      vertex 20 -3 26.35
    endloop
  endfacet
  facet normal -0.707107 0 0.707107
    outer loop
      vertex 23 128.5 23.35
      vertex 26 131 26.35
      vertex 23 131 23.35
    endloop
  endfacet
  facet normal -0.707107 0 0.707107
    outer loop
      vertex 26 131 26.35
      vertex 23 128.5 23.35
      vertex 26 128.5 26.35
    endloop
  endfacet
  facet normal -0.707107 0 -0.707107
    outer loop
      vertex 26 128.5 26.35
      vertex 23 131 29.35
      vertex 26 131 26.35
    endloop
  endfacet
  facet normal -0.707107 -0 -0.707107
    outer loop
      vertex 23 131 29.35
      vertex 26 128.5 26.35
      vertex 23 128.5 29.35
    endloop
  endfacet
  facet normal 0.707107 -0 0.707107
    outer loop
      vertex 20 128.5 26.35
      vertex 23 131 23.35
      vertex 20 131 26.35
    endloop
  endfacet
  facet normal 0.707107 0 0.707107
    outer loop
      vertex 23 131 23.35
      vertex 20 128.5 26.35
      vertex 23 128.5 23.35
    endloop
  endfacet
  facet normal 0.707107 0 -0.707107
    outer loop
      vertex 23 128.5 29.35
      vertex 20 131 26.35
      vertex 23 131 29.35
    endloop
  endfacet
  facet normal 0.707107 0 -0.707107
    outer loop
      vertex 20 131 26.35
      vertex 23 128.5 29.35
      vertex 20 128.5 26.35
    endloop
  endfacet
  facet normal -0.707107 0 0.707107
    outer loop
      vertex 32 -3 23.35
      vertex 35 -0.5 26.35
      vertex 32 -0.5 23.35
    endloop
  endfacet
  facet normal -0.707107 0 0.707107
    outer loop
      vertex 35 -0.5 26.35
      vertex 32 -3 23.35
      vertex 35 -3 26.35
    endloop
  endfacet
  facet normal -0.707107 0 -0.707107
    outer loop
      vertex 35 -3 26.35
      vertex 32 -0.5 29.35
      vertex 35 -0.5 26.35
    endloop
  endfacet
  facet normal -0.707107 -0 -0.707107
    outer loop
      vertex 32 -0.5 29.35
      vertex 35 -3 26.35
      vertex 32 -3 29.35
    endloop
  endfacet
  facet normal 0.707107 -0 0.707107
    outer loop
      vertex 29 -3 26.35
      vertex 32 -0.5 23.35
      vertex 29 -0.5 26.35
    endloop
  endfacet
  facet normal 0.707107 0 0.707107
    outer loop
      vertex 32 -0.5 23.35
      vertex 29 -3 26.35
      vertex 32 -3 23.35
    endloop
  endfacet
  facet normal 0.707107 0 -0.707107
    outer loop
      vertex 32 -3 29.35
      vertex 29 -0.5 26.35
      vertex 32 -0.5 29.35
    endloop
  endfacet
  facet normal 0.707107 0 -0.707107
    outer loop
      vertex 29 -0.5 26.35
      vertex 32 -3 29.35
      vertex 29 -3 26.35
    endloop
  endfacet
  facet normal -0.707107 0 0.707107
    outer loop
      vertex 32 128.5 23.35
      vertex 35 131 26.35
      vertex 32 131 23.35
    endloop
  endfacet
  facet normal -0.707107 0 0.707107
    outer loop
      vertex 35 131 26.35
      vertex 32 128.5 23.35
      vertex 35 128.5 26.35
    endloop
  endfacet
  facet normal -0.707107 0 -0.707107
    outer loop
      vertex 35 128.5 26.35
      vertex 32 131 29.35
      vertex 35 131 26.35
    endloop
  endfacet
  facet normal -0.707107 -0 -0.707107
    outer loop
      vertex 32 131 29.35
      vertex 35 128.5 26.35
      vertex 32 128.5 29.35
    endloop
  endfacet
  facet normal 0.707107 -0 0.707107
    outer loop
      vertex 29 128.5 26.35
      vertex 32 131 23.35
      vertex 29 131 26.35
    endloop
  endfacet
  facet normal 0.707107 0 0.707107
    outer loop
      vertex 32 131 23.35
      vertex 29 128.5 26.35
      vertex 32 128.5 23.35
    endloop
  endfacet
  facet normal 0.707107 0 -0.707107
    outer loop
      vertex 32 128.5 29.35
      vertex 29 131 26.35
      vertex 32 131 29.35
    endloop
  endfacet
  facet normal 0.707107 0 -0.707107
    outer loop
      vertex 29 131 26.35
      vertex 32 128.5 29.35
      vertex 29 128.5 26.35
    endloop
  endfacet
  facet normal -0.707107 0 0.707107
    outer loop
      vertex 41 -3 23.35
      vertex 44 -0.5 26.35
      vertex 41 -0.5 23.35
    endloop
  endfacet
  facet normal -0.707107 0 0.707107
    outer loop
      vertex 44 -0.5 26.35
      vertex 41 -3 23.35
      vertex 44 -3 26.35
    endloop
  endfacet
  facet normal -0.707107 0 -0.707107
    outer loop
      vertex 44 -3 26.35
      vertex 41 -0.5 29.35
      vertex 44 -0.5 26.35
    endloop
  endfacet
  facet normal -0.707107 -0 -0.707107
    outer loop
      vertex 41 -0.5 29.35
      vertex 44 -3 26.35
      vertex 41 -3 29.35
    endloop
  endfacet
  facet normal 0.707107 -0 0.707107
    outer loop
      vertex 38 -3 26.35
      vertex 41 -0.5 23.35
      vertex 38 -0.5 26.35
    endloop
  endfacet
  facet normal 0.707107 0 0.707107
    outer loop
      vertex 41 -0.5 23.35
      vertex 38 -3 26.35
      vertex 41 -3 23.35
    endloop
  endfacet
  facet normal 0.707107 0 -0.707107
    outer loop
      vertex 41 -3 29.35
      vertex 38 -0.5 26.35
      vertex 41 -0.5 29.35
    endloop
  endfacet
  facet normal 0.707107 0 -0.707107
    outer loop
      vertex 38 -0.5 26.35
      vertex 41 -3 29.35
      vertex 38 -3 26.35
    endloop
  endfacet
  facet normal -0.707107 0 0.707107
    outer loop
      vertex 41 128.5 23.35
      vertex 44 131 26.35
      vertex 41 131 23.35
    endloop
  endfacet
  facet normal -0.707107 0 0.707107
    outer loop
      vertex 44 131 26.35
      vertex 41 128.5 23.35
      vertex 44 128.5 26.35
    endloop
  endfacet
  facet normal -0.707107 0 -0.707107
    outer loop
      vertex 44 128.5 26.35
      vertex 41 131 29.35
      vertex 44 131 26.35
    endloop
  endfacet
  facet normal -0.707107 -0 -0.707107
    outer loop
      vertex 41 131 29.35
      vertex 44 128.5 26.35
      vertex 41 128.5 29.35
    endloop
  endfacet
  facet normal 0.707107 -0 0.707107
    outer loop
      vertex 38 128.5 26.35
      vertex 41 131 23.35
      vertex 38 131 26.35
    endloop
  endfacet
  facet normal 0.707107 0 0.707107
    outer loop
      vertex 41 131 23.35
      vertex 38 128.5 26.35
      vertex 41 128.5 23.35
    endloop
  endfacet
  facet normal 0.707107 0 -0.707107
    outer loop
      vertex 41 128.5 29.35
      vertex 38 131 26.35
      vertex 41 131 29.35
    endloop
  endfacet
  facet normal 0.707107 0 -0.707107
    outer loop
      vertex 38 131 26.35
      vertex 41 128.5 29.35
      vertex 38 128.5 26.35
    endloop
  endfacet
  facet normal -0.707107 0 0.707107
    outer loop
      vertex 50 -3 23.35
      vertex 53 -0.5 26.35
      vertex 50 -0.5 23.35
    endloop
  endfacet
  facet normal -0.707107 0 0.707107
    outer loop
      vertex 53 -0.5 26.35
      vertex 50 -3 23.35
      vertex 53 -3 26.35
    endloop
  endfacet
  facet normal -0.707107 0 -0.707107
    outer loop
      vertex 53 -3 26.35
      vertex 50 -0.5 29.35
      vertex 53 -0.5 26.35
    endloop
  endfacet
  facet normal -0.707107 -0 -0.707107
    outer loop
      vertex 50 -0.5 29.35
      vertex 53 -3 26.35
      vertex 50 -3 29.35
    endloop
  endfacet
  facet normal 0.707107 -0 0.707107
    outer loop
      vertex 47 -3 26.35
      vertex 50 -0.5 23.35
      vertex 47 -0.5 26.35
    endloop
  endfacet
  facet normal 0.707107 0 0.707107
    outer loop
      vertex 50 -0.5 23.35
      vertex 47 -3 26.35
      vertex 50 -3 23.35
    endloop
  endfacet
  facet normal 0.707107 0 -0.707107
    outer loop
      vertex 50 -3 29.35
      vertex 47 -0.5 26.35
      vertex 50 -0.5 29.35
    endloop
  endfacet
  facet normal 0.707107 0 -0.707107
    outer loop
      vertex 47 -0.5 26.35
      vertex 50 -3 29.35
      vertex 47 -3 26.35
    endloop
  endfacet
  facet normal -0.707107 0 0.707107
    outer loop
      vertex 50 128.5 23.35
      vertex 53 131 26.35
      vertex 50 131 23.35
    endloop
  endfacet
  facet normal -0.707107 0 0.707107
    outer loop
      vertex 53 131 26.35
      vertex 50 128.5 23.35
      vertex 53 128.5 26.35
    endloop
  endfacet
  facet normal -0.707107 0 -0.707107
    outer loop
      vertex 53 128.5 26.35
      vertex 50 131 29.35
      vertex 53 131 26.35
    endloop
  endfacet
  facet normal -0.707107 -0 -0.707107
    outer loop
      vertex 50 131 29.35
      vertex 53 128.5 26.35
      vertex 50 128.5 29.35
    endloop
  endfacet
  facet normal 0.707107 -0 0.707107
    outer loop
      vertex 47 128.5 26.35
      vertex 50 131 23.35
      vertex 47 131 26.35
    endloop
  endfacet
  facet normal 0.707107 0 0.707107
    outer loop
      vertex 50 131 23.35
      vertex 47 128.5 26.35
      vertex 50 128.5 23.35
    endloop
  endfacet
  facet normal 0.707107 0 -0.707107
    outer loop
      vertex 50 128.5 29.35
      vertex 47 131 26.35
      vertex 50 131 29.35
    endloop
  endfacet
  facet normal 0.707107 0 -0.707107
    outer loop
      vertex 47 131 26.35
      vertex 50 128.5 29.35
      vertex 47 128.5 26.35
    endloop
  endfacet
  facet normal -0.707107 0 0.707107
    outer loop
      vertex 59 -3 23.35
      vertex 62 -0.5 26.35
      vertex 59 -0.5 23.35
    endloop
  endfacet
  facet normal -0.707107 0 0.707107
    outer loop
      vertex 62 -0.5 26.35
      vertex 59 -3 23.35
      vertex 62 -3 26.35
    endloop
  endfacet
  facet normal -0.707107 0 -0.707107
    outer loop
      vertex 62 -3 26.35
      vertex 59 -0.5 29.35
      vertex 62 -0.5 26.35
    endloop
  endfacet
  facet normal -0.707107 -0 -0.707107
    outer loop
      vertex 59 -0.5 29.35
      vertex 62 -3 26.35
      vertex 59 -3 29.35
    endloop
  endfacet
  facet normal 0.707107 -0 0.707107
    outer loop
      vertex 56 -3 26.35
      vertex 59 -0.5 23.35
      vertex 56 -0.5 26.35
    endloop
  endfacet
  facet normal 0.707107 0 0.707107
    outer loop
      vertex 59 -0.5 23.35
      vertex 56 -3 26.35
      vertex 59 -3 23.35
    endloop
  endfacet
  facet normal 0.707107 0 -0.707107
    outer loop
      vertex 59 -3 29.35
      vertex 56 -0.5 26.35
      vertex 59 -0.5 29.35
    endloop
  endfacet
  facet normal 0.707107 0 -0.707107
    outer loop
      vertex 56 -0.5 26.35
      vertex 59 -3 29.35
      vertex 56 -3 26.35
    endloop
  endfacet
  facet normal -0.707107 0 0.707107
    outer loop
      vertex 59 128.5 23.35
      vertex 62 131 26.35
      vertex 59 131 23.35
    endloop
  endfacet
  facet normal -0.707107 0 0.707107
    outer loop
      vertex 62 131 26.35
      vertex 59 128.5 23.35
      vertex 62 128.5 26.35
    endloop
  endfacet
  facet normal -0.707107 0 -0.707107
    outer loop
      vertex 62 128.5 26.35
      vertex 59 131 29.35
      vertex 62 131 26.35
    endloop
  endfacet
  facet normal -0.707107 -0 -0.707107
    outer loop
      vertex 59 131 29.35
      vertex 62 128.5 26.35
      vertex 59 128.5 29.35
    endloop
  endfacet
  facet normal 0.707107 -0 0.707107
    outer loop
      vertex 56 128.5 26.35
      vertex 59 131 23.35
      vertex 56 131 26.35
    endloop
  endfacet
  facet normal 0.707107 0 0.707107
    outer loop
      vertex 59 131 23.35
      vertex 56 128.5 26.35
      vertex 59 128.5 23.35
    endloop
  endfacet
  facet normal 0.707107 0 -0.707107
    outer loop
      vertex 59 128.5 29.35
      vertex 56 131 26.35
      vertex 59 131 29.35
    endloop
  endfacet
  facet normal 0.707107 0 -0.707107
    outer loop
      vertex 56 131 26.35
      vertex 59 128.5 29.35
      vertex 56 128.5 26.35
    endloop
  endfacet
  facet normal -0.707107 0 0.707107
    outer loop
      vertex 68 -3 23.35
      vertex 71 -0.5 26.35
      vertex 68 -0.5 23.35
    endloop
  endfacet
  facet normal -0.707107 0 0.707107
    outer loop
      vertex 71 -0.5 26.35
      vertex 68 -3 23.35
      vertex 71 -3 26.35
    endloop
  endfacet
  facet normal -0.707107 0 -0.707107
    outer loop
      vertex 71 -3 26.35
      vertex 68 -0.5 29.35
      vertex 71 -0.5 26.35
    endloop
  endfacet
  facet normal -0.707107 -0 -0.707107
    outer loop
      vertex 68 -0.5 29.35
      vertex 71 -3 26.35
      vertex 68 -3 29.35
    endloop
  endfacet
  facet normal 0.707107 -0 0.707107
    outer loop
      vertex 65 -3 26.35
      vertex 68 -0.5 23.35
      vertex 65 -0.5 26.35
    endloop
  endfacet
  facet normal 0.707107 0 0.707107
    outer loop
      vertex 68 -0.5 23.35
      vertex 65 -3 26.35
      vertex 68 -3 23.35
    endloop
  endfacet
  facet normal 0.707107 0 -0.707107
    outer loop
      vertex 68 -3 29.35
      vertex 65 -0.5 26.35
      vertex 68 -0.5 29.35
    endloop
  endfacet
  facet normal 0.707107 0 -0.707107
    outer loop
      vertex 65 -0.5 26.35
      vertex 68 -3 29.35
      vertex 65 -3 26.35
    endloop
  endfacet
  facet normal -0.707107 0 0.707107
    outer loop
      vertex 68 128.5 23.35
      vertex 71 131 26.35
      vertex 68 131 23.35
    endloop
  endfacet
  facet normal -0.707107 0 0.707107
    outer loop
      vertex 71 131 26.35
      vertex 68 128.5 23.35
      vertex 71 128.5 26.35
    endloop
  endfacet
  facet normal -0.707107 0 -0.707107
    outer loop
      vertex 71 128.5 26.35
      vertex 68 131 29.35
      vertex 71 131 26.35
    endloop
  endfacet
  facet normal -0.707107 -0 -0.707107
    outer loop
      vertex 68 131 29.35
      vertex 71 128.5 26.35
      vertex 68 128.5 29.35
    endloop
  endfacet
  facet normal 0.707107 -0 0.707107
    outer loop
      vertex 65 128.5 26.35
      vertex 68 131 23.35
      vertex 65 131 26.35
    endloop
  endfacet
  facet normal 0.707107 0 0.707107
    outer loop
      vertex 68 131 23.35
      vertex 65 128.5 26.35
      vertex 68 128.5 23.35
    endloop
  endfacet
  facet normal 0.707107 0 -0.707107
    outer loop
      vertex 68 128.5 29.35
      vertex 65 131 26.35
      vertex 68 131 29.35
    endloop
  endfacet
  facet normal 0.707107 0 -0.707107
    outer loop
      vertex 65 131 26.35
      vertex 68 128.5 29.35
      vertex 65 128.5 26.35
    endloop
  endfacet
  facet normal -0.707107 0 0.707107
    outer loop
      vertex 77 -3 23.35
      vertex 80 -0.5 26.35
      vertex 77 -0.5 23.35
    endloop
  endfacet
  facet normal -0.707107 0 0.707107
    outer loop
      vertex 80 -0.5 26.35
      vertex 77 -3 23.35
      vertex 80 -3 26.35
    endloop
  endfacet
  facet normal -0.707107 0 -0.707107
    outer loop
      vertex 80 -3 26.35
      vertex 77 -0.5 29.35
      vertex 80 -0.5 26.35
    endloop
  endfacet
  facet normal -0.707107 -0 -0.707107
    outer loop
      vertex 77 -0.5 29.35
      vertex 80 -3 26.35
      vertex 77 -3 29.35
    endloop
  endfacet
  facet normal 0.707107 -0 0.707107
    outer loop
      vertex 74 -3 26.35
      vertex 77 -0.5 23.35
      vertex 74 -0.5 26.35
    endloop
  endfacet
  facet normal 0.707107 0 0.707107
    outer loop
      vertex 77 -0.5 23.35
      vertex 74 -3 26.35
      vertex 77 -3 23.35
    endloop
  endfacet
  facet normal 0.707107 0 -0.707107
    outer loop
      vertex 77 -3 29.35
      vertex 74 -0.5 26.35
      vertex 77 -0.5 29.35
    endloop
  endfacet
  facet normal 0.707107 0 -0.707107
    outer loop
      vertex 74 -0.5 26.35
      vertex 77 -3 29.35
      vertex 74 -3 26.35
    endloop
  endfacet
  facet normal -0.707107 0 0.707107
    outer loop
      vertex 77 128.5 23.35
      vertex 80 131 26.35
      vertex 77 131 23.35
    endloop
  endfacet
  facet normal -0.707107 0 0.707107
    outer loop
      vertex 80 131 26.35
      vertex 77 128.5 23.35
      vertex 80 128.5 26.35
    endloop
  endfacet
  facet normal -0.707107 0 -0.707107
    outer loop
      vertex 80 128.5 26.35
      vertex 77 131 29.35
      vertex 80 131 26.35
    endloop
  endfacet
  facet normal -0.707107 -0 -0.707107
    outer loop
      vertex 77 131 29.35
      vertex 80 128.5 26.35
      vertex 77 128.5 29.35
    endloop
  endfacet
  facet normal 0.707107 -0 0.707107
    outer loop
      vertex 74 128.5 26.35
      vertex 77 131 23.35
      vertex 74 131 26.35
    endloop
  endfacet
  facet normal 0.707107 0 0.707107
    outer loop
      vertex 77 131 23.35
      vertex 74 128.5 26.35
      vertex 77 128.5 23.35
    endloop
  endfacet
  facet normal 0.707107 0 -0.707107
    outer loop
      vertex 77 128.5 29.35
      vertex 74 131 26.35
      vertex 77 131 29.35
    endloop
  endfacet
  facet normal 0.707107 0 -0.707107
    outer loop
      vertex 74 131 26.35
      vertex 77 128.5 29.35
      vertex 74 128.5 26.35
    endloop
  endfacet
  facet normal -0.707107 0 0.707107
    outer loop
      vertex 86 -3 23.35
      vertex 89 -0.5 26.35
      vertex 86 -0.5 23.35
    endloop
  endfacet
  facet normal -0.707107 0 0.707107
    outer loop
      vertex 89 -0.5 26.35
      vertex 86 -3 23.35
      vertex 89 -3 26.35
    endloop
  endfacet
  facet normal -0.707107 0 -0.707107
    outer loop
      vertex 89 -3 26.35
      vertex 86 -0.5 29.35
      vertex 89 -0.5 26.35
    endloop
  endfacet
  facet normal -0.707107 -0 -0.707107
    outer loop
      vertex 86 -0.5 29.35
      vertex 89 -3 26.35
      vertex 86 -3 29.35
    endloop
  endfacet
  facet normal 0.707107 -0 0.707107
    outer loop
      vertex 83 -3 26.35
      vertex 86 -0.5 23.35
      vertex 83 -0.5 26.35
    endloop
  endfacet
  facet normal 0.707107 0 0.707107
    outer loop
      vertex 86 -0.5 23.35
      vertex 83 -3 26.35
      vertex 86 -3 23.35
    endloop
  endfacet
  facet normal 0.707107 0 -0.707107
    outer loop
      vertex 86 -3 29.35
      vertex 83 -0.5 26.35
      vertex 86 -0.5 29.35
    endloop
  endfacet
  facet normal 0.707107 0 -0.707107
    outer loop
      vertex 83 -0.5 26.35
      vertex 86 -3 29.35
      vertex 83 -3 26.35
    endloop
  endfacet
  facet normal -0.707107 0 0.707107
    outer loop
      vertex 86 128.5 23.35
      vertex 89 131 26.35
      vertex 86 131 23.35
    endloop
  endfacet
  facet normal -0.707107 0 0.707107
    outer loop
      vertex 89 131 26.35
      vertex 86 128.5 23.35
      vertex 89 128.5 26.35
    endloop
  endfacet
  facet normal -0.707107 0 -0.707107
    outer loop
      vertex 89 128.5 26.35
      vertex 86 131 29.35
      vertex 89 131 26.35
    endloop
  endfacet
  facet normal -0.707107 -0 -0.707107
    outer loop
      vertex 86 131 29.35
      vertex 89 128.5 26.35
      vertex 86 128.5 29.35
    endloop
  endfacet
  facet normal 0.707107 -0 0.707107
    outer loop
      vertex 83 128.5 26.35
      vertex 86 131 23.35
      vertex 83 131 26.35
    endloop
  endfacet
  facet normal 0.707107 0 0.707107
    outer loop
      vertex 86 131 23.35
      vertex 83 128.5 26.35
      vertex 86 128.5 23.35
    endloop
  endfacet
  facet normal 0.707107 0 -0.707107
    outer loop
      vertex 86 128.5 29.35
      vertex 83 131 26.35
      vertex 86 131 29.35
    endloop
  endfacet
  facet normal 0.707107 0 -0.707107
    outer loop
      vertex 83 131 26.35
      vertex 86 128.5 29.35
      vertex 83 128.5 26.35
    endloop
  endfacet
  facet normal -0.707107 0 0.707107
    outer loop
      vertex 95 -3 23.35
      vertex 98 -0.5 26.35
      vertex 95 -0.5 23.35
    endloop
  endfacet
  facet normal -0.707107 0 0.707107
    outer loop
      vertex 98 -0.5 26.35
      vertex 95 -3 23.35
      vertex 98 -3 26.35
    endloop
  endfacet
  facet normal -0.707107 0 -0.707107
    outer loop
      vertex 98 -3 26.35
      vertex 95 -0.5 29.35
      vertex 98 -0.5 26.35
    endloop
  endfacet
  facet normal -0.707107 -0 -0.707107
    outer loop
      vertex 95 -0.5 29.35
      vertex 98 -3 26.35
      vertex 95 -3 29.35
    endloop
  endfacet
  facet normal 0.707107 -0 0.707107
    outer loop
      vertex 92 -3 26.35
      vertex 95 -0.5 23.35
      vertex 92 -0.5 26.35
    endloop
  endfacet
  facet normal 0.707107 0 0.707107
    outer loop
      vertex 95 -0.5 23.35
      vertex 92 -3 26.35
      vertex 95 -3 23.35
    endloop
  endfacet
  facet normal 0.707107 0 -0.707107
    outer loop
      vertex 95 -3 29.35
      vertex 92 -0.5 26.35
      vertex 95 -0.5 29.35
    endloop
  endfacet
  facet normal 0.707107 0 -0.707107
    outer loop
      vertex 92 -0.5 26.35
      vertex 95 -3 29.35
      vertex 92 -3 26.35
    endloop
  endfacet
  facet normal -0.707107 0 0.707107
    outer loop
      vertex 95 128.5 23.35
      vertex 98 131 26.35
      vertex 95 131 23.35
    endloop
  endfacet
  facet normal -0.707107 0 0.707107
    outer loop
      vertex 98 131 26.35
      vertex 95 128.5 23.35
      vertex 98 128.5 26.35
    endloop
  endfacet
  facet normal -0.707107 0 -0.707107
    outer loop
      vertex 98 128.5 26.35
      vertex 95 131 29.35
      vertex 98 131 26.35
    endloop
  endfacet
  facet normal -0.707107 -0 -0.707107
    outer loop
      vertex 95 131 29.35
      vertex 98 128.5 26.35
      vertex 95 128.5 29.35
    endloop
  endfacet
  facet normal 0.707107 -0 0.707107
    outer loop
      vertex 92 128.5 26.35
      vertex 95 131 23.35
      vertex 92 131 26.35
    endloop
  endfacet
  facet normal 0.707107 0 0.707107
    outer loop
      vertex 95 131 23.35
      vertex 92 128.5 26.35
      vertex 95 128.5 23.35
    endloop
  endfacet
  facet normal 0.707107 0 -0.707107
    outer loop
      vertex 95 128.5 29.35
      vertex 92 131 26.35
      vertex 95 131 29.35
    endloop
  endfacet
  facet normal 0.707107 0 -0.707107
    outer loop
      vertex 92 131 26.35
      vertex 95 128.5 29.35
      vertex 92 128.5 26.35
    endloop
  endfacet
  facet normal -0.707107 0 0.707107
    outer loop
      vertex 104 -3 23.35
      vertex 107 -0.5 26.35
      vertex 104 -0.5 23.35
    endloop
  endfacet
  facet normal -0.707107 0 0.707107
    outer loop
      vertex 107 -0.5 26.35
      vertex 104 -3 23.35
      vertex 107 -3 26.35
    endloop
  endfacet
  facet normal -0.707107 0 -0.707107
    outer loop
      vertex 107 -3 26.35
      vertex 104 -0.5 29.35
      vertex 107 -0.5 26.35
    endloop
  endfacet
  facet normal -0.707107 -0 -0.707107
    outer loop
      vertex 104 -0.5 29.35
      vertex 107 -3 26.35
      vertex 104 -3 29.35
    endloop
  endfacet
  facet normal 0.707107 -0 0.707107
    outer loop
      vertex 101 -3 26.35
      vertex 104 -0.5 23.35
      vertex 101 -0.5 26.35
    endloop
  endfacet
  facet normal 0.707107 0 0.707107
    outer loop
      vertex 104 -0.5 23.35
      vertex 101 -3 26.35
      vertex 104 -3 23.35
    endloop
  endfacet
  facet normal 0.707107 0 -0.707107
    outer loop
      vertex 104 -3 29.35
      vertex 101 -0.5 26.35
      vertex 104 -0.5 29.35
    endloop
  endfacet
  facet normal 0.707107 0 -0.707107
    outer loop
      vertex 101 -0.5 26.35
      vertex 104 -3 29.35
      vertex 101 -3 26.35
    endloop
  endfacet
  facet normal -0.707107 0 0.707107
    outer loop
      vertex 104 128.5 23.35
      vertex 107 131 26.35
      vertex 104 131 23.35
    endloop
  endfacet
  facet normal -0.707107 0 0.707107
    outer loop
      vertex 107 131 26.35
      vertex 104 128.5 23.35
      vertex 107 128.5 26.35
    endloop
  endfacet
  facet normal -0.707107 0 -0.707107
    outer loop
      vertex 107 128.5 26.35
      vertex 104 131 29.35
      vertex 107 131 26.35
    endloop
  endfacet
  facet normal -0.707107 -0 -0.707107
    outer loop
      vertex 104 131 29.35
      vertex 107 128.5 26.35
      vertex 104 128.5 29.35
    endloop
  endfacet
  facet normal 0.707107 -0 0.707107
    outer loop
      vertex 101 128.5 26.35
      vertex 104 131 23.35
      vertex 101 131 26.35
    endloop
  endfacet
  facet normal 0.707107 0 0.707107
    outer loop
      vertex 104 131 23.35
      vertex 101 128.5 26.35
      vertex 104 128.5 23.35
    endloop
  endfacet
  facet normal 0.707107 0 -0.707107
    outer loop
      vertex 104 128.5 29.35
      vertex 101 131 26.35
      vertex 104 131 29.35
    endloop
  endfacet
  facet normal 0.707107 0 -0.707107
    outer loop
      vertex 101 131 26.35
      vertex 104 128.5 29.35
      vertex 101 128.5 26.35
    endloop
  endfacet
  facet normal -0 0 1
    outer loop
      vertex -3 62.817 23.4
      vertex -0.5 57.817 23.4
      vertex -0.5 62.817 23.4
    endloop
  endfacet
  facet normal 0 0 1
    outer loop
      vertex -0.5 57.817 23.4
      vertex -3 62.817 23.4
      vertex -3 57.817 23.4
    endloop
  endfacet
  facet normal 0 -1 0
    outer loop
      vertex -3 62.817 34.5
      vertex -0.5 62.817 31.5
      vertex 7.5 62.817 34.5
    endloop
  endfacet
  facet normal 0 -1 0
    outer loop
      vertex -3 62.817 23.4
      vertex -0.5 62.817 31.5
      vertex -3 62.817 34.5
    endloop
  endfacet
  facet normal 0 -1 -0
    outer loop
      vertex -0.5 62.817 31.5
      vertex -3 62.817 23.4
      vertex -0.5 62.817 23.4
    endloop
  endfacet
  facet normal 0 -1 -0
    outer loop
      vertex 7.5 62.817 34.5
      vertex -0.5 62.817 31.5
      vertex 7.5 62.817 31.5
    endloop
  endfacet
  facet normal 0 1 0
    outer loop
      vertex -0.5 57.817 31.5
      vertex 7.5 57.817 34.5
      vertex 7.5 57.817 31.5
    endloop
  endfacet
  facet normal 0 1 0
    outer loop
      vertex 7.5 57.817 34.5
      vertex -0.5 57.817 31.5
      vertex -3 57.817 34.5
    endloop
  endfacet
  facet normal 0 1 0
    outer loop
      vertex -3 57.817 23.4
      vertex -0.5 57.817 31.5
      vertex -0.5 57.817 23.4
    endloop
  endfacet
  facet normal 0 1 0
    outer loop
      vertex -0.5 57.817 31.5
      vertex -3 57.817 23.4
      vertex -3 57.817 34.5
    endloop
  endfacet
  facet normal -0 0 1
    outer loop
      vertex -3 72.596 23.4
      vertex -0.5 67.596 23.4
      vertex -0.5 72.596 23.4
    endloop
  endfacet
  facet normal 0 0 1
    outer loop
      vertex -0.5 67.596 23.4
      vertex -3 72.596 23.4
      vertex -3 67.596 23.4
    endloop
  endfacet
  facet normal 0 -1 0
    outer loop
      vertex -3 72.596 34.5
      vertex -0.5 72.596 31.5
      vertex 7.5 72.596 34.5
    endloop
  endfacet
  facet normal 0 -1 0
    outer loop
      vertex -3 72.596 23.4
      vertex -0.5 72.596 31.5
      vertex -3 72.596 34.5
    endloop
  endfacet
  facet normal 0 -1 -0
    outer loop
      vertex -0.5 72.596 31.5
      vertex -3 72.596 23.4
      vertex -0.5 72.596 23.4
    endloop
  endfacet
  facet normal 0 -1 -0
    outer loop
      vertex 7.5 72.596 34.5
      vertex -0.5 72.596 31.5
      vertex 7.5 72.596 31.5
    endloop
  endfacet
  facet normal 0 1 0
    outer loop
      vertex -0.5 67.596 31.5
      vertex 7.5 67.596 34.5
      vertex 7.5 67.596 31.5
    endloop
  endfacet
  facet normal 0 1 0
    outer loop
      vertex 7.5 67.596 34.5
      vertex -0.5 67.596 31.5
      vertex -3 67.596 34.5
    endloop
  endfacet
  facet normal 0 1 0
    outer loop
      vertex -3 67.596 23.4
      vertex -0.5 67.596 31.5
      vertex -0.5 67.596 23.4
    endloop
  endfacet
  facet normal 0 1 0
    outer loop
      vertex -0.5 67.596 31.5
      vertex -3 67.596 23.4
      vertex -3 67.596 34.5
    endloop
  endfacet
  facet normal -0 0 1
    outer loop
      vertex -3 82.375 23.4
      vertex -0.5 77.375 23.4
      vertex -0.5 82.375 23.4
    endloop
  endfacet
  facet normal 0 0 1
    outer loop
      vertex -0.5 77.375 23.4
      vertex -3 82.375 23.4
      vertex -3 77.375 23.4
    endloop
  endfacet
  facet normal 0 -1 0
    outer loop
      vertex -3 82.375 34.5
      vertex -0.5 82.375 31.5
      vertex 7.5 82.375 34.5
    endloop
  endfacet
  facet normal 0 -1 0
    outer loop
      vertex -3 82.375 23.4
      vertex -0.5 82.375 31.5
      vertex -3 82.375 34.5
    endloop
  endfacet
  facet normal 0 -1 -0
    outer loop
      vertex -0.5 82.375 31.5
      vertex -3 82.375 23.4
      vertex -0.5 82.375 23.4
    endloop
  endfacet
  facet normal 0 -1 -0
    outer loop
      vertex 7.5 82.375 34.5
      vertex -0.5 82.375 31.5
      vertex 7.5 82.375 31.5
    endloop
  endfacet
  facet normal 0 1 0
    outer loop
      vertex -0.5 77.375 31.5
      vertex 7.5 77.375 34.5
      vertex 7.5 77.375 31.5
    endloop
  endfacet
  facet normal 0 1 0
    outer loop
      vertex 7.5 77.375 34.5
      vertex -0.5 77.375 31.5
      vertex -3 77.375 34.5
    endloop
  endfacet
  facet normal 0 1 0
    outer loop
      vertex -3 77.375 23.4
      vertex -0.5 77.375 31.5
      vertex -0.5 77.375 23.4
    endloop
  endfacet
  facet normal 0 1 0
    outer loop
      vertex -0.5 77.375 31.5
      vertex -3 77.375 23.4
      vertex -3 77.375 34.5
    endloop
  endfacet
  facet normal -0 0 1
    outer loop
      vertex -3 55.03 15.17
      vertex 5.5 45.03 15.17
      vertex 5.5 55.03 15.17
    endloop
  endfacet
  facet normal 0 0 1
    outer loop
      vertex 5.5 45.03 15.17
      vertex -3 55.03 15.17
      vertex -3 45.03 15.17
    endloop
  endfacet
  facet normal 0 -1 0
    outer loop
      vertex -3 55.03 34.5
      vertex -0.5 55.03 31.5
      vertex 7.5 55.03 34.5
    endloop
  endfacet
  facet normal 0 -1 0
    outer loop
      vertex -3 55.03 34.5
      vertex -0.5 55.03 21.2
      vertex -0.5 55.03 31.5
    endloop
  endfacet
  facet normal 0 -1 0
    outer loop
      vertex -3 55.03 15.17
      vertex -0.5 55.03 21.2
      vertex -3 55.03 34.5
    endloop
  endfacet
  facet normal 0 -1 0
    outer loop
      vertex -3 55.03 15.17
      vertex 5.5 55.03 15.2
      vertex -0.5 55.03 21.2
    endloop
  endfacet
  facet normal 0 -1 -0
    outer loop
      vertex 5.5 55.03 15.2
      vertex -3 55.03 15.17
      vertex 5.5 55.03 15.17
    endloop
  endfacet
  facet normal 0 -1 -0
    outer loop
      vertex 7.5 55.03 34.5
      vertex -0.5 55.03 31.5
      vertex 7.5 55.03 31.5
    endloop
  endfacet
  facet normal 0 1 0
    outer loop
      vertex -0.5 45.03 31.5
      vertex 7.5 45.03 34.5
      vertex 7.5 45.03 31.5
    endloop
  endfacet
  facet normal 0 1 0
    outer loop
      vertex 7.5 45.03 34.5
      vertex -0.5 45.03 31.5
      vertex -3 45.03 34.5
    endloop
  endfacet
  facet normal 0 1 -0
    outer loop
      vertex -0.5 45.03 21.2
      vertex -3 45.03 34.5
      vertex -0.5 45.03 31.5
    endloop
  endfacet
  facet normal 0 1 0
    outer loop
      vertex -3 45.03 15.17
      vertex 5.5 45.03 15.2
      vertex 5.5 45.03 15.17
    endloop
  endfacet
  facet normal 0 1 0
    outer loop
      vertex -0.5 45.03 21.2
      vertex -3 45.03 15.17
      vertex -3 45.03 34.5
    endloop
  endfacet
  facet normal 0 1 0
    outer loop
      vertex 5.5 45.03 15.2
      vertex -3 45.03 15.17
      vertex -0.5 45.03 21.2
    endloop
  endfacet
  facet normal -1 0 0
    outer loop
      vertex -2.4 49.1192 8.79894
      vertex -2.4 49.3785 9.43332
      vertex -2.4 49.267 8.75687
    endloop
  endfacet
  facet normal -1 -0 0
    outer loop
      vertex -2.4 49.3785 9.43332
      vertex -2.4 49.1192 8.79894
      vertex -2.4 49.294 9.45989
    endloop
  endfacet
  facet normal -1 0 0
    outer loop
      vertex -2.4 48.9846 8.8555
      vertex -2.4 49.294 9.45989
      vertex -2.4 49.1192 8.79894
    endloop
  endfacet
  facet normal -1 -0 0
    outer loop
      vertex -2.4 49.294 9.45989
      vertex -2.4 48.9846 8.8555
      vertex -2.4 49.2175 9.4937
    endloop
  endfacet
  facet normal -1 0 0
    outer loop
      vertex -2.4 48.8629 8.92658
      vertex -2.4 49.2175 9.4937
      vertex -2.4 48.9846 8.8555
    endloop
  endfacet
  facet normal -1 -0 0
    outer loop
      vertex -2.4 49.2175 9.4937
      vertex -2.4 48.8629 8.92658
      vertex -2.4 49.1492 9.53476
    endloop
  endfacet
  facet normal -1 0 0
    outer loop
      vertex -2.4 48.7543 9.01215
      vertex -2.4 49.1492 9.53476
      vertex -2.4 48.8629 8.92658
    endloop
  endfacet
  facet normal -1 0 0
    outer loop
      vertex -2.4 48.6588 9.11223
      vertex -2.4 49.1492 9.53476
      vertex -2.4 48.7543 9.01215
    endloop
  endfacet
  facet normal -1 -0 0
    outer loop
      vertex -2.4 49.1492 9.53476
      vertex -2.4 48.6588 9.11223
      vertex -2.4 49.089 9.58309
    endloop
  endfacet
  facet normal -1 0 0
    outer loop
      vertex -2.4 48.5763 9.22683
      vertex -2.4 49.089 9.58309
      vertex -2.4 48.6588 9.11223
    endloop
  endfacet
  facet normal -1 -0 0
    outer loop
      vertex -2.4 49.089 9.58309
      vertex -2.4 48.5763 9.22683
      vertex -2.4 49.0368 9.63866
    endloop
  endfacet
  facet normal -1 0 0
    outer loop
      vertex -2.4 48.5067 9.35637
      vertex -2.4 49.0368 9.63866
      vertex -2.4 48.5763 9.22683
    endloop
  endfacet
  facet normal -1 -0 0
    outer loop
      vertex -2.4 49.0368 9.63866
      vertex -2.4 48.5067 9.35637
      vertex -2.4 48.9928 9.7015
    endloop
  endfacet
  facet normal -1 -0 0
    outer loop
      vertex -2.4 48.9928 9.7015
      vertex -2.4 48.4498 9.50135
      vertex -2.4 48.9562 9.77224
    endloop
  endfacet
  facet normal -1 0 0
    outer loop
      vertex -2.4 48.4498 9.50135
      vertex -2.4 48.9928 9.7015
      vertex -2.4 48.5067 9.35637
    endloop
  endfacet
  facet normal -1 0 0
    outer loop
      vertex -2.4 51.2939 10.2308
      vertex -2.4 51.7899 10.245
      vertex -2.4 51.7833 10.0368
    endloop
  endfacet
  facet normal -1 0 0
    outer loop
      vertex -2.4 51.2909 10.3266
      vertex -2.4 51.7899 10.245
      vertex -2.4 51.2939 10.2308
    endloop
  endfacet
  facet normal -1 0 0
    outer loop
      vertex -2.4 51.2828 10.0364
      vertex -2.4 51.7833 10.0368
      vertex -2.4 51.7632 9.84589
    endloop
  endfacet
  facet normal -1 0 0
    outer loop
      vertex -2.4 51.7899 10.245
      vertex -2.4 51.2909 10.3266
      vertex -2.4 51.7845 10.4437
    endloop
  endfacet
  facet normal -1 0 0
    outer loop
      vertex -2.4 51.2496 9.87741
      vertex -2.4 51.7632 9.84589
      vertex -2.4 51.7297 9.67214
    endloop
  endfacet
  facet normal -1 0 0
    outer loop
      vertex -2.4 51.2818 10.4147
      vertex -2.4 51.7845 10.4437
      vertex -2.4 51.2909 10.3266
    endloop
  endfacet
  facet normal -1 0 0
    outer loop
      vertex -2.4 51.1942 9.75373
      vertex -2.4 51.7297 9.67214
      vertex -2.4 51.6829 9.51558
    endloop
  endfacet
  facet normal -1 0 0
    outer loop
      vertex -2.4 51.2666 10.4951
      vertex -2.4 51.7845 10.4437
      vertex -2.4 51.2818 10.4147
    endloop
  endfacet
  facet normal -1 0 0
    outer loop
      vertex -2.4 51.1942 9.75373
      vertex -2.4 51.6829 9.51558
      vertex -2.4 51.6227 9.37626
    endloop
  endfacet
  facet normal -1 0 0
    outer loop
      vertex -2.4 51.7845 10.4437
      vertex -2.4 51.2666 10.4951
      vertex -2.4 51.7683 10.6251
    endloop
  endfacet
  facet normal -1 0 0
    outer loop
      vertex -2.4 51.1167 9.66538
      vertex -2.4 51.6227 9.37626
      vertex -2.4 51.549 9.25412
    endloop
  endfacet
  facet normal -1 0 0
    outer loop
      vertex -2.4 51.2454 10.5678
      vertex -2.4 51.7683 10.6251
      vertex -2.4 51.2666 10.4951
    endloop
  endfacet
  facet normal -1 0 0
    outer loop
      vertex -2.4 51.1167 9.66538
      vertex -2.4 51.549 9.25412
      vertex -2.4 51.4628 9.15006
    endloop
  endfacet
  facet normal -1 -0 0
    outer loop
      vertex -2.4 51.7683 10.6251
      vertex -2.4 51.2454 10.5678
      vertex -2.4 51.7413 10.7894
    endloop
  endfacet
  facet normal -1 0 0
    outer loop
      vertex -2.4 51.017 9.61237
      vertex -2.4 51.4628 9.15006
      vertex -2.4 51.3648 9.0649
    endloop
  endfacet
  facet normal -1 0 0
    outer loop
      vertex -2.4 51.2181 10.6328
      vertex -2.4 51.7413 10.7894
      vertex -2.4 51.2454 10.5678
    endloop
  endfacet
  facet normal -1 -0 0
    outer loop
      vertex -2.4 51.7413 10.7894
      vertex -2.4 51.2181 10.6328
      vertex -2.4 51.7034 10.9365
    endloop
  endfacet
  facet normal -1 -0 0
    outer loop
      vertex -2.4 51.7833 10.0368
      vertex -2.4 51.2828 10.0364
      vertex -2.4 51.2939 10.2308
    endloop
  endfacet
  facet normal -1 0 0
    outer loop
      vertex -2.4 51.017 9.61237
      vertex -2.4 51.3648 9.0649
      vertex -2.4 51.255 8.99868
    endloop
  endfacet
  facet normal -1 0 0
    outer loop
      vertex -2.4 51.7632 9.84589
      vertex -2.4 51.2496 9.87741
      vertex -2.4 51.2828 10.0364
    endloop
  endfacet
  facet normal -1 0 0
    outer loop
      vertex -2.4 51.7297 9.67214
      vertex -2.4 51.1942 9.75373
      vertex -2.4 51.2496 9.87741
    endloop
  endfacet
  facet normal -1 0 0
    outer loop
      vertex -2.4 51.017 9.61237
      vertex -2.4 51.255 8.99868
      vertex -2.4 51.1334 8.95137
    endloop
  endfacet
  facet normal -1 0 0
    outer loop
      vertex -2.4 51.6227 9.37626
      vertex -2.4 51.1167 9.66538
      vertex -2.4 51.1942 9.75373
    endloop
  endfacet
  facet normal -1 0 0
    outer loop
      vertex -2.4 51.4628 9.15006
      vertex -2.4 51.017 9.61237
      vertex -2.4 51.1167 9.66538
    endloop
  endfacet
  facet normal -1 0 0
    outer loop
      vertex -2.4 50.8952 9.5947
      vertex -2.4 51.1334 8.95137
      vertex -2.4 51 8.92299
    endloop
  endfacet
  facet normal -1 0 0
    outer loop
      vertex -2.4 51.1334 8.95137
      vertex -2.4 50.8952 9.5947
      vertex -2.4 51.017 9.61237
    endloop
  endfacet
  facet normal -1 0 0
    outer loop
      vertex -2.4 50.8548 8.91353
      vertex -2.4 50.8952 9.5947
      vertex -2.4 51 8.92299
    endloop
  endfacet
  facet normal -1 0 0
    outer loop
      vertex -2.4 50.8548 8.91353
      vertex -2.4 50.853 9.59658
      vertex -2.4 50.8952 9.5947
    endloop
  endfacet
  facet normal -1 0 0
    outer loop
      vertex -2.4 50.7966 8.91481
      vertex -2.4 50.853 9.59658
      vertex -2.4 50.8548 8.91353
    endloop
  endfacet
  facet normal -1 0 0
    outer loop
      vertex -2.4 50.7406 8.91867
      vertex -2.4 50.853 9.59658
      vertex -2.4 50.7966 8.91481
    endloop
  endfacet
  facet normal -1 -0 0
    outer loop
      vertex -2.4 50.853 9.59658
      vertex -2.4 50.7406 8.91867
      vertex -2.4 50.8134 9.60222
    endloop
  endfacet
  facet normal -1 0 0
    outer loop
      vertex -2.4 50.6869 8.9251
      vertex -2.4 50.8134 9.60222
      vertex -2.4 50.7406 8.91867
    endloop
  endfacet
  facet normal -1 0 0
    outer loop
      vertex -2.4 50.6354 8.9341
      vertex -2.4 50.8134 9.60222
      vertex -2.4 50.6869 8.9251
    endloop
  endfacet
  facet normal -1 -0 0
    outer loop
      vertex -2.4 50.8134 9.60222
      vertex -2.4 50.6354 8.9341
      vertex -2.4 50.7765 9.61161
    endloop
  endfacet
  facet normal -1 0 0
    outer loop
      vertex -2.4 50.5862 8.94567
      vertex -2.4 50.7765 9.61161
      vertex -2.4 50.6354 8.9341
    endloop
  endfacet
  facet normal -1 0 0
    outer loop
      vertex -2.4 50.5392 8.9598
      vertex -2.4 50.7765 9.61161
      vertex -2.4 50.5862 8.94567
    endloop
  endfacet
  facet normal -1 -0 0
    outer loop
      vertex -2.4 50.7765 9.61161
      vertex -2.4 50.5392 8.9598
      vertex -2.4 50.7422 9.62476
    endloop
  endfacet
  facet normal -1 0 0
    outer loop
      vertex -2.4 50.4943 8.97625
      vertex -2.4 50.7422 9.62476
      vertex -2.4 50.5392 8.9598
    endloop
  endfacet
  facet normal -1 0 0
    outer loop
      vertex -2.4 50.4513 8.99474
      vertex -2.4 50.7422 9.62476
      vertex -2.4 50.4943 8.97625
    endloop
  endfacet
  facet normal -1 0 0
    outer loop
      vertex -2.4 50.4104 9.01528
      vertex -2.4 50.7422 9.62476
      vertex -2.4 50.4513 8.99474
    endloop
  endfacet
  facet normal -1 -0 0
    outer loop
      vertex -2.4 50.7422 9.62476
      vertex -2.4 50.4104 9.01528
      vertex -2.4 50.7106 9.64167
    endloop
  endfacet
  facet normal -1 0 0
    outer loop
      vertex -2.4 50.3714 9.03785
      vertex -2.4 50.7106 9.64167
      vertex -2.4 50.4104 9.01528
    endloop
  endfacet
  facet normal -1 0 0
    outer loop
      vertex -2.4 50.3344 9.06247
      vertex -2.4 50.7106 9.64167
      vertex -2.4 50.3714 9.03785
    endloop
  endfacet
  facet normal -1 0 0
    outer loop
      vertex -2.4 50.2994 9.08913
      vertex -2.4 50.7106 9.64167
      vertex -2.4 50.3344 9.06247
    endloop
  endfacet
  facet normal -1 0 0
    outer loop
      vertex -2.4 50.2662 9.11782
      vertex -2.4 50.7106 9.64167
      vertex -2.4 50.2994 9.08913
    endloop
  endfacet
  facet normal -1 -0 0
    outer loop
      vertex -2.4 50.7106 9.64167
      vertex -2.4 50.2662 9.11782
      vertex -2.4 50.6815 9.66233
    endloop
  endfacet
  facet normal -1 0 0
    outer loop
      vertex -2.4 50.2347 9.14847
      vertex -2.4 50.6815 9.66233
      vertex -2.4 50.2662 9.11782
    endloop
  endfacet
  facet normal -1 0 0
    outer loop
      vertex -2.4 50.2048 9.18111
      vertex -2.4 50.6815 9.66233
      vertex -2.4 50.2347 9.14847
    endloop
  endfacet
  facet normal -1 0 0
    outer loop
      vertex -2.4 50.1765 9.21572
      vertex -2.4 50.6815 9.66233
      vertex -2.4 50.2048 9.18111
    endloop
  endfacet
  facet normal -1 -0 0
    outer loop
      vertex -2.4 50.6815 9.66233
      vertex -2.4 50.1765 9.21572
      vertex -2.4 50.6545 9.6867
    endloop
  endfacet
  facet normal -1 0 0
    outer loop
      vertex -2.4 50.1499 9.25231
      vertex -2.4 50.6545 9.6867
      vertex -2.4 50.1765 9.21572
    endloop
  endfacet
  facet normal -1 0 0
    outer loop
      vertex -2.4 50.125 9.29087
      vertex -2.4 50.6545 9.6867
      vertex -2.4 50.1499 9.25231
    endloop
  endfacet
  facet normal -1 -0 0
    outer loop
      vertex -2.4 50.6545 9.6867
      vertex -2.4 50.125 9.29087
      vertex -2.4 50.6289 9.71468
    endloop
  endfacet
  facet normal -1 0 0
    outer loop
      vertex -2.4 50.1014 9.33123
      vertex -2.4 50.6289 9.71468
      vertex -2.4 50.125 9.29087
    endloop
  endfacet
  facet normal -1 0 0
    outer loop
      vertex -2.4 50.0788 9.37316
      vertex -2.4 50.6289 9.71468
      vertex -2.4 50.1014 9.33123
    endloop
  endfacet
  facet normal -1 -0 0
    outer loop
      vertex -2.4 50.5604 9.82039
      vertex -2.4 49.9804 9.61208
      vertex -2.4 50.5403 9.86287
    endloop
  endfacet
  facet normal -1 -0 0
    outer loop
      vertex -2.4 50.6289 9.71468
      vertex -2.4 50.0788 9.37316
      vertex -2.4 50.6047 9.7463
    endloop
  endfacet
  facet normal -1 -0 0
    outer loop
      vertex -2.4 50.5403 9.86287
      vertex -2.4 49.9598 9.68013
      vertex -2.4 50.5201 9.91477
    endloop
  endfacet
  facet normal -1 0 0
    outer loop
      vertex -2.4 50.0573 9.41668
      vertex -2.4 50.6047 9.7463
      vertex -2.4 50.0788 9.37316
    endloop
  endfacet
  facet normal -1 0 0
    outer loop
      vertex -2.4 49.9127 9.85419
      vertex -2.4 50.4983 9.98182
      vertex -2.4 49.9372 9.76084
    endloop
  endfacet
  facet normal -1 0 0
    outer loop
      vertex -2.4 50.0369 9.46177
      vertex -2.4 50.6047 9.7463
      vertex -2.4 50.0573 9.41668
    endloop
  endfacet
  facet normal -1 0 0
    outer loop
      vertex -2.4 49.8863 9.96021
      vertex -2.4 50.4747 10.064
      vertex -2.4 49.9127 9.85419
    endloop
  endfacet
  facet normal -1 -0 0
    outer loop
      vertex -2.4 50.4496 10.1614
      vertex -2.4 49.858 10.0789
      vertex -2.4 50.4228 10.2739
    endloop
  endfacet
  facet normal -1 -0 0
    outer loop
      vertex -2.4 50.6047 9.7463
      vertex -2.4 50.0369 9.46177
      vertex -2.4 50.5818 9.78153
    endloop
  endfacet
  facet normal -1 -0 0
    outer loop
      vertex -2.4 50.4228 10.2739
      vertex -2.4 49.8294 10.2158
      vertex -2.4 50.3944 10.4016
    endloop
  endfacet
  facet normal -1 0 0
    outer loop
      vertex -2.4 50.0175 9.50844
      vertex -2.4 50.5818 9.78153
      vertex -2.4 50.0369 9.46177
    endloop
  endfacet
  facet normal -1 0 0
    outer loop
      vertex -2.4 49.9992 9.55669
      vertex -2.4 50.5818 9.78153
      vertex -2.4 50.0175 9.50844
    endloop
  endfacet
  facet normal -1 0 0
    outer loop
      vertex -2.4 49.8023 10.3372
      vertex -2.4 50.3944 10.4016
      vertex -2.4 49.8294 10.2158
    endloop
  endfacet
  facet normal -1 -0 0
    outer loop
      vertex -2.4 50.5818 9.78153
      vertex -2.4 49.9992 9.55669
      vertex -2.4 50.5604 9.82039
    endloop
  endfacet
  facet normal -1 -0 0
    outer loop
      vertex -2.4 50.3944 10.4016
      vertex -2.4 49.8023 10.3372
      vertex -2.4 50.3608 10.5546
    endloop
  endfacet
  facet normal -1 0 0
    outer loop
      vertex -2.4 49.9804 9.61208
      vertex -2.4 50.5604 9.82039
      vertex -2.4 49.9992 9.55669
    endloop
  endfacet
  facet normal -1 0 0
    outer loop
      vertex -2.4 49.7767 10.4429
      vertex -2.4 50.3608 10.5546
      vertex -2.4 49.8023 10.3372
    endloop
  endfacet
  facet normal -1 0 0
    outer loop
      vertex -2.4 49.9598 9.68013
      vertex -2.4 50.5403 9.86287
      vertex -2.4 49.9804 9.61208
    endloop
  endfacet
  facet normal -1 0 0
    outer loop
      vertex -2.4 49.9372 9.76084
      vertex -2.4 50.5201 9.91477
      vertex -2.4 49.9598 9.68013
    endloop
  endfacet
  facet normal -1 -0 0
    outer loop
      vertex -2.4 50.3608 10.5546
      vertex -2.4 49.7767 10.4429
      vertex -2.4 50.328 10.6924
    endloop
  endfacet
  facet normal -1 -0 0
    outer loop
      vertex -2.4 50.5201 9.91477
      vertex -2.4 49.9372 9.76084
      vertex -2.4 50.4983 9.98182
    endloop
  endfacet
  facet normal -1 0 0
    outer loop
      vertex -2.4 49.7525 10.533
      vertex -2.4 50.328 10.6924
      vertex -2.4 49.7767 10.4429
    endloop
  endfacet
  facet normal -1 -0 0
    outer loop
      vertex -2.4 50.4983 9.98182
      vertex -2.4 49.9127 9.85419
      vertex -2.4 50.4747 10.064
    endloop
  endfacet
  facet normal -1 -0 0
    outer loop
      vertex -2.4 50.4747 10.064
      vertex -2.4 49.8863 9.96021
      vertex -2.4 50.4496 10.1614
    endloop
  endfacet
  facet normal -1 0 0
    outer loop
      vertex -2.4 49.7297 10.6074
      vertex -2.4 50.328 10.6924
      vertex -2.4 49.7525 10.533
    endloop
  endfacet
  facet normal -1 0 0
    outer loop
      vertex -2.4 49.858 10.0789
      vertex -2.4 50.4496 10.1614
      vertex -2.4 49.8863 9.96021
    endloop
  endfacet
  facet normal -1 0 0
    outer loop
      vertex -2.4 49.8294 10.2158
      vertex -2.4 50.4228 10.2739
      vertex -2.4 49.858 10.0789
    endloop
  endfacet
  facet normal -1 -0 0
    outer loop
      vertex -2.4 50.328 10.6924
      vertex -2.4 49.7297 10.6074
      vertex -2.4 50.2962 10.8149
    endloop
  endfacet
  facet normal -1 0 0
    outer loop
      vertex -2.4 49.7085 10.6663
      vertex -2.4 50.2962 10.8149
      vertex -2.4 49.7297 10.6074
    endloop
  endfacet
  facet normal -1 -0 0
    outer loop
      vertex -2.4 50.2962 10.8149
      vertex -2.4 49.7085 10.6663
      vertex -2.4 50.2651 10.9222
    endloop
  endfacet
  facet normal -1 0 0
    outer loop
      vertex -2.4 49.687 10.7154
      vertex -2.4 50.2651 10.9222
      vertex -2.4 49.7085 10.6663
    endloop
  endfacet
  facet normal -1 -0 0
    outer loop
      vertex -2.4 50.2651 10.9222
      vertex -2.4 49.687 10.7154
      vertex -2.4 50.235 11.0143
    endloop
  endfacet
  facet normal -1 0 0
    outer loop
      vertex -2.4 49.6639 10.7607
      vertex -2.4 50.235 11.0143
      vertex -2.4 49.687 10.7154
    endloop
  endfacet
  facet normal -1 -0 0
    outer loop
      vertex -2.4 50.235 11.0143
      vertex -2.4 49.6639 10.7607
      vertex -2.4 50.2057 11.0911
    endloop
  endfacet
  facet normal -1 0 0
    outer loop
      vertex -2.4 49.639 10.8022
      vertex -2.4 50.2057 11.0911
      vertex -2.4 49.6639 10.7607
    endloop
  endfacet
  facet normal -1 -0 0
    outer loop
      vertex -2.4 50.2057 11.0911
      vertex -2.4 49.639 10.8022
      vertex -2.4 50.176 11.1579
    endloop
  endfacet
  facet normal -1 0 0
    outer loop
      vertex -2.4 49.6125 10.8398
      vertex -2.4 50.176 11.1579
      vertex -2.4 49.639 10.8022
    endloop
  endfacet
  facet normal -1 -0 0
    outer loop
      vertex -2.4 50.176 11.1579
      vertex -2.4 49.6125 10.8398
      vertex -2.4 50.1448 11.2199
    endloop
  endfacet
  facet normal -1 0 0
    outer loop
      vertex -2.4 49.5842 10.8736
      vertex -2.4 50.1448 11.2199
      vertex -2.4 49.6125 10.8398
    endloop
  endfacet
  facet normal -1 -0 0
    outer loop
      vertex -2.4 50.1448 11.2199
      vertex -2.4 49.5842 10.8736
      vertex -2.4 50.1119 11.2771
    endloop
  endfacet
  facet normal -1 -0 0
    outer loop
      vertex -2.4 50.1119 11.2771
      vertex -2.4 49.5842 10.8736
      vertex -2.4 50.0775 11.3295
    endloop
  endfacet
  facet normal -1 0 0
    outer loop
      vertex -2.4 49.5542 10.9036
      vertex -2.4 50.0775 11.3295
      vertex -2.4 49.5842 10.8736
    endloop
  endfacet
  facet normal -1 -0 0
    outer loop
      vertex -2.4 50.0775 11.3295
      vertex -2.4 49.5542 10.9036
      vertex -2.4 50.0415 11.3771
    endloop
  endfacet
  facet normal -1 -0 0
    outer loop
      vertex -2.4 50.0415 11.3771
      vertex -2.4 49.5542 10.9036
      vertex -2.4 50.004 11.4198
    endloop
  endfacet
  facet normal -1 0 0
    outer loop
      vertex -2.4 49.5219 10.9294
      vertex -2.4 50.004 11.4198
      vertex -2.4 49.5542 10.9036
    endloop
  endfacet
  facet normal -1 -0 0
    outer loop
      vertex -2.4 50.004 11.4198
      vertex -2.4 49.5219 10.9294
      vertex -2.4 49.9643 11.4586
    endloop
  endfacet
  facet normal -1 -0 0
    outer loop
      vertex -2.4 49.9643 11.4586
      vertex -2.4 49.5219 10.9294
      vertex -2.4 49.9222 11.4942
    endloop
  endfacet
  facet normal -1 -0 0
    outer loop
      vertex -2.4 49.9222 11.4942
      vertex -2.4 49.5219 10.9294
      vertex -2.4 49.8775 11.5267
    endloop
  endfacet
  facet normal -1 0 0
    outer loop
      vertex -2.4 49.4869 10.9504
      vertex -2.4 49.8775 11.5267
      vertex -2.4 49.5219 10.9294
    endloop
  endfacet
  facet normal -1 -0 0
    outer loop
      vertex -2.4 49.8775 11.5267
      vertex -2.4 49.4869 10.9504
      vertex -2.4 49.8304 11.5559
    endloop
  endfacet
  facet normal -1 -0 0
    outer loop
      vertex -2.4 49.8304 11.5559
      vertex -2.4 49.4869 10.9504
      vertex -2.4 49.7808 11.582
    endloop
  endfacet
  facet normal -1 -0 0
    outer loop
      vertex -2.4 49.7808 11.582
      vertex -2.4 49.4869 10.9504
      vertex -2.4 49.7286 11.605
    endloop
  endfacet
  facet normal -1 0 0
    outer loop
      vertex -2.4 49.4492 10.9668
      vertex -2.4 49.7286 11.605
      vertex -2.4 49.4869 10.9504
    endloop
  endfacet
  facet normal -1 -0 0
    outer loop
      vertex -2.4 49.7286 11.605
      vertex -2.4 49.4492 10.9668
      vertex -2.4 49.6739 11.6246
    endloop
  endfacet
  facet normal -1 -0 0
    outer loop
      vertex -2.4 49.6739 11.6246
      vertex -2.4 49.4492 10.9668
      vertex -2.4 49.6164 11.6406
    endloop
  endfacet
  facet normal -1 0 0
    outer loop
      vertex -2.4 49.4086 10.9785
      vertex -2.4 49.6164 11.6406
      vertex -2.4 49.4492 10.9668
    endloop
  endfacet
  facet normal -1 -0 0
    outer loop
      vertex -2.4 49.6164 11.6406
      vertex -2.4 49.4086 10.9785
      vertex -2.4 49.5562 11.653
    endloop
  endfacet
  facet normal -1 -0 0
    outer loop
      vertex -2.4 49.5562 11.653
      vertex -2.4 49.4086 10.9785
      vertex -2.4 49.4934 11.6619
    endloop
  endfacet
  facet normal -1 0 0
    outer loop
      vertex -2.4 49.3653 10.9856
      vertex -2.4 49.4934 11.6619
      vertex -2.4 49.4086 10.9785
    endloop
  endfacet
  facet normal -1 -0 0
    outer loop
      vertex -2.4 49.4934 11.6619
      vertex -2.4 49.3653 10.9856
      vertex -2.4 49.4278 11.6673
    endloop
  endfacet
  facet normal -1 0 0
    outer loop
      vertex -2.4 49.3653 10.9856
      vertex -2.4 49.3596 11.6691
      vertex -2.4 49.4278 11.6673
    endloop
  endfacet
  facet normal -1 0 0
    outer loop
      vertex -2.4 49.3192 10.9879
      vertex -2.4 49.3596 11.6691
      vertex -2.4 49.3653 10.9856
    endloop
  endfacet
  facet normal -1 0 0
    outer loop
      vertex -2.4 49.3192 10.9879
      vertex -2.4 49.2022 11.659
      vertex -2.4 49.3596 11.6691
    endloop
  endfacet
  facet normal -1 0 0
    outer loop
      vertex -2.4 49.1829 10.9675
      vertex -2.4 49.2022 11.659
      vertex -2.4 49.3192 10.9879
    endloop
  endfacet
  facet normal -1 0 0
    outer loop
      vertex -2.4 48.8073 11.5071
      vertex -2.4 49.1829 10.9675
      vertex -2.4 49.0713 10.9064
    endloop
  endfacet
  facet normal -1 0 0
    outer loop
      vertex -2.4 49.1829 10.9675
      vertex -2.4 49.0577 11.6286
      vertex -2.4 49.2022 11.659
    endloop
  endfacet
  facet normal -1 0 0
    outer loop
      vertex -2.4 48.5289 11.1738
      vertex -2.4 49.0713 10.9064
      vertex -2.4 48.9845 10.8046
    endloop
  endfacet
  facet normal -1 0 0
    outer loop
      vertex -2.4 49.1829 10.9675
      vertex -2.4 48.9261 11.578
      vertex -2.4 49.0577 11.6286
    endloop
  endfacet
  facet normal -1 0 0
    outer loop
      vertex -2.4 48.4135 10.8553
      vertex -2.4 48.9845 10.8046
      vertex -2.4 48.9226 10.6619
    endloop
  endfacet
  facet normal -1 0 0
    outer loop
      vertex -2.4 48.3774 10.6676
      vertex -2.4 48.9226 10.6619
      vertex -2.4 48.8854 10.4786
    endloop
  endfacet
  facet normal -1 0 0
    outer loop
      vertex -2.4 48.3557 10.461
      vertex -2.4 48.8854 10.4786
      vertex -2.4 48.873 10.2545
    endloop
  endfacet
  facet normal -1 0 0
    outer loop
      vertex -2.4 49.1829 10.9675
      vertex -2.4 48.8073 11.5071
      vertex -2.4 48.9261 11.578
    endloop
  endfacet
  facet normal -1 0 0
    outer loop
      vertex -2.4 48.4054 9.66175
      vertex -2.4 48.9562 9.77224
      vertex -2.4 48.4498 9.50135
    endloop
  endfacet
  facet normal -1 -0 0
    outer loop
      vertex -2.4 48.9562 9.77224
      vertex -2.4 48.4054 9.66175
      vertex -2.4 48.9263 9.85155
    endloop
  endfacet
  facet normal -1 0 -0
    outer loop
      vertex -2.4 48.3557 10.461
      vertex -2.4 48.873 10.2545
      vertex -2.4 48.3485 10.2355
    endloop
  endfacet
  facet normal -1 0 0
    outer loop
      vertex -2.4 48.3738 9.83757
      vertex -2.4 48.9263 9.85155
      vertex -2.4 48.4054 9.66175
    endloop
  endfacet
  facet normal -1 -0 0
    outer loop
      vertex -2.4 48.8854 10.4786
      vertex -2.4 48.3557 10.461
      vertex -2.4 48.3774 10.6676
    endloop
  endfacet
  facet normal -1 -0 0
    outer loop
      vertex -2.4 48.9263 9.85155
      vertex -2.4 48.3738 9.83757
      vertex -2.4 48.903 9.93944
    endloop
  endfacet
  facet normal -1 0 0
    outer loop
      vertex -2.4 48.9226 10.6619
      vertex -2.4 48.3774 10.6676
      vertex -2.4 48.4135 10.8553
    endloop
  endfacet
  facet normal -1 -0 0
    outer loop
      vertex -2.4 48.903 9.93944
      vertex -2.4 48.3738 9.83757
      vertex -2.4 48.8863 10.0359
    endloop
  endfacet
  facet normal -1 0 0
    outer loop
      vertex -2.4 48.9845 10.8046
      vertex -2.4 48.4135 10.8553
      vertex -2.4 48.464 11.024
    endloop
  endfacet
  facet normal -1 0 0
    outer loop
      vertex -2.4 48.3548 10.0288
      vertex -2.4 48.8863 10.0359
      vertex -2.4 48.3738 9.83757
    endloop
  endfacet
  facet normal -1 0 0
    outer loop
      vertex -2.4 48.9845 10.8046
      vertex -2.4 48.464 11.024
      vertex -2.4 48.5289 11.1738
    endloop
  endfacet
  facet normal -1 -0 0
    outer loop
      vertex -2.4 48.8863 10.0359
      vertex -2.4 48.3548 10.0288
      vertex -2.4 48.8763 10.1409
    endloop
  endfacet
  facet normal -1 0 0
    outer loop
      vertex -2.4 49.0713 10.9064
      vertex -2.4 48.6084 11.3047
      vertex -2.4 48.7014 11.416
    endloop
  endfacet
  facet normal -1 0 0
    outer loop
      vertex -2.4 48.3485 10.2355
      vertex -2.4 48.8763 10.1409
      vertex -2.4 48.3548 10.0288
    endloop
  endfacet
  facet normal -1 0 0
    outer loop
      vertex -2.4 49.0713 10.9064
      vertex -2.4 48.7014 11.416
      vertex -2.4 48.8073 11.5071
    endloop
  endfacet
  facet normal -1 0 0
    outer loop
      vertex -2.4 48.8763 10.1409
      vertex -2.4 48.3485 10.2355
      vertex -2.4 48.873 10.2545
    endloop
  endfacet
  facet normal -1 0 0
    outer loop
      vertex -2.4 49.0713 10.9064
      vertex -2.4 48.5289 11.1738
      vertex -2.4 48.6084 11.3047
    endloop
  endfacet
  facet normal -1 0 0
    outer loop
      vertex -2.4 51.1847 10.69
      vertex -2.4 51.7034 10.9365
      vertex -2.4 51.2181 10.6328
    endloop
  endfacet
  facet normal -1 -0 0
    outer loop
      vertex -2.4 51.7034 10.9365
      vertex -2.4 51.1847 10.69
      vertex -2.4 51.6548 11.0663
    endloop
  endfacet
  facet normal -1 0 0
    outer loop
      vertex -2.4 51.1453 10.7404
      vertex -2.4 51.6548 11.0663
      vertex -2.4 51.1847 10.69
    endloop
  endfacet
  facet normal -1 -0 0
    outer loop
      vertex -2.4 51.6548 11.0663
      vertex -2.4 51.1453 10.7404
      vertex -2.4 51.5953 11.1789
    endloop
  endfacet
  facet normal -1 0 0
    outer loop
      vertex -2.4 51.1001 10.7848
      vertex -2.4 51.5953 11.1789
      vertex -2.4 51.1453 10.7404
    endloop
  endfacet
  facet normal -1 -0 0
    outer loop
      vertex -2.4 51.5953 11.1789
      vertex -2.4 51.1001 10.7848
      vertex -2.4 51.5234 11.2768
    endloop
  endfacet
  facet normal -1 0 0
    outer loop
      vertex -2.4 51.0488 10.8232
      vertex -2.4 51.5234 11.2768
      vertex -2.4 51.1001 10.7848
    endloop
  endfacet
  facet normal -1 -0 0
    outer loop
      vertex -2.4 51.5234 11.2768
      vertex -2.4 51.0488 10.8232
      vertex -2.4 51.4374 11.3624
    endloop
  endfacet
  facet normal -1 -0 0
    outer loop
      vertex -2.4 51.4374 11.3624
      vertex -2.4 51.0488 10.8232
      vertex -2.4 51.3372 11.4356
    endloop
  endfacet
  facet normal -1 0 0
    outer loop
      vertex -2.4 50.9917 10.8556
      vertex -2.4 51.3372 11.4356
      vertex -2.4 51.0488 10.8232
    endloop
  endfacet
  facet normal -1 -0 0
    outer loop
      vertex -2.4 51.3372 11.4356
      vertex -2.4 50.9917 10.8556
      vertex -2.4 51.223 11.4965
    endloop
  endfacet
  facet normal -1 0 0
    outer loop
      vertex -2.4 50.9286 10.882
      vertex -2.4 51.223 11.4965
      vertex -2.4 50.9917 10.8556
    endloop
  endfacet
  facet normal -1 -0 0
    outer loop
      vertex -2.4 51.223 11.4965
      vertex -2.4 50.9286 10.882
      vertex -2.4 51.0946 11.545
    endloop
  endfacet
  facet normal -1 0 0
    outer loop
      vertex -2.4 50.8595 10.9024
      vertex -2.4 51.0946 11.545
      vertex -2.4 50.9286 10.882
    endloop
  endfacet
  facet normal -1 -0 0
    outer loop
      vertex -2.4 51.0946 11.545
      vertex -2.4 50.8595 10.9024
      vertex -2.4 50.9521 11.5813
    endloop
  endfacet
  facet normal -1 0 0
    outer loop
      vertex -2.4 51.7401 5.48052
      vertex -2.4 49.7037 6.1807
      vertex -2.4 51.7401 6.1807
    endloop
  endfacet
  facet normal -1 0 0
    outer loop
      vertex -2.4 49.6491 5.48052
      vertex -2.4 49.7037 6.1807
      vertex -2.4 51.7401 5.48052
    endloop
  endfacet
  facet normal -1 0 0
    outer loop
      vertex -2.4 49.6491 5.48052
      vertex -2.4 49.5769 6.18593
      vertex -2.4 49.7037 6.1807
    endloop
  endfacet
  facet normal -1 0 0
    outer loop
      vertex -2.4 49.4483 5.49071
      vertex -2.4 49.5769 6.18593
      vertex -2.4 49.6491 5.48052
    endloop
  endfacet
  facet normal -1 -0 0
    outer loop
      vertex -2.4 49.5769 6.18593
      vertex -2.4 49.4483 5.49071
      vertex -2.4 49.4607 6.20166
    endloop
  endfacet
  facet normal -1 0 0
    outer loop
      vertex -2.4 49.2636 5.52126
      vertex -2.4 49.4607 6.20166
      vertex -2.4 49.4483 5.49071
    endloop
  endfacet
  facet normal -1 -0 0
    outer loop
      vertex -2.4 49.4607 6.20166
      vertex -2.4 49.2636 5.52126
      vertex -2.4 49.3551 6.22786
    endloop
  endfacet
  facet normal -1 0 0
    outer loop
      vertex -2.4 49.0949 5.57219
      vertex -2.4 49.3551 6.22786
      vertex -2.4 49.2636 5.52126
    endloop
  endfacet
  facet normal -1 -0 0
    outer loop
      vertex -2.4 49.3551 6.22786
      vertex -2.4 49.0949 5.57219
      vertex -2.4 49.2601 6.26455
    endloop
  endfacet
  facet normal -1 0 0
    outer loop
      vertex -2.4 48.9424 5.6435
      vertex -2.4 49.2601 6.26455
      vertex -2.4 49.0949 5.57219
    endloop
  endfacet
  facet normal -1 0 0
    outer loop
      vertex -2.4 48.8059 5.73517
      vertex -2.4 49.2601 6.26455
      vertex -2.4 48.9424 5.6435
    endloop
  endfacet
  facet normal -1 -0 0
    outer loop
      vertex -2.4 49.2601 6.26455
      vertex -2.4 48.8059 5.73517
      vertex -2.4 49.1758 6.31173
    endloop
  endfacet
  facet normal -1 0 0
    outer loop
      vertex -2.4 48.6855 5.84722
      vertex -2.4 49.1758 6.31173
      vertex -2.4 48.8059 5.73517
    endloop
  endfacet
  facet normal -1 -0 0
    outer loop
      vertex -2.4 49.1758 6.31173
      vertex -2.4 48.6855 5.84722
      vertex -2.4 49.102 6.36937
    endloop
  endfacet
  facet normal -1 0 0
    outer loop
      vertex -2.4 48.5825 5.97844
      vertex -2.4 49.102 6.36937
      vertex -2.4 48.6855 5.84722
    endloop
  endfacet
  facet normal -1 -0 0
    outer loop
      vertex -2.4 49.102 6.36937
      vertex -2.4 48.5825 5.97844
      vertex -2.4 49.0393 6.43718
    endloop
  endfacet
  facet normal -1 0 0
    outer loop
      vertex -2.4 48.4983 6.12767
      vertex -2.4 49.0393 6.43718
      vertex -2.4 48.5825 5.97844
    endloop
  endfacet
  facet normal -1 -0 0
    outer loop
      vertex -2.4 49.0393 6.43718
      vertex -2.4 48.4983 6.12767
      vertex -2.4 48.988 6.51482
    endloop
  endfacet
  facet normal -1 0 0
    outer loop
      vertex -2.4 48.4327 6.2949
      vertex -2.4 48.988 6.51482
      vertex -2.4 48.4983 6.12767
    endloop
  endfacet
  facet normal -1 -0 0
    outer loop
      vertex -2.4 48.988 6.51482
      vertex -2.4 48.4327 6.2949
      vertex -2.4 48.948 6.60227
    endloop
  endfacet
  facet normal -1 0 -0
    outer loop
      vertex -2.4 48.3582 7.13305
      vertex -2.4 48.8967 6.92357
      vertex -2.4 48.3485 6.90456
    endloop
  endfacet
  facet normal -1 0 0
    outer loop
      vertex -2.4 48.3859 6.48012
      vertex -2.4 48.948 6.60227
      vertex -2.4 48.4327 6.2949
    endloop
  endfacet
  facet normal -1 0 -0
    outer loop
      vertex -2.4 48.3874 7.34378
      vertex -2.4 48.8967 6.92357
      vertex -2.4 48.3582 7.13305
    endloop
  endfacet
  facet normal -1 -0 0
    outer loop
      vertex -2.4 48.948 6.60227
      vertex -2.4 48.3859 6.48012
      vertex -2.4 48.9195 6.69954
    endloop
  endfacet
  facet normal -1 0 -0
    outer loop
      vertex -2.4 48.436 7.53679
      vertex -2.4 48.8967 6.92357
      vertex -2.4 48.3874 7.34378
    endloop
  endfacet
  facet normal -1 0 0
    outer loop
      vertex -2.4 48.3578 6.68334
      vertex -2.4 48.9195 6.69954
      vertex -2.4 48.3859 6.48012
    endloop
  endfacet
  facet normal -1 0 -0
    outer loop
      vertex -2.4 48.5041 7.71207
      vertex -2.4 48.8967 6.92357
      vertex -2.4 48.436 7.53679
    endloop
  endfacet
  facet normal -1 -0 0
    outer loop
      vertex -2.4 48.9195 6.69954
      vertex -2.4 48.3578 6.68334
      vertex -2.4 48.9024 6.80664
    endloop
  endfacet
  facet normal -1 0 0
    outer loop
      vertex -2.4 48.8967 6.92357
      vertex -2.4 48.5916 7.8696
      vertex -2.4 48.6985 8.0094
    endloop
  endfacet
  facet normal -1 0 0
    outer loop
      vertex -2.4 48.3485 6.90456
      vertex -2.4 48.9024 6.80664
      vertex -2.4 48.3578 6.68334
    endloop
  endfacet
  facet normal -1 0 0
    outer loop
      vertex -2.4 48.8967 6.92357
      vertex -2.4 48.5041 7.71207
      vertex -2.4 48.5916 7.8696
    endloop
  endfacet
  facet normal -1 0 0
    outer loop
      vertex -2.4 48.9024 6.80664
      vertex -2.4 48.3485 6.90456
      vertex -2.4 48.8967 6.92357
    endloop
  endfacet
  facet normal -1 0 0
    outer loop
      vertex -2.4 48.8967 6.92357
      vertex -2.4 48.6985 8.0094
      vertex -2.4 48.8232 8.12943
    endloop
  endfacet
  facet normal -1 0 0
    outer loop
      vertex -2.4 49.7274 7.70203
      vertex -2.4 51.7401 8.40221
      vertex -2.4 51.7401 7.70203
    endloop
  endfacet
  facet normal -1 0 0
    outer loop
      vertex -2.4 49.7274 7.70203
      vertex -2.4 49.6847 8.40221
      vertex -2.4 51.7401 8.40221
    endloop
  endfacet
  facet normal -1 0 0
    outer loop
      vertex -2.4 49.5989 7.69643
      vertex -2.4 49.6847 8.40221
      vertex -2.4 49.7274 7.70203
    endloop
  endfacet
  facet normal -1 0 0
    outer loop
      vertex -2.4 49.4806 8.3913
      vertex -2.4 49.5989 7.69643
      vertex -2.4 49.4807 7.67962
    endloop
  endfacet
  facet normal -1 0 0
    outer loop
      vertex -2.4 49.5989 7.69643
      vertex -2.4 49.4806 8.3913
      vertex -2.4 49.6847 8.40221
    endloop
  endfacet
  facet normal -1 0 0
    outer loop
      vertex -2.4 49.2924 8.35857
      vertex -2.4 49.4807 7.67962
      vertex -2.4 49.3729 7.6516
    endloop
  endfacet
  facet normal -1 0 0
    outer loop
      vertex -2.4 49.4807 7.67962
      vertex -2.4 49.2924 8.35857
      vertex -2.4 49.4806 8.3913
    endloop
  endfacet
  facet normal -1 0 0
    outer loop
      vertex -2.4 49.1201 8.304
      vertex -2.4 49.3729 7.6516
      vertex -2.4 49.2754 7.61237
    endloop
  endfacet
  facet normal -1 0 0
    outer loop
      vertex -2.4 48.8232 8.12943
      vertex -2.4 49.2754 7.61237
      vertex -2.4 49.1883 7.56194
    endloop
  endfacet
  facet normal -1 0 0
    outer loop
      vertex -2.4 49.3729 7.6516
      vertex -2.4 49.1201 8.304
      vertex -2.4 49.2924 8.35857
    endloop
  endfacet
  facet normal -1 0 0
    outer loop
      vertex -2.4 48.8232 8.12943
      vertex -2.4 49.1883 7.56194
      vertex -2.4 49.1115 7.50029
    endloop
  endfacet
  facet normal -1 0 0
    outer loop
      vertex -2.4 48.8232 8.12943
      vertex -2.4 49.1115 7.50029
      vertex -2.4 49.0459 7.42824
    endloop
  endfacet
  facet normal -1 0 0
    outer loop
      vertex -2.4 48.8232 8.12943
      vertex -2.4 49.0459 7.42824
      vertex -2.4 48.9922 7.34656
    endloop
  endfacet
  facet normal -1 0 0
    outer loop
      vertex -2.4 49.2754 7.61237
      vertex -2.4 48.9637 8.22763
      vertex -2.4 49.1201 8.304
    endloop
  endfacet
  facet normal -1 0 0
    outer loop
      vertex -2.4 48.8232 8.12943
      vertex -2.4 48.9922 7.34656
      vertex -2.4 48.9504 7.25524
    endloop
  endfacet
  facet normal -1 0 0
    outer loop
      vertex -2.4 48.8232 8.12943
      vertex -2.4 48.9504 7.25524
      vertex -2.4 48.9206 7.15432
    endloop
  endfacet
  facet normal -1 0 0
    outer loop
      vertex -2.4 48.8232 8.12943
      vertex -2.4 48.9206 7.15432
      vertex -2.4 48.9027 7.04375
    endloop
  endfacet
  facet normal -1 0 0
    outer loop
      vertex -2.4 49.2754 7.61237
      vertex -2.4 48.8232 8.12943
      vertex -2.4 48.9637 8.22763
    endloop
  endfacet
  facet normal -1 0 0
    outer loop
      vertex -2.4 48.8232 8.12943
      vertex -2.4 48.9027 7.04375
      vertex -2.4 48.8967 6.92357
    endloop
  endfacet
  facet normal -1 0 0
    outer loop
      vertex -2.4 51.2203 12.8085
      vertex -2.4 51.7401 13.6392
      vertex -2.4 51.7401 12.1083
    endloop
  endfacet
  facet normal -1 0 0
    outer loop
      vertex -2.4 51.2203 13.606
      vertex -2.4 51.7401 13.6392
      vertex -2.4 51.2203 12.8085
    endloop
  endfacet
  facet normal -1 0 0
    outer loop
      vertex -2.4 51.2177 13.6962
      vertex -2.4 51.7401 13.6392
      vertex -2.4 51.2203 13.606
    endloop
  endfacet
  facet normal -1 0 0
    outer loop
      vertex -2.4 51.7401 13.6392
      vertex -2.4 51.2177 13.6962
      vertex -2.4 51.7342 13.835
    endloop
  endfacet
  facet normal -1 0 0
    outer loop
      vertex -2.4 51.1966 13.8537
      vertex -2.4 51.7342 13.835
      vertex -2.4 51.2098 13.7788
    endloop
  endfacet
  facet normal -1 0 0
    outer loop
      vertex -2.4 51.7342 13.835
      vertex -2.4 51.1966 13.8537
      vertex -2.4 51.7165 14.0143
    endloop
  endfacet
  facet normal -1 0 0
    outer loop
      vertex -2.4 51.1781 13.9208
      vertex -2.4 51.7165 14.0143
      vertex -2.4 51.1966 13.8537
    endloop
  endfacet
  facet normal -1 -0 0
    outer loop
      vertex -2.4 51.7165 14.0143
      vertex -2.4 51.1781 13.9208
      vertex -2.4 51.687 14.1771
    endloop
  endfacet
  facet normal -1 0 0
    outer loop
      vertex -2.4 51.1254 14.032
      vertex -2.4 51.687 14.1771
      vertex -2.4 51.1544 13.9803
    endloop
  endfacet
  facet normal -1 0 0
    outer loop
      vertex -2.4 51.2098 13.7788
      vertex -2.4 51.7342 13.835
      vertex -2.4 51.2177 13.6962
    endloop
  endfacet
  facet normal -1 0 0
    outer loop
      vertex -2.4 51.7401 12.1083
      vertex -2.4 50.392 12.8085
      vertex -2.4 51.2203 12.8085
    endloop
  endfacet
  facet normal -1 0 0
    outer loop
      vertex -2.4 49.8746 12.8085
      vertex -2.4 50.392 13.6107
      vertex -2.4 50.392 12.8085
    endloop
  endfacet
  facet normal -1 0 -0
    outer loop
      vertex -2.4 50.1811 14.3451
      vertex -2.4 50.392 13.6107
      vertex -2.4 50.1546 14.2421
    endloop
  endfacet
  facet normal -1 0 -0
    outer loop
      vertex -2.4 50.2146 14.4389
      vertex -2.4 50.392 13.6107
      vertex -2.4 50.1811 14.3451
    endloop
  endfacet
  facet normal -1 0 0
    outer loop
      vertex -2.4 50.392 13.6107
      vertex -2.4 50.2146 14.4389
      vertex -2.4 50.3575 14.6655
    endloop
  endfacet
  facet normal -1 0 -0
    outer loop
      vertex -2.4 50.2552 14.5236
      vertex -2.4 50.3575 14.6655
      vertex -2.4 50.2146 14.4389
    endloop
  endfacet
  facet normal -1 0 0
    outer loop
      vertex -2.4 50.3575 14.6655
      vertex -2.4 50.2552 14.5236
      vertex -2.4 50.3029 14.5991
    endloop
  endfacet
  facet normal -1 0 0
    outer loop
      vertex -2.4 49.7571 14.2017
      vertex -2.4 50.1344 14.372
      vertex -2.4 50.1546 14.2421
    endloop
  endfacet
  facet normal -1 0 0
    outer loop
      vertex -2.4 49.8615 13.9021
      vertex -2.4 50.392 13.6107
      vertex -2.4 49.8746 13.6962
    endloop
  endfacet
  facet normal -1 0 0
    outer loop
      vertex -2.4 50.392 13.6107
      vertex -2.4 49.8615 13.9021
      vertex -2.4 50.1546 14.2421
    endloop
  endfacet
  facet normal -1 0 0
    outer loop
      vertex -2.4 49.7571 14.2017
      vertex -2.4 50.1546 14.2421
      vertex -2.4 49.8224 14.0706
    endloop
  endfacet
  facet normal -1 -0 0
    outer loop
      vertex -2.4 50.1344 14.372
      vertex -2.4 49.7571 14.2017
      vertex -2.4 50.1052 14.4911
    endloop
  endfacet
  facet normal -1 0 0
    outer loop
      vertex -2.4 49.6657 14.2953
      vertex -2.4 50.1052 14.4911
      vertex -2.4 49.7571 14.2017
    endloop
  endfacet
  facet normal -1 -0 0
    outer loop
      vertex -2.4 50.392 13.6107
      vertex -2.4 49.8746 12.8085
      vertex -2.4 49.8746 13.6962
    endloop
  endfacet
  facet normal -1 0 0
    outer loop
      vertex -2.4 51.7401 12.1083
      vertex -2.4 49.8746 12.8085
      vertex -2.4 50.392 12.8085
    endloop
  endfacet
  facet normal -1 0 0
    outer loop
      vertex -2.4 48.396 12.1083
      vertex -2.4 49.8746 12.8085
      vertex -2.4 51.7401 12.1083
    endloop
  endfacet
  facet normal -1 0 0
    outer loop
      vertex -2.4 48.396 13.7816
      vertex -2.4 48.9157 13.7223
      vertex -2.4 48.9157 12.8085
    endloop
  endfacet
  facet normal -1 0 -0
    outer loop
      vertex -2.4 48.4582 14.3227
      vertex -2.4 48.9157 13.7223
      vertex -2.4 48.4236 14.1571
    endloop
  endfacet
  facet normal -1 0 -0
    outer loop
      vertex -2.4 48.5067 14.4736
      vertex -2.4 48.9157 13.7223
      vertex -2.4 48.4582 14.3227
    endloop
  endfacet
  facet normal -1 0 -0
    outer loop
      vertex -2.4 48.569 14.6097
      vertex -2.4 48.9157 13.7223
      vertex -2.4 48.5067 14.4736
    endloop
  endfacet
  facet normal -1 0 -0
    outer loop
      vertex -2.4 48.734 14.8354
      vertex -2.4 48.9157 13.7223
      vertex -2.4 48.6451 14.731
    endloop
  endfacet
  facet normal -1 0 0
    outer loop
      vertex -2.4 48.9157 13.7223
      vertex -2.4 48.734 14.8354
      vertex -2.4 48.8342 14.9208
    endloop
  endfacet
  facet normal -1 0 -0
    outer loop
      vertex -2.4 48.6451 14.731
      vertex -2.4 48.9157 13.7223
      vertex -2.4 48.569 14.6097
    endloop
  endfacet
  facet normal -1 0 0
    outer loop
      vertex -2.4 48.9157 13.7223
      vertex -2.4 48.4029 13.9767
      vertex -2.4 48.4236 14.1571
    endloop
  endfacet
  facet normal -1 -0 0
    outer loop
      vertex -2.4 49.8746 12.8085
      vertex -2.4 48.396 12.1083
      vertex -2.4 48.9157 12.8085
    endloop
  endfacet
  facet normal -1 0 0
    outer loop
      vertex -2.4 48.396 13.7816
      vertex -2.4 48.9157 12.8085
      vertex -2.4 48.396 12.1083
    endloop
  endfacet
  facet normal -1 0 0
    outer loop
      vertex -2.4 48.9157 13.7223
      vertex -2.4 48.396 13.7816
      vertex -2.4 48.4029 13.9767
    endloop
  endfacet
  facet normal -1 0 0
    outer loop
      vertex -2.4 51.1544 13.9803
      vertex -2.4 51.687 14.1771
      vertex -2.4 51.1781 13.9208
    endloop
  endfacet
  facet normal -1 -0 0
    outer loop
      vertex -2.4 51.687 14.1771
      vertex -2.4 51.1254 14.032
      vertex -2.4 51.6457 14.3233
    endloop
  endfacet
  facet normal -1 0 0
    outer loop
      vertex -2.4 51.0901 14.0759
      vertex -2.4 51.6457 14.3233
      vertex -2.4 51.1254 14.032
    endloop
  endfacet
  facet normal -1 -0 0
    outer loop
      vertex -2.4 51.6457 14.3233
      vertex -2.4 51.0901 14.0759
      vertex -2.4 51.5926 14.4529
    endloop
  endfacet
  facet normal -1 0 0
    outer loop
      vertex -2.4 51.0476 14.1118
      vertex -2.4 51.5926 14.4529
      vertex -2.4 51.0901 14.0759
    endloop
  endfacet
  facet normal -1 -0 0
    outer loop
      vertex -2.4 51.5926 14.4529
      vertex -2.4 51.0476 14.1118
      vertex -2.4 51.5277 14.566
    endloop
  endfacet
  facet normal -1 -0 0
    outer loop
      vertex -2.4 51.5277 14.566
      vertex -2.4 51.0476 14.1118
      vertex -2.4 51.4512 14.6621
    endloop
  endfacet
  facet normal -1 0 0
    outer loop
      vertex -2.4 50.9978 14.1397
      vertex -2.4 51.4512 14.6621
      vertex -2.4 51.0476 14.1118
    endloop
  endfacet
  facet normal -1 -0 0
    outer loop
      vertex -2.4 51.4512 14.6621
      vertex -2.4 50.9978 14.1397
      vertex -2.4 51.3635 14.7407
    endloop
  endfacet
  facet normal -1 -0 0
    outer loop
      vertex -2.4 51.3635 14.7407
      vertex -2.4 50.9978 14.1397
      vertex -2.4 51.2645 14.8019
    endloop
  endfacet
  facet normal -1 0 0
    outer loop
      vertex -2.4 50.9408 14.1596
      vertex -2.4 51.2645 14.8019
      vertex -2.4 50.9978 14.1397
    endloop
  endfacet
  facet normal -1 -0 0
    outer loop
      vertex -2.4 51.2645 14.8019
      vertex -2.4 50.9408 14.1596
      vertex -2.4 51.1543 14.8455
    endloop
  endfacet
  facet normal -1 -0 0
    outer loop
      vertex -2.4 51.1543 14.8455
      vertex -2.4 50.9408 14.1596
      vertex -2.4 51.0327 14.8718
    endloop
  endfacet
  facet normal -1 0 0
    outer loop
      vertex -2.4 50.8765 14.1716
      vertex -2.4 51.0327 14.8718
      vertex -2.4 50.9408 14.1596
    endloop
  endfacet
  facet normal -1 -0 0
    outer loop
      vertex -2.4 51.0327 14.8718
      vertex -2.4 50.8765 14.1716
      vertex -2.4 50.8999 14.8805
    endloop
  endfacet
  facet normal -1 0 0
    outer loop
      vertex -2.4 50.8765 14.1716
      vertex -2.4 50.8074 14.8761
      vertex -2.4 50.8999 14.8805
    endloop
  endfacet
  facet normal -1 0 0
    outer loop
      vertex -2.4 50.805 14.1756
      vertex -2.4 50.8074 14.8761
      vertex -2.4 50.8765 14.1716
    endloop
  endfacet
  facet normal -1 0 0
    outer loop
      vertex -2.4 50.6373 14.841
      vertex -2.4 50.805 14.1756
      vertex -2.4 50.739 14.1719
    endloop
  endfacet
  facet normal -1 0 0
    outer loop
      vertex -2.4 50.805 14.1756
      vertex -2.4 50.7199 14.8629
      vertex -2.4 50.8074 14.8761
    endloop
  endfacet
  facet normal -1 0 0
    outer loop
      vertex -2.4 50.487 14.7709
      vertex -2.4 50.739 14.1719
      vertex -2.4 50.6788 14.1607
    endloop
  endfacet
  facet normal -1 0 0
    outer loop
      vertex -2.4 50.805 14.1756
      vertex -2.4 50.6373 14.841
      vertex -2.4 50.7199 14.8629
    endloop
  endfacet
  facet normal -1 0 0
    outer loop
      vertex -2.4 50.3575 14.6655
      vertex -2.4 50.6788 14.1607
      vertex -2.4 50.6243 14.1421
    endloop
  endfacet
  facet normal -1 0 0
    outer loop
      vertex -2.4 50.3575 14.6655
      vertex -2.4 50.6243 14.1421
      vertex -2.4 50.5755 14.116
    endloop
  endfacet
  facet normal -1 0 0
    outer loop
      vertex -2.4 50.739 14.1719
      vertex -2.4 50.5597 14.8103
      vertex -2.4 50.6373 14.841
    endloop
  endfacet
  facet normal -1 0 0
    outer loop
      vertex -2.4 50.3575 14.6655
      vertex -2.4 50.5755 14.116
      vertex -2.4 50.5325 14.0824
    endloop
  endfacet
  facet normal -1 0 0
    outer loop
      vertex -2.4 50.3575 14.6655
      vertex -2.4 50.5325 14.0824
      vertex -2.4 50.4952 14.0415
    endloop
  endfacet
  facet normal -1 0 0
    outer loop
      vertex -2.4 50.739 14.1719
      vertex -2.4 50.487 14.7709
      vertex -2.4 50.5597 14.8103
    endloop
  endfacet
  facet normal -1 0 0
    outer loop
      vertex -2.4 50.3575 14.6655
      vertex -2.4 50.4952 14.0415
      vertex -2.4 50.4637 13.9923
    endloop
  endfacet
  facet normal -1 0 0
    outer loop
      vertex -2.4 50.3575 14.6655
      vertex -2.4 50.4637 13.9923
      vertex -2.4 50.4379 13.934
    endloop
  endfacet
  facet normal -1 0 0
    outer loop
      vertex -2.4 50.6788 14.1607
      vertex -2.4 50.4193 14.7226
      vertex -2.4 50.487 14.7709
    endloop
  endfacet
  facet normal -1 0 0
    outer loop
      vertex -2.4 50.3575 14.6655
      vertex -2.4 50.4379 13.934
      vertex -2.4 50.4178 13.8667
    endloop
  endfacet
  facet normal -1 0 0
    outer loop
      vertex -2.4 50.3575 14.6655
      vertex -2.4 50.4178 13.8667
      vertex -2.4 50.4035 13.7904
    endloop
  endfacet
  facet normal -1 0 0
    outer loop
      vertex -2.4 50.3575 14.6655
      vertex -2.4 50.4035 13.7904
      vertex -2.4 50.3949 13.7051
    endloop
  endfacet
  facet normal -1 0 0
    outer loop
      vertex -2.4 50.3575 14.6655
      vertex -2.4 50.3949 13.7051
      vertex -2.4 50.392 13.6107
    endloop
  endfacet
  facet normal -1 0 0
    outer loop
      vertex -2.4 50.6788 14.1607
      vertex -2.4 50.3575 14.6655
      vertex -2.4 50.4193 14.7226
    endloop
  endfacet
  facet normal -1 0 0
    outer loop
      vertex -2.4 49.8224 14.0706
      vertex -2.4 50.1546 14.2421
      vertex -2.4 49.8615 13.9021
    endloop
  endfacet
  facet normal -1 -0 0
    outer loop
      vertex -2.4 50.1052 14.4911
      vertex -2.4 49.6657 14.2953
      vertex -2.4 50.0671 14.5996
    endloop
  endfacet
  facet normal -1 -0 0
    outer loop
      vertex -2.4 50.0671 14.5996
      vertex -2.4 49.6657 14.2953
      vertex -2.4 50.0202 14.6972
    endloop
  endfacet
  facet normal -1 -0 0
    outer loop
      vertex -2.4 50.0202 14.6972
      vertex -2.4 49.6657 14.2953
      vertex -2.4 49.9643 14.7842
    endloop
  endfacet
  facet normal -1 0 0
    outer loop
      vertex -2.4 49.5482 14.3515
      vertex -2.4 49.9643 14.7842
      vertex -2.4 49.6657 14.2953
    endloop
  endfacet
  facet normal -1 -0 0
    outer loop
      vertex -2.4 49.9643 14.7842
      vertex -2.4 49.5482 14.3515
      vertex -2.4 49.8995 14.8603
    endloop
  endfacet
  facet normal -1 -0 0
    outer loop
      vertex -2.4 49.8995 14.8603
      vertex -2.4 49.5482 14.3515
      vertex -2.4 49.8266 14.9252
    endloop
  endfacet
  facet normal -1 -0 0
    outer loop
      vertex -2.4 49.8266 14.9252
      vertex -2.4 49.5482 14.3515
      vertex -2.4 49.7462 14.9783
    endloop
  endfacet
  facet normal -1 -0 0
    outer loop
      vertex -2.4 49.7462 14.9783
      vertex -2.4 49.5482 14.3515
      vertex -2.4 49.6583 15.0196
    endloop
  endfacet
  facet normal -1 0 0
    outer loop
      vertex -2.4 49.4046 14.3702
      vertex -2.4 49.6583 15.0196
      vertex -2.4 49.5482 14.3515
    endloop
  endfacet
  facet normal -1 -0 0
    outer loop
      vertex -2.4 49.6583 15.0196
      vertex -2.4 49.4046 14.3702
      vertex -2.4 49.563 15.0491
    endloop
  endfacet
  facet normal -1 -0 0
    outer loop
      vertex -2.4 49.563 15.0491
      vertex -2.4 49.4046 14.3702
      vertex -2.4 49.4603 15.0668
    endloop
  endfacet
  facet normal -1 0 0
    outer loop
      vertex -2.4 49.4046 14.3702
      vertex -2.4 49.3501 15.0727
      vertex -2.4 49.4603 15.0668
    endloop
  endfacet
  facet normal -1 0 0
    outer loop
      vertex -2.4 49.3266 14.3659
      vertex -2.4 49.3501 15.0727
      vertex -2.4 49.4046 14.3702
    endloop
  endfacet
  facet normal -1 0 0
    outer loop
      vertex -2.4 49.2039 15.0633
      vertex -2.4 49.3266 14.3659
      vertex -2.4 49.2553 14.353
    endloop
  endfacet
  facet normal -1 0 0
    outer loop
      vertex -2.4 49.3266 14.3659
      vertex -2.4 49.2039 15.0633
      vertex -2.4 49.3501 15.0727
    endloop
  endfacet
  facet normal -1 0 0
    outer loop
      vertex -2.4 48.946 14.9873
      vertex -2.4 49.2553 14.353
      vertex -2.4 49.1908 14.3313
    endloop
  endfacet
  facet normal -1 0 0
    outer loop
      vertex -2.4 48.8342 14.9208
      vertex -2.4 49.1908 14.3313
      vertex -2.4 49.133 14.3011
    endloop
  endfacet
  facet normal -1 0 0
    outer loop
      vertex -2.4 48.8342 14.9208
      vertex -2.4 49.133 14.3011
      vertex -2.4 49.0821 14.2623
    endloop
  endfacet
  facet normal -1 0 0
    outer loop
      vertex -2.4 49.2553 14.353
      vertex -2.4 49.0692 15.0348
      vertex -2.4 49.2039 15.0633
    endloop
  endfacet
  facet normal -1 0 0
    outer loop
      vertex -2.4 48.8342 14.9208
      vertex -2.4 49.0821 14.2623
      vertex -2.4 49.0379 14.2148
    endloop
  endfacet
  facet normal -1 0 0
    outer loop
      vertex -2.4 48.8342 14.9208
      vertex -2.4 49.0379 14.2148
      vertex -2.4 49.0006 14.1579
    endloop
  endfacet
  facet normal -1 0 0
    outer loop
      vertex -2.4 48.8342 14.9208
      vertex -2.4 49.0006 14.1579
      vertex -2.4 48.97 14.0909
    endloop
  endfacet
  facet normal -1 0 0
    outer loop
      vertex -2.4 48.8342 14.9208
      vertex -2.4 48.97 14.0909
      vertex -2.4 48.9463 14.0139
    endloop
  endfacet
  facet normal -1 0 0
    outer loop
      vertex -2.4 49.2553 14.353
      vertex -2.4 48.946 14.9873
      vertex -2.4 49.0692 15.0348
    endloop
  endfacet
  facet normal -1 0 0
    outer loop
      vertex -2.4 48.8342 14.9208
      vertex -2.4 48.9463 14.0139
      vertex -2.4 48.9293 13.9268
    endloop
  endfacet
  facet normal -1 0 0
    outer loop
      vertex -2.4 48.8342 14.9208
      vertex -2.4 48.9293 13.9268
      vertex -2.4 48.9191 13.8296
    endloop
  endfacet
  facet normal -1 0 0
    outer loop
      vertex -2.4 48.8342 14.9208
      vertex -2.4 48.9191 13.8296
      vertex -2.4 48.9157 13.7223
    endloop
  endfacet
  facet normal -1 0 0
    outer loop
      vertex -2.4 49.1908 14.3313
      vertex -2.4 48.8342 14.9208
      vertex -2.4 48.946 14.9873
    endloop
  endfacet
  facet normal 0 0.994529 -0.104459
    outer loop
      vertex -2.4 48.3557 10.461
      vertex -3 48.3774 10.6676
      vertex -2.4 48.3774 10.6676
    endloop
  endfacet
  facet normal 0 0.994529 -0.104459
    outer loop
      vertex -3 48.3774 10.6676
      vertex -2.4 48.3557 10.461
      vertex -3 48.3557 10.461
    endloop
  endfacet
  facet normal 0 0.982003 -0.188867
    outer loop
      vertex -2.4 48.3774 10.6676
      vertex -3 48.4135 10.8553
      vertex -2.4 48.4135 10.8553
    endloop
  endfacet
  facet normal 0 0.982003 -0.188867
    outer loop
      vertex -3 48.4135 10.8553
      vertex -2.4 48.3774 10.6676
      vertex -3 48.3774 10.6676
    endloop
  endfacet
  facet normal 0 0.957998 -0.286775
    outer loop
      vertex -2.4 48.4135 10.8553
      vertex -3 48.464 11.024
      vertex -2.4 48.464 11.024
    endloop
  endfacet
  facet normal 0 0.957998 -0.286775
    outer loop
      vertex -3 48.464 11.024
      vertex -2.4 48.4135 10.8553
      vertex -3 48.4135 10.8553
    endloop
  endfacet
  facet normal 0 0.917585 -0.397539
    outer loop
      vertex -2.4 48.464 11.024
      vertex -3 48.5289 11.1738
      vertex -2.4 48.5289 11.1738
    endloop
  endfacet
  facet normal 0 0.917585 -0.397539
    outer loop
      vertex -3 48.5289 11.1738
      vertex -2.4 48.464 11.024
      vertex -3 48.464 11.024
    endloop
  endfacet
  facet normal 0 0.854715 -0.519097
    outer loop
      vertex -2.4 48.5289 11.1738
      vertex -3 48.6084 11.3047
      vertex -2.4 48.6084 11.3047
    endloop
  endfacet
  facet normal 0 0.854715 -0.519097
    outer loop
      vertex -3 48.6084 11.3047
      vertex -2.4 48.5289 11.1738
      vertex -3 48.5289 11.1738
    endloop
  endfacet
  facet normal 0 0.767373 -0.641201
    outer loop
      vertex -2.4 48.6084 11.3047
      vertex -3 48.7014 11.416
      vertex -2.4 48.7014 11.416
    endloop
  endfacet
  facet normal 0 0.767373 -0.641201
    outer loop
      vertex -3 48.7014 11.416
      vertex -2.4 48.6084 11.3047
      vertex -3 48.6084 11.3047
    endloop
  endfacet
  facet normal 0 0.652146 -0.758093
    outer loop
      vertex -3 48.7014 11.416
      vertex -2.4 48.8073 11.5071
      vertex -2.4 48.7014 11.416
    endloop
  endfacet
  facet normal 0 0.652146 -0.758093
    outer loop
      vertex -2.4 48.8073 11.5071
      vertex -3 48.7014 11.416
      vertex -3 48.8073 11.5071
    endloop
  endfacet
  facet normal 0 0.512475 -0.858702
    outer loop
      vertex -3 48.8073 11.5071
      vertex -2.4 48.9261 11.578
      vertex -2.4 48.8073 11.5071
    endloop
  endfacet
  facet normal 0 0.512475 -0.858702
    outer loop
      vertex -2.4 48.9261 11.578
      vertex -3 48.8073 11.5071
      vertex -3 48.9261 11.578
    endloop
  endfacet
  facet normal 0 0.358884 -0.933382
    outer loop
      vertex -3 48.9261 11.578
      vertex -2.4 49.0577 11.6286
      vertex -2.4 48.9261 11.578
    endloop
  endfacet
  facet normal 0 0.358884 -0.933382
    outer loop
      vertex -2.4 49.0577 11.6286
      vertex -3 48.9261 11.578
      vertex -3 49.0577 11.6286
    endloop
  endfacet
  facet normal 0 0.205874 -0.978579
    outer loop
      vertex -3 49.0577 11.6286
      vertex -2.4 49.2022 11.659
      vertex -2.4 49.0577 11.6286
    endloop
  endfacet
  facet normal 0 0.205874 -0.978579
    outer loop
      vertex -2.4 49.2022 11.659
      vertex -3 49.0577 11.6286
      vertex -3 49.2022 11.659
    endloop
  endfacet
  facet normal 0 0.064036 -0.997948
    outer loop
      vertex -3 49.2022 11.659
      vertex -2.4 49.3596 11.6691
      vertex -2.4 49.2022 11.659
    endloop
  endfacet
  facet normal 0 0.064036 -0.997948
    outer loop
      vertex -2.4 49.3596 11.6691
      vertex -3 49.2022 11.659
      vertex -3 49.3596 11.6691
    endloop
  endfacet
  facet normal 0 -0.0263838 -0.999652
    outer loop
      vertex -3 49.3596 11.6691
      vertex -2.4 49.4278 11.6673
      vertex -2.4 49.3596 11.6691
    endloop
  endfacet
  facet normal -0 -0.0263838 -0.999652
    outer loop
      vertex -2.4 49.4278 11.6673
      vertex -3 49.3596 11.6691
      vertex -3 49.4278 11.6673
    endloop
  endfacet
  facet normal 0 -0.0820396 -0.996629
    outer loop
      vertex -3 49.4278 11.6673
      vertex -2.4 49.4934 11.6619
      vertex -2.4 49.4278 11.6673
    endloop
  endfacet
  facet normal -0 -0.0820396 -0.996629
    outer loop
      vertex -2.4 49.4934 11.6619
      vertex -3 49.4278 11.6673
      vertex -3 49.4934 11.6619
    endloop
  endfacet
  facet normal 0 -0.140318 -0.990107
    outer loop
      vertex -3 49.4934 11.6619
      vertex -2.4 49.5562 11.653
      vertex -2.4 49.4934 11.6619
    endloop
  endfacet
  facet normal -0 -0.140318 -0.990107
    outer loop
      vertex -2.4 49.5562 11.653
      vertex -3 49.4934 11.6619
      vertex -3 49.5562 11.653
    endloop
  endfacet
  facet normal 0 -0.201745 -0.979438
    outer loop
      vertex -3 49.5562 11.653
      vertex -2.4 49.6164 11.6406
      vertex -2.4 49.5562 11.653
    endloop
  endfacet
  facet normal -0 -0.201745 -0.979438
    outer loop
      vertex -2.4 49.6164 11.6406
      vertex -3 49.5562 11.653
      vertex -3 49.6164 11.6406
    endloop
  endfacet
  facet normal 0 -0.268076 -0.963398
    outer loop
      vertex -3 49.6164 11.6406
      vertex -2.4 49.6739 11.6246
      vertex -2.4 49.6164 11.6406
    endloop
  endfacet
  facet normal -0 -0.268076 -0.963398
    outer loop
      vertex -2.4 49.6739 11.6246
      vertex -3 49.6164 11.6406
      vertex -3 49.6739 11.6246
    endloop
  endfacet
  facet normal 0 -0.337317 -0.941391
    outer loop
      vertex -3 49.6739 11.6246
      vertex -2.4 49.7286 11.605
      vertex -2.4 49.6739 11.6246
    endloop
  endfacet
  facet normal -0 -0.337317 -0.941391
    outer loop
      vertex -2.4 49.7286 11.605
      vertex -3 49.6739 11.6246
      vertex -3 49.7286 11.605
    endloop
  endfacet
  facet normal 0 -0.403209 -0.915108
    outer loop
      vertex -3 49.7286 11.605
      vertex -2.4 49.7808 11.582
      vertex -2.4 49.7286 11.605
    endloop
  endfacet
  facet normal -0 -0.403209 -0.915108
    outer loop
      vertex -2.4 49.7808 11.582
      vertex -3 49.7286 11.605
      vertex -3 49.7808 11.582
    endloop
  endfacet
  facet normal 0 -0.465673 -0.884957
    outer loop
      vertex -3 49.7808 11.582
      vertex -2.4 49.8304 11.5559
      vertex -2.4 49.7808 11.582
    endloop
  endfacet
  facet normal -0 -0.465673 -0.884957
    outer loop
      vertex -2.4 49.8304 11.5559
      vertex -3 49.7808 11.582
      vertex -3 49.8304 11.5559
    endloop
  endfacet
  facet normal 0 -0.526914 -0.849919
    outer loop
      vertex -3 49.8304 11.5559
      vertex -2.4 49.8775 11.5267
      vertex -2.4 49.8304 11.5559
    endloop
  endfacet
  facet normal -0 -0.526914 -0.849919
    outer loop
      vertex -2.4 49.8775 11.5267
      vertex -3 49.8304 11.5559
      vertex -3 49.8775 11.5267
    endloop
  endfacet
  facet normal 0 -0.588064 -0.808814
    outer loop
      vertex -3 49.8775 11.5267
      vertex -2.4 49.9222 11.4942
      vertex -2.4 49.8775 11.5267
    endloop
  endfacet
  facet normal -0 -0.588064 -0.808814
    outer loop
      vertex -2.4 49.9222 11.4942
      vertex -3 49.8775 11.5267
      vertex -3 49.9222 11.4942
    endloop
  endfacet
  facet normal 0 -0.645698 -0.763593
    outer loop
      vertex -3 49.9222 11.4942
      vertex -2.4 49.9643 11.4586
      vertex -2.4 49.9222 11.4942
    endloop
  endfacet
  facet normal -0 -0.645698 -0.763593
    outer loop
      vertex -2.4 49.9643 11.4586
      vertex -3 49.9222 11.4942
      vertex -3 49.9643 11.4586
    endloop
  endfacet
  facet normal 0 -0.698954 -0.715167
    outer loop
      vertex -3 49.9643 11.4586
      vertex -2.4 50.004 11.4198
      vertex -2.4 49.9643 11.4586
    endloop
  endfacet
  facet normal -0 -0.698954 -0.715167
    outer loop
      vertex -2.4 50.004 11.4198
      vertex -3 49.9643 11.4586
      vertex -3 50.004 11.4198
    endloop
  endfacet
  facet normal 0 -0.751376 -0.659874
    outer loop
      vertex -3 50.0415 11.3771
      vertex -2.4 50.004 11.4198
      vertex -3 50.004 11.4198
    endloop
  endfacet
  facet normal 0 -0.751376 -0.659874
    outer loop
      vertex -2.4 50.004 11.4198
      vertex -3 50.0415 11.3771
      vertex -2.4 50.0415 11.3771
    endloop
  endfacet
  facet normal 0 -0.797581 -0.603212
    outer loop
      vertex -3 50.0775 11.3295
      vertex -2.4 50.0415 11.3771
      vertex -3 50.0415 11.3771
    endloop
  endfacet
  facet normal 0 -0.797581 -0.603212
    outer loop
      vertex -2.4 50.0415 11.3771
      vertex -3 50.0775 11.3295
      vertex -2.4 50.0775 11.3295
    endloop
  endfacet
  facet normal 0 -0.835956 -0.548796
    outer loop
      vertex -3 50.1119 11.2771
      vertex -2.4 50.0775 11.3295
      vertex -3 50.0775 11.3295
    endloop
  endfacet
  facet normal 0 -0.835956 -0.548796
    outer loop
      vertex -2.4 50.0775 11.3295
      vertex -3 50.1119 11.2771
      vertex -2.4 50.1119 11.2771
    endloop
  endfacet
  facet normal 0 -0.866841 -0.498585
    outer loop
      vertex -3 50.1448 11.2199
      vertex -2.4 50.1119 11.2771
      vertex -3 50.1119 11.2771
    endloop
  endfacet
  facet normal 0 -0.866841 -0.498585
    outer loop
      vertex -2.4 50.1119 11.2771
      vertex -3 50.1448 11.2199
      vertex -2.4 50.1448 11.2199
    endloop
  endfacet
  facet normal 0 -0.893272 -0.449517
    outer loop
      vertex -3 50.176 11.1579
      vertex -2.4 50.1448 11.2199
      vertex -3 50.1448 11.2199
    endloop
  endfacet
  facet normal 0 -0.893272 -0.449517
    outer loop
      vertex -2.4 50.1448 11.2199
      vertex -3 50.176 11.1579
      vertex -2.4 50.176 11.1579
    endloop
  endfacet
  facet normal 0 -0.913755 -0.406265
    outer loop
      vertex -3 50.2057 11.0911
      vertex -2.4 50.176 11.1579
      vertex -3 50.176 11.1579
    endloop
  endfacet
  facet normal 0 -0.913755 -0.406265
    outer loop
      vertex -2.4 50.176 11.1579
      vertex -3 50.2057 11.0911
      vertex -2.4 50.2057 11.0911
    endloop
  endfacet
  facet normal 0 -0.934314 -0.356451
    outer loop
      vertex -3 50.235 11.0143
      vertex -2.4 50.2057 11.0911
      vertex -3 50.2057 11.0911
    endloop
  endfacet
  facet normal 0 -0.934314 -0.356451
    outer loop
      vertex -2.4 50.2057 11.0911
      vertex -3 50.235 11.0143
      vertex -2.4 50.235 11.0143
    endloop
  endfacet
  facet normal 0 -0.950525 -0.310649
    outer loop
      vertex -3 50.2651 10.9222
      vertex -2.4 50.235 11.0143
      vertex -3 50.235 11.0143
    endloop
  endfacet
  facet normal 0 -0.950525 -0.310649
    outer loop
      vertex -2.4 50.235 11.0143
      vertex -3 50.2651 10.9222
      vertex -2.4 50.2651 10.9222
    endloop
  endfacet
  facet normal 0 -0.96047 -0.278384
    outer loop
      vertex -3 50.2962 10.8149
      vertex -2.4 50.2651 10.9222
      vertex -3 50.2651 10.9222
    endloop
  endfacet
  facet normal 0 -0.96047 -0.278384
    outer loop
      vertex -2.4 50.2651 10.9222
      vertex -3 50.2962 10.8149
      vertex -2.4 50.2962 10.8149
    endloop
  endfacet
  facet normal 0 -0.967919 -0.251264
    outer loop
      vertex -3 50.328 10.6924
      vertex -2.4 50.2962 10.8149
      vertex -3 50.2962 10.8149
    endloop
  endfacet
  facet normal 0 -0.967919 -0.251264
    outer loop
      vertex -2.4 50.2962 10.8149
      vertex -3 50.328 10.6924
      vertex -2.4 50.328 10.6924
    endloop
  endfacet
  facet normal 0 -0.972821 -0.231557
    outer loop
      vertex -3 50.3608 10.5546
      vertex -2.4 50.328 10.6924
      vertex -3 50.328 10.6924
    endloop
  endfacet
  facet normal 0 -0.972821 -0.231557
    outer loop
      vertex -2.4 50.328 10.6924
      vertex -3 50.3608 10.5546
      vertex -2.4 50.3608 10.5546
    endloop
  endfacet
  facet normal 0 -0.976725 -0.214496
    outer loop
      vertex -3 50.3944 10.4016
      vertex -2.4 50.3608 10.5546
      vertex -3 50.3608 10.5546
    endloop
  endfacet
  facet normal 0 -0.976725 -0.214496
    outer loop
      vertex -2.4 50.3608 10.5546
      vertex -3 50.3944 10.4016
      vertex -2.4 50.3944 10.4016
    endloop
  endfacet
  facet normal 0 -0.976151 -0.217092
    outer loop
      vertex -3 50.4228 10.2739
      vertex -2.4 50.3944 10.4016
      vertex -3 50.3944 10.4016
    endloop
  endfacet
  facet normal 0 -0.976151 -0.217092
    outer loop
      vertex -2.4 50.3944 10.4016
      vertex -3 50.4228 10.2739
      vertex -2.4 50.4228 10.2739
    endloop
  endfacet
  facet normal 0 -0.972778 -0.231737
    outer loop
      vertex -3 50.4496 10.1614
      vertex -2.4 50.4228 10.2739
      vertex -3 50.4228 10.2739
    endloop
  endfacet
  facet normal 0 -0.972778 -0.231737
    outer loop
      vertex -2.4 50.4228 10.2739
      vertex -3 50.4496 10.1614
      vertex -2.4 50.4496 10.1614
    endloop
  endfacet
  facet normal 0 -0.968363 -0.249547
    outer loop
      vertex -3 50.4747 10.064
      vertex -2.4 50.4496 10.1614
      vertex -3 50.4496 10.1614
    endloop
  endfacet
  facet normal 0 -0.968363 -0.249547
    outer loop
      vertex -2.4 50.4496 10.1614
      vertex -3 50.4747 10.064
      vertex -2.4 50.4747 10.064
    endloop
  endfacet
  facet normal 0 -0.961152 -0.276018
    outer loop
      vertex -3 50.4983 9.98182
      vertex -2.4 50.4747 10.064
      vertex -3 50.4747 10.064
    endloop
  endfacet
  facet normal 0 -0.961152 -0.276018
    outer loop
      vertex -2.4 50.4747 10.064
      vertex -3 50.4983 9.98182
      vertex -2.4 50.4983 9.98182
    endloop
  endfacet
  facet normal 0 -0.950998 -0.309198
    outer loop
      vertex -3 50.5201 9.91477
      vertex -2.4 50.4983 9.98182
      vertex -3 50.4983 9.98182
    endloop
  endfacet
  facet normal 0 -0.950998 -0.309198
    outer loop
      vertex -2.4 50.4983 9.98182
      vertex -3 50.5201 9.91477
      vertex -2.4 50.5201 9.91477
    endloop
  endfacet
  facet normal 0 -0.931904 -0.362706
    outer loop
      vertex -3 50.5403 9.86287
      vertex -2.4 50.5201 9.91477
      vertex -3 50.5201 9.91477
    endloop
  endfacet
  facet normal 0 -0.931904 -0.362706
    outer loop
      vertex -2.4 50.5201 9.91477
      vertex -3 50.5403 9.86287
      vertex -2.4 50.5403 9.86287
    endloop
  endfacet
  facet normal 0 -0.90392 -0.427702
    outer loop
      vertex -3 50.5604 9.82039
      vertex -2.4 50.5403 9.86287
      vertex -3 50.5403 9.86287
    endloop
  endfacet
  facet normal 0 -0.90392 -0.427702
    outer loop
      vertex -2.4 50.5403 9.86287
      vertex -3 50.5604 9.82039
      vertex -2.4 50.5604 9.82039
    endloop
  endfacet
  facet normal 0 -0.875959 -0.482386
    outer loop
      vertex -3 50.5818 9.78153
      vertex -2.4 50.5604 9.82039
      vertex -3 50.5604 9.82039
    endloop
  endfacet
  facet normal 0 -0.875959 -0.482386
    outer loop
      vertex -2.4 50.5604 9.82039
      vertex -3 50.5818 9.78153
      vertex -2.4 50.5818 9.78153
    endloop
  endfacet
  facet normal 0 -0.838438 -0.544997
    outer loop
      vertex -3 50.6047 9.7463
      vertex -2.4 50.5818 9.78153
      vertex -3 50.5818 9.78153
    endloop
  endfacet
  facet normal 0 -0.838438 -0.544997
    outer loop
      vertex -2.4 50.5818 9.78153
      vertex -3 50.6047 9.7463
      vertex -2.4 50.6047 9.7463
    endloop
  endfacet
  facet normal 0 -0.794115 -0.607767
    outer loop
      vertex -3 50.6289 9.71468
      vertex -2.4 50.6047 9.7463
      vertex -3 50.6047 9.7463
    endloop
  endfacet
  facet normal 0 -0.794115 -0.607767
    outer loop
      vertex -2.4 50.6047 9.7463
      vertex -3 50.6289 9.71468
      vertex -2.4 50.6289 9.71468
    endloop
  endfacet
  facet normal 0 -0.737789 -0.675032
    outer loop
      vertex -3 50.6545 9.6867
      vertex -2.4 50.6289 9.71468
      vertex -3 50.6289 9.71468
    endloop
  endfacet
  facet normal 0 -0.737789 -0.675032
    outer loop
      vertex -2.4 50.6289 9.71468
      vertex -3 50.6545 9.6867
      vertex -2.4 50.6545 9.6867
    endloop
  endfacet
  facet normal 0 -0.670027 -0.742336
    outer loop
      vertex -3 50.6545 9.6867
      vertex -2.4 50.6815 9.66233
      vertex -2.4 50.6545 9.6867
    endloop
  endfacet
  facet normal -0 -0.670027 -0.742336
    outer loop
      vertex -2.4 50.6815 9.66233
      vertex -3 50.6545 9.6867
      vertex -3 50.6815 9.66233
    endloop
  endfacet
  facet normal 0 -0.578903 -0.815396
    outer loop
      vertex -3 50.6815 9.66233
      vertex -2.4 50.7106 9.64167
      vertex -2.4 50.6815 9.66233
    endloop
  endfacet
  facet normal -0 -0.578903 -0.815396
    outer loop
      vertex -2.4 50.7106 9.64167
      vertex -3 50.6815 9.66233
      vertex -3 50.7106 9.64167
    endloop
  endfacet
  facet normal 0 -0.471819 -0.881696
    outer loop
      vertex -3 50.7106 9.64167
      vertex -2.4 50.7422 9.62476
      vertex -2.4 50.7106 9.64167
    endloop
  endfacet
  facet normal -0 -0.471819 -0.881696
    outer loop
      vertex -2.4 50.7422 9.62476
      vertex -3 50.7106 9.64167
      vertex -3 50.7422 9.62476
    endloop
  endfacet
  facet normal 0 -0.357976 -0.933731
    outer loop
      vertex -3 50.7422 9.62476
      vertex -2.4 50.7765 9.61161
      vertex -2.4 50.7422 9.62476
    endloop
  endfacet
  facet normal -0 -0.357976 -0.933731
    outer loop
      vertex -2.4 50.7765 9.61161
      vertex -3 50.7422 9.62476
      vertex -3 50.7765 9.61161
    endloop
  endfacet
  facet normal 0 -0.246612 -0.969114
    outer loop
      vertex -3 50.7765 9.61161
      vertex -2.4 50.8134 9.60222
      vertex -2.4 50.7765 9.61161
    endloop
  endfacet
  facet normal -0 -0.246612 -0.969114
    outer loop
      vertex -2.4 50.8134 9.60222
      vertex -3 50.7765 9.61161
      vertex -3 50.8134 9.60222
    endloop
  endfacet
  facet normal 0 -0.141001 -0.990009
    outer loop
      vertex -3 50.8134 9.60222
      vertex -2.4 50.853 9.59658
      vertex -2.4 50.8134 9.60222
    endloop
  endfacet
  facet normal -0 -0.141001 -0.990009
    outer loop
      vertex -2.4 50.853 9.59658
      vertex -3 50.8134 9.60222
      vertex -3 50.853 9.59658
    endloop
  endfacet
  facet normal 0 -0.0445056 -0.999009
    outer loop
      vertex -3 50.853 9.59658
      vertex -2.4 50.8952 9.5947
      vertex -2.4 50.853 9.59658
    endloop
  endfacet
  facet normal -0 -0.0445056 -0.999009
    outer loop
      vertex -2.4 50.8952 9.5947
      vertex -3 50.853 9.59658
      vertex -3 50.8952 9.5947
    endloop
  endfacet
  facet normal 0 0.143571 -0.98964
    outer loop
      vertex -3 50.8952 9.5947
      vertex -2.4 51.017 9.61237
      vertex -2.4 50.8952 9.5947
    endloop
  endfacet
  facet normal 0 0.143571 -0.98964
    outer loop
      vertex -2.4 51.017 9.61237
      vertex -3 50.8952 9.5947
      vertex -3 51.017 9.61237
    endloop
  endfacet
  facet normal 0 0.469462 -0.882953
    outer loop
      vertex -3 51.017 9.61237
      vertex -2.4 51.1167 9.66538
      vertex -2.4 51.017 9.61237
    endloop
  endfacet
  facet normal 0 0.469462 -0.882953
    outer loop
      vertex -2.4 51.1167 9.66538
      vertex -3 51.017 9.61237
      vertex -3 51.1167 9.66538
    endloop
  endfacet
  facet normal 0 0.751759 -0.659438
    outer loop
      vertex -2.4 51.1167 9.66538
      vertex -3 51.1942 9.75373
      vertex -2.4 51.1942 9.75373
    endloop
  endfacet
  facet normal 0 0.751759 -0.659438
    outer loop
      vertex -3 51.1942 9.75373
      vertex -2.4 51.1167 9.66538
      vertex -3 51.1167 9.66538
    endloop
  endfacet
  facet normal 0 0.912627 -0.408793
    outer loop
      vertex -2.4 51.1942 9.75373
      vertex -3 51.2496 9.87741
      vertex -2.4 51.2496 9.87741
    endloop
  endfacet
  facet normal 0 0.912627 -0.408793
    outer loop
      vertex -3 51.2496 9.87741
      vertex -2.4 51.1942 9.75373
      vertex -3 51.1942 9.75373
    endloop
  endfacet
  facet normal 0 0.978886 -0.204409
    outer loop
      vertex -2.4 51.2496 9.87741
      vertex -3 51.2828 10.0364
      vertex -2.4 51.2828 10.0364
    endloop
  endfacet
  facet normal 0 0.978886 -0.204409
    outer loop
      vertex -3 51.2828 10.0364
      vertex -2.4 51.2496 9.87741
      vertex -3 51.2496 9.87741
    endloop
  endfacet
  facet normal 0 0.998374 -0.0570059
    outer loop
      vertex -2.4 51.2828 10.0364
      vertex -3 51.2939 10.2308
      vertex -2.4 51.2939 10.2308
    endloop
  endfacet
  facet normal 0 0.998374 -0.0570059
    outer loop
      vertex -3 51.2939 10.2308
      vertex -2.4 51.2828 10.0364
      vertex -3 51.2828 10.0364
    endloop
  endfacet
  facet normal 0 0.99951 0.0312999
    outer loop
      vertex -2.4 51.2939 10.2308
      vertex -3 51.2909 10.3266
      vertex -2.4 51.2909 10.3266
    endloop
  endfacet
  facet normal 0 0.99951 0.0312999
    outer loop
      vertex -3 51.2909 10.3266
      vertex -2.4 51.2939 10.2308
      vertex -3 51.2939 10.2308
    endloop
  endfacet
  facet normal 0 0.994708 0.102745
    outer loop
      vertex -2.4 51.2909 10.3266
      vertex -3 51.2818 10.4147
      vertex -2.4 51.2818 10.4147
    endloop
  endfacet
  facet normal 0 0.994708 0.102745
    outer loop
      vertex -3 51.2818 10.4147
      vertex -2.4 51.2909 10.3266
      vertex -3 51.2909 10.3266
    endloop
  endfacet
  facet normal 0 0.982594 0.185764
    outer loop
      vertex -2.4 51.2818 10.4147
      vertex -3 51.2666 10.4951
      vertex -2.4 51.2666 10.4951
    endloop
  endfacet
  facet normal 0 0.982594 0.185764
    outer loop
      vertex -3 51.2666 10.4951
      vertex -2.4 51.2818 10.4147
      vertex -3 51.2818 10.4147
    endloop
  endfacet
  facet normal 0 0.960015 0.279949
    outer loop
      vertex -2.4 51.2666 10.4951
      vertex -3 51.2454 10.5678
      vertex -2.4 51.2454 10.5678
    endloop
  endfacet
  facet normal 0 0.960015 0.279949
    outer loop
      vertex -3 51.2454 10.5678
      vertex -2.4 51.2666 10.4951
      vertex -3 51.2666 10.4951
    endloop
  endfacet
  facet normal 0 0.921982 0.387232
    outer loop
      vertex -2.4 51.2454 10.5678
      vertex -3 51.2181 10.6328
      vertex -2.4 51.2181 10.6328
    endloop
  endfacet
  facet normal 0 0.921982 0.387232
    outer loop
      vertex -3 51.2181 10.6328
      vertex -2.4 51.2454 10.5678
      vertex -3 51.2454 10.5678
    endloop
  endfacet
  facet normal 0 0.86356 0.504246
    outer loop
      vertex -2.4 51.2181 10.6328
      vertex -3 51.1847 10.69
      vertex -2.4 51.1847 10.69
    endloop
  endfacet
  facet normal 0 0.86356 0.504246
    outer loop
      vertex -3 51.1847 10.69
      vertex -2.4 51.2181 10.6328
      vertex -3 51.2181 10.6328
    endloop
  endfacet
  facet normal 0 0.787835 0.615887
    outer loop
      vertex -2.4 51.1847 10.69
      vertex -3 51.1453 10.7404
      vertex -2.4 51.1453 10.7404
    endloop
  endfacet
  facet normal 0 0.787835 0.615887
    outer loop
      vertex -3 51.1453 10.7404
      vertex -2.4 51.1847 10.69
      vertex -3 51.1847 10.69
    endloop
  endfacet
  facet normal -0 0.700765 0.713392
    outer loop
      vertex -3 51.1453 10.7404
      vertex -2.4 51.1001 10.7848
      vertex -2.4 51.1453 10.7404
    endloop
  endfacet
  facet normal 0 0.700765 0.713392
    outer loop
      vertex -2.4 51.1001 10.7848
      vertex -3 51.1453 10.7404
      vertex -3 51.1001 10.7848
    endloop
  endfacet
  facet normal -0 0.599251 0.800561
    outer loop
      vertex -3 51.1001 10.7848
      vertex -2.4 51.0488 10.8232
      vertex -2.4 51.1001 10.7848
    endloop
  endfacet
  facet normal 0 0.599251 0.800561
    outer loop
      vertex -2.4 51.0488 10.8232
      vertex -3 51.1001 10.7848
      vertex -3 51.0488 10.8232
    endloop
  endfacet
  facet normal -0 0.493512 0.869739
    outer loop
      vertex -3 51.0488 10.8232
      vertex -2.4 50.9917 10.8556
      vertex -2.4 51.0488 10.8232
    endloop
  endfacet
  facet normal 0 0.493512 0.869739
    outer loop
      vertex -2.4 50.9917 10.8556
      vertex -3 51.0488 10.8232
      vertex -3 50.9917 10.8556
    endloop
  endfacet
  facet normal -0 0.385964 0.922514
    outer loop
      vertex -3 50.9917 10.8556
      vertex -2.4 50.9286 10.882
      vertex -2.4 50.9917 10.8556
    endloop
  endfacet
  facet normal 0 0.385964 0.922514
    outer loop
      vertex -2.4 50.9286 10.882
      vertex -3 50.9917 10.8556
      vertex -3 50.9286 10.882
    endloop
  endfacet
  facet normal -0 0.283143 0.959078
    outer loop
      vertex -3 50.9286 10.882
      vertex -2.4 50.8595 10.9024
      vertex -2.4 50.9286 10.882
    endloop
  endfacet
  facet normal 0 0.283143 0.959078
    outer loop
      vertex -2.4 50.8595 10.9024
      vertex -3 50.9286 10.882
      vertex -3 50.8595 10.9024
    endloop
  endfacet
  facet normal 0 0.990826 -0.135146
    outer loop
      vertex -2.4 50.8595 10.9024
      vertex -3 50.9521 11.5813
      vertex -2.4 50.9521 11.5813
    endloop
  endfacet
  facet normal 0 0.990826 -0.135146
    outer loop
      vertex -3 50.9521 11.5813
      vertex -2.4 50.8595 10.9024
      vertex -3 50.8595 10.9024
    endloop
  endfacet
  facet normal 0 -0.246853 -0.969053
    outer loop
      vertex -3 50.9521 11.5813
      vertex -2.4 51.0946 11.545
      vertex -2.4 50.9521 11.5813
    endloop
  endfacet
  facet normal -0 -0.246853 -0.969053
    outer loop
      vertex -2.4 51.0946 11.545
      vertex -3 50.9521 11.5813
      vertex -3 51.0946 11.545
    endloop
  endfacet
  facet normal 0 -0.353358 -0.935488
    outer loop
      vertex -3 51.0946 11.545
      vertex -2.4 51.223 11.4965
      vertex -2.4 51.0946 11.545
    endloop
  endfacet
  facet normal -0 -0.353358 -0.935488
    outer loop
      vertex -2.4 51.223 11.4965
      vertex -3 51.0946 11.545
      vertex -3 51.223 11.4965
    endloop
  endfacet
  facet normal 0 -0.470548 -0.882374
    outer loop
      vertex -3 51.223 11.4965
      vertex -2.4 51.3372 11.4356
      vertex -2.4 51.223 11.4965
    endloop
  endfacet
  facet normal -0 -0.470548 -0.882374
    outer loop
      vertex -2.4 51.3372 11.4356
      vertex -3 51.223 11.4965
      vertex -3 51.3372 11.4356
    endloop
  endfacet
  facet normal 0 -0.589895 -0.80748
    outer loop
      vertex -3 51.3372 11.4356
      vertex -2.4 51.4374 11.3624
      vertex -2.4 51.3372 11.4356
    endloop
  endfacet
  facet normal -0 -0.589895 -0.80748
    outer loop
      vertex -2.4 51.4374 11.3624
      vertex -3 51.3372 11.4356
      vertex -3 51.4374 11.3624
    endloop
  endfacet
  facet normal 0 -0.705457 -0.708753
    outer loop
      vertex -3 51.4374 11.3624
      vertex -2.4 51.5234 11.2768
      vertex -2.4 51.4374 11.3624
    endloop
  endfacet
  facet normal -0 -0.705457 -0.708753
    outer loop
      vertex -2.4 51.5234 11.2768
      vertex -3 51.4374 11.3624
      vertex -3 51.5234 11.2768
    endloop
  endfacet
  facet normal 0 -0.805986 -0.591935
    outer loop
      vertex -3 51.5953 11.1789
      vertex -2.4 51.5234 11.2768
      vertex -3 51.5234 11.2768
    endloop
  endfacet
  facet normal 0 -0.805986 -0.591935
    outer loop
      vertex -2.4 51.5234 11.2768
      vertex -3 51.5953 11.1789
      vertex -2.4 51.5953 11.1789
    endloop
  endfacet
  facet normal 0 -0.884151 -0.467202
    outer loop
      vertex -3 51.6548 11.0663
      vertex -2.4 51.5953 11.1789
      vertex -3 51.5953 11.1789
    endloop
  endfacet
  facet normal 0 -0.884151 -0.467202
    outer loop
      vertex -2.4 51.5953 11.1789
      vertex -3 51.6548 11.0663
      vertex -2.4 51.6548 11.0663
    endloop
  endfacet
  facet normal 0 -0.936507 -0.350649
    outer loop
      vertex -3 51.7034 10.9365
      vertex -2.4 51.6548 11.0663
      vertex -3 51.6548 11.0663
    endloop
  endfacet
  facet normal 0 -0.936507 -0.350649
    outer loop
      vertex -2.4 51.6548 11.0663
      vertex -3 51.7034 10.9365
      vertex -2.4 51.7034 10.9365
    endloop
  endfacet
  facet normal 0 -0.968375 -0.2495
    outer loop
      vertex -3 51.7413 10.7894
      vertex -2.4 51.7034 10.9365
      vertex -3 51.7034 10.9365
    endloop
  endfacet
  facet normal 0 -0.968375 -0.2495
    outer loop
      vertex -2.4 51.7034 10.9365
      vertex -3 51.7413 10.7894
      vertex -2.4 51.7413 10.7894
    endloop
  endfacet
  facet normal 0 -0.986765 -0.162159
    outer loop
      vertex -3 51.7683 10.6251
      vertex -2.4 51.7413 10.7894
      vertex -3 51.7413 10.7894
    endloop
  endfacet
  facet normal 0 -0.986765 -0.162159
    outer loop
      vertex -2.4 51.7413 10.7894
      vertex -3 51.7683 10.6251
      vertex -2.4 51.7683 10.6251
    endloop
  endfacet
  facet normal 0 -0.996036 -0.0889514
    outer loop
      vertex -3 51.7845 10.4437
      vertex -2.4 51.7683 10.6251
      vertex -3 51.7683 10.6251
    endloop
  endfacet
  facet normal 0 -0.996036 -0.0889514
    outer loop
      vertex -2.4 51.7683 10.6251
      vertex -3 51.7845 10.4437
      vertex -2.4 51.7845 10.4437
    endloop
  endfacet
  facet normal 0 -0.999631 -0.0271666
    outer loop
      vertex -3 51.7899 10.245
      vertex -2.4 51.7845 10.4437
      vertex -3 51.7845 10.4437
    endloop
  endfacet
  facet normal 0 -0.999631 -0.0271666
    outer loop
      vertex -2.4 51.7845 10.4437
      vertex -3 51.7899 10.245
      vertex -2.4 51.7899 10.245
    endloop
  endfacet
  facet normal 0 -0.999498 0.0316844
    outer loop
      vertex -3 51.7833 10.0368
      vertex -2.4 51.7899 10.245
      vertex -3 51.7899 10.245
    endloop
  endfacet
  facet normal 0 -0.999498 0.0316844
    outer loop
      vertex -2.4 51.7899 10.245
      vertex -3 51.7833 10.0368
      vertex -2.4 51.7833 10.0368
    endloop
  endfacet
  facet normal 0 -0.994503 0.104706
    outer loop
      vertex -3 51.7632 9.84589
      vertex -2.4 51.7833 10.0368
      vertex -3 51.7833 10.0368
    endloop
  endfacet
  facet normal 0 -0.994503 0.104706
    outer loop
      vertex -2.4 51.7833 10.0368
      vertex -3 51.7632 9.84589
      vertex -2.4 51.7632 9.84589
    endloop
  endfacet
  facet normal 0 -0.981916 0.189319
    outer loop
      vertex -3 51.7297 9.67214
      vertex -2.4 51.7632 9.84589
      vertex -3 51.7632 9.84589
    endloop
  endfacet
  facet normal 0 -0.981916 0.189319
    outer loop
      vertex -2.4 51.7632 9.84589
      vertex -3 51.7297 9.67214
      vertex -2.4 51.7297 9.67214
    endloop
  endfacet
  facet normal 0 -0.958109 0.286405
    outer loop
      vertex -3 51.6829 9.51558
      vertex -2.4 51.7297 9.67214
      vertex -3 51.7297 9.67214
    endloop
  endfacet
  facet normal 0 -0.958109 0.286405
    outer loop
      vertex -2.4 51.7297 9.67214
      vertex -3 51.6829 9.51558
      vertex -2.4 51.6829 9.51558
    endloop
  endfacet
  facet normal 0 -0.917969 0.396653
    outer loop
      vertex -3 51.6227 9.37626
      vertex -2.4 51.6829 9.51558
      vertex -3 51.6829 9.51558
    endloop
  endfacet
  facet normal 0 -0.917969 0.396653
    outer loop
      vertex -2.4 51.6829 9.51558
      vertex -3 51.6227 9.37626
      vertex -2.4 51.6227 9.37626
    endloop
  endfacet
  facet normal 0 -0.856204 0.516638
    outer loop
      vertex -3 51.549 9.25412
      vertex -2.4 51.6227 9.37626
      vertex -3 51.6227 9.37626
    endloop
  endfacet
  facet normal 0 -0.856204 0.516638
    outer loop
      vertex -2.4 51.6227 9.37626
      vertex -3 51.549 9.25412
      vertex -2.4 51.549 9.25412
    endloop
  endfacet
  facet normal 0 -0.770098 0.637925
    outer loop
      vertex -3 51.4628 9.15006
      vertex -2.4 51.549 9.25412
      vertex -3 51.549 9.25412
    endloop
  endfacet
  facet normal 0 -0.770098 0.637925
    outer loop
      vertex -2.4 51.549 9.25412
      vertex -3 51.4628 9.15006
      vertex -2.4 51.4628 9.15006
    endloop
  endfacet
  facet normal 0 -0.655927 0.754824
    outer loop
      vertex -3 51.4628 9.15006
      vertex -2.4 51.3648 9.0649
      vertex -2.4 51.4628 9.15006
    endloop
  endfacet
  facet normal 0 -0.655927 0.754824
    outer loop
      vertex -2.4 51.3648 9.0649
      vertex -3 51.4628 9.15006
      vertex -3 51.3648 9.0649
    endloop
  endfacet
  facet normal 0 -0.516444 0.856321
    outer loop
      vertex -3 51.3648 9.0649
      vertex -2.4 51.255 8.99868
      vertex -2.4 51.3648 9.0649
    endloop
  endfacet
  facet normal 0 -0.516444 0.856321
    outer loop
      vertex -2.4 51.255 8.99868
      vertex -3 51.3648 9.0649
      vertex -3 51.255 8.99868
    endloop
  endfacet
  facet normal 0 -0.362587 0.93195
    outer loop
      vertex -3 51.255 8.99868
      vertex -2.4 51.1334 8.95137
      vertex -2.4 51.255 8.99868
    endloop
  endfacet
  facet normal 0 -0.362587 0.93195
    outer loop
      vertex -2.4 51.1334 8.95137
      vertex -3 51.255 8.99868
      vertex -3 51.1334 8.95137
    endloop
  endfacet
  facet normal 0 -0.208087 0.97811
    outer loop
      vertex -3 51.1334 8.95137
      vertex -2.4 51 8.92299
      vertex -2.4 51.1334 8.95137
    endloop
  endfacet
  facet normal 0 -0.208087 0.97811
    outer loop
      vertex -2.4 51 8.92299
      vertex -3 51.1334 8.95137
      vertex -3 51 8.92299
    endloop
  endfacet
  facet normal 0 -0.0650137 0.997884
    outer loop
      vertex -3 51 8.92299
      vertex -2.4 50.8548 8.91353
      vertex -2.4 51 8.92299
    endloop
  endfacet
  facet normal 0 -0.0650137 0.997884
    outer loop
      vertex -2.4 50.8548 8.91353
      vertex -3 51 8.92299
      vertex -3 50.8548 8.91353
    endloop
  endfacet
  facet normal -0 0.0219878 0.999758
    outer loop
      vertex -3 50.8548 8.91353
      vertex -2.4 50.7966 8.91481
      vertex -2.4 50.8548 8.91353
    endloop
  endfacet
  facet normal 0 0.0219878 0.999758
    outer loop
      vertex -2.4 50.7966 8.91481
      vertex -3 50.8548 8.91353
      vertex -3 50.7966 8.91481
    endloop
  endfacet
  facet normal -0 0.0687654 0.997633
    outer loop
      vertex -3 50.7966 8.91481
      vertex -2.4 50.7406 8.91867
      vertex -2.4 50.7966 8.91481
    endloop
  endfacet
  facet normal 0 0.0687654 0.997633
    outer loop
      vertex -2.4 50.7406 8.91867
      vertex -3 50.7966 8.91481
      vertex -3 50.7406 8.91867
    endloop
  endfacet
  facet normal -0 0.11889 0.992907
    outer loop
      vertex -3 50.7406 8.91867
      vertex -2.4 50.6869 8.9251
      vertex -2.4 50.7406 8.91867
    endloop
  endfacet
  facet normal 0 0.11889 0.992907
    outer loop
      vertex -2.4 50.6869 8.9251
      vertex -3 50.7406 8.91867
      vertex -3 50.6869 8.9251
    endloop
  endfacet
  facet normal -0 0.172148 0.985071
    outer loop
      vertex -3 50.6869 8.9251
      vertex -2.4 50.6354 8.9341
      vertex -2.4 50.6869 8.9251
    endloop
  endfacet
  facet normal 0 0.172148 0.985071
    outer loop
      vertex -2.4 50.6354 8.9341
      vertex -3 50.6869 8.9251
      vertex -3 50.6354 8.9341
    endloop
  endfacet
  facet normal -0 0.228918 0.973446
    outer loop
      vertex -3 50.6354 8.9341
      vertex -2.4 50.5862 8.94567
      vertex -2.4 50.6354 8.9341
    endloop
  endfacet
  facet normal 0 0.228918 0.973446
    outer loop
      vertex -2.4 50.5862 8.94567
      vertex -3 50.6354 8.9341
      vertex -3 50.5862 8.94567
    endloop
  endfacet
  facet normal -0 0.287909 0.957658
    outer loop
      vertex -3 50.5862 8.94567
      vertex -2.4 50.5392 8.9598
      vertex -2.4 50.5862 8.94567
    endloop
  endfacet
  facet normal 0 0.287909 0.957658
    outer loop
      vertex -2.4 50.5392 8.9598
      vertex -3 50.5862 8.94567
      vertex -3 50.5392 8.9598
    endloop
  endfacet
  facet normal -0 0.344009 0.938966
    outer loop
      vertex -3 50.5392 8.9598
      vertex -2.4 50.4943 8.97625
      vertex -2.4 50.5392 8.9598
    endloop
  endfacet
  facet normal 0 0.344009 0.938966
    outer loop
      vertex -2.4 50.4943 8.97625
      vertex -3 50.5392 8.9598
      vertex -3 50.4943 8.97625
    endloop
  endfacet
  facet normal -0 0.395028 0.918669
    outer loop
      vertex -3 50.4943 8.97625
      vertex -2.4 50.4513 8.99474
      vertex -2.4 50.4943 8.97625
    endloop
  endfacet
  facet normal 0 0.395028 0.918669
    outer loop
      vertex -2.4 50.4513 8.99474
      vertex -3 50.4943 8.97625
      vertex -3 50.4513 8.99474
    endloop
  endfacet
  facet normal -0 0.448786 0.893639
    outer loop
      vertex -3 50.4513 8.99474
      vertex -2.4 50.4104 9.01528
      vertex -2.4 50.4513 8.99474
    endloop
  endfacet
  facet normal 0 0.448786 0.893639
    outer loop
      vertex -2.4 50.4104 9.01528
      vertex -3 50.4513 8.99474
      vertex -3 50.4104 9.01528
    endloop
  endfacet
  facet normal -0 0.500888 0.865512
    outer loop
      vertex -3 50.4104 9.01528
      vertex -2.4 50.3714 9.03785
      vertex -2.4 50.4104 9.01528
    endloop
  endfacet
  facet normal 0 0.500888 0.865512
    outer loop
      vertex -2.4 50.3714 9.03785
      vertex -3 50.4104 9.01528
      vertex -3 50.3714 9.03785
    endloop
  endfacet
  facet normal -0 0.553973 0.832535
    outer loop
      vertex -3 50.3714 9.03785
      vertex -2.4 50.3344 9.06247
      vertex -2.4 50.3714 9.03785
    endloop
  endfacet
  facet normal 0 0.553973 0.832535
    outer loop
      vertex -2.4 50.3344 9.06247
      vertex -3 50.3714 9.03785
      vertex -3 50.3344 9.06247
    endloop
  endfacet
  facet normal -0 0.605947 0.795505
    outer loop
      vertex -3 50.3344 9.06247
      vertex -2.4 50.2994 9.08913
      vertex -2.4 50.3344 9.06247
    endloop
  endfacet
  facet normal 0 0.605947 0.795505
    outer loop
      vertex -2.4 50.2994 9.08913
      vertex -3 50.3344 9.06247
      vertex -3 50.2994 9.08913
    endloop
  endfacet
  facet normal -0 0.653845 0.756628
    outer loop
      vertex -3 50.2994 9.08913
      vertex -2.4 50.2662 9.11782
      vertex -2.4 50.2994 9.08913
    endloop
  endfacet
  facet normal 0 0.653845 0.756628
    outer loop
      vertex -2.4 50.2662 9.11782
      vertex -3 50.2994 9.08913
      vertex -3 50.2662 9.11782
    endloop
  endfacet
  facet normal -0 0.697371 0.716711
    outer loop
      vertex -3 50.2662 9.11782
      vertex -2.4 50.2347 9.14847
      vertex -2.4 50.2662 9.11782
    endloop
  endfacet
  facet normal 0 0.697371 0.716711
    outer loop
      vertex -2.4 50.2347 9.14847
      vertex -3 50.2662 9.11782
      vertex -3 50.2347 9.14847
    endloop
  endfacet
  facet normal 0 0.737379 0.675479
    outer loop
      vertex -2.4 50.2347 9.14847
      vertex -3 50.2048 9.18111
      vertex -2.4 50.2048 9.18111
    endloop
  endfacet
  facet normal 0 0.737379 0.675479
    outer loop
      vertex -3 50.2048 9.18111
      vertex -2.4 50.2347 9.14847
      vertex -3 50.2347 9.14847
    endloop
  endfacet
  facet normal 0 0.774147 0.633006
    outer loop
      vertex -2.4 50.2048 9.18111
      vertex -3 50.1765 9.21572
      vertex -2.4 50.1765 9.21572
    endloop
  endfacet
  facet normal 0 0.774147 0.633006
    outer loop
      vertex -3 50.1765 9.21572
      vertex -2.4 50.2048 9.18111
      vertex -3 50.2048 9.18111
    endloop
  endfacet
  facet normal 0 0.808851 0.588014
    outer loop
      vertex -2.4 50.1765 9.21572
      vertex -3 50.1499 9.25231
      vertex -2.4 50.1499 9.25231
    endloop
  endfacet
  facet normal 0 0.808851 0.588014
    outer loop
      vertex -3 50.1499 9.25231
      vertex -2.4 50.1765 9.21572
      vertex -3 50.1765 9.21572
    endloop
  endfacet
  facet normal 0 0.840072 0.542474
    outer loop
      vertex -2.4 50.1499 9.25231
      vertex -3 50.125 9.29087
      vertex -2.4 50.125 9.29087
    endloop
  endfacet
  facet normal 0 0.840072 0.542474
    outer loop
      vertex -3 50.125 9.29087
      vertex -2.4 50.1499 9.25231
      vertex -3 50.1499 9.25231
    endloop
  endfacet
  facet normal 0 0.863251 0.504775
    outer loop
      vertex -2.4 50.125 9.29087
      vertex -3 50.1014 9.33123
      vertex -2.4 50.1014 9.33123
    endloop
  endfacet
  facet normal 0 0.863251 0.504775
    outer loop
      vertex -3 50.1014 9.33123
      vertex -2.4 50.125 9.29087
      vertex -3 50.125 9.29087
    endloop
  endfacet
  facet normal 0 0.880276 0.474463
    outer loop
      vertex -2.4 50.1014 9.33123
      vertex -3 50.0788 9.37316
      vertex -2.4 50.0788 9.37316
    endloop
  endfacet
  facet normal 0 0.880276 0.474463
    outer loop
      vertex -3 50.0788 9.37316
      vertex -2.4 50.1014 9.33123
      vertex -3 50.1014 9.33123
    endloop
  endfacet
  facet normal 0 0.896559 0.442923
    outer loop
      vertex -2.4 50.0788 9.37316
      vertex -3 50.0573 9.41668
      vertex -2.4 50.0573 9.41668
    endloop
  endfacet
  facet normal 0 0.896559 0.442923
    outer loop
      vertex -3 50.0573 9.41668
      vertex -2.4 50.0788 9.37316
      vertex -3 50.0788 9.37316
    endloop
  endfacet
  facet normal 0 0.911092 0.412204
    outer loop
      vertex -2.4 50.0573 9.41668
      vertex -3 50.0369 9.46177
      vertex -2.4 50.0369 9.46177
    endloop
  endfacet
  facet normal 0 0.911092 0.412204
    outer loop
      vertex -3 50.0369 9.46177
      vertex -2.4 50.0573 9.41668
      vertex -3 50.0573 9.41668
    endloop
  endfacet
  facet normal 0 0.923399 0.383843
    outer loop
      vertex -2.4 50.0369 9.46177
      vertex -3 50.0175 9.50844
      vertex -2.4 50.0175 9.50844
    endloop
  endfacet
  facet normal 0 0.923399 0.383843
    outer loop
      vertex -3 50.0175 9.50844
      vertex -2.4 50.0369 9.46177
      vertex -3 50.0369 9.46177
    endloop
  endfacet
  facet normal 0 0.935009 0.354625
    outer loop
      vertex -2.4 50.0175 9.50844
      vertex -3 49.9992 9.55669
      vertex -2.4 49.9992 9.55669
    endloop
  endfacet
  facet normal 0 0.935009 0.354625
    outer loop
      vertex -3 49.9992 9.55669
      vertex -2.4 50.0175 9.50844
      vertex -3 50.0175 9.50844
    endloop
  endfacet
  facet normal 0 0.946942 0.321403
    outer loop
      vertex -2.4 49.9992 9.55669
      vertex -3 49.9804 9.61208
      vertex -2.4 49.9804 9.61208
    endloop
  endfacet
  facet normal 0 0.946942 0.321403
    outer loop
      vertex -3 49.9804 9.61208
      vertex -2.4 49.9992 9.55669
      vertex -3 49.9992 9.55669
    endloop
  endfacet
  facet normal 0 0.957107 0.289734
    outer loop
      vertex -2.4 49.9804 9.61208
      vertex -3 49.9598 9.68013
      vertex -2.4 49.9598 9.68013
    endloop
  endfacet
  facet normal 0 0.957107 0.289734
    outer loop
      vertex -3 49.9598 9.68013
      vertex -2.4 49.9804 9.61208
      vertex -3 49.9804 9.61208
    endloop
  endfacet
  facet normal 0 0.96296 0.269643
    outer loop
      vertex -2.4 49.9598 9.68013
      vertex -3 49.9372 9.76084
      vertex -2.4 49.9372 9.76084
    endloop
  endfacet
  facet normal 0 0.96296 0.269643
    outer loop
      vertex -3 49.9372 9.76084
      vertex -2.4 49.9598 9.68013
      vertex -3 49.9598 9.68013
    endloop
  endfacet
  facet normal 0 0.967242 0.253856
    outer loop
      vertex -2.4 49.9372 9.76084
      vertex -3 49.9127 9.85419
      vertex -2.4 49.9127 9.85419
    endloop
  endfacet
  facet normal 0 0.967242 0.253856
    outer loop
      vertex -3 49.9127 9.85419
      vertex -2.4 49.9372 9.76084
      vertex -3 49.9372 9.76084
    endloop
  endfacet
  facet normal 0 0.970368 0.241631
    outer loop
      vertex -2.4 49.9127 9.85419
      vertex -3 49.8863 9.96021
      vertex -2.4 49.8863 9.96021
    endloop
  endfacet
  facet normal 0 0.970368 0.241631
    outer loop
      vertex -3 49.8863 9.96021
      vertex -2.4 49.9127 9.85419
      vertex -3 49.9127 9.85419
    endloop
  endfacet
  facet normal 0 0.972731 0.231934
    outer loop
      vertex -2.4 49.8863 9.96021
      vertex -3 49.858 10.0789
      vertex -2.4 49.858 10.0789
    endloop
  endfacet
  facet normal 0 0.972731 0.231934
    outer loop
      vertex -3 49.858 10.0789
      vertex -2.4 49.8863 9.96021
      vertex -3 49.8863 9.96021
    endloop
  endfacet
  facet normal 0 0.978867 0.204497
    outer loop
      vertex -2.4 49.858 10.0789
      vertex -3 49.8294 10.2158
      vertex -2.4 49.8294 10.2158
    endloop
  endfacet
  facet normal 0 0.978867 0.204497
    outer loop
      vertex -3 49.8294 10.2158
      vertex -2.4 49.858 10.0789
      vertex -3 49.858 10.0789
    endloop
  endfacet
  facet normal 0 0.975979 0.217867
    outer loop
      vertex -2.4 49.8294 10.2158
      vertex -3 49.8023 10.3372
      vertex -2.4 49.8023 10.3372
    endloop
  endfacet
  facet normal 0 0.975979 0.217867
    outer loop
      vertex -3 49.8023 10.3372
      vertex -2.4 49.8294 10.2158
      vertex -3 49.8294 10.2158
    endloop
  endfacet
  facet normal 0 0.971901 0.235389
    outer loop
      vertex -2.4 49.8023 10.3372
      vertex -3 49.7767 10.4429
      vertex -2.4 49.7767 10.4429
    endloop
  endfacet
  facet normal 0 0.971901 0.235389
    outer loop
      vertex -3 49.7767 10.4429
      vertex -2.4 49.8023 10.3372
      vertex -3 49.8023 10.3372
    endloop
  endfacet
  facet normal 0 0.965771 0.259397
    outer loop
      vertex -2.4 49.7767 10.4429
      vertex -3 49.7525 10.533
      vertex -2.4 49.7525 10.533
    endloop
  endfacet
  facet normal 0 0.965771 0.259397
    outer loop
      vertex -3 49.7525 10.533
      vertex -2.4 49.7767 10.4429
      vertex -3 49.7767 10.4429
    endloop
  endfacet
  facet normal 0 0.956112 0.293002
    outer loop
      vertex -2.4 49.7525 10.533
      vertex -3 49.7297 10.6074
      vertex -2.4 49.7297 10.6074
    endloop
  endfacet
  facet normal 0 0.956112 0.293002
    outer loop
      vertex -3 49.7297 10.6074
      vertex -2.4 49.7525 10.533
      vertex -3 49.7525 10.533
    endloop
  endfacet
  facet normal 0 0.940908 0.338663
    outer loop
      vertex -2.4 49.7297 10.6074
      vertex -3 49.7085 10.6663
      vertex -2.4 49.7085 10.6663
    endloop
  endfacet
  facet normal 0 0.940908 0.338663
    outer loop
      vertex -3 49.7085 10.6663
      vertex -2.4 49.7297 10.6074
      vertex -3 49.7297 10.6074
    endloop
  endfacet
  facet normal 0 0.916029 0.401112
    outer loop
      vertex -2.4 49.7085 10.6663
      vertex -3 49.687 10.7154
      vertex -2.4 49.687 10.7154
    endloop
  endfacet
  facet normal 0 0.916029 0.401112
    outer loop
      vertex -3 49.687 10.7154
      vertex -2.4 49.7085 10.6663
      vertex -3 49.7085 10.6663
    endloop
  endfacet
  facet normal 0 0.890859 0.454279
    outer loop
      vertex -2.4 49.687 10.7154
      vertex -3 49.6639 10.7607
      vertex -2.4 49.6639 10.7607
    endloop
  endfacet
  facet normal 0 0.890859 0.454279
    outer loop
      vertex -3 49.6639 10.7607
      vertex -2.4 49.687 10.7154
      vertex -3 49.687 10.7154
    endloop
  endfacet
  facet normal 0 0.857493 0.514496
    outer loop
      vertex -2.4 49.6639 10.7607
      vertex -3 49.639 10.8022
      vertex -2.4 49.639 10.8022
    endloop
  endfacet
  facet normal 0 0.857493 0.514496
    outer loop
      vertex -3 49.639 10.8022
      vertex -2.4 49.6639 10.7607
      vertex -3 49.6639 10.7607
    endloop
  endfacet
  facet normal 0 0.817389 0.576086
    outer loop
      vertex -2.4 49.639 10.8022
      vertex -3 49.6125 10.8398
      vertex -2.4 49.6125 10.8398
    endloop
  endfacet
  facet normal 0 0.817389 0.576086
    outer loop
      vertex -3 49.6125 10.8398
      vertex -2.4 49.639 10.8022
      vertex -3 49.639 10.8022
    endloop
  endfacet
  facet normal 0 0.766732 0.641968
    outer loop
      vertex -2.4 49.6125 10.8398
      vertex -3 49.5842 10.8736
      vertex -2.4 49.5842 10.8736
    endloop
  endfacet
  facet normal 0 0.766732 0.641968
    outer loop
      vertex -3 49.5842 10.8736
      vertex -2.4 49.6125 10.8398
      vertex -3 49.6125 10.8398
    endloop
  endfacet
  facet normal -0 0.707107 0.707107
    outer loop
      vertex -3 49.5842 10.8736
      vertex -2.4 49.5542 10.9036
      vertex -2.4 49.5842 10.8736
    endloop
  endfacet
  facet normal 0 0.707107 0.707107
    outer loop
      vertex -2.4 49.5542 10.9036
      vertex -3 49.5842 10.8736
      vertex -3 49.5542 10.9036
    endloop
  endfacet
  facet normal -0 0.624105 0.781341
    outer loop
      vertex -3 49.5542 10.9036
      vertex -2.4 49.5219 10.9294
      vertex -2.4 49.5542 10.9036
    endloop
  endfacet
  facet normal 0 0.624105 0.781341
    outer loop
      vertex -2.4 49.5219 10.9294
      vertex -3 49.5542 10.9036
      vertex -3 49.5219 10.9294
    endloop
  endfacet
  facet normal -0 0.514496 0.857493
    outer loop
      vertex -3 49.5219 10.9294
      vertex -2.4 49.4869 10.9504
      vertex -2.4 49.5219 10.9294
    endloop
  endfacet
  facet normal 0 0.514496 0.857493
    outer loop
      vertex -2.4 49.4869 10.9504
      vertex -3 49.5219 10.9294
      vertex -3 49.4869 10.9504
    endloop
  endfacet
  facet normal -0 0.398904 0.916993
    outer loop
      vertex -3 49.4869 10.9504
      vertex -2.4 49.4492 10.9668
      vertex -2.4 49.4869 10.9504
    endloop
  endfacet
  facet normal 0 0.398904 0.916993
    outer loop
      vertex -2.4 49.4492 10.9668
      vertex -3 49.4869 10.9504
      vertex -3 49.4492 10.9668
    endloop
  endfacet
  facet normal -0 0.276909 0.960896
    outer loop
      vertex -3 49.4492 10.9668
      vertex -2.4 49.4086 10.9785
      vertex -2.4 49.4492 10.9668
    endloop
  endfacet
  facet normal 0 0.276909 0.960896
    outer loop
      vertex -2.4 49.4086 10.9785
      vertex -3 49.4492 10.9668
      vertex -3 49.4086 10.9785
    endloop
  endfacet
  facet normal -0 0.161811 0.986822
    outer loop
      vertex -3 49.4086 10.9785
      vertex -2.4 49.3653 10.9856
      vertex -2.4 49.4086 10.9785
    endloop
  endfacet
  facet normal 0 0.161811 0.986822
    outer loop
      vertex -2.4 49.3653 10.9856
      vertex -3 49.4086 10.9785
      vertex -3 49.3653 10.9856
    endloop
  endfacet
  facet normal -0 0.0498296 0.998758
    outer loop
      vertex -3 49.3653 10.9856
      vertex -2.4 49.3192 10.9879
      vertex -2.4 49.3653 10.9856
    endloop
  endfacet
  facet normal 0 0.0498296 0.998758
    outer loop
      vertex -2.4 49.3192 10.9879
      vertex -3 49.3653 10.9856
      vertex -3 49.3192 10.9879
    endloop
  endfacet
  facet normal 0 -0.148021 0.988984
    outer loop
      vertex -3 49.3192 10.9879
      vertex -2.4 49.1829 10.9675
      vertex -2.4 49.3192 10.9879
    endloop
  endfacet
  facet normal 0 -0.148021 0.988984
    outer loop
      vertex -2.4 49.1829 10.9675
      vertex -3 49.3192 10.9879
      vertex -3 49.1829 10.9675
    endloop
  endfacet
  facet normal 0 -0.480228 0.877144
    outer loop
      vertex -3 49.1829 10.9675
      vertex -2.4 49.0713 10.9064
      vertex -2.4 49.1829 10.9675
    endloop
  endfacet
  facet normal 0 -0.480228 0.877144
    outer loop
      vertex -2.4 49.0713 10.9064
      vertex -3 49.1829 10.9675
      vertex -3 49.0713 10.9064
    endloop
  endfacet
  facet normal 0 -0.760942 0.648819
    outer loop
      vertex -3 48.9845 10.8046
      vertex -2.4 49.0713 10.9064
      vertex -3 49.0713 10.9064
    endloop
  endfacet
  facet normal 0 -0.760942 0.648819
    outer loop
      vertex -2.4 49.0713 10.9064
      vertex -3 48.9845 10.8046
      vertex -2.4 48.9845 10.8046
    endloop
  endfacet
  facet normal 0 -0.917407 0.39795
    outer loop
      vertex -3 48.9226 10.6619
      vertex -2.4 48.9845 10.8046
      vertex -3 48.9845 10.8046
    endloop
  endfacet
  facet normal 0 -0.917407 0.39795
    outer loop
      vertex -2.4 48.9845 10.8046
      vertex -3 48.9226 10.6619
      vertex -2.4 48.9226 10.6619
    endloop
  endfacet
  facet normal 0 -0.980022 0.198891
    outer loop
      vertex -3 48.8854 10.4786
      vertex -2.4 48.9226 10.6619
      vertex -3 48.9226 10.6619
    endloop
  endfacet
  facet normal 0 -0.980022 0.198891
    outer loop
      vertex -2.4 48.9226 10.6619
      vertex -3 48.8854 10.4786
      vertex -2.4 48.8854 10.4786
    endloop
  endfacet
  facet normal 0 -0.998473 0.0552479
    outer loop
      vertex -3 48.873 10.2545
      vertex -2.4 48.8854 10.4786
      vertex -3 48.8854 10.4786
    endloop
  endfacet
  facet normal 0 -0.998473 0.0552479
    outer loop
      vertex -2.4 48.8854 10.4786
      vertex -3 48.873 10.2545
      vertex -2.4 48.873 10.2545
    endloop
  endfacet
  facet normal 0 -0.999578 -0.029037
    outer loop
      vertex -3 48.8763 10.1409
      vertex -2.4 48.873 10.2545
      vertex -3 48.873 10.2545
    endloop
  endfacet
  facet normal 0 -0.999578 -0.029037
    outer loop
      vertex -2.4 48.873 10.2545
      vertex -3 48.8763 10.1409
      vertex -2.4 48.8763 10.1409
    endloop
  endfacet
  facet normal 0 -0.995495 -0.0948091
    outer loop
      vertex -3 48.8863 10.0359
      vertex -2.4 48.8763 10.1409
      vertex -3 48.8763 10.1409
    endloop
  endfacet
  facet normal 0 -0.995495 -0.0948091
    outer loop
      vertex -2.4 48.8763 10.1409
      vertex -3 48.8863 10.0359
      vertex -2.4 48.8863 10.0359
    endloop
  endfacet
  facet normal 0 -0.985342 -0.170591
    outer loop
      vertex -3 48.903 9.93944
      vertex -2.4 48.8863 10.0359
      vertex -3 48.8863 10.0359
    endloop
  endfacet
  facet normal 0 -0.985342 -0.170591
    outer loop
      vertex -2.4 48.8863 10.0359
      vertex -3 48.903 9.93944
      vertex -2.4 48.903 9.93944
    endloop
  endfacet
  facet normal 0 -0.96661 -0.256252
    outer loop
      vertex -3 48.9263 9.85155
      vertex -2.4 48.903 9.93944
      vertex -3 48.903 9.93944
    endloop
  endfacet
  facet normal 0 -0.96661 -0.256252
    outer loop
      vertex -2.4 48.903 9.93944
      vertex -3 48.9263 9.85155
      vertex -2.4 48.9263 9.85155
    endloop
  endfacet
  facet normal 0 -0.935712 -0.352765
    outer loop
      vertex -3 48.9562 9.77224
      vertex -2.4 48.9263 9.85155
      vertex -3 48.9263 9.85155
    endloop
  endfacet
  facet normal 0 -0.935712 -0.352765
    outer loop
      vertex -2.4 48.9263 9.85155
      vertex -3 48.9562 9.77224
      vertex -2.4 48.9562 9.77224
    endloop
  endfacet
  facet normal 0 -0.888165 -0.459525
    outer loop
      vertex -3 48.9928 9.7015
      vertex -2.4 48.9562 9.77224
      vertex -3 48.9562 9.77224
    endloop
  endfacet
  facet normal 0 -0.888165 -0.459525
    outer loop
      vertex -2.4 48.9562 9.77224
      vertex -3 48.9928 9.7015
      vertex -2.4 48.9928 9.7015
    endloop
  endfacet
  facet normal 0 -0.819158 -0.573567
    outer loop
      vertex -3 49.0368 9.63866
      vertex -2.4 48.9928 9.7015
      vertex -3 48.9928 9.7015
    endloop
  endfacet
  facet normal 0 -0.819158 -0.573567
    outer loop
      vertex -2.4 48.9928 9.7015
      vertex -3 49.0368 9.63866
      vertex -2.4 49.0368 9.63866
    endloop
  endfacet
  facet normal 0 -0.728862 -0.684661
    outer loop
      vertex -3 49.089 9.58309
      vertex -2.4 49.0368 9.63866
      vertex -3 49.0368 9.63866
    endloop
  endfacet
  facet normal 0 -0.728862 -0.684661
    outer loop
      vertex -2.4 49.0368 9.63866
      vertex -3 49.089 9.58309
      vertex -2.4 49.089 9.58309
    endloop
  endfacet
  facet normal 0 -0.626037 -0.779793
    outer loop
      vertex -3 49.089 9.58309
      vertex -2.4 49.1492 9.53476
      vertex -2.4 49.089 9.58309
    endloop
  endfacet
  facet normal -0 -0.626037 -0.779793
    outer loop
      vertex -2.4 49.1492 9.53476
      vertex -3 49.089 9.58309
      vertex -3 49.1492 9.53476
    endloop
  endfacet
  facet normal 0 -0.515234 -0.85705
    outer loop
      vertex -3 49.1492 9.53476
      vertex -2.4 49.2175 9.4937
      vertex -2.4 49.1492 9.53476
    endloop
  endfacet
  facet normal -0 -0.515234 -0.85705
    outer loop
      vertex -2.4 49.2175 9.4937
      vertex -3 49.1492 9.53476
      vertex -3 49.2175 9.4937
    endloop
  endfacet
  facet normal 0 -0.404241 -0.914653
    outer loop
      vertex -3 49.2175 9.4937
      vertex -2.4 49.294 9.45989
      vertex -2.4 49.2175 9.4937
    endloop
  endfacet
  facet normal -0 -0.404241 -0.914653
    outer loop
      vertex -2.4 49.294 9.45989
      vertex -3 49.2175 9.4937
      vertex -3 49.294 9.45989
    endloop
  endfacet
  facet normal 0 -0.299959 -0.953952
    outer loop
      vertex -3 49.294 9.45989
      vertex -2.4 49.3785 9.43332
      vertex -2.4 49.294 9.45989
    endloop
  endfacet
  facet normal -0 -0.299959 -0.953952
    outer loop
      vertex -2.4 49.3785 9.43332
      vertex -3 49.294 9.45989
      vertex -3 49.3785 9.43332
    endloop
  endfacet
  facet normal 0 -0.986686 0.162637
    outer loop
      vertex -3 49.267 8.75687
      vertex -2.4 49.3785 9.43332
      vertex -3 49.3785 9.43332
    endloop
  endfacet
  facet normal 0 -0.986686 0.162637
    outer loop
      vertex -2.4 49.3785 9.43332
      vertex -3 49.267 8.75687
      vertex -2.4 49.267 8.75687
    endloop
  endfacet
  facet normal -0 0.273767 0.961796
    outer loop
      vertex -3 49.267 8.75687
      vertex -2.4 49.1192 8.79894
      vertex -2.4 49.267 8.75687
    endloop
  endfacet
  facet normal 0 0.273767 0.961796
    outer loop
      vertex -2.4 49.1192 8.79894
      vertex -3 49.267 8.75687
      vertex -3 49.1192 8.79894
    endloop
  endfacet
  facet normal -0 0.387396 0.921914
    outer loop
      vertex -3 49.1192 8.79894
      vertex -2.4 48.9846 8.8555
      vertex -2.4 49.1192 8.79894
    endloop
  endfacet
  facet normal 0 0.387396 0.921914
    outer loop
      vertex -2.4 48.9846 8.8555
      vertex -3 49.1192 8.79894
      vertex -3 48.9846 8.8555
    endloop
  endfacet
  facet normal -0 0.504339 0.863506
    outer loop
      vertex -3 48.9846 8.8555
      vertex -2.4 48.8629 8.92658
      vertex -2.4 48.9846 8.8555
    endloop
  endfacet
  facet normal 0 0.504339 0.863506
    outer loop
      vertex -2.4 48.8629 8.92658
      vertex -3 48.9846 8.8555
      vertex -3 48.8629 8.92658
    endloop
  endfacet
  facet normal -0 0.618901 0.785469
    outer loop
      vertex -3 48.8629 8.92658
      vertex -2.4 48.7543 9.01215
      vertex -2.4 48.8629 8.92658
    endloop
  endfacet
  facet normal 0 0.618901 0.785469
    outer loop
      vertex -2.4 48.7543 9.01215
      vertex -3 48.8629 8.92658
      vertex -3 48.7543 9.01215
    endloop
  endfacet
  facet normal 0 0.723467 0.690359
    outer loop
      vertex -2.4 48.7543 9.01215
      vertex -3 48.6588 9.11223
      vertex -2.4 48.6588 9.11223
    endloop
  endfacet
  facet normal 0 0.723467 0.690359
    outer loop
      vertex -3 48.6588 9.11223
      vertex -2.4 48.7543 9.01215
      vertex -3 48.7543 9.01215
    endloop
  endfacet
  facet normal 0 0.811575 0.584249
    outer loop
      vertex -2.4 48.6588 9.11223
      vertex -3 48.5763 9.22683
      vertex -2.4 48.5763 9.22683
    endloop
  endfacet
  facet normal 0 0.811575 0.584249
    outer loop
      vertex -3 48.5763 9.22683
      vertex -2.4 48.6588 9.11223
      vertex -3 48.6588 9.11223
    endloop
  endfacet
  facet normal 0 0.880903 0.473297
    outer loop
      vertex -2.4 48.5763 9.22683
      vertex -3 48.5067 9.35637
      vertex -2.4 48.5067 9.35637
    endloop
  endfacet
  facet normal 0 0.880903 0.473297
    outer loop
      vertex -3 48.5067 9.35637
      vertex -2.4 48.5763 9.22683
      vertex -3 48.5763 9.22683
    endloop
  endfacet
  facet normal 0 0.930875 0.365338
    outer loop
      vertex -2.4 48.5067 9.35637
      vertex -3 48.4498 9.50135
      vertex -2.4 48.4498 9.50135
    endloop
  endfacet
  facet normal 0 0.930875 0.365338
    outer loop
      vertex -3 48.4498 9.50135
      vertex -2.4 48.5067 9.35637
      vertex -3 48.5067 9.35637
    endloop
  endfacet
  facet normal 0 0.963759 0.266776
    outer loop
      vertex -2.4 48.4498 9.50135
      vertex -3 48.4054 9.66175
      vertex -2.4 48.4054 9.66175
    endloop
  endfacet
  facet normal 0 0.963759 0.266776
    outer loop
      vertex -3 48.4054 9.66175
      vertex -2.4 48.4498 9.50135
      vertex -3 48.4498 9.50135
    endloop
  endfacet
  facet normal 0 0.98423 0.176895
    outer loop
      vertex -2.4 48.4054 9.66175
      vertex -3 48.3738 9.83757
      vertex -2.4 48.3738 9.83757
    endloop
  endfacet
  facet normal 0 0.98423 0.176895
    outer loop
      vertex -3 48.3738 9.83757
      vertex -2.4 48.4054 9.66175
      vertex -3 48.4054 9.66175
    endloop
  endfacet
  facet normal 0 0.9951 0.09887
    outer loop
      vertex -2.4 48.3738 9.83757
      vertex -3 48.3548 10.0288
      vertex -2.4 48.3548 10.0288
    endloop
  endfacet
  facet normal 0 0.9951 0.09887
    outer loop
      vertex -3 48.3548 10.0288
      vertex -2.4 48.3738 9.83757
      vertex -3 48.3738 9.83757
    endloop
  endfacet
  facet normal 0 0.999536 0.0304648
    outer loop
      vertex -2.4 48.3548 10.0288
      vertex -3 48.3485 10.2355
      vertex -2.4 48.3485 10.2355
    endloop
  endfacet
  facet normal 0 0.999536 0.0304648
    outer loop
      vertex -3 48.3485 10.2355
      vertex -2.4 48.3548 10.0288
      vertex -3 48.3548 10.0288
    endloop
  endfacet
  facet normal 0 0.999491 -0.0319128
    outer loop
      vertex -2.4 48.3485 10.2355
      vertex -3 48.3557 10.461
      vertex -2.4 48.3557 10.461
    endloop
  endfacet
  facet normal 0 0.999491 -0.0319128
    outer loop
      vertex -3 48.3557 10.461
      vertex -2.4 48.3485 10.2355
      vertex -3 48.3485 10.2355
    endloop
  endfacet
  facet normal 0 0.990536 -0.137255
    outer loop
      vertex -2.4 48.3582 7.13305
      vertex -3 48.3874 7.34378
      vertex -2.4 48.3874 7.34378
    endloop
  endfacet
  facet normal 0 0.990536 -0.137255
    outer loop
      vertex -3 48.3874 7.34378
      vertex -2.4 48.3582 7.13305
      vertex -3 48.3582 7.13305
    endloop
  endfacet
  facet normal 0 0.96973 -0.244179
    outer loop
      vertex -2.4 48.3874 7.34378
      vertex -3 48.436 7.53679
      vertex -2.4 48.436 7.53679
    endloop
  endfacet
  facet normal 0 0.96973 -0.244179
    outer loop
      vertex -3 48.436 7.53679
      vertex -2.4 48.3874 7.34378
      vertex -3 48.3874 7.34378
    endloop
  endfacet
  facet normal 0 0.93212 -0.362149
    outer loop
      vertex -2.4 48.436 7.53679
      vertex -3 48.5041 7.71207
      vertex -2.4 48.5041 7.71207
    endloop
  endfacet
  facet normal 0 0.93212 -0.362149
    outer loop
      vertex -3 48.5041 7.71207
      vertex -2.4 48.436 7.53679
      vertex -3 48.436 7.53679
    endloop
  endfacet
  facet normal 0 0.874197 -0.485572
    outer loop
      vertex -2.4 48.5041 7.71207
      vertex -3 48.5916 7.8696
      vertex -2.4 48.5916 7.8696
    endloop
  endfacet
  facet normal 0 0.874197 -0.485572
    outer loop
      vertex -3 48.5916 7.8696
      vertex -2.4 48.5041 7.71207
      vertex -3 48.5041 7.71207
    endloop
  endfacet
  facet normal 0 0.794374 -0.607429
    outer loop
      vertex -2.4 48.5916 7.8696
      vertex -3 48.6985 8.0094
      vertex -2.4 48.6985 8.0094
    endloop
  endfacet
  facet normal 0 0.794374 -0.607429
    outer loop
      vertex -3 48.6985 8.0094
      vertex -2.4 48.5916 7.8696
      vertex -3 48.5916 7.8696
    endloop
  endfacet
  facet normal 0 0.693487 -0.720469
    outer loop
      vertex -3 48.6985 8.0094
      vertex -2.4 48.8232 8.12943
      vertex -2.4 48.6985 8.0094
    endloop
  endfacet
  facet normal 0 0.693487 -0.720469
    outer loop
      vertex -2.4 48.8232 8.12943
      vertex -3 48.6985 8.0094
      vertex -3 48.8232 8.12943
    endloop
  endfacet
  facet normal 0 0.572875 -0.819643
    outer loop
      vertex -3 48.8232 8.12943
      vertex -2.4 48.9637 8.22763
      vertex -2.4 48.8232 8.12943
    endloop
  endfacet
  facet normal 0 0.572875 -0.819643
    outer loop
      vertex -2.4 48.9637 8.22763
      vertex -3 48.8232 8.12943
      vertex -3 48.9637 8.22763
    endloop
  endfacet
  facet normal 0 0.438782 -0.898593
    outer loop
      vertex -3 48.9637 8.22763
      vertex -2.4 49.1201 8.304
      vertex -2.4 48.9637 8.22763
    endloop
  endfacet
  facet normal 0 0.438782 -0.898593
    outer loop
      vertex -2.4 49.1201 8.304
      vertex -3 48.9637 8.22763
      vertex -3 49.1201 8.304
    endloop
  endfacet
  facet normal 0 0.301934 -0.953329
    outer loop
      vertex -3 49.1201 8.304
      vertex -2.4 49.2924 8.35857
      vertex -2.4 49.1201 8.304
    endloop
  endfacet
  facet normal 0 0.301934 -0.953329
    outer loop
      vertex -2.4 49.2924 8.35857
      vertex -3 49.1201 8.304
      vertex -3 49.2924 8.35857
    endloop
  endfacet
  facet normal 0 0.171339 -0.985212
    outer loop
      vertex -3 49.2924 8.35857
      vertex -2.4 49.4806 8.3913
      vertex -2.4 49.2924 8.35857
    endloop
  endfacet
  facet normal 0 0.171339 -0.985212
    outer loop
      vertex -2.4 49.4806 8.3913
      vertex -3 49.2924 8.35857
      vertex -3 49.4806 8.3913
    endloop
  endfacet
  facet normal 0 0.053378 -0.998574
    outer loop
      vertex -3 49.4806 8.3913
      vertex -2.4 49.6847 8.40221
      vertex -2.4 49.4806 8.3913
    endloop
  endfacet
  facet normal 0 0.053378 -0.998574
    outer loop
      vertex -2.4 49.6847 8.40221
      vertex -3 49.4806 8.3913
      vertex -3 49.6847 8.40221
    endloop
  endfacet
  facet normal 0 0 -1
    outer loop
      vertex -3 49.6847 8.40221
      vertex -2.4 51.7401 8.40221
      vertex -2.4 49.6847 8.40221
    endloop
  endfacet
  facet normal -0 0 -1
    outer loop
      vertex -2.4 51.7401 8.40221
      vertex -3 49.6847 8.40221
      vertex -3 51.7401 8.40221
    endloop
  endfacet
  facet normal 0 -1 0
    outer loop
      vertex -3 51.7401 7.70203
      vertex -2.4 51.7401 8.40221
      vertex -3 51.7401 8.40221
    endloop
  endfacet
  facet normal 0 -1 -0
    outer loop
      vertex -2.4 51.7401 8.40221
      vertex -3 51.7401 7.70203
      vertex -2.4 51.7401 7.70203
    endloop
  endfacet
  facet normal -0 0 1
    outer loop
      vertex -3 51.7401 7.70203
      vertex -2.4 49.7274 7.70203
      vertex -2.4 51.7401 7.70203
    endloop
  endfacet
  facet normal 0 0 1
    outer loop
      vertex -2.4 49.7274 7.70203
      vertex -3 51.7401 7.70203
      vertex -3 49.7274 7.70203
    endloop
  endfacet
  facet normal 0 -0.0435384 0.999052
    outer loop
      vertex -3 49.7274 7.70203
      vertex -2.4 49.5989 7.69643
      vertex -2.4 49.7274 7.70203
    endloop
  endfacet
  facet normal 0 -0.0435384 0.999052
    outer loop
      vertex -2.4 49.5989 7.69643
      vertex -3 49.7274 7.70203
      vertex -3 49.5989 7.69643
    endloop
  endfacet
  facet normal 0 -0.1408 0.990038
    outer loop
      vertex -3 49.5989 7.69643
      vertex -2.4 49.4807 7.67962
      vertex -2.4 49.5989 7.69643
    endloop
  endfacet
  facet normal 0 -0.1408 0.990038
    outer loop
      vertex -2.4 49.4807 7.67962
      vertex -3 49.5989 7.69643
      vertex -3 49.4807 7.67962
    endloop
  endfacet
  facet normal 0 -0.251567 0.96784
    outer loop
      vertex -3 49.4807 7.67962
      vertex -2.4 49.3729 7.6516
      vertex -2.4 49.4807 7.67962
    endloop
  endfacet
  facet normal 0 -0.251567 0.96784
    outer loop
      vertex -2.4 49.3729 7.6516
      vertex -3 49.4807 7.67962
      vertex -3 49.3729 7.6516
    endloop
  endfacet
  facet normal 0 -0.373277 0.92772
    outer loop
      vertex -3 49.3729 7.6516
      vertex -2.4 49.2754 7.61237
      vertex -2.4 49.3729 7.6516
    endloop
  endfacet
  facet normal 0 -0.373277 0.92772
    outer loop
      vertex -2.4 49.2754 7.61237
      vertex -3 49.3729 7.6516
      vertex -3 49.2754 7.61237
    endloop
  endfacet
  facet normal 0 -0.501064 0.86541
    outer loop
      vertex -3 49.2754 7.61237
      vertex -2.4 49.1883 7.56194
      vertex -2.4 49.2754 7.61237
    endloop
  endfacet
  facet normal 0 -0.501064 0.86541
    outer loop
      vertex -2.4 49.1883 7.56194
      vertex -3 49.2754 7.61237
      vertex -3 49.1883 7.56194
    endloop
  endfacet
  facet normal 0 -0.625994 0.779828
    outer loop
      vertex -3 49.1883 7.56194
      vertex -2.4 49.1115 7.50029
      vertex -2.4 49.1883 7.56194
    endloop
  endfacet
  facet normal 0 -0.625994 0.779828
    outer loop
      vertex -2.4 49.1115 7.50029
      vertex -3 49.1883 7.56194
      vertex -3 49.1115 7.50029
    endloop
  endfacet
  facet normal 0 -0.739429 0.673234
    outer loop
      vertex -3 49.0459 7.42824
      vertex -2.4 49.1115 7.50029
      vertex -3 49.1115 7.50029
    endloop
  endfacet
  facet normal 0 -0.739429 0.673234
    outer loop
      vertex -2.4 49.1115 7.50029
      vertex -3 49.0459 7.42824
      vertex -2.4 49.0459 7.42824
    endloop
  endfacet
  facet normal 0 -0.83559 0.549353
    outer loop
      vertex -3 48.9922 7.34656
      vertex -2.4 49.0459 7.42824
      vertex -3 49.0459 7.42824
    endloop
  endfacet
  facet normal 0 -0.83559 0.549353
    outer loop
      vertex -2.4 49.0459 7.42824
      vertex -3 48.9922 7.34656
      vertex -2.4 48.9922 7.34656
    endloop
  endfacet
  facet normal 0 -0.909272 0.416202
    outer loop
      vertex -3 48.9504 7.25524
      vertex -2.4 48.9922 7.34656
      vertex -3 48.9922 7.34656
    endloop
  endfacet
  facet normal 0 -0.909272 0.416202
    outer loop
      vertex -2.4 48.9922 7.34656
      vertex -3 48.9504 7.25524
      vertex -2.4 48.9504 7.25524
    endloop
  endfacet
  facet normal 0 -0.959062 0.283195
    outer loop
      vertex -3 48.9206 7.15432
      vertex -2.4 48.9504 7.25524
      vertex -3 48.9504 7.25524
    endloop
  endfacet
  facet normal 0 -0.959062 0.283195
    outer loop
      vertex -2.4 48.9504 7.25524
      vertex -3 48.9206 7.15432
      vertex -2.4 48.9206 7.15432
    endloop
  endfacet
  facet normal 0 -0.987148 0.159808
    outer loop
      vertex -3 48.9027 7.04375
      vertex -2.4 48.9206 7.15432
      vertex -3 48.9206 7.15432
    endloop
  endfacet
  facet normal 0 -0.987148 0.159808
    outer loop
      vertex -2.4 48.9206 7.15432
      vertex -3 48.9027 7.04375
      vertex -2.4 48.9027 7.04375
    endloop
  endfacet
  facet normal 0 -0.998756 0.049863
    outer loop
      vertex -3 48.8967 6.92357
      vertex -2.4 48.9027 7.04375
      vertex -3 48.9027 7.04375
    endloop
  endfacet
  facet normal 0 -0.998756 0.049863
    outer loop
      vertex -2.4 48.9027 7.04375
      vertex -3 48.8967 6.92357
      vertex -2.4 48.8967 6.92357
    endloop
  endfacet
  facet normal 0 -0.998814 -0.0486893
    outer loop
      vertex -3 48.9024 6.80664
      vertex -2.4 48.8967 6.92357
      vertex -3 48.8967 6.92357
    endloop
  endfacet
  facet normal 0 -0.998814 -0.0486893
    outer loop
      vertex -2.4 48.8967 6.92357
      vertex -3 48.9024 6.80664
      vertex -2.4 48.9024 6.80664
    endloop
  endfacet
  facet normal 0 -0.987492 -0.157667
    outer loop
      vertex -3 48.9195 6.69954
      vertex -2.4 48.9024 6.80664
      vertex -3 48.9024 6.80664
    endloop
  endfacet
  facet normal 0 -0.987492 -0.157667
    outer loop
      vertex -2.4 48.9024 6.80664
      vertex -3 48.9195 6.69954
      vertex -2.4 48.9195 6.69954
    endloop
  endfacet
  facet normal 0 -0.959656 -0.281178
    outer loop
      vertex -3 48.948 6.60227
      vertex -2.4 48.9195 6.69954
      vertex -3 48.9195 6.69954
    endloop
  endfacet
  facet normal 0 -0.959656 -0.281178
    outer loop
      vertex -2.4 48.9195 6.69954
      vertex -3 48.948 6.60227
      vertex -2.4 48.948 6.60227
    endloop
  endfacet
  facet normal 0 -0.909385 -0.415956
    outer loop
      vertex -3 48.988 6.51482
      vertex -2.4 48.948 6.60227
      vertex -3 48.948 6.60227
    endloop
  endfacet
  facet normal 0 -0.909385 -0.415956
    outer loop
      vertex -2.4 48.948 6.60227
      vertex -3 48.988 6.51482
      vertex -2.4 48.988 6.51482
    endloop
  endfacet
  facet normal 0 -0.834325 -0.551273
    outer loop
      vertex -3 49.0393 6.43718
      vertex -2.4 48.988 6.51482
      vertex -3 48.988 6.51482
    endloop
  endfacet
  facet normal 0 -0.834325 -0.551273
    outer loop
      vertex -2.4 48.988 6.51482
      vertex -3 49.0393 6.43718
      vertex -2.4 49.0393 6.43718
    endloop
  endfacet
  facet normal 0 -0.73423 -0.6789
    outer loop
      vertex -3 49.102 6.36937
      vertex -2.4 49.0393 6.43718
      vertex -3 49.0393 6.43718
    endloop
  endfacet
  facet normal 0 -0.73423 -0.6789
    outer loop
      vertex -2.4 49.0393 6.43718
      vertex -3 49.102 6.36937
      vertex -2.4 49.102 6.36937
    endloop
  endfacet
  facet normal 0 -0.615536 -0.788109
    outer loop
      vertex -3 49.102 6.36937
      vertex -2.4 49.1758 6.31173
      vertex -2.4 49.102 6.36937
    endloop
  endfacet
  facet normal -0 -0.615536 -0.788109
    outer loop
      vertex -2.4 49.1758 6.31173
      vertex -3 49.102 6.36937
      vertex -3 49.1758 6.31173
    endloop
  endfacet
  facet normal 0 -0.488383 -0.87263
    outer loop
      vertex -3 49.1758 6.31173
      vertex -2.4 49.2601 6.26455
      vertex -2.4 49.1758 6.31173
    endloop
  endfacet
  facet normal -0 -0.488383 -0.87263
    outer loop
      vertex -2.4 49.2601 6.26455
      vertex -3 49.1758 6.31173
      vertex -3 49.2601 6.26455
    endloop
  endfacet
  facet normal 0 -0.360275 -0.932846
    outer loop
      vertex -3 49.2601 6.26455
      vertex -2.4 49.3551 6.22786
      vertex -2.4 49.2601 6.26455
    endloop
  endfacet
  facet normal -0 -0.360275 -0.932846
    outer loop
      vertex -2.4 49.3551 6.22786
      vertex -3 49.2601 6.26455
      vertex -3 49.3551 6.22786
    endloop
  endfacet
  facet normal 0 -0.240805 -0.970573
    outer loop
      vertex -3 49.3551 6.22786
      vertex -2.4 49.4607 6.20166
      vertex -2.4 49.3551 6.22786
    endloop
  endfacet
  facet normal -0 -0.240805 -0.970573
    outer loop
      vertex -2.4 49.4607 6.20166
      vertex -3 49.3551 6.22786
      vertex -3 49.4607 6.20166
    endloop
  endfacet
  facet normal 0 -0.134147 -0.990962
    outer loop
      vertex -3 49.4607 6.20166
      vertex -2.4 49.5769 6.18593
      vertex -2.4 49.4607 6.20166
    endloop
  endfacet
  facet normal -0 -0.134147 -0.990962
    outer loop
      vertex -2.4 49.5769 6.18593
      vertex -3 49.4607 6.20166
      vertex -3 49.5769 6.18593
    endloop
  endfacet
  facet normal 0 -0.041211 -0.99915
    outer loop
      vertex -3 49.5769 6.18593
      vertex -2.4 49.7037 6.1807
      vertex -2.4 49.5769 6.18593
    endloop
  endfacet
  facet normal -0 -0.041211 -0.99915
    outer loop
      vertex -2.4 49.7037 6.1807
      vertex -3 49.5769 6.18593
      vertex -3 49.7037 6.1807
    endloop
  endfacet
  facet normal 0 0 -1
    outer loop
      vertex -3 49.7037 6.1807
      vertex -2.4 51.7401 6.1807
      vertex -2.4 49.7037 6.1807
    endloop
  endfacet
  facet normal -0 0 -1
    outer loop
      vertex -2.4 51.7401 6.1807
      vertex -3 49.7037 6.1807
      vertex -3 51.7401 6.1807
    endloop
  endfacet
  facet normal 0 -1 0
    outer loop
      vertex -3 51.7401 5.48052
      vertex -2.4 51.7401 6.1807
      vertex -3 51.7401 6.1807
    endloop
  endfacet
  facet normal 0 -1 -0
    outer loop
      vertex -2.4 51.7401 6.1807
      vertex -3 51.7401 5.48052
      vertex -2.4 51.7401 5.48052
    endloop
  endfacet
  facet normal -0 0 1
    outer loop
      vertex -3 51.7401 5.48052
      vertex -2.4 49.6491 5.48052
      vertex -2.4 51.7401 5.48052
    endloop
  endfacet
  facet normal 0 0 1
    outer loop
      vertex -2.4 49.6491 5.48052
      vertex -3 51.7401 5.48052
      vertex -3 49.6491 5.48052
    endloop
  endfacet
  facet normal -0 0.0506818 0.998715
    outer loop
      vertex -3 49.6491 5.48052
      vertex -2.4 49.4483 5.49071
      vertex -2.4 49.6491 5.48052
    endloop
  endfacet
  facet normal 0 0.0506818 0.998715
    outer loop
      vertex -2.4 49.4483 5.49071
      vertex -3 49.6491 5.48052
      vertex -3 49.4483 5.49071
    endloop
  endfacet
  facet normal -0 0.163186 0.986595
    outer loop
      vertex -3 49.4483 5.49071
      vertex -2.4 49.2636 5.52126
      vertex -2.4 49.4483 5.49071
    endloop
  endfacet
  facet normal 0 0.163186 0.986595
    outer loop
      vertex -2.4 49.2636 5.52126
      vertex -3 49.4483 5.49071
      vertex -3 49.2636 5.52126
    endloop
  endfacet
  facet normal -0 0.289013 0.957325
    outer loop
      vertex -3 49.2636 5.52126
      vertex -2.4 49.0949 5.57219
      vertex -2.4 49.2636 5.52126
    endloop
  endfacet
  facet normal 0 0.289013 0.957325
    outer loop
      vertex -2.4 49.0949 5.57219
      vertex -3 49.2636 5.52126
      vertex -3 49.0949 5.57219
    endloop
  endfacet
  facet normal -0 0.423584 0.905857
    outer loop
      vertex -3 49.0949 5.57219
      vertex -2.4 48.9424 5.6435
      vertex -2.4 49.0949 5.57219
    endloop
  endfacet
  facet normal 0 0.423584 0.905857
    outer loop
      vertex -2.4 48.9424 5.6435
      vertex -3 49.0949 5.57219
      vertex -3 48.9424 5.6435
    endloop
  endfacet
  facet normal -0 0.557518 0.830165
    outer loop
      vertex -3 48.9424 5.6435
      vertex -2.4 48.8059 5.73517
      vertex -2.4 48.9424 5.6435
    endloop
  endfacet
  facet normal 0 0.557518 0.830165
    outer loop
      vertex -2.4 48.8059 5.73517
      vertex -3 48.9424 5.6435
      vertex -3 48.8059 5.73517
    endloop
  endfacet
  facet normal -0 0.681267 0.732035
    outer loop
      vertex -3 48.8059 5.73517
      vertex -2.4 48.6855 5.84722
      vertex -2.4 48.8059 5.73517
    endloop
  endfacet
  facet normal 0 0.681267 0.732035
    outer loop
      vertex -2.4 48.6855 5.84722
      vertex -3 48.8059 5.73517
      vertex -3 48.6855 5.84722
    endloop
  endfacet
  facet normal 0 0.786614 0.617446
    outer loop
      vertex -2.4 48.6855 5.84722
      vertex -3 48.5825 5.97844
      vertex -2.4 48.5825 5.97844
    endloop
  endfacet
  facet normal 0 0.786614 0.617446
    outer loop
      vertex -3 48.5825 5.97844
      vertex -2.4 48.6855 5.84722
      vertex -3 48.6855 5.84722
    endloop
  endfacet
  facet normal 0 0.870931 0.491405
    outer loop
      vertex -2.4 48.5825 5.97844
      vertex -3 48.4983 6.12767
      vertex -2.4 48.4983 6.12767
    endloop
  endfacet
  facet normal 0 0.870931 0.491405
    outer loop
      vertex -3 48.4983 6.12767
      vertex -2.4 48.5825 5.97844
      vertex -3 48.5825 5.97844
    endloop
  endfacet
  facet normal 0 0.930936 0.365182
    outer loop
      vertex -2.4 48.4983 6.12767
      vertex -3 48.4327 6.2949
      vertex -2.4 48.4327 6.2949
    endloop
  endfacet
  facet normal 0 0.930936 0.365182
    outer loop
      vertex -3 48.4327 6.2949
      vertex -2.4 48.4983 6.12767
      vertex -3 48.4983 6.12767
    endloop
  endfacet
  facet normal 0 0.96953 0.244974
    outer loop
      vertex -2.4 48.4327 6.2949
      vertex -3 48.3859 6.48012
      vertex -2.4 48.3859 6.48012
    endloop
  endfacet
  facet normal 0 0.96953 0.244974
    outer loop
      vertex -3 48.3859 6.48012
      vertex -2.4 48.4327 6.2949
      vertex -3 48.4327 6.2949
    endloop
  endfacet
  facet normal 0 0.990575 0.136971
    outer loop
      vertex -2.4 48.3859 6.48012
      vertex -3 48.3578 6.68334
      vertex -2.4 48.3578 6.68334
    endloop
  endfacet
  facet normal 0 0.990575 0.136971
    outer loop
      vertex -3 48.3578 6.68334
      vertex -2.4 48.3859 6.48012
      vertex -3 48.3859 6.48012
    endloop
  endfacet
  facet normal 0 0.999118 0.0420025
    outer loop
      vertex -2.4 48.3578 6.68334
      vertex -3 48.3485 6.90456
      vertex -2.4 48.3485 6.90456
    endloop
  endfacet
  facet normal 0 0.999118 0.0420025
    outer loop
      vertex -3 48.3485 6.90456
      vertex -2.4 48.3578 6.68334
      vertex -3 48.3578 6.68334
    endloop
  endfacet
  facet normal 0 0.9991 -0.0424144
    outer loop
      vertex -2.4 48.3485 6.90456
      vertex -3 48.3582 7.13305
      vertex -2.4 48.3582 7.13305
    endloop
  endfacet
  facet normal 0 0.9991 -0.0424144
    outer loop
      vertex -3 48.3582 7.13305
      vertex -2.4 48.3485 6.90456
      vertex -3 48.3485 6.90456
    endloop
  endfacet
  facet normal 0 0.993481 -0.113997
    outer loop
      vertex -2.4 48.4029 13.9767
      vertex -3 48.4236 14.1571
      vertex -2.4 48.4236 14.1571
    endloop
  endfacet
  facet normal 0 0.993481 -0.113997
    outer loop
      vertex -3 48.4236 14.1571
      vertex -2.4 48.4029 13.9767
      vertex -3 48.4029 13.9767
    endloop
  endfacet
  facet normal 0 0.978862 -0.204521
    outer loop
      vertex -2.4 48.4236 14.1571
      vertex -3 48.4582 14.3227
      vertex -2.4 48.4582 14.3227
    endloop
  endfacet
  facet normal 0 0.978862 -0.204521
    outer loop
      vertex -3 48.4582 14.3227
      vertex -2.4 48.4236 14.1571
      vertex -3 48.4236 14.1571
    endloop
  endfacet
  facet normal 0 0.952035 -0.305989
    outer loop
      vertex -2.4 48.4582 14.3227
      vertex -3 48.5067 14.4736
      vertex -2.4 48.5067 14.4736
    endloop
  endfacet
  facet normal 0 0.952035 -0.305989
    outer loop
      vertex -3 48.5067 14.4736
      vertex -2.4 48.4582 14.3227
      vertex -3 48.4582 14.3227
    endloop
  endfacet
  facet normal 0 0.909265 -0.416218
    outer loop
      vertex -2.4 48.5067 14.4736
      vertex -3 48.569 14.6097
      vertex -2.4 48.569 14.6097
    endloop
  endfacet
  facet normal 0 0.909265 -0.416218
    outer loop
      vertex -3 48.569 14.6097
      vertex -2.4 48.5067 14.4736
      vertex -3 48.5067 14.4736
    endloop
  endfacet
  facet normal 0 0.847095 -0.531442
    outer loop
      vertex -2.4 48.569 14.6097
      vertex -3 48.6451 14.731
      vertex -2.4 48.6451 14.731
    endloop
  endfacet
  facet normal 0 0.847095 -0.531442
    outer loop
      vertex -3 48.6451 14.731
      vertex -2.4 48.569 14.6097
      vertex -3 48.569 14.6097
    endloop
  endfacet
  facet normal 0 0.761363 -0.648326
    outer loop
      vertex -2.4 48.6451 14.731
      vertex -3 48.734 14.8354
      vertex -2.4 48.734 14.8354
    endloop
  endfacet
  facet normal 0 0.761363 -0.648326
    outer loop
      vertex -3 48.734 14.8354
      vertex -2.4 48.6451 14.731
      vertex -3 48.6451 14.731
    endloop
  endfacet
  facet normal 0 0.648662 -0.761077
    outer loop
      vertex -3 48.734 14.8354
      vertex -2.4 48.8342 14.9208
      vertex -2.4 48.734 14.8354
    endloop
  endfacet
  facet normal 0 0.648662 -0.761077
    outer loop
      vertex -2.4 48.8342 14.9208
      vertex -3 48.734 14.8354
      vertex -3 48.8342 14.9208
    endloop
  endfacet
  facet normal 0 0.511214 -0.859454
    outer loop
      vertex -3 48.8342 14.9208
      vertex -2.4 48.946 14.9873
      vertex -2.4 48.8342 14.9208
    endloop
  endfacet
  facet normal 0 0.511214 -0.859454
    outer loop
      vertex -2.4 48.946 14.9873
      vertex -3 48.8342 14.9208
      vertex -3 48.946 14.9873
    endloop
  endfacet
  facet normal 0 0.35974 -0.933053
    outer loop
      vertex -3 48.946 14.9873
      vertex -2.4 49.0692 15.0348
      vertex -2.4 48.946 14.9873
    endloop
  endfacet
  facet normal 0 0.35974 -0.933053
    outer loop
      vertex -2.4 49.0692 15.0348
      vertex -3 48.946 14.9873
      vertex -3 49.0692 15.0348
    endloop
  endfacet
  facet normal 0 0.206999 -0.978341
    outer loop
      vertex -3 49.0692 15.0348
      vertex -2.4 49.2039 15.0633
      vertex -2.4 49.0692 15.0348
    endloop
  endfacet
  facet normal 0 0.206999 -0.978341
    outer loop
      vertex -2.4 49.2039 15.0633
      vertex -3 49.0692 15.0348
      vertex -3 49.2039 15.0633
    endloop
  endfacet
  facet normal 0 0.064163 -0.997939
    outer loop
      vertex -3 49.2039 15.0633
      vertex -2.4 49.3501 15.0727
      vertex -2.4 49.2039 15.0633
    endloop
  endfacet
  facet normal 0 0.064163 -0.997939
    outer loop
      vertex -2.4 49.3501 15.0727
      vertex -3 49.2039 15.0633
      vertex -3 49.3501 15.0727
    endloop
  endfacet
  facet normal 0 -0.0534625 -0.99857
    outer loop
      vertex -3 49.3501 15.0727
      vertex -2.4 49.4603 15.0668
      vertex -2.4 49.3501 15.0727
    endloop
  endfacet
  facet normal -0 -0.0534625 -0.99857
    outer loop
      vertex -2.4 49.4603 15.0668
      vertex -3 49.3501 15.0727
      vertex -3 49.4603 15.0668
    endloop
  endfacet
  facet normal 0 -0.169843 -0.985471
    outer loop
      vertex -3 49.4603 15.0668
      vertex -2.4 49.563 15.0491
      vertex -2.4 49.4603 15.0668
    endloop
  endfacet
  facet normal -0 -0.169843 -0.985471
    outer loop
      vertex -2.4 49.563 15.0491
      vertex -3 49.4603 15.0668
      vertex -3 49.563 15.0491
    endloop
  endfacet
  facet normal 0 -0.295706 -0.955279
    outer loop
      vertex -3 49.563 15.0491
      vertex -2.4 49.6583 15.0196
      vertex -2.4 49.563 15.0491
    endloop
  endfacet
  facet normal -0 -0.295706 -0.955279
    outer loop
      vertex -2.4 49.6583 15.0196
      vertex -3 49.563 15.0491
      vertex -3 49.6583 15.0196
    endloop
  endfacet
  facet normal 0 -0.425251 -0.905075
    outer loop
      vertex -3 49.6583 15.0196
      vertex -2.4 49.7462 14.9783
      vertex -2.4 49.6583 15.0196
    endloop
  endfacet
  facet normal -0 -0.425251 -0.905075
    outer loop
      vertex -2.4 49.7462 14.9783
      vertex -3 49.6583 15.0196
      vertex -3 49.7462 14.9783
    endloop
  endfacet
  facet normal 0 -0.551102 -0.834438
    outer loop
      vertex -3 49.7462 14.9783
      vertex -2.4 49.8266 14.9252
      vertex -2.4 49.7462 14.9783
    endloop
  endfacet
  facet normal -0 -0.551102 -0.834438
    outer loop
      vertex -2.4 49.8266 14.9252
      vertex -3 49.7462 14.9783
      vertex -3 49.8266 14.9252
    endloop
  endfacet
  facet normal 0 -0.664936 -0.7469
    outer loop
      vertex -3 49.8266 14.9252
      vertex -2.4 49.8995 14.8603
      vertex -2.4 49.8266 14.9252
    endloop
  endfacet
  facet normal -0 -0.664936 -0.7469
    outer loop
      vertex -2.4 49.8995 14.8603
      vertex -3 49.8266 14.9252
      vertex -3 49.8995 14.8603
    endloop
  endfacet
  facet normal 0 -0.761371 -0.648316
    outer loop
      vertex -3 49.9643 14.7842
      vertex -2.4 49.8995 14.8603
      vertex -3 49.8995 14.8603
    endloop
  endfacet
  facet normal 0 -0.761371 -0.648316
    outer loop
      vertex -2.4 49.8995 14.8603
      vertex -3 49.9643 14.7842
      vertex -2.4 49.9643 14.7842
    endloop
  endfacet
  facet normal 0 -0.841304 -0.540562
    outer loop
      vertex -3 50.0202 14.6972
      vertex -2.4 49.9643 14.7842
      vertex -3 49.9643 14.7842
    endloop
  endfacet
  facet normal 0 -0.841304 -0.540562
    outer loop
      vertex -2.4 49.9643 14.7842
      vertex -3 50.0202 14.6972
      vertex -2.4 50.0202 14.6972
    endloop
  endfacet
  facet normal 0 -0.901336 -0.433121
    outer loop
      vertex -3 50.0671 14.5996
      vertex -2.4 50.0202 14.6972
      vertex -3 50.0202 14.6972
    endloop
  endfacet
  facet normal 0 -0.901336 -0.433121
    outer loop
      vertex -2.4 50.0202 14.6972
      vertex -3 50.0671 14.5996
      vertex -2.4 50.0671 14.5996
    endloop
  endfacet
  facet normal 0 -0.943519 -0.331319
    outer loop
      vertex -3 50.1052 14.4911
      vertex -2.4 50.0671 14.5996
      vertex -3 50.0671 14.5996
    endloop
  endfacet
  facet normal 0 -0.943519 -0.331319
    outer loop
      vertex -2.4 50.0671 14.5996
      vertex -3 50.1052 14.4911
      vertex -2.4 50.1052 14.4911
    endloop
  endfacet
  facet normal 0 -0.971236 -0.23812
    outer loop
      vertex -3 50.1344 14.372
      vertex -2.4 50.1052 14.4911
      vertex -3 50.1052 14.4911
    endloop
  endfacet
  facet normal 0 -0.971236 -0.23812
    outer loop
      vertex -2.4 50.1052 14.4911
      vertex -3 50.1344 14.372
      vertex -2.4 50.1344 14.372
    endloop
  endfacet
  facet normal 0 -0.988124 -0.153657
    outer loop
      vertex -3 50.1546 14.2421
      vertex -2.4 50.1344 14.372
      vertex -3 50.1344 14.372
    endloop
  endfacet
  facet normal 0 -0.988124 -0.153657
    outer loop
      vertex -2.4 50.1344 14.372
      vertex -3 50.1546 14.2421
      vertex -2.4 50.1546 14.2421
    endloop
  endfacet
  facet normal 0 0.968461 -0.249167
    outer loop
      vertex -2.4 50.1546 14.2421
      vertex -3 50.1811 14.3451
      vertex -2.4 50.1811 14.3451
    endloop
  endfacet
  facet normal 0 0.968461 -0.249167
    outer loop
      vertex -3 50.1811 14.3451
      vertex -2.4 50.1546 14.2421
      vertex -3 50.1546 14.2421
    endloop
  endfacet
  facet normal 0 0.941742 -0.336336
    outer loop
      vertex -2.4 50.1811 14.3451
      vertex -3 50.2146 14.4389
      vertex -2.4 50.2146 14.4389
    endloop
  endfacet
  facet normal 0 0.941742 -0.336336
    outer loop
      vertex -3 50.2146 14.4389
      vertex -2.4 50.1811 14.3451
      vertex -3 50.1811 14.3451
    endloop
  endfacet
  facet normal 0 0.901756 -0.432246
    outer loop
      vertex -2.4 50.2146 14.4389
      vertex -3 50.2552 14.5236
      vertex -2.4 50.2552 14.5236
    endloop
  endfacet
  facet normal 0 0.901756 -0.432246
    outer loop
      vertex -3 50.2552 14.5236
      vertex -2.4 50.2146 14.4389
      vertex -3 50.2146 14.4389
    endloop
  endfacet
  facet normal 0 0.845409 -0.534119
    outer loop
      vertex -2.4 50.2552 14.5236
      vertex -3 50.3029 14.5991
      vertex -2.4 50.3029 14.5991
    endloop
  endfacet
  facet normal 0 0.845409 -0.534119
    outer loop
      vertex -3 50.3029 14.5991
      vertex -2.4 50.2552 14.5236
      vertex -3 50.2552 14.5236
    endloop
  endfacet
  facet normal 0 0.7724 -0.635136
    outer loop
      vertex -2.4 50.3029 14.5991
      vertex -3 50.3575 14.6655
      vertex -2.4 50.3575 14.6655
    endloop
  endfacet
  facet normal 0 0.7724 -0.635136
    outer loop
      vertex -3 50.3575 14.6655
      vertex -2.4 50.3029 14.5991
      vertex -3 50.3029 14.5991
    endloop
  endfacet
  facet normal 0 0.678626 -0.734484
    outer loop
      vertex -3 50.3575 14.6655
      vertex -2.4 50.4193 14.7226
      vertex -2.4 50.3575 14.6655
    endloop
  endfacet
  facet normal 0 0.678626 -0.734484
    outer loop
      vertex -2.4 50.4193 14.7226
      vertex -3 50.3575 14.6655
      vertex -3 50.4193 14.7226
    endloop
  endfacet
  facet normal 0 0.580783 -0.814058
    outer loop
      vertex -3 50.4193 14.7226
      vertex -2.4 50.487 14.7709
      vertex -2.4 50.4193 14.7226
    endloop
  endfacet
  facet normal 0 0.580783 -0.814058
    outer loop
      vertex -2.4 50.487 14.7709
      vertex -3 50.4193 14.7226
      vertex -3 50.487 14.7709
    endloop
  endfacet
  facet normal 0 0.476478 -0.879186
    outer loop
      vertex -3 50.487 14.7709
      vertex -2.4 50.5597 14.8103
      vertex -2.4 50.487 14.7709
    endloop
  endfacet
  facet normal 0 0.476478 -0.879186
    outer loop
      vertex -2.4 50.5597 14.8103
      vertex -3 50.487 14.7709
      vertex -3 50.5597 14.8103
    endloop
  endfacet
  facet normal 0 0.367876 -0.929875
    outer loop
      vertex -3 50.5597 14.8103
      vertex -2.4 50.6373 14.841
      vertex -2.4 50.5597 14.8103
    endloop
  endfacet
  facet normal 0 0.367876 -0.929875
    outer loop
      vertex -2.4 50.6373 14.841
      vertex -3 50.5597 14.8103
      vertex -3 50.6373 14.841
    endloop
  endfacet
  facet normal 0 0.256279 -0.966603
    outer loop
      vertex -3 50.6373 14.841
      vertex -2.4 50.7199 14.8629
      vertex -2.4 50.6373 14.841
    endloop
  endfacet
  facet normal 0 0.256279 -0.966603
    outer loop
      vertex -2.4 50.7199 14.8629
      vertex -3 50.6373 14.841
      vertex -3 50.7199 14.8629
    endloop
  endfacet
  facet normal 0 0.149169 -0.988812
    outer loop
      vertex -3 50.7199 14.8629
      vertex -2.4 50.8074 14.8761
      vertex -2.4 50.7199 14.8629
    endloop
  endfacet
  facet normal 0 0.149169 -0.988812
    outer loop
      vertex -2.4 50.8074 14.8761
      vertex -3 50.7199 14.8629
      vertex -3 50.8074 14.8761
    endloop
  endfacet
  facet normal 0 0.0475138 -0.998871
    outer loop
      vertex -3 50.8074 14.8761
      vertex -2.4 50.8999 14.8805
      vertex -2.4 50.8074 14.8761
    endloop
  endfacet
  facet normal 0 0.0475138 -0.998871
    outer loop
      vertex -2.4 50.8999 14.8805
      vertex -3 50.8074 14.8761
      vertex -3 50.8999 14.8805
    endloop
  endfacet
  facet normal 0 -0.0653719 -0.997861
    outer loop
      vertex -3 50.8999 14.8805
      vertex -2.4 51.0327 14.8718
      vertex -2.4 50.8999 14.8805
    endloop
  endfacet
  facet normal -0 -0.0653719 -0.997861
    outer loop
      vertex -2.4 51.0327 14.8718
      vertex -3 50.8999 14.8805
      vertex -3 51.0327 14.8718
    endloop
  endfacet
  facet normal 0 -0.211395 -0.977401
    outer loop
      vertex -3 51.0327 14.8718
      vertex -2.4 51.1543 14.8455
      vertex -2.4 51.0327 14.8718
    endloop
  endfacet
  facet normal -0 -0.211395 -0.977401
    outer loop
      vertex -2.4 51.1543 14.8455
      vertex -3 51.0327 14.8718
      vertex -3 51.1543 14.8455
    endloop
  endfacet
  facet normal 0 -0.367896 -0.929867
    outer loop
      vertex -3 51.1543 14.8455
      vertex -2.4 51.2645 14.8019
      vertex -2.4 51.1543 14.8455
    endloop
  endfacet
  facet normal -0 -0.367896 -0.929867
    outer loop
      vertex -2.4 51.2645 14.8019
      vertex -3 51.1543 14.8455
      vertex -3 51.2645 14.8019
    endloop
  endfacet
  facet normal 0 -0.525822 -0.850595
    outer loop
      vertex -3 51.2645 14.8019
      vertex -2.4 51.3635 14.7407
      vertex -2.4 51.2645 14.8019
    endloop
  endfacet
  facet normal -0 -0.525822 -0.850595
    outer loop
      vertex -2.4 51.3635 14.7407
      vertex -3 51.2645 14.8019
      vertex -3 51.3635 14.7407
    endloop
  endfacet
  facet normal 0 -0.667415 -0.744686
    outer loop
      vertex -3 51.3635 14.7407
      vertex -2.4 51.4512 14.6621
      vertex -2.4 51.3635 14.7407
    endloop
  endfacet
  facet normal -0 -0.667415 -0.744686
    outer loop
      vertex -2.4 51.4512 14.6621
      vertex -3 51.3635 14.7407
      vertex -3 51.4512 14.6621
    endloop
  endfacet
  facet normal 0 -0.782376 -0.622807
    outer loop
      vertex -3 51.5277 14.566
      vertex -2.4 51.4512 14.6621
      vertex -3 51.4512 14.6621
    endloop
  endfacet
  facet normal 0 -0.782376 -0.622807
    outer loop
      vertex -2.4 51.4512 14.6621
      vertex -3 51.5277 14.566
      vertex -2.4 51.5277 14.566
    endloop
  endfacet
  facet normal 0 -0.867345 -0.497707
    outer loop
      vertex -3 51.5926 14.4529
      vertex -2.4 51.5277 14.566
      vertex -3 51.5277 14.566
    endloop
  endfacet
  facet normal 0 -0.867345 -0.497707
    outer loop
      vertex -2.4 51.5277 14.566
      vertex -3 51.5926 14.4529
      vertex -2.4 51.5926 14.4529
    endloop
  endfacet
  facet normal 0 -0.925342 -0.379133
    outer loop
      vertex -3 51.6457 14.3233
      vertex -2.4 51.5926 14.4529
      vertex -3 51.5926 14.4529
    endloop
  endfacet
  facet normal 0 -0.925342 -0.379133
    outer loop
      vertex -2.4 51.5926 14.4529
      vertex -3 51.6457 14.3233
      vertex -2.4 51.6457 14.3233
    endloop
  endfacet
  facet normal 0 -0.962339 -0.271851
    outer loop
      vertex -3 51.687 14.1771
      vertex -2.4 51.6457 14.3233
      vertex -3 51.6457 14.3233
    endloop
  endfacet
  facet normal 0 -0.962339 -0.271851
    outer loop
      vertex -2.4 51.6457 14.3233
      vertex -3 51.687 14.1771
      vertex -2.4 51.687 14.1771
    endloop
  endfacet
  facet normal 0 -0.983976 -0.1783
    outer loop
      vertex -3 51.7165 14.0143
      vertex -2.4 51.687 14.1771
      vertex -3 51.687 14.1771
    endloop
  endfacet
  facet normal 0 -0.983976 -0.1783
    outer loop
      vertex -2.4 51.687 14.1771
      vertex -3 51.7165 14.0143
      vertex -2.4 51.7165 14.0143
    endloop
  endfacet
  facet normal 0 -0.995163 -0.0982397
    outer loop
      vertex -3 51.7342 13.835
      vertex -2.4 51.7165 14.0143
      vertex -3 51.7165 14.0143
    endloop
  endfacet
  facet normal 0 -0.995163 -0.0982397
    outer loop
      vertex -2.4 51.7165 14.0143
      vertex -3 51.7342 13.835
      vertex -2.4 51.7342 13.835
    endloop
  endfacet
  facet normal 0 -0.999546 -0.0301191
    outer loop
      vertex -3 51.7401 13.6392
      vertex -2.4 51.7342 13.835
      vertex -3 51.7342 13.835
    endloop
  endfacet
  facet normal 0 -0.999546 -0.0301191
    outer loop
      vertex -2.4 51.7342 13.835
      vertex -3 51.7401 13.6392
      vertex -2.4 51.7401 13.6392
    endloop
  endfacet
  facet normal 0 -1 0
    outer loop
      vertex -3 51.7401 12.1083
      vertex -2.4 51.7401 13.6392
      vertex -3 51.7401 13.6392
    endloop
  endfacet
  facet normal 0 -1 -0
    outer loop
      vertex -2.4 51.7401 13.6392
      vertex -3 51.7401 12.1083
      vertex -2.4 51.7401 12.1083
    endloop
  endfacet
  facet normal -0 0 1
    outer loop
      vertex -3 51.7401 12.1083
      vertex -2.4 48.396 12.1083
      vertex -2.4 51.7401 12.1083
    endloop
  endfacet
  facet normal 0 0 1
    outer loop
      vertex -2.4 48.396 12.1083
      vertex -3 51.7401 12.1083
      vertex -3 48.396 12.1083
    endloop
  endfacet
  facet normal 0 1 -0
    outer loop
      vertex -2.4 48.396 12.1083
      vertex -3 48.396 13.7816
      vertex -2.4 48.396 13.7816
    endloop
  endfacet
  facet normal 0 1 0
    outer loop
      vertex -3 48.396 13.7816
      vertex -2.4 48.396 12.1083
      vertex -3 48.396 12.1083
    endloop
  endfacet
  facet normal 0 0.999375 -0.0353444
    outer loop
      vertex -2.4 48.396 13.7816
      vertex -3 48.4029 13.9767
      vertex -2.4 48.4029 13.9767
    endloop
  endfacet
  facet normal 0 0.999375 -0.0353444
    outer loop
      vertex -3 48.4029 13.9767
      vertex -2.4 48.396 13.7816
      vertex -3 48.396 13.7816
    endloop
  endfacet
  facet normal 0 0 -1
    outer loop
      vertex -3 50.392 12.8085
      vertex -2.4 51.2203 12.8085
      vertex -2.4 50.392 12.8085
    endloop
  endfacet
  facet normal -0 0 -1
    outer loop
      vertex -2.4 51.2203 12.8085
      vertex -3 50.392 12.8085
      vertex -3 51.2203 12.8085
    endloop
  endfacet
  facet normal 0 1 -0
    outer loop
      vertex -2.4 51.2203 12.8085
      vertex -3 51.2203 13.606
      vertex -2.4 51.2203 13.606
    endloop
  endfacet
  facet normal 0 1 0
    outer loop
      vertex -3 51.2203 13.606
      vertex -2.4 51.2203 12.8085
      vertex -3 51.2203 12.8085
    endloop
  endfacet
  facet normal 0 0.999585 0.0288129
    outer loop
      vertex -2.4 51.2203 13.606
      vertex -3 51.2177 13.6962
      vertex -2.4 51.2177 13.6962
    endloop
  endfacet
  facet normal 0 0.999585 0.0288129
    outer loop
      vertex -3 51.2177 13.6962
      vertex -2.4 51.2203 13.606
      vertex -3 51.2203 13.606
    endloop
  endfacet
  facet normal 0 0.995457 0.0952072
    outer loop
      vertex -2.4 51.2177 13.6962
      vertex -3 51.2098 13.7788
      vertex -2.4 51.2098 13.7788
    endloop
  endfacet
  facet normal 0 0.995457 0.0952072
    outer loop
      vertex -3 51.2098 13.7788
      vertex -2.4 51.2177 13.6962
      vertex -3 51.2177 13.6962
    endloop
  endfacet
  facet normal 0 0.984823 0.17356
    outer loop
      vertex -2.4 51.2098 13.7788
      vertex -3 51.1966 13.8537
      vertex -2.4 51.1966 13.8537
    endloop
  endfacet
  facet normal 0 0.984823 0.17356
    outer loop
      vertex -3 51.1966 13.8537
      vertex -2.4 51.2098 13.7788
      vertex -3 51.2098 13.7788
    endloop
  endfacet
  facet normal 0 0.964031 0.265791
    outer loop
      vertex -2.4 51.1966 13.8537
      vertex -3 51.1781 13.9208
      vertex -2.4 51.1781 13.9208
    endloop
  endfacet
  facet normal 0 0.964031 0.265791
    outer loop
      vertex -3 51.1781 13.9208
      vertex -2.4 51.1966 13.8537
      vertex -3 51.1966 13.8537
    endloop
  endfacet
  facet normal 0 0.929014 0.370044
    outer loop
      vertex -2.4 51.1781 13.9208
      vertex -3 51.1544 13.9803
      vertex -2.4 51.1544 13.9803
    endloop
  endfacet
  facet normal 0 0.929014 0.370044
    outer loop
      vertex -3 51.1544 13.9803
      vertex -2.4 51.1781 13.9208
      vertex -3 51.1781 13.9208
    endloop
  endfacet
  facet normal 0 0.872161 0.48922
    outer loop
      vertex -2.4 51.1544 13.9803
      vertex -3 51.1254 14.032
      vertex -2.4 51.1254 14.032
    endloop
  endfacet
  facet normal 0 0.872161 0.48922
    outer loop
      vertex -3 51.1254 14.032
      vertex -2.4 51.1544 13.9803
      vertex -3 51.1544 13.9803
    endloop
  endfacet
  facet normal 0 0.779308 0.626641
    outer loop
      vertex -2.4 51.1254 14.032
      vertex -3 51.0901 14.0759
      vertex -2.4 51.0901 14.0759
    endloop
  endfacet
  facet normal 0 0.779308 0.626641
    outer loop
      vertex -3 51.0901 14.0759
      vertex -2.4 51.1254 14.032
      vertex -3 51.1254 14.032
    endloop
  endfacet
  facet normal -0 0.645297 0.763931
    outer loop
      vertex -3 51.0901 14.0759
      vertex -2.4 51.0476 14.1118
      vertex -2.4 51.0901 14.0759
    endloop
  endfacet
  facet normal 0 0.645297 0.763931
    outer loop
      vertex -2.4 51.0476 14.1118
      vertex -3 51.0901 14.0759
      vertex -3 51.0476 14.1118
    endloop
  endfacet
  facet normal -0 0.488763 0.872416
    outer loop
      vertex -3 51.0476 14.1118
      vertex -2.4 50.9978 14.1397
      vertex -2.4 51.0476 14.1118
    endloop
  endfacet
  facet normal 0 0.488763 0.872416
    outer loop
      vertex -2.4 50.9978 14.1397
      vertex -3 51.0476 14.1118
      vertex -3 50.9978 14.1397
    endloop
  endfacet
  facet normal -0 0.329613 0.944116
    outer loop
      vertex -3 50.9978 14.1397
      vertex -2.4 50.9408 14.1596
      vertex -2.4 50.9978 14.1397
    endloop
  endfacet
  facet normal 0 0.329613 0.944116
    outer loop
      vertex -2.4 50.9408 14.1596
      vertex -3 50.9978 14.1397
      vertex -3 50.9408 14.1596
    endloop
  endfacet
  facet normal -0 0.183458 0.983028
    outer loop
      vertex -3 50.9408 14.1596
      vertex -2.4 50.8765 14.1716
      vertex -2.4 50.9408 14.1596
    endloop
  endfacet
  facet normal 0 0.183458 0.983028
    outer loop
      vertex -2.4 50.8765 14.1716
      vertex -3 50.9408 14.1596
      vertex -3 50.8765 14.1716
    endloop
  endfacet
  facet normal -0 0.0558567 0.998439
    outer loop
      vertex -3 50.8765 14.1716
      vertex -2.4 50.805 14.1756
      vertex -2.4 50.8765 14.1716
    endloop
  endfacet
  facet normal 0 0.0558567 0.998439
    outer loop
      vertex -2.4 50.805 14.1756
      vertex -3 50.8765 14.1716
      vertex -3 50.805 14.1756
    endloop
  endfacet
  facet normal 0 -0.0559727 0.998432
    outer loop
      vertex -3 50.805 14.1756
      vertex -2.4 50.739 14.1719
      vertex -2.4 50.805 14.1756
    endloop
  endfacet
  facet normal 0 -0.0559727 0.998432
    outer loop
      vertex -2.4 50.739 14.1719
      vertex -3 50.805 14.1756
      vertex -3 50.739 14.1719
    endloop
  endfacet
  facet normal 0 -0.182908 0.98313
    outer loop
      vertex -3 50.739 14.1719
      vertex -2.4 50.6788 14.1607
      vertex -2.4 50.739 14.1719
    endloop
  endfacet
  facet normal 0 -0.182908 0.98313
    outer loop
      vertex -2.4 50.6788 14.1607
      vertex -3 50.739 14.1719
      vertex -3 50.6788 14.1607
    endloop
  endfacet
  facet normal 0 -0.322992 0.946402
    outer loop
      vertex -3 50.6788 14.1607
      vertex -2.4 50.6243 14.1421
      vertex -2.4 50.6788 14.1607
    endloop
  endfacet
  facet normal 0 -0.322992 0.946402
    outer loop
      vertex -2.4 50.6243 14.1421
      vertex -3 50.6788 14.1607
      vertex -3 50.6243 14.1421
    endloop
  endfacet
  facet normal 0 -0.47162 0.881802
    outer loop
      vertex -3 50.6243 14.1421
      vertex -2.4 50.5755 14.116
      vertex -2.4 50.6243 14.1421
    endloop
  endfacet
  facet normal 0 -0.47162 0.881802
    outer loop
      vertex -2.4 50.5755 14.116
      vertex -3 50.6243 14.1421
      vertex -3 50.5755 14.116
    endloop
  endfacet
  facet normal 0 -0.615715 0.787969
    outer loop
      vertex -3 50.5755 14.116
      vertex -2.4 50.5325 14.0824
      vertex -2.4 50.5755 14.116
    endloop
  endfacet
  facet normal 0 -0.615715 0.787969
    outer loop
      vertex -2.4 50.5325 14.0824
      vertex -3 50.5755 14.116
      vertex -3 50.5325 14.0824
    endloop
  endfacet
  facet normal 0 -0.738876 0.673841
    outer loop
      vertex -3 50.4952 14.0415
      vertex -2.4 50.5325 14.0824
      vertex -3 50.5325 14.0824
    endloop
  endfacet
  facet normal 0 -0.738876 0.673841
    outer loop
      vertex -2.4 50.5325 14.0824
      vertex -3 50.4952 14.0415
      vertex -2.4 50.4952 14.0415
    endloop
  endfacet
  facet normal 0 -0.842178 0.539199
    outer loop
      vertex -3 50.4637 13.9923
      vertex -2.4 50.4952 14.0415
      vertex -3 50.4952 14.0415
    endloop
  endfacet
  facet normal 0 -0.842178 0.539199
    outer loop
      vertex -2.4 50.4952 14.0415
      vertex -3 50.4637 13.9923
      vertex -2.4 50.4637 13.9923
    endloop
  endfacet
  facet normal 0 -0.914457 0.404683
    outer loop
      vertex -3 50.4379 13.934
      vertex -2.4 50.4637 13.9923
      vertex -3 50.4637 13.9923
    endloop
  endfacet
  facet normal 0 -0.914457 0.404683
    outer loop
      vertex -2.4 50.4637 13.9923
      vertex -3 50.4379 13.934
      vertex -2.4 50.4379 13.934
    endloop
  endfacet
  facet normal 0 -0.958178 0.286172
    outer loop
      vertex -3 50.4178 13.8667
      vertex -2.4 50.4379 13.934
      vertex -3 50.4379 13.934
    endloop
  endfacet
  facet normal 0 -0.958178 0.286172
    outer loop
      vertex -2.4 50.4379 13.934
      vertex -3 50.4178 13.8667
      vertex -2.4 50.4178 13.8667
    endloop
  endfacet
  facet normal 0 -0.982887 0.184211
    outer loop
      vertex -3 50.4035 13.7904
      vertex -2.4 50.4178 13.8667
      vertex -3 50.4178 13.8667
    endloop
  endfacet
  facet normal 0 -0.982887 0.184211
    outer loop
      vertex -2.4 50.4178 13.8667
      vertex -3 50.4035 13.7904
      vertex -2.4 50.4035 13.7904
    endloop
  endfacet
  facet normal 0 -0.994956 0.100312
    outer loop
      vertex -3 50.3949 13.7051
      vertex -2.4 50.4035 13.7904
      vertex -3 50.4035 13.7904
    endloop
  endfacet
  facet normal 0 -0.994956 0.100312
    outer loop
      vertex -2.4 50.4035 13.7904
      vertex -3 50.3949 13.7051
      vertex -2.4 50.3949 13.7051
    endloop
  endfacet
  facet normal 0 -0.999528 0.0307059
    outer loop
      vertex -3 50.392 13.6107
      vertex -2.4 50.3949 13.7051
      vertex -3 50.3949 13.7051
    endloop
  endfacet
  facet normal 0 -0.999528 0.0307059
    outer loop
      vertex -2.4 50.3949 13.7051
      vertex -3 50.392 13.6107
      vertex -2.4 50.392 13.6107
    endloop
  endfacet
  facet normal 0 -1 0
    outer loop
      vertex -3 50.392 12.8085
      vertex -2.4 50.392 13.6107
      vertex -3 50.392 13.6107
    endloop
  endfacet
  facet normal 0 -1 -0
    outer loop
      vertex -2.4 50.392 13.6107
      vertex -3 50.392 12.8085
      vertex -2.4 50.392 12.8085
    endloop
  endfacet
  facet normal 0 0 -1
    outer loop
      vertex -3 48.9157 12.8085
      vertex -2.4 49.8746 12.8085
      vertex -2.4 48.9157 12.8085
    endloop
  endfacet
  facet normal -0 0 -1
    outer loop
      vertex -2.4 49.8746 12.8085
      vertex -3 48.9157 12.8085
      vertex -3 49.8746 12.8085
    endloop
  endfacet
  facet normal 0 1 -0
    outer loop
      vertex -2.4 49.8746 12.8085
      vertex -3 49.8746 13.6962
      vertex -2.4 49.8746 13.6962
    endloop
  endfacet
  facet normal 0 1 0
    outer loop
      vertex -3 49.8746 13.6962
      vertex -2.4 49.8746 12.8085
      vertex -3 49.8746 12.8085
    endloop
  endfacet
  facet normal 0 0.997982 0.0634947
    outer loop
      vertex -2.4 49.8746 13.6962
      vertex -3 49.8615 13.9021
      vertex -2.4 49.8615 13.9021
    endloop
  endfacet
  facet normal 0 0.997982 0.0634947
    outer loop
      vertex -3 49.8615 13.9021
      vertex -2.4 49.8746 13.6962
      vertex -3 49.8746 13.6962
    endloop
  endfacet
  facet normal 0 0.974118 0.226042
    outer loop
      vertex -2.4 49.8615 13.9021
      vertex -3 49.8224 14.0706
      vertex -2.4 49.8224 14.0706
    endloop
  endfacet
  facet normal 0 0.974118 0.226042
    outer loop
      vertex -3 49.8224 14.0706
      vertex -2.4 49.8615 13.9021
      vertex -3 49.8615 13.9021
    endloop
  endfacet
  facet normal 0 0.895109 0.445848
    outer loop
      vertex -2.4 49.8224 14.0706
      vertex -3 49.7571 14.2017
      vertex -2.4 49.7571 14.2017
    endloop
  endfacet
  facet normal 0 0.895109 0.445848
    outer loop
      vertex -3 49.7571 14.2017
      vertex -2.4 49.8224 14.0706
      vertex -3 49.8224 14.0706
    endloop
  endfacet
  facet normal 0 0.715465 0.698649
    outer loop
      vertex -2.4 49.7571 14.2017
      vertex -3 49.6657 14.2953
      vertex -2.4 49.6657 14.2953
    endloop
  endfacet
  facet normal 0 0.715465 0.698649
    outer loop
      vertex -3 49.6657 14.2953
      vertex -2.4 49.7571 14.2017
      vertex -3 49.7571 14.2017
    endloop
  endfacet
  facet normal -0 0.431483 0.902121
    outer loop
      vertex -3 49.6657 14.2953
      vertex -2.4 49.5482 14.3515
      vertex -2.4 49.6657 14.2953
    endloop
  endfacet
  facet normal 0 0.431483 0.902121
    outer loop
      vertex -2.4 49.5482 14.3515
      vertex -3 49.6657 14.2953
      vertex -3 49.5482 14.3515
    endloop
  endfacet
  facet normal -0 0.129133 0.991627
    outer loop
      vertex -3 49.5482 14.3515
      vertex -2.4 49.4046 14.3702
      vertex -2.4 49.5482 14.3515
    endloop
  endfacet
  facet normal 0 0.129133 0.991627
    outer loop
      vertex -2.4 49.4046 14.3702
      vertex -3 49.5482 14.3515
      vertex -3 49.4046 14.3702
    endloop
  endfacet
  facet normal 0 -0.0550446 0.998484
    outer loop
      vertex -3 49.4046 14.3702
      vertex -2.4 49.3266 14.3659
      vertex -2.4 49.4046 14.3702
    endloop
  endfacet
  facet normal 0 -0.0550446 0.998484
    outer loop
      vertex -2.4 49.3266 14.3659
      vertex -3 49.4046 14.3702
      vertex -3 49.3266 14.3659
    endloop
  endfacet
  facet normal 0 -0.178035 0.984024
    outer loop
      vertex -3 49.3266 14.3659
      vertex -2.4 49.2553 14.353
      vertex -2.4 49.3266 14.3659
    endloop
  endfacet
  facet normal 0 -0.178035 0.984024
    outer loop
      vertex -2.4 49.2553 14.353
      vertex -3 49.3266 14.3659
      vertex -3 49.2553 14.353
    endloop
  endfacet
  facet normal 0 -0.318872 0.947798
    outer loop
      vertex -3 49.2553 14.353
      vertex -2.4 49.1908 14.3313
      vertex -2.4 49.2553 14.353
    endloop
  endfacet
  facet normal 0 -0.318872 0.947798
    outer loop
      vertex -2.4 49.1908 14.3313
      vertex -3 49.2553 14.353
      vertex -3 49.1908 14.3313
    endloop
  endfacet
  facet normal 0 -0.46309 0.886311
    outer loop
      vertex -3 49.1908 14.3313
      vertex -2.4 49.133 14.3011
      vertex -2.4 49.1908 14.3313
    endloop
  endfacet
  facet normal 0 -0.46309 0.886311
    outer loop
      vertex -2.4 49.133 14.3011
      vertex -3 49.1908 14.3313
      vertex -3 49.133 14.3011
    endloop
  endfacet
  facet normal 0 -0.606231 0.795288
    outer loop
      vertex -3 49.133 14.3011
      vertex -2.4 49.0821 14.2623
      vertex -2.4 49.133 14.3011
    endloop
  endfacet
  facet normal 0 -0.606231 0.795288
    outer loop
      vertex -2.4 49.0821 14.2623
      vertex -3 49.133 14.3011
      vertex -3 49.0821 14.2623
    endloop
  endfacet
  facet normal 0 -0.732079 0.681219
    outer loop
      vertex -3 49.0379 14.2148
      vertex -2.4 49.0821 14.2623
      vertex -3 49.0821 14.2623
    endloop
  endfacet
  facet normal 0 -0.732079 0.681219
    outer loop
      vertex -2.4 49.0821 14.2623
      vertex -3 49.0379 14.2148
      vertex -2.4 49.0379 14.2148
    endloop
  endfacet
  facet normal 0 -0.836322 0.548239
    outer loop
      vertex -3 49.0006 14.1579
      vertex -2.4 49.0379 14.2148
      vertex -3 49.0379 14.2148
    endloop
  endfacet
  facet normal 0 -0.836322 0.548239
    outer loop
      vertex -2.4 49.0379 14.2148
      vertex -3 49.0006 14.1579
      vertex -2.4 49.0006 14.1579
    endloop
  endfacet
  facet normal 0 -0.909621 0.415439
    outer loop
      vertex -3 48.97 14.0909
      vertex -2.4 49.0006 14.1579
      vertex -3 49.0006 14.1579
    endloop
  endfacet
  facet normal 0 -0.909621 0.415439
    outer loop
      vertex -2.4 49.0006 14.1579
      vertex -3 48.97 14.0909
      vertex -2.4 48.97 14.0909
    endloop
  endfacet
  facet normal 0 -0.955752 0.294173
    outer loop
      vertex -3 48.9463 14.0139
      vertex -2.4 48.97 14.0909
      vertex -3 48.97 14.0909
    endloop
  endfacet
  facet normal 0 -0.955752 0.294173
    outer loop
      vertex -2.4 48.97 14.0909
      vertex -3 48.9463 14.0139
      vertex -2.4 48.9463 14.0139
    endloop
  endfacet
  facet normal 0 -0.98148 0.191563
    outer loop
      vertex -3 48.9293 13.9268
      vertex -2.4 48.9463 14.0139
      vertex -3 48.9463 14.0139
    endloop
  endfacet
  facet normal 0 -0.98148 0.191563
    outer loop
      vertex -2.4 48.9463 14.0139
      vertex -3 48.9293 13.9268
      vertex -2.4 48.9293 13.9268
    endloop
  endfacet
  facet normal 0 -0.994539 0.104365
    outer loop
      vertex -3 48.9191 13.8296
      vertex -2.4 48.9293 13.9268
      vertex -3 48.9293 13.9268
    endloop
  endfacet
  facet normal 0 -0.994539 0.104365
    outer loop
      vertex -2.4 48.9293 13.9268
      vertex -3 48.9191 13.8296
      vertex -2.4 48.9191 13.8296
    endloop
  endfacet
  facet normal 0 -0.999498 0.031671
    outer loop
      vertex -3 48.9157 13.7223
      vertex -2.4 48.9191 13.8296
      vertex -3 48.9191 13.8296
    endloop
  endfacet
  facet normal 0 -0.999498 0.031671
    outer loop
      vertex -2.4 48.9191 13.8296
      vertex -3 48.9157 13.7223
      vertex -2.4 48.9157 13.7223
    endloop
  endfacet
  facet normal 0 -1 0
    outer loop
      vertex -3 48.9157 12.8085
      vertex -2.4 48.9157 13.7223
      vertex -3 48.9157 13.7223
    endloop
  endfacet
  facet normal 0 -1 -0
    outer loop
      vertex -2.4 48.9157 13.7223
      vertex -3 48.9157 12.8085
      vertex -2.4 48.9157 12.8085
    endloop
  endfacet
  facet normal -1 0 0
    outer loop
      vertex -2.4 61.4871 7.79708
      vertex -2.4 62.0282 8.30738
      vertex -2.4 62.0282 7.0969
    endloop
  endfacet
  facet normal -1 0 0
    outer loop
      vertex -2.4 61.4871 8.29313
      vertex -2.4 62.0282 8.30738
      vertex -2.4 61.4871 7.79708
    endloop
  endfacet
  facet normal -1 0 0
    outer loop
      vertex -2.4 61.4792 8.45974
      vertex -2.4 62.0282 8.30738
      vertex -2.4 61.4871 8.29313
    endloop
  endfacet
  facet normal -1 0 0
    outer loop
      vertex -2.4 61.4556 8.61303
      vertex -2.4 62.0164 8.5784
      vertex -2.4 61.4792 8.45974
    endloop
  endfacet
  facet normal -1 0 0
    outer loop
      vertex -2.4 62.0164 8.5784
      vertex -2.4 61.4556 8.61303
      vertex -2.4 61.9809 8.82821
    endloop
  endfacet
  facet normal -1 -0 0
    outer loop
      vertex -2.4 61.9809 8.82821
      vertex -2.4 61.4162 8.75299
      vertex -2.4 61.9217 9.05678
    endloop
  endfacet
  facet normal -1 0 0
    outer loop
      vertex -2.4 62.0282 8.30738
      vertex -2.4 61.4792 8.45974
      vertex -2.4 62.0164 8.5784
    endloop
  endfacet
  facet normal -1 0 0
    outer loop
      vertex -2.4 62.0282 7.0969
      vertex -2.4 59.2252 7.79708
      vertex -2.4 61.4871 7.79708
    endloop
  endfacet
  facet normal -1 0 0
    outer loop
      vertex -2.4 58.684 8.44976
      vertex -2.4 59.2252 8.39043
      vertex -2.4 59.2252 7.79708
    endloop
  endfacet
  facet normal -1 0 0
    outer loop
      vertex -2.4 59.2252 8.39043
      vertex -2.4 59.0444 9.52956
      vertex -2.4 59.1377 9.62996
    endloop
  endfacet
  facet normal -1 0 0
    outer loop
      vertex -2.4 59.2252 8.39043
      vertex -2.4 58.9612 9.41977
      vertex -2.4 59.0444 9.52956
    endloop
  endfacet
  facet normal -1 0 0
    outer loop
      vertex -2.4 59.2252 8.39043
      vertex -2.4 58.8882 9.30065
      vertex -2.4 58.9612 9.41977
    endloop
  endfacet
  facet normal -1 0 0
    outer loop
      vertex -2.4 59.2252 8.39043
      vertex -2.4 58.8258 9.17383
      vertex -2.4 58.8882 9.30065
    endloop
  endfacet
  facet normal -1 0 0
    outer loop
      vertex -2.4 59.2252 8.39043
      vertex -2.4 58.7748 9.04102
      vertex -2.4 58.8258 9.17383
    endloop
  endfacet
  facet normal -1 0 0
    outer loop
      vertex -2.4 59.2252 8.39043
      vertex -2.4 58.7351 8.90221
      vertex -2.4 58.7748 9.04102
    endloop
  endfacet
  facet normal -1 0 0
    outer loop
      vertex -2.4 59.2252 8.39043
      vertex -2.4 58.7067 8.75739
      vertex -2.4 58.7351 8.90221
    endloop
  endfacet
  facet normal -1 0 0
    outer loop
      vertex -2.4 59.2252 8.39043
      vertex -2.4 58.6897 8.60657
      vertex -2.4 58.7067 8.75739
    endloop
  endfacet
  facet normal -1 0 0
    outer loop
      vertex -2.4 58.684 7.0969
      vertex -2.4 59.2252 7.79708
      vertex -2.4 62.0282 7.0969
    endloop
  endfacet
  facet normal -1 0 0
    outer loop
      vertex -2.4 58.684 8.44976
      vertex -2.4 59.2252 7.79708
      vertex -2.4 58.684 7.0969
    endloop
  endfacet
  facet normal -1 0 0
    outer loop
      vertex -2.4 59.2252 8.39043
      vertex -2.4 58.684 8.44976
      vertex -2.4 58.6897 8.60657
    endloop
  endfacet
  facet normal -1 0 0
    outer loop
      vertex -2.4 61.4162 8.75299
      vertex -2.4 61.9809 8.82821
      vertex -2.4 61.4556 8.61303
    endloop
  endfacet
  facet normal -1 0 0
    outer loop
      vertex -2.4 61.361 8.87964
      vertex -2.4 61.9217 9.05678
      vertex -2.4 61.4162 8.75299
    endloop
  endfacet
  facet normal -1 -0 0
    outer loop
      vertex -2.4 61.9217 9.05678
      vertex -2.4 61.361 8.87964
      vertex -2.4 61.8389 9.26412
    endloop
  endfacet
  facet normal -1 0 0
    outer loop
      vertex -2.4 61.2901 8.99297
      vertex -2.4 61.8389 9.26412
      vertex -2.4 61.361 8.87964
    endloop
  endfacet
  facet normal -1 -0 0
    outer loop
      vertex -2.4 61.8389 9.26412
      vertex -2.4 61.2901 8.99297
      vertex -2.4 61.7323 9.45023
    endloop
  endfacet
  facet normal -1 0 0
    outer loop
      vertex -2.4 61.2034 9.09299
      vertex -2.4 61.7323 9.45023
      vertex -2.4 61.2901 8.99297
    endloop
  endfacet
  facet normal -1 -0 0
    outer loop
      vertex -2.4 61.7323 9.45023
      vertex -2.4 61.2034 9.09299
      vertex -2.4 61.6022 9.61512
    endloop
  endfacet
  facet normal -1 0 0
    outer loop
      vertex -2.4 61.1018 9.17856
      vertex -2.4 61.6022 9.61512
      vertex -2.4 61.2034 9.09299
    endloop
  endfacet
  facet normal -1 -0 0
    outer loop
      vertex -2.4 61.6022 9.61512
      vertex -2.4 61.1018 9.17856
      vertex -2.4 61.4499 9.75653
    endloop
  endfacet
  facet normal -1 0 0
    outer loop
      vertex -2.4 60.986 9.24858
      vertex -2.4 61.4499 9.75653
      vertex -2.4 61.1018 9.17856
    endloop
  endfacet
  facet normal -1 -0 0
    outer loop
      vertex -2.4 61.4499 9.75653
      vertex -2.4 60.986 9.24858
      vertex -2.4 61.2771 9.87226
    endloop
  endfacet
  facet normal -1 0 0
    outer loop
      vertex -2.4 60.856 9.30304
      vertex -2.4 61.2771 9.87226
      vertex -2.4 60.986 9.24858
    endloop
  endfacet
  facet normal -1 -0 0
    outer loop
      vertex -2.4 61.2771 9.87226
      vertex -2.4 60.856 9.30304
      vertex -2.4 61.0839 9.96225
    endloop
  endfacet
  facet normal -1 -0 0
    outer loop
      vertex -2.4 61.0839 9.96225
      vertex -2.4 60.856 9.30304
      vertex -2.4 60.8701 10.0265
    endloop
  endfacet
  facet normal -1 0 0
    outer loop
      vertex -2.4 60.7119 9.34194
      vertex -2.4 60.8701 10.0265
      vertex -2.4 60.856 9.30304
    endloop
  endfacet
  facet normal -1 0 0
    outer loop
      vertex -2.4 60.7119 9.34194
      vertex -2.4 60.6358 10.0651
      vertex -2.4 60.8701 10.0265
    endloop
  endfacet
  facet normal -1 0 0
    outer loop
      vertex -2.4 60.5535 9.36528
      vertex -2.4 60.6358 10.0651
      vertex -2.4 60.7119 9.34194
    endloop
  endfacet
  facet normal -1 0 0
    outer loop
      vertex -2.4 60.381 10.078
      vertex -2.4 60.5535 9.36528
      vertex -2.4 60.381 9.37305
    endloop
  endfacet
  facet normal -1 0 0
    outer loop
      vertex -2.4 60.5535 9.36528
      vertex -2.4 60.381 10.078
      vertex -2.4 60.6358 10.0651
    endloop
  endfacet
  facet normal -1 0 0
    outer loop
      vertex -2.4 60.381 9.37305
      vertex -2.4 60.2122 10.0723
      vertex -2.4 60.381 10.078
    endloop
  endfacet
  facet normal -1 0 0
    outer loop
      vertex -2.4 60.2092 9.36567
      vertex -2.4 60.2122 10.0723
      vertex -2.4 60.381 9.37305
    endloop
  endfacet
  facet normal -1 0 0
    outer loop
      vertex -2.4 60.2092 9.36567
      vertex -2.4 60.0508 10.0554
      vertex -2.4 60.2122 10.0723
    endloop
  endfacet
  facet normal -1 0 0
    outer loop
      vertex -2.4 60.0498 9.34352
      vertex -2.4 60.0508 10.0554
      vertex -2.4 60.2092 9.36567
    endloop
  endfacet
  facet normal -1 0 0
    outer loop
      vertex -2.4 59.7497 9.98777
      vertex -2.4 60.0498 9.34352
      vertex -2.4 59.9028 9.3066
    endloop
  endfacet
  facet normal -1 0 0
    outer loop
      vertex -2.4 60.0498 9.34352
      vertex -2.4 59.8966 10.0272
      vertex -2.4 60.0508 10.0554
    endloop
  endfacet
  facet normal -1 0 0
    outer loop
      vertex -2.4 59.6102 9.93703
      vertex -2.4 59.9028 9.3066
      vertex -2.4 59.7682 9.25492
    endloop
  endfacet
  facet normal -1 0 0
    outer loop
      vertex -2.4 60.0498 9.34352
      vertex -2.4 59.7497 9.98777
      vertex -2.4 59.8966 10.0272
    endloop
  endfacet
  facet normal -1 0 0
    outer loop
      vertex -2.4 59.3544 9.80271
      vertex -2.4 59.7682 9.25492
      vertex -2.4 59.6459 9.18845
    endloop
  endfacet
  facet normal -1 0 0
    outer loop
      vertex -2.4 59.9028 9.3066
      vertex -2.4 59.6102 9.93703
      vertex -2.4 59.7497 9.98777
    endloop
  endfacet
  facet normal -1 0 0
    outer loop
      vertex -2.4 59.1377 9.62996
      vertex -2.4 59.6459 9.18845
      vertex -2.4 59.5361 9.10723
    endloop
  endfacet
  facet normal -1 0 0
    outer loop
      vertex -2.4 59.7682 9.25492
      vertex -2.4 59.478 9.87502
      vertex -2.4 59.6102 9.93703
    endloop
  endfacet
  facet normal -1 0 0
    outer loop
      vertex -2.4 59.1377 9.62996
      vertex -2.4 59.5361 9.10723
      vertex -2.4 59.4411 9.01348
    endloop
  endfacet
  facet normal -1 0 0
    outer loop
      vertex -2.4 59.1377 9.62996
      vertex -2.4 59.4411 9.01348
      vertex -2.4 59.3634 8.90944
    endloop
  endfacet
  facet normal -1 0 0
    outer loop
      vertex -2.4 59.7682 9.25492
      vertex -2.4 59.3544 9.80271
      vertex -2.4 59.478 9.87502
    endloop
  endfacet
  facet normal -1 0 0
    outer loop
      vertex -2.4 59.1377 9.62996
      vertex -2.4 59.3634 8.90944
      vertex -2.4 59.3029 8.79512
    endloop
  endfacet
  facet normal -1 0 0
    outer loop
      vertex -2.4 59.1377 9.62996
      vertex -2.4 59.3029 8.79512
      vertex -2.4 59.2597 8.67051
    endloop
  endfacet
  facet normal -1 0 0
    outer loop
      vertex -2.4 59.6459 9.18845
      vertex -2.4 59.241 9.72101
      vertex -2.4 59.3544 9.80271
    endloop
  endfacet
  facet normal -1 0 0
    outer loop
      vertex -2.4 59.1377 9.62996
      vertex -2.4 59.2597 8.67051
      vertex -2.4 59.2338 8.53562
    endloop
  endfacet
  facet normal -1 0 0
    outer loop
      vertex -2.4 59.1377 9.62996
      vertex -2.4 59.2338 8.53562
      vertex -2.4 59.2252 8.39043
    endloop
  endfacet
  facet normal -1 0 0
    outer loop
      vertex -2.4 59.6459 9.18845
      vertex -2.4 59.1377 9.62996
      vertex -2.4 59.241 9.72101
    endloop
  endfacet
  facet normal -1 0 0
    outer loop
      vertex -2.4 62.0282 10.5252
      vertex -2.4 61.2592 11.1043
      vertex -2.4 62.0282 11.325
    endloop
  endfacet
  facet normal -1 0 0
    outer loop
      vertex -2.4 62.0282 10.5252
      vertex -2.4 61.1383 11.1173
      vertex -2.4 61.2592 11.1043
    endloop
  endfacet
  facet normal -1 0 0
    outer loop
      vertex -2.4 62.0282 10.5252
      vertex -2.4 61.0256 11.128
      vertex -2.4 61.1383 11.1173
    endloop
  endfacet
  facet normal -1 0 0
    outer loop
      vertex -2.4 62.0282 10.5252
      vertex -2.4 60.921 11.1363
      vertex -2.4 61.0256 11.128
    endloop
  endfacet
  facet normal -1 0 0
    outer loop
      vertex -2.4 62.0282 10.5252
      vertex -2.4 60.8246 11.1422
      vertex -2.4 60.921 11.1363
    endloop
  endfacet
  facet normal -1 0 0
    outer loop
      vertex -2.4 62.0282 10.5252
      vertex -2.4 60.7364 11.1458
      vertex -2.4 60.8246 11.1422
    endloop
  endfacet
  facet normal -1 0 0
    outer loop
      vertex -2.4 62.0282 10.5252
      vertex -2.4 60.6563 11.147
      vertex -2.4 60.7364 11.1458
    endloop
  endfacet
  facet normal -1 0 0
    outer loop
      vertex -2.4 58.684 10.5252
      vertex -2.4 60.6563 11.147
      vertex -2.4 62.0282 10.5252
    endloop
  endfacet
  facet normal -1 -0 0
    outer loop
      vertex -2.4 60.6563 11.147
      vertex -2.4 58.684 10.5252
      vertex -2.4 58.684 11.147
    endloop
  endfacet
  facet normal -1 0 0
    outer loop
      vertex -2.4 61.2592 11.1043
      vertex -2.4 59.4317 12.8036
      vertex -2.4 62.0282 11.325
    endloop
  endfacet
  facet normal -1 0 -0
    outer loop
      vertex -2.4 59.4317 12.8036
      vertex -2.4 61.2592 11.1043
      vertex -2.4 58.684 12.5615
    endloop
  endfacet
  facet normal -1 0 0
    outer loop
      vertex -2.4 60.0844 12.7609
      vertex -2.4 62.0282 13.3828
      vertex -2.4 62.0282 12.7609
    endloop
  endfacet
  facet normal -1 0 0
    outer loop
      vertex -2.4 58.684 13.3828
      vertex -2.4 60.0844 12.7609
      vertex -2.4 59.9845 12.7621
    endloop
  endfacet
  facet normal -1 0 0
    outer loop
      vertex -2.4 58.684 13.3828
      vertex -2.4 59.9845 12.7621
      vertex -2.4 59.881 12.7657
    endloop
  endfacet
  facet normal -1 0 0
    outer loop
      vertex -2.4 58.684 13.3828
      vertex -2.4 59.881 12.7657
      vertex -2.4 59.774 12.7716
    endloop
  endfacet
  facet normal -1 0 0
    outer loop
      vertex -2.4 58.684 13.3828
      vertex -2.4 59.774 12.7716
      vertex -2.4 59.6635 12.7799
    endloop
  endfacet
  facet normal -1 0 0
    outer loop
      vertex -2.4 58.684 13.3828
      vertex -2.4 59.6635 12.7799
      vertex -2.4 59.5494 12.7906
    endloop
  endfacet
  facet normal -1 0 0
    outer loop
      vertex -2.4 58.684 13.3828
      vertex -2.4 59.5494 12.7906
      vertex -2.4 59.4317 12.8036
    endloop
  endfacet
  facet normal -1 0 0
    outer loop
      vertex -2.4 60.0844 12.7609
      vertex -2.4 58.684 13.3828
      vertex -2.4 62.0282 13.3828
    endloop
  endfacet
  facet normal -1 0 0
    outer loop
      vertex -2.4 58.684 13.3828
      vertex -2.4 59.4317 12.8036
      vertex -2.4 58.684 12.5615
    endloop
  endfacet
  facet normal 0 0.993707 -0.112008
    outer loop
      vertex -2.4 58.6897 8.60657
      vertex -3 58.7067 8.75739
      vertex -2.4 58.7067 8.75739
    endloop
  endfacet
  facet normal 0 0.993707 -0.112008
    outer loop
      vertex -3 58.7067 8.75739
      vertex -2.4 58.6897 8.60657
      vertex -3 58.6897 8.60657
    endloop
  endfacet
  facet normal 0 0.981309 -0.19244
    outer loop
      vertex -2.4 58.7067 8.75739
      vertex -3 58.7351 8.90221
      vertex -2.4 58.7351 8.90221
    endloop
  endfacet
  facet normal 0 0.981309 -0.19244
    outer loop
      vertex -3 58.7351 8.90221
      vertex -2.4 58.7067 8.75739
      vertex -3 58.7067 8.75739
    endloop
  endfacet
  facet normal 0 0.961451 -0.274977
    outer loop
      vertex -2.4 58.7351 8.90221
      vertex -3 58.7748 9.04102
      vertex -2.4 58.7748 9.04102
    endloop
  endfacet
  facet normal 0 0.961451 -0.274977
    outer loop
      vertex -3 58.7748 9.04102
      vertex -2.4 58.7351 8.90221
      vertex -3 58.7351 8.90221
    endloop
  endfacet
  facet normal 0 0.933536 -0.358484
    outer loop
      vertex -2.4 58.7748 9.04102
      vertex -3 58.8258 9.17383
      vertex -2.4 58.8258 9.17383
    endloop
  endfacet
  facet normal 0 0.933536 -0.358484
    outer loop
      vertex -3 58.8258 9.17383
      vertex -2.4 58.7748 9.04102
      vertex -3 58.7748 9.04102
    endloop
  endfacet
  facet normal 0 0.897267 -0.441488
    outer loop
      vertex -2.4 58.8258 9.17383
      vertex -3 58.8882 9.30065
      vertex -2.4 58.8882 9.30065
    endloop
  endfacet
  facet normal 0 0.897267 -0.441488
    outer loop
      vertex -3 58.8882 9.30065
      vertex -2.4 58.8258 9.17383
      vertex -3 58.8258 9.17383
    endloop
  endfacet
  facet normal 0 0.85263 -0.522515
    outer loop
      vertex -2.4 58.8882 9.30065
      vertex -3 58.9612 9.41977
      vertex -2.4 58.9612 9.41977
    endloop
  endfacet
  facet normal 0 0.85263 -0.522515
    outer loop
      vertex -3 58.9612 9.41977
      vertex -2.4 58.8882 9.30065
      vertex -3 58.8882 9.30065
    endloop
  endfacet
  facet normal 0 0.797002 -0.603976
    outer loop
      vertex -2.4 58.9612 9.41977
      vertex -3 59.0444 9.52956
      vertex -2.4 59.0444 9.52956
    endloop
  endfacet
  facet normal 0 0.797002 -0.603976
    outer loop
      vertex -3 59.0444 9.52956
      vertex -2.4 58.9612 9.41977
      vertex -3 58.9612 9.41977
    endloop
  endfacet
  facet normal 0 0.732534 -0.680731
    outer loop
      vertex -2.4 59.0444 9.52956
      vertex -3 59.1377 9.62996
      vertex -2.4 59.1377 9.62996
    endloop
  endfacet
  facet normal 0 0.732534 -0.680731
    outer loop
      vertex -3 59.1377 9.62996
      vertex -2.4 59.0444 9.52956
      vertex -3 59.0444 9.52956
    endloop
  endfacet
  facet normal 0 0.661225 -0.750187
    outer loop
      vertex -3 59.1377 9.62996
      vertex -2.4 59.241 9.72101
      vertex -2.4 59.1377 9.62996
    endloop
  endfacet
  facet normal 0 0.661225 -0.750187
    outer loop
      vertex -2.4 59.241 9.72101
      vertex -3 59.1377 9.62996
      vertex -3 59.241 9.72101
    endloop
  endfacet
  facet normal 0 0.58455 -0.811358
    outer loop
      vertex -3 59.241 9.72101
      vertex -2.4 59.3544 9.80271
      vertex -2.4 59.241 9.72101
    endloop
  endfacet
  facet normal 0 0.58455 -0.811358
    outer loop
      vertex -2.4 59.3544 9.80271
      vertex -3 59.241 9.72101
      vertex -3 59.3544 9.80271
    endloop
  endfacet
  facet normal 0 0.504965 -0.86314
    outer loop
      vertex -3 59.3544 9.80271
      vertex -2.4 59.478 9.87502
      vertex -2.4 59.3544 9.80271
    endloop
  endfacet
  facet normal 0 0.504965 -0.86314
    outer loop
      vertex -2.4 59.478 9.87502
      vertex -3 59.3544 9.80271
      vertex -3 59.478 9.87502
    endloop
  endfacet
  facet normal 0 0.424665 -0.90535
    outer loop
      vertex -3 59.478 9.87502
      vertex -2.4 59.6102 9.93703
      vertex -2.4 59.478 9.87502
    endloop
  endfacet
  facet normal 0 0.424665 -0.90535
    outer loop
      vertex -2.4 59.6102 9.93703
      vertex -3 59.478 9.87502
      vertex -3 59.6102 9.93703
    endloop
  endfacet
  facet normal 0 0.341819 -0.939766
    outer loop
      vertex -3 59.6102 9.93703
      vertex -2.4 59.7497 9.98777
      vertex -2.4 59.6102 9.93703
    endloop
  endfacet
  facet normal 0 0.341819 -0.939766
    outer loop
      vertex -2.4 59.7497 9.98777
      vertex -3 59.6102 9.93703
      vertex -3 59.7497 9.98777
    endloop
  endfacet
  facet normal 0 0.259238 -0.965814
    outer loop
      vertex -3 59.7497 9.98777
      vertex -2.4 59.8966 10.0272
      vertex -2.4 59.7497 9.98777
    endloop
  endfacet
  facet normal 0 0.259238 -0.965814
    outer loop
      vertex -2.4 59.8966 10.0272
      vertex -3 59.7497 9.98777
      vertex -3 59.8966 10.0272
    endloop
  endfacet
  facet normal 0 0.179896 -0.983686
    outer loop
      vertex -3 59.8966 10.0272
      vertex -2.4 60.0508 10.0554
      vertex -2.4 59.8966 10.0272
    endloop
  endfacet
  facet normal 0 0.179896 -0.983686
    outer loop
      vertex -2.4 60.0508 10.0554
      vertex -3 59.8966 10.0272
      vertex -3 60.0508 10.0554
    endloop
  endfacet
  facet normal 0 0.104139 -0.994563
    outer loop
      vertex -3 60.0508 10.0554
      vertex -2.4 60.2122 10.0723
      vertex -2.4 60.0508 10.0554
    endloop
  endfacet
  facet normal 0 0.104139 -0.994563
    outer loop
      vertex -2.4 60.2122 10.0723
      vertex -3 60.0508 10.0554
      vertex -3 60.2122 10.0723
    endloop
  endfacet
  facet normal 0 0.0337485 -0.99943
    outer loop
      vertex -3 60.2122 10.0723
      vertex -2.4 60.381 10.078
      vertex -2.4 60.2122 10.0723
    endloop
  endfacet
  facet normal 0 0.0337485 -0.99943
    outer loop
      vertex -2.4 60.381 10.078
      vertex -3 60.2122 10.0723
      vertex -3 60.381 10.078
    endloop
  endfacet
  facet normal 0 -0.0505632 -0.998721
    outer loop
      vertex -3 60.381 10.078
      vertex -2.4 60.6358 10.0651
      vertex -2.4 60.381 10.078
    endloop
  endfacet
  facet normal -0 -0.0505632 -0.998721
    outer loop
      vertex -2.4 60.6358 10.0651
      vertex -3 60.381 10.078
      vertex -3 60.6358 10.0651
    endloop
  endfacet
  facet normal 0 -0.162555 -0.9867
    outer loop
      vertex -3 60.6358 10.0651
      vertex -2.4 60.8701 10.0265
      vertex -2.4 60.6358 10.0651
    endloop
  endfacet
  facet normal -0 -0.162555 -0.9867
    outer loop
      vertex -2.4 60.8701 10.0265
      vertex -3 60.6358 10.0651
      vertex -3 60.8701 10.0265
    endloop
  endfacet
  facet normal 0 -0.2878 -0.957691
    outer loop
      vertex -3 60.8701 10.0265
      vertex -2.4 61.0839 9.96225
      vertex -2.4 60.8701 10.0265
    endloop
  endfacet
  facet normal -0 -0.2878 -0.957691
    outer loop
      vertex -2.4 61.0839 9.96225
      vertex -3 60.8701 10.0265
      vertex -3 61.0839 9.96225
    endloop
  endfacet
  facet normal 0 -0.42223 -0.906489
    outer loop
      vertex -3 61.0839 9.96225
      vertex -2.4 61.2771 9.87226
      vertex -2.4 61.0839 9.96225
    endloop
  endfacet
  facet normal -0 -0.42223 -0.906489
    outer loop
      vertex -2.4 61.2771 9.87226
      vertex -3 61.0839 9.96225
      vertex -3 61.2771 9.87226
    endloop
  endfacet
  facet normal 0 -0.556463 -0.830872
    outer loop
      vertex -3 61.2771 9.87226
      vertex -2.4 61.4499 9.75653
      vertex -2.4 61.2771 9.87226
    endloop
  endfacet
  facet normal -0 -0.556463 -0.830872
    outer loop
      vertex -2.4 61.4499 9.75653
      vertex -3 61.2771 9.87226
      vertex -3 61.4499 9.75653
    endloop
  endfacet
  facet normal 0 -0.680422 -0.732821
    outer loop
      vertex -3 61.4499 9.75653
      vertex -2.4 61.6022 9.61512
      vertex -2.4 61.4499 9.75653
    endloop
  endfacet
  facet normal -0 -0.680422 -0.732821
    outer loop
      vertex -2.4 61.6022 9.61512
      vertex -3 61.4499 9.75653
      vertex -3 61.6022 9.61512
    endloop
  endfacet
  facet normal 0 -0.785059 -0.61942
    outer loop
      vertex -3 61.7323 9.45023
      vertex -2.4 61.6022 9.61512
      vertex -3 61.6022 9.61512
    endloop
  endfacet
  facet normal 0 -0.785059 -0.61942
    outer loop
      vertex -2.4 61.6022 9.61512
      vertex -3 61.7323 9.45023
      vertex -2.4 61.7323 9.45023
    endloop
  endfacet
  facet normal 0 -0.867738 -0.497022
    outer loop
      vertex -3 61.8389 9.26412
      vertex -2.4 61.7323 9.45023
      vertex -3 61.7323 9.45023
    endloop
  endfacet
  facet normal 0 -0.867738 -0.497022
    outer loop
      vertex -2.4 61.7323 9.45023
      vertex -3 61.8389 9.26412
      vertex -2.4 61.8389 9.26412
    endloop
  endfacet
  facet normal 0 -0.928687 -0.370865
    outer loop
      vertex -3 61.9217 9.05678
      vertex -2.4 61.8389 9.26412
      vertex -3 61.8389 9.26412
    endloop
  endfacet
  facet normal 0 -0.928687 -0.370865
    outer loop
      vertex -2.4 61.8389 9.26412
      vertex -3 61.9217 9.05678
      vertex -2.4 61.9217 9.05678
    endloop
  endfacet
  facet normal 0 -0.968057 -0.250728
    outer loop
      vertex -3 61.9809 8.82821
      vertex -2.4 61.9217 9.05678
      vertex -3 61.9217 9.05678
    endloop
  endfacet
  facet normal 0 -0.968057 -0.250728
    outer loop
      vertex -2.4 61.9217 9.05678
      vertex -3 61.9809 8.82821
      vertex -2.4 61.9809 8.82821
    endloop
  endfacet
  facet normal 0 -0.990053 -0.140694
    outer loop
      vertex -3 62.0164 8.5784
      vertex -2.4 61.9809 8.82821
      vertex -3 61.9809 8.82821
    endloop
  endfacet
  facet normal 0 -0.990053 -0.140694
    outer loop
      vertex -2.4 61.9809 8.82821
      vertex -3 62.0164 8.5784
      vertex -2.4 62.0164 8.5784
    endloop
  endfacet
  facet normal 0 -0.999054 -0.043498
    outer loop
      vertex -3 62.0282 8.30738
      vertex -2.4 62.0164 8.5784
      vertex -3 62.0164 8.5784
    endloop
  endfacet
  facet normal 0 -0.999054 -0.043498
    outer loop
      vertex -2.4 62.0164 8.5784
      vertex -3 62.0282 8.30738
      vertex -2.4 62.0282 8.30738
    endloop
  endfacet
  facet normal 0 -1 0
    outer loop
      vertex -3 62.0282 7.0969
      vertex -2.4 62.0282 8.30738
      vertex -3 62.0282 8.30738
    endloop
  endfacet
  facet normal 0 -1 -0
    outer loop
      vertex -2.4 62.0282 8.30738
      vertex -3 62.0282 7.0969
      vertex -2.4 62.0282 7.0969
    endloop
  endfacet
  facet normal -0 0 1
    outer loop
      vertex -3 62.0282 7.0969
      vertex -2.4 58.684 7.0969
      vertex -2.4 62.0282 7.0969
    endloop
  endfacet
  facet normal 0 0 1
    outer loop
      vertex -2.4 58.684 7.0969
      vertex -3 62.0282 7.0969
      vertex -3 58.684 7.0969
    endloop
  endfacet
  facet normal 0 1 -0
    outer loop
      vertex -2.4 58.684 7.0969
      vertex -3 58.684 8.44976
      vertex -2.4 58.684 8.44976
    endloop
  endfacet
  facet normal 0 1 0
    outer loop
      vertex -3 58.684 8.44976
      vertex -2.4 58.684 7.0969
      vertex -3 58.684 7.0969
    endloop
  endfacet
  facet normal 0 0.99934 -0.0363257
    outer loop
      vertex -2.4 58.684 8.44976
      vertex -3 58.6897 8.60657
      vertex -2.4 58.6897 8.60657
    endloop
  endfacet
  facet normal 0 0.99934 -0.0363257
    outer loop
      vertex -3 58.6897 8.60657
      vertex -2.4 58.684 8.44976
      vertex -3 58.684 8.44976
    endloop
  endfacet
  facet normal 0 0 -1
    outer loop
      vertex -3 59.2252 7.79708
      vertex -2.4 61.4871 7.79708
      vertex -2.4 59.2252 7.79708
    endloop
  endfacet
  facet normal -0 0 -1
    outer loop
      vertex -2.4 61.4871 7.79708
      vertex -3 59.2252 7.79708
      vertex -3 61.4871 7.79708
    endloop
  endfacet
  facet normal 0 1 -0
    outer loop
      vertex -2.4 61.4871 7.79708
      vertex -3 61.4871 8.29313
      vertex -2.4 61.4871 8.29313
    endloop
  endfacet
  facet normal 0 1 0
    outer loop
      vertex -3 61.4871 8.29313
      vertex -2.4 61.4871 7.79708
      vertex -3 61.4871 7.79708
    endloop
  endfacet
  facet normal 0 0.998878 0.0473629
    outer loop
      vertex -2.4 61.4871 8.29313
      vertex -3 61.4792 8.45974
      vertex -2.4 61.4792 8.45974
    endloop
  endfacet
  facet normal 0 0.998878 0.0473629
    outer loop
      vertex -3 61.4792 8.45974
      vertex -2.4 61.4871 8.29313
      vertex -3 61.4871 8.29313
    endloop
  endfacet
  facet normal 0 0.988355 0.152164
    outer loop
      vertex -2.4 61.4792 8.45974
      vertex -3 61.4556 8.61303
      vertex -2.4 61.4556 8.61303
    endloop
  endfacet
  facet normal 0 0.988355 0.152164
    outer loop
      vertex -3 61.4556 8.61303
      vertex -2.4 61.4792 8.45974
      vertex -3 61.4792 8.45974
    endloop
  endfacet
  facet normal 0 0.962586 0.270977
    outer loop
      vertex -2.4 61.4556 8.61303
      vertex -3 61.4162 8.75299
      vertex -2.4 61.4162 8.75299
    endloop
  endfacet
  facet normal 0 0.962586 0.270977
    outer loop
      vertex -3 61.4162 8.75299
      vertex -2.4 61.4556 8.61303
      vertex -3 61.4556 8.61303
    endloop
  endfacet
  facet normal 0 0.916713 0.399546
    outer loop
      vertex -2.4 61.4162 8.75299
      vertex -3 61.361 8.87964
      vertex -2.4 61.361 8.87964
    endloop
  endfacet
  facet normal 0 0.916713 0.399546
    outer loop
      vertex -3 61.361 8.87964
      vertex -2.4 61.4162 8.75299
      vertex -3 61.4162 8.75299
    endloop
  endfacet
  facet normal 0 0.847767 0.530369
    outer loop
      vertex -2.4 61.361 8.87964
      vertex -3 61.2901 8.99297
      vertex -2.4 61.2901 8.99297
    endloop
  endfacet
  facet normal 0 0.847767 0.530369
    outer loop
      vertex -3 61.2901 8.99297
      vertex -2.4 61.361 8.87964
      vertex -3 61.361 8.87964
    endloop
  endfacet
  facet normal 0 0.755629 0.655
    outer loop
      vertex -2.4 61.2901 8.99297
      vertex -3 61.2034 9.09299
      vertex -2.4 61.2034 9.09299
    endloop
  endfacet
  facet normal 0 0.755629 0.655
    outer loop
      vertex -3 61.2034 9.09299
      vertex -2.4 61.2901 8.99297
      vertex -3 61.2901 8.99297
    endloop
  endfacet
  facet normal -0 0.644189 0.764866
    outer loop
      vertex -3 61.2034 9.09299
      vertex -2.4 61.1018 9.17856
      vertex -2.4 61.2034 9.09299
    endloop
  endfacet
  facet normal 0 0.644189 0.764866
    outer loop
      vertex -2.4 61.1018 9.17856
      vertex -3 61.2034 9.09299
      vertex -3 61.1018 9.17856
    endloop
  endfacet
  facet normal -0 0.517427 0.855727
    outer loop
      vertex -3 61.1018 9.17856
      vertex -2.4 60.986 9.24858
      vertex -2.4 61.1018 9.17856
    endloop
  endfacet
  facet normal 0 0.517427 0.855727
    outer loop
      vertex -2.4 60.986 9.24858
      vertex -3 61.1018 9.17856
      vertex -3 60.986 9.24858
    endloop
  endfacet
  facet normal -0 0.386388 0.922336
    outer loop
      vertex -3 60.986 9.24858
      vertex -2.4 60.856 9.30304
      vertex -2.4 60.986 9.24858
    endloop
  endfacet
  facet normal 0 0.386388 0.922336
    outer loop
      vertex -2.4 60.856 9.30304
      vertex -3 60.986 9.24858
      vertex -3 60.856 9.30304
    endloop
  endfacet
  facet normal -0 0.260622 0.965441
    outer loop
      vertex -3 60.856 9.30304
      vertex -2.4 60.7119 9.34194
      vertex -2.4 60.856 9.30304
    endloop
  endfacet
  facet normal 0 0.260622 0.965441
    outer loop
      vertex -2.4 60.7119 9.34194
      vertex -3 60.856 9.30304
      vertex -3 60.7119 9.34194
    endloop
  endfacet
  facet normal -0 0.145774 0.989318
    outer loop
      vertex -3 60.7119 9.34194
      vertex -2.4 60.5535 9.36528
      vertex -2.4 60.7119 9.34194
    endloop
  endfacet
  facet normal 0 0.145774 0.989318
    outer loop
      vertex -2.4 60.5535 9.36528
      vertex -3 60.7119 9.34194
      vertex -3 60.5535 9.36528
    endloop
  endfacet
  facet normal -0 0.0449979 0.998987
    outer loop
      vertex -3 60.5535 9.36528
      vertex -2.4 60.381 9.37305
      vertex -2.4 60.5535 9.36528
    endloop
  endfacet
  facet normal 0 0.0449979 0.998987
    outer loop
      vertex -2.4 60.381 9.37305
      vertex -3 60.5535 9.36528
      vertex -3 60.381 9.37305
    endloop
  endfacet
  facet normal 0 -0.0429173 0.999079
    outer loop
      vertex -3 60.381 9.37305
      vertex -2.4 60.2092 9.36567
      vertex -2.4 60.381 9.37305
    endloop
  endfacet
  facet normal 0 -0.0429173 0.999079
    outer loop
      vertex -2.4 60.2092 9.36567
      vertex -3 60.381 9.37305
      vertex -3 60.2092 9.36567
    endloop
  endfacet
  facet normal 0 -0.137636 0.990483
    outer loop
      vertex -3 60.2092 9.36567
      vertex -2.4 60.0498 9.34352
      vertex -2.4 60.2092 9.36567
    endloop
  endfacet
  facet normal 0 -0.137636 0.990483
    outer loop
      vertex -2.4 60.0498 9.34352
      vertex -3 60.2092 9.36567
      vertex -3 60.0498 9.34352
    endloop
  endfacet
  facet normal 0 -0.243591 0.969878
    outer loop
      vertex -3 60.0498 9.34352
      vertex -2.4 59.9028 9.3066
      vertex -2.4 60.0498 9.34352
    endloop
  endfacet
  facet normal 0 -0.243591 0.969878
    outer loop
      vertex -2.4 59.9028 9.3066
      vertex -3 60.0498 9.34352
      vertex -3 59.9028 9.3066
    endloop
  endfacet
  facet normal 0 -0.35844 0.933553
    outer loop
      vertex -3 59.9028 9.3066
      vertex -2.4 59.7682 9.25492
      vertex -2.4 59.9028 9.3066
    endloop
  endfacet
  facet normal 0 -0.35844 0.933553
    outer loop
      vertex -2.4 59.7682 9.25492
      vertex -3 59.9028 9.3066
      vertex -3 59.7682 9.25492
    endloop
  endfacet
  facet normal 0 -0.477528 0.878617
    outer loop
      vertex -3 59.7682 9.25492
      vertex -2.4 59.6459 9.18845
      vertex -2.4 59.7682 9.25492
    endloop
  endfacet
  facet normal 0 -0.477528 0.878617
    outer loop
      vertex -2.4 59.6459 9.18845
      vertex -3 59.7682 9.25492
      vertex -3 59.6459 9.18845
    endloop
  endfacet
  facet normal 0 -0.594692 0.803954
    outer loop
      vertex -3 59.6459 9.18845
      vertex -2.4 59.5361 9.10723
      vertex -2.4 59.6459 9.18845
    endloop
  endfacet
  facet normal 0 -0.594692 0.803954
    outer loop
      vertex -2.4 59.5361 9.10723
      vertex -3 59.6459 9.18845
      vertex -3 59.5361 9.10723
    endloop
  endfacet
  facet normal 0 -0.702409 0.711774
    outer loop
      vertex -3 59.5361 9.10723
      vertex -2.4 59.4411 9.01348
      vertex -2.4 59.5361 9.10723
    endloop
  endfacet
  facet normal 0 -0.702409 0.711774
    outer loop
      vertex -2.4 59.4411 9.01348
      vertex -3 59.5361 9.10723
      vertex -3 59.4411 9.01348
    endloop
  endfacet
  facet normal 0 -0.801218 0.598372
    outer loop
      vertex -3 59.3634 8.90944
      vertex -2.4 59.4411 9.01348
      vertex -3 59.4411 9.01348
    endloop
  endfacet
  facet normal 0 -0.801218 0.598372
    outer loop
      vertex -2.4 59.4411 9.01348
      vertex -3 59.3634 8.90944
      vertex -2.4 59.3634 8.90944
    endloop
  endfacet
  facet normal 0 -0.883859 0.467753
    outer loop
      vertex -3 59.3029 8.79512
      vertex -2.4 59.3634 8.90944
      vertex -3 59.3634 8.90944
    endloop
  endfacet
  facet normal 0 -0.883859 0.467753
    outer loop
      vertex -2.4 59.3634 8.90944
      vertex -3 59.3029 8.79512
      vertex -2.4 59.3029 8.79512
    endloop
  endfacet
  facet normal 0 -0.944832 0.327556
    outer loop
      vertex -3 59.2597 8.67051
      vertex -2.4 59.3029 8.79512
      vertex -3 59.3029 8.79512
    endloop
  endfacet
  facet normal 0 -0.944832 0.327556
    outer loop
      vertex -2.4 59.3029 8.79512
      vertex -3 59.2597 8.67051
      vertex -2.4 59.2597 8.67051
    endloop
  endfacet
  facet normal 0 -0.982061 0.188564
    outer loop
      vertex -3 59.2338 8.53562
      vertex -2.4 59.2597 8.67051
      vertex -3 59.2597 8.67051
    endloop
  endfacet
  facet normal 0 -0.982061 0.188564
    outer loop
      vertex -2.4 59.2597 8.67051
      vertex -3 59.2338 8.53562
      vertex -2.4 59.2338 8.53562
    endloop
  endfacet
  facet normal 0 -0.99825 0.0591291
    outer loop
      vertex -3 59.2252 8.39043
      vertex -2.4 59.2338 8.53562
      vertex -3 59.2338 8.53562
    endloop
  endfacet
  facet normal 0 -0.99825 0.0591291
    outer loop
      vertex -2.4 59.2338 8.53562
      vertex -3 59.2252 8.39043
      vertex -2.4 59.2252 8.39043
    endloop
  endfacet
  facet normal 0 -1 0
    outer loop
      vertex -3 59.2252 7.79708
      vertex -2.4 59.2252 8.39043
      vertex -3 59.2252 8.39043
    endloop
  endfacet
  facet normal 0 -1 -0
    outer loop
      vertex -2.4 59.2252 8.39043
      vertex -3 59.2252 7.79708
      vertex -2.4 59.2252 7.79708
    endloop
  endfacet
  facet normal 0 -0.0149796 -0.999888
    outer loop
      vertex -3 60.6563 11.147
      vertex -2.4 60.7364 11.1458
      vertex -2.4 60.6563 11.147
    endloop
  endfacet
  facet normal -0 -0.0149796 -0.999888
    outer loop
      vertex -2.4 60.7364 11.1458
      vertex -3 60.6563 11.147
      vertex -3 60.7364 11.1458
    endloop
  endfacet
  facet normal 0 -0.0407824 -0.999168
    outer loop
      vertex -3 60.7364 11.1458
      vertex -2.4 60.8246 11.1422
      vertex -2.4 60.7364 11.1458
    endloop
  endfacet
  facet normal -0 -0.0407824 -0.999168
    outer loop
      vertex -2.4 60.8246 11.1422
      vertex -3 60.7364 11.1458
      vertex -3 60.8246 11.1422
    endloop
  endfacet
  facet normal 0 -0.061089 -0.998132
    outer loop
      vertex -3 60.8246 11.1422
      vertex -2.4 60.921 11.1363
      vertex -2.4 60.8246 11.1422
    endloop
  endfacet
  facet normal -0 -0.061089 -0.998132
    outer loop
      vertex -2.4 60.921 11.1363
      vertex -3 60.8246 11.1422
      vertex -3 60.921 11.1363
    endloop
  endfacet
  facet normal 0 -0.0791013 -0.996867
    outer loop
      vertex -3 60.921 11.1363
      vertex -2.4 61.0256 11.128
      vertex -2.4 60.921 11.1363
    endloop
  endfacet
  facet normal -0 -0.0791013 -0.996867
    outer loop
      vertex -2.4 61.0256 11.128
      vertex -3 60.921 11.1363
      vertex -3 61.0256 11.128
    endloop
  endfacet
  facet normal 0 -0.0945173 -0.995523
    outer loop
      vertex -3 61.0256 11.128
      vertex -2.4 61.1383 11.1173
      vertex -2.4 61.0256 11.128
    endloop
  endfacet
  facet normal -0 -0.0945173 -0.995523
    outer loop
      vertex -2.4 61.1383 11.1173
      vertex -3 61.0256 11.128
      vertex -3 61.1383 11.1173
    endloop
  endfacet
  facet normal 0 -0.106911 -0.994269
    outer loop
      vertex -3 61.1383 11.1173
      vertex -2.4 61.2592 11.1043
      vertex -2.4 61.1383 11.1173
    endloop
  endfacet
  facet normal -0 -0.106911 -0.994269
    outer loop
      vertex -2.4 61.2592 11.1043
      vertex -3 61.1383 11.1173
      vertex -3 61.2592 11.1043
    endloop
  endfacet
  facet normal -0 0.49248 0.870324
    outer loop
      vertex -3 61.2592 11.1043
      vertex -2.4 58.684 12.5615
      vertex -2.4 61.2592 11.1043
    endloop
  endfacet
  facet normal 0 0.49248 0.870324
    outer loop
      vertex -2.4 58.684 12.5615
      vertex -3 61.2592 11.1043
      vertex -3 58.684 12.5615
    endloop
  endfacet
  facet normal 0 1 -0
    outer loop
      vertex -2.4 58.684 12.5615
      vertex -3 58.684 13.3828
      vertex -2.4 58.684 13.3828
    endloop
  endfacet
  facet normal 0 1 0
    outer loop
      vertex -3 58.684 13.3828
      vertex -2.4 58.684 12.5615
      vertex -3 58.684 12.5615
    endloop
  endfacet
  facet normal 0 0 -1
    outer loop
      vertex -3 58.684 13.3828
      vertex -2.4 62.0282 13.3828
      vertex -2.4 58.684 13.3828
    endloop
  endfacet
  facet normal -0 0 -1
    outer loop
      vertex -2.4 62.0282 13.3828
      vertex -3 58.684 13.3828
      vertex -3 62.0282 13.3828
    endloop
  endfacet
  facet normal 0 -1 0
    outer loop
      vertex -3 62.0282 12.7609
      vertex -2.4 62.0282 13.3828
      vertex -3 62.0282 13.3828
    endloop
  endfacet
  facet normal 0 -1 -0
    outer loop
      vertex -2.4 62.0282 13.3828
      vertex -3 62.0282 12.7609
      vertex -2.4 62.0282 12.7609
    endloop
  endfacet
  facet normal -0 0 1
    outer loop
      vertex -3 62.0282 12.7609
      vertex -2.4 60.0844 12.7609
      vertex -2.4 62.0282 12.7609
    endloop
  endfacet
  facet normal 0 0 1
    outer loop
      vertex -2.4 60.0844 12.7609
      vertex -3 62.0282 12.7609
      vertex -3 60.0844 12.7609
    endloop
  endfacet
  facet normal -0 0.0120111 0.999928
    outer loop
      vertex -3 60.0844 12.7609
      vertex -2.4 59.9845 12.7621
      vertex -2.4 60.0844 12.7609
    endloop
  endfacet
  facet normal 0 0.0120111 0.999928
    outer loop
      vertex -2.4 59.9845 12.7621
      vertex -3 60.0844 12.7609
      vertex -3 59.9845 12.7621
    endloop
  endfacet
  facet normal -0 0.0347616 0.999396
    outer loop
      vertex -3 59.9845 12.7621
      vertex -2.4 59.881 12.7657
      vertex -2.4 59.9845 12.7621
    endloop
  endfacet
  facet normal 0 0.0347616 0.999396
    outer loop
      vertex -2.4 59.881 12.7657
      vertex -3 59.9845 12.7621
      vertex -3 59.881 12.7657
    endloop
  endfacet
  facet normal -0 0.0550566 0.998483
    outer loop
      vertex -3 59.881 12.7657
      vertex -2.4 59.774 12.7716
      vertex -2.4 59.881 12.7657
    endloop
  endfacet
  facet normal 0 0.0550566 0.998483
    outer loop
      vertex -2.4 59.774 12.7716
      vertex -3 59.881 12.7657
      vertex -3 59.774 12.7716
    endloop
  endfacet
  facet normal -0 0.0749021 0.997191
    outer loop
      vertex -3 59.774 12.7716
      vertex -2.4 59.6635 12.7799
      vertex -2.4 59.774 12.7716
    endloop
  endfacet
  facet normal 0 0.0749021 0.997191
    outer loop
      vertex -2.4 59.6635 12.7799
      vertex -3 59.774 12.7716
      vertex -3 59.6635 12.7799
    endloop
  endfacet
  facet normal -0 0.0933677 0.995632
    outer loop
      vertex -3 59.6635 12.7799
      vertex -2.4 59.5494 12.7906
      vertex -2.4 59.6635 12.7799
    endloop
  endfacet
  facet normal 0 0.0933677 0.995632
    outer loop
      vertex -2.4 59.5494 12.7906
      vertex -3 59.6635 12.7799
      vertex -3 59.5494 12.7906
    endloop
  endfacet
  facet normal -0 0.109783 0.993956
    outer loop
      vertex -3 59.5494 12.7906
      vertex -2.4 59.4317 12.8036
      vertex -2.4 59.5494 12.7906
    endloop
  endfacet
  facet normal 0 0.109783 0.993956
    outer loop
      vertex -2.4 59.4317 12.8036
      vertex -3 59.5494 12.7906
      vertex -3 59.4317 12.8036
    endloop
  endfacet
  facet normal 0 -0.494848 -0.868979
    outer loop
      vertex -3 59.4317 12.8036
      vertex -2.4 62.0282 11.325
      vertex -2.4 59.4317 12.8036
    endloop
  endfacet
  facet normal -0 -0.494848 -0.868979
    outer loop
      vertex -2.4 62.0282 11.325
      vertex -3 59.4317 12.8036
      vertex -3 62.0282 11.325
    endloop
  endfacet
  facet normal 0 -1 0
    outer loop
      vertex -3 62.0282 10.5252
      vertex -2.4 62.0282 11.325
      vertex -3 62.0282 11.325
    endloop
  endfacet
  facet normal 0 -1 -0
    outer loop
      vertex -2.4 62.0282 11.325
      vertex -3 62.0282 10.5252
      vertex -2.4 62.0282 10.5252
    endloop
  endfacet
  facet normal -0 0 1
    outer loop
      vertex -3 62.0282 10.5252
      vertex -2.4 58.684 10.5252
      vertex -2.4 62.0282 10.5252
    endloop
  endfacet
  facet normal 0 0 1
    outer loop
      vertex -2.4 58.684 10.5252
      vertex -3 62.0282 10.5252
      vertex -3 58.684 10.5252
    endloop
  endfacet
  facet normal 0 1 -0
    outer loop
      vertex -2.4 58.684 10.5252
      vertex -3 58.684 11.147
      vertex -2.4 58.684 11.147
    endloop
  endfacet
  facet normal 0 1 0
    outer loop
      vertex -3 58.684 11.147
      vertex -2.4 58.684 10.5252
      vertex -3 58.684 10.5252
    endloop
  endfacet
  facet normal 0 0 -1
    outer loop
      vertex -3 58.684 11.147
      vertex -2.4 60.6563 11.147
      vertex -2.4 58.684 11.147
    endloop
  endfacet
  facet normal -0 0 -1
    outer loop
      vertex -2.4 60.6563 11.147
      vertex -3 58.684 11.147
      vertex -3 60.6563 11.147
    endloop
  endfacet
  facet normal -1 0 0
    outer loop
      vertex -2.4 71.8313 7.19464
      vertex -2.4 69.7949 7.89482
      vertex -2.4 71.8313 7.89482
    endloop
  endfacet
  facet normal -1 0 0
    outer loop
      vertex -2.4 69.7403 7.19464
      vertex -2.4 69.7949 7.89482
      vertex -2.4 71.8313 7.19464
    endloop
  endfacet
  facet normal -1 0 0
    outer loop
      vertex -2.4 69.7403 7.19464
      vertex -2.4 69.6681 7.90006
      vertex -2.4 69.7949 7.89482
    endloop
  endfacet
  facet normal -1 0 0
    outer loop
      vertex -2.4 69.5395 7.20484
      vertex -2.4 69.6681 7.90006
      vertex -2.4 69.7403 7.19464
    endloop
  endfacet
  facet normal -1 -0 0
    outer loop
      vertex -2.4 69.6681 7.90006
      vertex -2.4 69.5395 7.20484
      vertex -2.4 69.5519 7.91579
    endloop
  endfacet
  facet normal -1 0 0
    outer loop
      vertex -2.4 69.3547 7.23539
      vertex -2.4 69.5519 7.91579
      vertex -2.4 69.5395 7.20484
    endloop
  endfacet
  facet normal -1 -0 0
    outer loop
      vertex -2.4 69.5519 7.91579
      vertex -2.4 69.3547 7.23539
      vertex -2.4 69.4463 7.94199
    endloop
  endfacet
  facet normal -1 0 0
    outer loop
      vertex -2.4 69.1861 7.28632
      vertex -2.4 69.4463 7.94199
      vertex -2.4 69.3547 7.23539
    endloop
  endfacet
  facet normal -1 -0 0
    outer loop
      vertex -2.4 69.4463 7.94199
      vertex -2.4 69.1861 7.28632
      vertex -2.4 69.3513 7.97869
    endloop
  endfacet
  facet normal -1 0 0
    outer loop
      vertex -2.4 69.0335 7.35762
      vertex -2.4 69.3513 7.97869
      vertex -2.4 69.1861 7.28632
    endloop
  endfacet
  facet normal -1 0 0
    outer loop
      vertex -2.4 68.8971 7.4493
      vertex -2.4 69.3513 7.97869
      vertex -2.4 69.0335 7.35762
    endloop
  endfacet
  facet normal -1 -0 0
    outer loop
      vertex -2.4 69.3513 7.97869
      vertex -2.4 68.8971 7.4493
      vertex -2.4 69.2669 8.02585
    endloop
  endfacet
  facet normal -1 0 0
    outer loop
      vertex -2.4 68.7766 7.56134
      vertex -2.4 69.2669 8.02585
      vertex -2.4 68.8971 7.4493
    endloop
  endfacet
  facet normal -1 -0 0
    outer loop
      vertex -2.4 69.2669 8.02585
      vertex -2.4 68.7766 7.56134
      vertex -2.4 69.1932 8.0835
    endloop
  endfacet
  facet normal -1 0 0
    outer loop
      vertex -2.4 68.6737 7.69257
      vertex -2.4 69.1932 8.0835
      vertex -2.4 68.7766 7.56134
    endloop
  endfacet
  facet normal -1 -0 0
    outer loop
      vertex -2.4 69.1932 8.0835
      vertex -2.4 68.6737 7.69257
      vertex -2.4 69.1305 8.15131
    endloop
  endfacet
  facet normal -1 0 0
    outer loop
      vertex -2.4 68.5894 7.8418
      vertex -2.4 69.1305 8.15131
      vertex -2.4 68.6737 7.69257
    endloop
  endfacet
  facet normal -1 -0 0
    outer loop
      vertex -2.4 69.1305 8.15131
      vertex -2.4 68.5894 7.8418
      vertex -2.4 69.0791 8.22895
    endloop
  endfacet
  facet normal -1 0 0
    outer loop
      vertex -2.4 68.5239 8.00902
      vertex -2.4 69.0791 8.22895
      vertex -2.4 68.5894 7.8418
    endloop
  endfacet
  facet normal -1 -0 0
    outer loop
      vertex -2.4 69.0791 8.22895
      vertex -2.4 68.5239 8.00902
      vertex -2.4 69.0392 8.31639
    endloop
  endfacet
  facet normal -1 0 -0
    outer loop
      vertex -2.4 68.4494 8.84717
      vertex -2.4 68.9879 8.6377
      vertex -2.4 68.4396 8.61869
    endloop
  endfacet
  facet normal -1 0 0
    outer loop
      vertex -2.4 68.4771 8.19425
      vertex -2.4 69.0392 8.31639
      vertex -2.4 68.5239 8.00902
    endloop
  endfacet
  facet normal -1 0 -0
    outer loop
      vertex -2.4 68.4785 9.05791
      vertex -2.4 68.9879 8.6377
      vertex -2.4 68.4494 8.84717
    endloop
  endfacet
  facet normal -1 -0 0
    outer loop
      vertex -2.4 69.0392 8.31639
      vertex -2.4 68.4771 8.19425
      vertex -2.4 69.0107 8.41367
    endloop
  endfacet
  facet normal -1 0 -0
    outer loop
      vertex -2.4 68.5272 9.25092
      vertex -2.4 68.9879 8.6377
      vertex -2.4 68.4785 9.05791
    endloop
  endfacet
  facet normal -1 0 0
    outer loop
      vertex -2.4 68.449 8.39746
      vertex -2.4 69.0107 8.41367
      vertex -2.4 68.4771 8.19425
    endloop
  endfacet
  facet normal -1 0 -0
    outer loop
      vertex -2.4 68.5952 9.4262
      vertex -2.4 68.9879 8.6377
      vertex -2.4 68.5272 9.25092
    endloop
  endfacet
  facet normal -1 -0 0
    outer loop
      vertex -2.4 69.0107 8.41367
      vertex -2.4 68.449 8.39746
      vertex -2.4 68.9936 8.52077
    endloop
  endfacet
  facet normal -1 0 0
    outer loop
      vertex -2.4 68.9879 8.6377
      vertex -2.4 68.6827 9.58373
      vertex -2.4 68.7897 9.72353
    endloop
  endfacet
  facet normal -1 0 0
    outer loop
      vertex -2.4 68.4396 8.61869
      vertex -2.4 68.9936 8.52077
      vertex -2.4 68.449 8.39746
    endloop
  endfacet
  facet normal -1 0 0
    outer loop
      vertex -2.4 68.9879 8.6377
      vertex -2.4 68.5952 9.4262
      vertex -2.4 68.6827 9.58373
    endloop
  endfacet
  facet normal -1 0 0
    outer loop
      vertex -2.4 68.9936 8.52077
      vertex -2.4 68.4396 8.61869
      vertex -2.4 68.9879 8.6377
    endloop
  endfacet
  facet normal -1 0 0
    outer loop
      vertex -2.4 68.9879 8.6377
      vertex -2.4 68.7897 9.72353
      vertex -2.4 68.9143 9.84356
    endloop
  endfacet
  facet normal -1 0 0
    outer loop
      vertex -2.4 69.8186 9.41617
      vertex -2.4 71.8313 10.1163
      vertex -2.4 71.8313 9.41617
    endloop
  endfacet
  facet normal -1 0 0
    outer loop
      vertex -2.4 69.8186 9.41617
      vertex -2.4 69.7759 10.1163
      vertex -2.4 71.8313 10.1163
    endloop
  endfacet
  facet normal -1 0 0
    outer loop
      vertex -2.4 69.6901 9.41056
      vertex -2.4 69.7759 10.1163
      vertex -2.4 69.8186 9.41617
    endloop
  endfacet
  facet normal -1 0 0
    outer loop
      vertex -2.4 69.5718 10.1054
      vertex -2.4 69.6901 9.41056
      vertex -2.4 69.5719 9.39376
    endloop
  endfacet
  facet normal -1 0 0
    outer loop
      vertex -2.4 69.6901 9.41056
      vertex -2.4 69.5718 10.1054
      vertex -2.4 69.7759 10.1163
    endloop
  endfacet
  facet normal -1 0 0
    outer loop
      vertex -2.4 69.3836 10.0727
      vertex -2.4 69.5719 9.39376
      vertex -2.4 69.4641 9.36573
    endloop
  endfacet
  facet normal -1 0 0
    outer loop
      vertex -2.4 69.5719 9.39376
      vertex -2.4 69.3836 10.0727
      vertex -2.4 69.5718 10.1054
    endloop
  endfacet
  facet normal -1 0 0
    outer loop
      vertex -2.4 69.2113 10.0181
      vertex -2.4 69.4641 9.36573
      vertex -2.4 69.3666 9.32651
    endloop
  endfacet
  facet normal -1 0 0
    outer loop
      vertex -2.4 68.9143 9.84356
      vertex -2.4 69.3666 9.32651
      vertex -2.4 69.2795 9.27607
    endloop
  endfacet
  facet normal -1 0 0
    outer loop
      vertex -2.4 69.4641 9.36573
      vertex -2.4 69.2113 10.0181
      vertex -2.4 69.3836 10.0727
    endloop
  endfacet
  facet normal -1 0 0
    outer loop
      vertex -2.4 68.9143 9.84356
      vertex -2.4 69.2795 9.27607
      vertex -2.4 69.2027 9.21442
    endloop
  endfacet
  facet normal -1 0 0
    outer loop
      vertex -2.4 68.9143 9.84356
      vertex -2.4 69.2027 9.21442
      vertex -2.4 69.137 9.14237
    endloop
  endfacet
  facet normal -1 0 0
    outer loop
      vertex -2.4 68.9143 9.84356
      vertex -2.4 69.137 9.14237
      vertex -2.4 69.0834 9.06069
    endloop
  endfacet
  facet normal -1 0 0
    outer loop
      vertex -2.4 69.3666 9.32651
      vertex -2.4 69.0549 9.94176
      vertex -2.4 69.2113 10.0181
    endloop
  endfacet
  facet normal -1 0 0
    outer loop
      vertex -2.4 68.9143 9.84356
      vertex -2.4 69.0834 9.06069
      vertex -2.4 69.0416 8.96938
    endloop
  endfacet
  facet normal -1 0 0
    outer loop
      vertex -2.4 68.9143 9.84356
      vertex -2.4 69.0416 8.96938
      vertex -2.4 69.0117 8.86844
    endloop
  endfacet
  facet normal -1 0 0
    outer loop
      vertex -2.4 68.9143 9.84356
      vertex -2.4 69.0117 8.86844
      vertex -2.4 68.9938 8.75788
    endloop
  endfacet
  facet normal -1 0 0
    outer loop
      vertex -2.4 69.3666 9.32651
      vertex -2.4 68.9143 9.84356
      vertex -2.4 69.0549 9.94176
    endloop
  endfacet
  facet normal -1 0 0
    outer loop
      vertex -2.4 68.9143 9.84356
      vertex -2.4 68.9938 8.75788
      vertex -2.4 68.9879 8.6377
    endloop
  endfacet
  facet normal -1 0 0
    outer loop
      vertex -2.4 71.2878 11.3563
      vertex -2.4 71.8313 12.1585
      vertex -2.4 71.8313 10.6561
    endloop
  endfacet
  facet normal -1 0 0
    outer loop
      vertex -2.4 71.2878 12.0802
      vertex -2.4 71.8313 12.1585
      vertex -2.4 71.2878 11.3563
    endloop
  endfacet
  facet normal -1 0 0
    outer loop
      vertex -2.4 71.2731 12.2702
      vertex -2.4 71.8313 12.1585
      vertex -2.4 71.2878 12.0802
    endloop
  endfacet
  facet normal -1 0 0
    outer loop
      vertex -2.4 71.8313 12.1585
      vertex -2.4 71.2731 12.2702
      vertex -2.4 71.8236 12.351
    endloop
  endfacet
  facet normal -1 0 0
    outer loop
      vertex -2.4 71.2292 12.4256
      vertex -2.4 71.8005 12.5281
      vertex -2.4 71.2731 12.2702
    endloop
  endfacet
  facet normal -1 -0 0
    outer loop
      vertex -2.4 71.8005 12.5281
      vertex -2.4 71.2292 12.4256
      vertex -2.4 71.7621 12.6899
    endloop
  endfacet
  facet normal -1 0 0
    outer loop
      vertex -2.4 71.156 12.5466
      vertex -2.4 71.7621 12.6899
      vertex -2.4 71.2292 12.4256
    endloop
  endfacet
  facet normal -1 -0 0
    outer loop
      vertex -2.4 71.7621 12.6899
      vertex -2.4 71.156 12.5466
      vertex -2.4 71.7084 12.8362
    endloop
  endfacet
  facet normal -1 -0 0
    outer loop
      vertex -2.4 71.8236 12.351
      vertex -2.4 71.2731 12.2702
      vertex -2.4 71.8005 12.5281
    endloop
  endfacet
  facet normal -1 0 0
    outer loop
      vertex -2.4 71.8313 10.6561
      vertex -2.4 70.2031 11.3563
      vertex -2.4 71.2878 11.3563
    endloop
  endfacet
  facet normal -1 0 0
    outer loop
      vertex -2.4 69.6643 11.3563
      vertex -2.4 70.2031 12.0992
      vertex -2.4 70.2031 11.3563
    endloop
  endfacet
  facet normal -1 0 -0
    outer loop
      vertex -2.4 69.7607 12.7443
      vertex -2.4 70.2031 12.0992
      vertex -2.4 69.726 12.6443
    endloop
  endfacet
  facet normal -1 0 -0
    outer loop
      vertex -2.4 69.8032 12.8385
      vertex -2.4 70.2031 12.0992
      vertex -2.4 69.7607 12.7443
    endloop
  endfacet
  facet normal -1 0 0
    outer loop
      vertex -2.4 70.2031 12.0992
      vertex -2.4 70.1145 13.2072
      vertex -2.4 70.196 13.2598
    endloop
  endfacet
  facet normal -1 0 0
    outer loop
      vertex -2.4 70.2031 12.0992
      vertex -2.4 69.9708 13.0809
      vertex -2.4 70.0395 13.1476
    endloop
  endfacet
  facet normal -1 0 0
    outer loop
      vertex -2.4 70.2031 12.0992
      vertex -2.4 69.9085 13.0071
      vertex -2.4 69.9708 13.0809
    endloop
  endfacet
  facet normal -1 0 -0
    outer loop
      vertex -2.4 69.9085 13.0071
      vertex -2.4 70.2031 12.0992
      vertex -2.4 69.8527 12.9263
    endloop
  endfacet
  facet normal -1 0 0
    outer loop
      vertex -2.4 70.2031 12.0992
      vertex -2.4 70.0395 13.1476
      vertex -2.4 70.1145 13.2072
    endloop
  endfacet
  facet normal -1 0 -0
    outer loop
      vertex -2.4 69.8527 12.9263
      vertex -2.4 70.2031 12.0992
      vertex -2.4 69.8032 12.8385
    endloop
  endfacet
  facet normal -1 0 0
    outer loop
      vertex -2.4 70.2031 12.0992
      vertex -2.4 69.699 12.5385
      vertex -2.4 69.726 12.6443
    endloop
  endfacet
  facet normal -1 0 0
    outer loop
      vertex -2.4 70.2031 12.0992
      vertex -2.4 69.6798 12.4271
      vertex -2.4 69.699 12.5385
    endloop
  endfacet
  facet normal -1 0 0
    outer loop
      vertex -2.4 70.2031 12.0992
      vertex -2.4 69.6682 12.3099
      vertex -2.4 69.6798 12.4271
    endloop
  endfacet
  facet normal -1 -0 0
    outer loop
      vertex -2.4 70.2031 12.0992
      vertex -2.4 69.6643 11.3563
      vertex -2.4 69.6643 12.187
    endloop
  endfacet
  facet normal -1 0 0
    outer loop
      vertex -2.4 68.4871 10.6561
      vertex -2.4 70.2031 11.3563
      vertex -2.4 71.8313 10.6561
    endloop
  endfacet
  facet normal -1 -0 0
    outer loop
      vertex -2.4 70.2031 11.3563
      vertex -2.4 68.4871 10.6561
      vertex -2.4 69.6643 11.3563
    endloop
  endfacet
  facet normal -1 -0 0
    outer loop
      vertex -2.4 69.6643 11.3563
      vertex -2.4 68.4871 10.6561
      vertex -2.4 68.4871 11.3563
    endloop
  endfacet
  facet normal -1 -0 0
    outer loop
      vertex -2.4 71.7084 12.8362
      vertex -2.4 71.156 12.5466
      vertex -2.4 71.6393 12.9673
    endloop
  endfacet
  facet normal -1 -0 0
    outer loop
      vertex -2.4 71.6393 12.9673
      vertex -2.4 71.156 12.5466
      vertex -2.4 71.5548 13.0829
    endloop
  endfacet
  facet normal -1 0 0
    outer loop
      vertex -2.4 71.0536 12.6329
      vertex -2.4 71.5548 13.0829
      vertex -2.4 71.156 12.5466
    endloop
  endfacet
  facet normal -1 -0 0
    outer loop
      vertex -2.4 71.5548 13.0829
      vertex -2.4 71.0536 12.6329
      vertex -2.4 71.4562 13.1819
    endloop
  endfacet
  facet normal -1 -0 0
    outer loop
      vertex -2.4 71.4562 13.1819
      vertex -2.4 71.0536 12.6329
      vertex -2.4 71.345 13.2629
    endloop
  endfacet
  facet normal -1 -0 0
    outer loop
      vertex -2.4 71.345 13.2629
      vertex -2.4 71.0536 12.6329
      vertex -2.4 71.221 13.3259
    endloop
  endfacet
  facet normal -1 0 0
    outer loop
      vertex -2.4 70.9218 12.6848
      vertex -2.4 71.221 13.3259
      vertex -2.4 71.0536 12.6329
    endloop
  endfacet
  facet normal -1 -0 0
    outer loop
      vertex -2.4 71.221 13.3259
      vertex -2.4 70.9218 12.6848
      vertex -2.4 71.0843 13.3709
    endloop
  endfacet
  facet normal -1 -0 0
    outer loop
      vertex -2.4 71.0843 13.3709
      vertex -2.4 70.9218 12.6848
      vertex -2.4 70.9349 13.3979
    endloop
  endfacet
  facet normal -1 0 0
    outer loop
      vertex -2.4 70.7608 12.702
      vertex -2.4 70.9349 13.3979
      vertex -2.4 70.9218 12.6848
    endloop
  endfacet
  facet normal -1 -0 0
    outer loop
      vertex -2.4 70.9349 13.3979
      vertex -2.4 70.7608 12.702
      vertex -2.4 70.7727 13.4069
    endloop
  endfacet
  facet normal -1 0 0
    outer loop
      vertex -2.4 70.667 13.4028
      vertex -2.4 70.7608 12.702
      vertex -2.4 70.6742 12.6977
    endloop
  endfacet
  facet normal -1 0 0
    outer loop
      vertex -2.4 70.7608 12.702
      vertex -2.4 70.667 13.4028
      vertex -2.4 70.7727 13.4069
    endloop
  endfacet
  facet normal -1 0 0
    outer loop
      vertex -2.4 70.4671 13.3701
      vertex -2.4 70.6742 12.6977
      vertex -2.4 70.5946 12.6846
    endloop
  endfacet
  facet normal -1 0 0
    outer loop
      vertex -2.4 70.6742 12.6977
      vertex -2.4 70.5652 13.3906
      vertex -2.4 70.667 13.4028
    endloop
  endfacet
  facet normal -1 0 0
    outer loop
      vertex -2.4 70.3729 13.3415
      vertex -2.4 70.5946 12.6846
      vertex -2.4 70.522 12.6629
    endloop
  endfacet
  facet normal -1 0 0
    outer loop
      vertex -2.4 70.6742 12.6977
      vertex -2.4 70.4671 13.3701
      vertex -2.4 70.5652 13.3906
    endloop
  endfacet
  facet normal -1 0 0
    outer loop
      vertex -2.4 70.196 13.2598
      vertex -2.4 70.522 12.6629
      vertex -2.4 70.4565 12.6324
    endloop
  endfacet
  facet normal -1 0 0
    outer loop
      vertex -2.4 70.196 13.2598
      vertex -2.4 70.4565 12.6324
      vertex -2.4 70.3981 12.5932
    endloop
  endfacet
  facet normal -1 0 0
    outer loop
      vertex -2.4 70.5946 12.6846
      vertex -2.4 70.3729 13.3415
      vertex -2.4 70.4671 13.3701
    endloop
  endfacet
  facet normal -1 0 0
    outer loop
      vertex -2.4 70.196 13.2598
      vertex -2.4 70.3981 12.5932
      vertex -2.4 70.3467 12.5454
    endloop
  endfacet
  facet normal -1 0 0
    outer loop
      vertex -2.4 70.196 13.2598
      vertex -2.4 70.3467 12.5454
      vertex -2.4 70.3028 12.4895
    endloop
  endfacet
  facet normal -1 0 0
    outer loop
      vertex -2.4 70.522 12.6629
      vertex -2.4 70.2825 13.3047
      vertex -2.4 70.3729 13.3415
    endloop
  endfacet
  facet normal -1 0 0
    outer loop
      vertex -2.4 70.196 13.2598
      vertex -2.4 70.3028 12.4895
      vertex -2.4 70.2669 12.4262
    endloop
  endfacet
  facet normal -1 0 0
    outer loop
      vertex -2.4 70.196 13.2598
      vertex -2.4 70.2669 12.4262
      vertex -2.4 70.239 12.3555
    endloop
  endfacet
  facet normal -1 0 0
    outer loop
      vertex -2.4 70.196 13.2598
      vertex -2.4 70.239 12.3555
      vertex -2.4 70.219 12.2774
    endloop
  endfacet
  facet normal -1 0 0
    outer loop
      vertex -2.4 70.196 13.2598
      vertex -2.4 70.219 12.2774
      vertex -2.4 70.2071 12.192
    endloop
  endfacet
  facet normal -1 0 0
    outer loop
      vertex -2.4 70.522 12.6629
      vertex -2.4 70.196 13.2598
      vertex -2.4 70.2825 13.3047
    endloop
  endfacet
  facet normal -1 0 0
    outer loop
      vertex -2.4 70.196 13.2598
      vertex -2.4 70.2071 12.192
      vertex -2.4 70.2031 12.0992
    endloop
  endfacet
  facet normal -1 0 0
    outer loop
      vertex -2.4 70.2031 12.0992
      vertex -2.4 69.6643 12.187
      vertex -2.4 69.6682 12.3099
    endloop
  endfacet
  facet normal 0 0.9906 -0.136787
    outer loop
      vertex -2.4 68.4494 8.84717
      vertex -3 68.4785 9.05791
      vertex -2.4 68.4785 9.05791
    endloop
  endfacet
  facet normal 0 0.9906 -0.136787
    outer loop
      vertex -3 68.4785 9.05791
      vertex -2.4 68.4494 8.84717
      vertex -3 68.4494 8.84717
    endloop
  endfacet
  facet normal 0 0.969611 -0.244651
    outer loop
      vertex -2.4 68.4785 9.05791
      vertex -3 68.5272 9.25092
      vertex -2.4 68.5272 9.25092
    endloop
  endfacet
  facet normal 0 0.969611 -0.244651
    outer loop
      vertex -3 68.5272 9.25092
      vertex -2.4 68.4785 9.05791
      vertex -3 68.4785 9.05791
    endloop
  endfacet
  facet normal 0 0.9323 -0.361686
    outer loop
      vertex -2.4 68.5272 9.25092
      vertex -3 68.5952 9.4262
      vertex -2.4 68.5952 9.4262
    endloop
  endfacet
  facet normal 0 0.9323 -0.361686
    outer loop
      vertex -3 68.5952 9.4262
      vertex -2.4 68.5272 9.25092
      vertex -3 68.5272 9.25092
    endloop
  endfacet
  facet normal 0 0.874197 -0.485572
    outer loop
      vertex -2.4 68.5952 9.4262
      vertex -3 68.6827 9.58373
      vertex -2.4 68.6827 9.58373
    endloop
  endfacet
  facet normal 0 0.874197 -0.485572
    outer loop
      vertex -3 68.6827 9.58373
      vertex -2.4 68.5952 9.4262
      vertex -3 68.5952 9.4262
    endloop
  endfacet
  facet normal 0 0.7941 -0.607787
    outer loop
      vertex -2.4 68.6827 9.58373
      vertex -3 68.7897 9.72353
      vertex -2.4 68.7897 9.72353
    endloop
  endfacet
  facet normal 0 0.7941 -0.607787
    outer loop
      vertex -3 68.7897 9.72353
      vertex -2.4 68.6827 9.58373
      vertex -3 68.6827 9.58373
    endloop
  endfacet
  facet normal 0 0.693776 -0.720191
    outer loop
      vertex -3 68.7897 9.72353
      vertex -2.4 68.9143 9.84356
      vertex -2.4 68.7897 9.72353
    endloop
  endfacet
  facet normal 0 0.693776 -0.720191
    outer loop
      vertex -2.4 68.9143 9.84356
      vertex -3 68.7897 9.72353
      vertex -3 68.9143 9.84356
    endloop
  endfacet
  facet normal 0 0.572601 -0.819834
    outer loop
      vertex -3 68.9143 9.84356
      vertex -2.4 69.0549 9.94176
      vertex -2.4 68.9143 9.84356
    endloop
  endfacet
  facet normal 0 0.572601 -0.819834
    outer loop
      vertex -2.4 69.0549 9.94176
      vertex -3 68.9143 9.84356
      vertex -3 69.0549 9.94176
    endloop
  endfacet
  facet normal 0 0.438643 -0.898661
    outer loop
      vertex -3 69.0549 9.94176
      vertex -2.4 69.2113 10.0181
      vertex -2.4 69.0549 9.94176
    endloop
  endfacet
  facet normal 0 0.438643 -0.898661
    outer loop
      vertex -2.4 69.2113 10.0181
      vertex -3 69.0549 9.94176
      vertex -3 69.2113 10.0181
    endloop
  endfacet
  facet normal 0 0.302084 -0.953281
    outer loop
      vertex -3 69.2113 10.0181
      vertex -2.4 69.3836 10.0727
      vertex -2.4 69.2113 10.0181
    endloop
  endfacet
  facet normal 0 0.302084 -0.953281
    outer loop
      vertex -2.4 69.3836 10.0727
      vertex -3 69.2113 10.0181
      vertex -3 69.3836 10.0727
    endloop
  endfacet
  facet normal 0 0.171187 -0.985239
    outer loop
      vertex -3 69.3836 10.0727
      vertex -2.4 69.5718 10.1054
      vertex -2.4 69.3836 10.0727
    endloop
  endfacet
  facet normal 0 0.171187 -0.985239
    outer loop
      vertex -2.4 69.5718 10.1054
      vertex -3 69.3836 10.0727
      vertex -3 69.5718 10.1054
    endloop
  endfacet
  facet normal 0 0.0533292 -0.998577
    outer loop
      vertex -3 69.5718 10.1054
      vertex -2.4 69.7759 10.1163
      vertex -2.4 69.5718 10.1054
    endloop
  endfacet
  facet normal 0 0.0533292 -0.998577
    outer loop
      vertex -2.4 69.7759 10.1163
      vertex -3 69.5718 10.1054
      vertex -3 69.7759 10.1163
    endloop
  endfacet
  facet normal 0 0 -1
    outer loop
      vertex -3 69.7759 10.1163
      vertex -2.4 71.8313 10.1163
      vertex -2.4 69.7759 10.1163
    endloop
  endfacet
  facet normal -0 0 -1
    outer loop
      vertex -2.4 71.8313 10.1163
      vertex -3 69.7759 10.1163
      vertex -3 71.8313 10.1163
    endloop
  endfacet
  facet normal 0 -1 0
    outer loop
      vertex -3 71.8313 9.41617
      vertex -2.4 71.8313 10.1163
      vertex -3 71.8313 10.1163
    endloop
  endfacet
  facet normal 0 -1 -0
    outer loop
      vertex -2.4 71.8313 10.1163
      vertex -3 71.8313 9.41617
      vertex -2.4 71.8313 9.41617
    endloop
  endfacet
  facet normal -0 0 1
    outer loop
      vertex -3 71.8313 9.41617
      vertex -2.4 69.8186 9.41617
      vertex -2.4 71.8313 9.41617
    endloop
  endfacet
  facet normal 0 0 1
    outer loop
      vertex -2.4 69.8186 9.41617
      vertex -3 71.8313 9.41617
      vertex -3 69.8186 9.41617
    endloop
  endfacet
  facet normal 0 -0.043616 0.999048
    outer loop
      vertex -3 69.8186 9.41617
      vertex -2.4 69.6901 9.41056
      vertex -2.4 69.8186 9.41617
    endloop
  endfacet
  facet normal 0 -0.043616 0.999048
    outer loop
      vertex -2.4 69.6901 9.41056
      vertex -3 69.8186 9.41617
      vertex -3 69.6901 9.41056
    endloop
  endfacet
  facet normal 0 -0.140718 0.99005
    outer loop
      vertex -3 69.6901 9.41056
      vertex -2.4 69.5719 9.39376
      vertex -2.4 69.6901 9.41056
    endloop
  endfacet
  facet normal 0 -0.140718 0.99005
    outer loop
      vertex -2.4 69.5719 9.39376
      vertex -3 69.6901 9.41056
      vertex -3 69.5719 9.39376
    endloop
  endfacet
  facet normal 0 -0.251651 0.967818
    outer loop
      vertex -3 69.5719 9.39376
      vertex -2.4 69.4641 9.36573
      vertex -2.4 69.5719 9.39376
    endloop
  endfacet
  facet normal 0 -0.251651 0.967818
    outer loop
      vertex -2.4 69.4641 9.36573
      vertex -3 69.5719 9.39376
      vertex -3 69.4641 9.36573
    endloop
  endfacet
  facet normal 0 -0.373195 0.927753
    outer loop
      vertex -3 69.4641 9.36573
      vertex -2.4 69.3666 9.32651
      vertex -2.4 69.4641 9.36573
    endloop
  endfacet
  facet normal 0 -0.373195 0.927753
    outer loop
      vertex -2.4 69.3666 9.32651
      vertex -3 69.4641 9.36573
      vertex -3 69.3666 9.32651
    endloop
  endfacet
  facet normal 0 -0.501138 0.865367
    outer loop
      vertex -3 69.3666 9.32651
      vertex -2.4 69.2795 9.27607
      vertex -2.4 69.3666 9.32651
    endloop
  endfacet
  facet normal 0 -0.501138 0.865367
    outer loop
      vertex -2.4 69.2795 9.27607
      vertex -3 69.3666 9.32651
      vertex -3 69.2795 9.27607
    endloop
  endfacet
  facet normal 0 -0.625994 0.779828
    outer loop
      vertex -3 69.2795 9.27607
      vertex -2.4 69.2027 9.21442
      vertex -2.4 69.2795 9.27607
    endloop
  endfacet
  facet normal 0 -0.625994 0.779828
    outer loop
      vertex -2.4 69.2027 9.21442
      vertex -3 69.2795 9.27607
      vertex -3 69.2027 9.21442
    endloop
  endfacet
  facet normal 0 -0.738918 0.673795
    outer loop
      vertex -3 69.137 9.14237
      vertex -2.4 69.2027 9.21442
      vertex -3 69.2027 9.21442
    endloop
  endfacet
  facet normal 0 -0.738918 0.673795
    outer loop
      vertex -2.4 69.2027 9.21442
      vertex -3 69.137 9.14237
      vertex -2.4 69.137 9.14237
    endloop
  endfacet
  facet normal 0 -0.83606 0.548639
    outer loop
      vertex -3 69.0834 9.06069
      vertex -2.4 69.137 9.14237
      vertex -3 69.137 9.14237
    endloop
  endfacet
  facet normal 0 -0.83606 0.548639
    outer loop
      vertex -2.4 69.137 9.14237
      vertex -3 69.0834 9.06069
      vertex -2.4 69.0834 9.06069
    endloop
  endfacet
  facet normal 0 -0.909255 0.41624
    outer loop
      vertex -3 69.0416 8.96938
      vertex -2.4 69.0834 9.06069
      vertex -3 69.0834 9.06069
    endloop
  endfacet
  facet normal 0 -0.909255 0.41624
    outer loop
      vertex -2.4 69.0834 9.06069
      vertex -3 69.0416 8.96938
      vertex -2.4 69.0416 8.96938
    endloop
  endfacet
  facet normal 0 -0.958819 0.284017
    outer loop
      vertex -3 69.0117 8.86844
      vertex -2.4 69.0416 8.96938
      vertex -3 69.0416 8.96938
    endloop
  endfacet
  facet normal 0 -0.958819 0.284017
    outer loop
      vertex -2.4 69.0416 8.96938
      vertex -3 69.0117 8.86844
      vertex -2.4 69.0117 8.86844
    endloop
  endfacet
  facet normal 0 -0.987146 0.159822
    outer loop
      vertex -3 68.9938 8.75788
      vertex -2.4 69.0117 8.86844
      vertex -3 69.0117 8.86844
    endloop
  endfacet
  facet normal 0 -0.987146 0.159822
    outer loop
      vertex -2.4 69.0117 8.86844
      vertex -3 68.9938 8.75788
      vertex -2.4 68.9938 8.75788
    endloop
  endfacet
  facet normal 0 -0.998797 0.049034
    outer loop
      vertex -3 68.9879 8.6377
      vertex -2.4 68.9938 8.75788
      vertex -3 68.9938 8.75788
    endloop
  endfacet
  facet normal 0 -0.998797 0.049034
    outer loop
      vertex -2.4 68.9938 8.75788
      vertex -3 68.9879 8.6377
      vertex -2.4 68.9879 8.6377
    endloop
  endfacet
  facet normal 0 -0.998814 -0.0486893
    outer loop
      vertex -3 68.9936 8.52077
      vertex -2.4 68.9879 8.6377
      vertex -3 68.9879 8.6377
    endloop
  endfacet
  facet normal 0 -0.998814 -0.0486893
    outer loop
      vertex -2.4 68.9879 8.6377
      vertex -3 68.9936 8.52077
      vertex -2.4 68.9936 8.52077
    endloop
  endfacet
  facet normal 0 -0.987492 -0.157667
    outer loop
      vertex -3 69.0107 8.41367
      vertex -2.4 68.9936 8.52077
      vertex -3 68.9936 8.52077
    endloop
  endfacet
  facet normal 0 -0.987492 -0.157667
    outer loop
      vertex -2.4 68.9936 8.52077
      vertex -3 69.0107 8.41367
      vertex -2.4 69.0107 8.41367
    endloop
  endfacet
  facet normal 0 -0.959663 -0.281151
    outer loop
      vertex -3 69.0392 8.31639
      vertex -2.4 69.0107 8.41367
      vertex -3 69.0107 8.41367
    endloop
  endfacet
  facet normal 0 -0.959663 -0.281151
    outer loop
      vertex -2.4 69.0107 8.41367
      vertex -3 69.0392 8.31639
      vertex -2.4 69.0392 8.31639
    endloop
  endfacet
  facet normal 0 -0.90976 -0.415135
    outer loop
      vertex -3 69.0791 8.22895
      vertex -2.4 69.0392 8.31639
      vertex -3 69.0392 8.31639
    endloop
  endfacet
  facet normal 0 -0.90976 -0.415135
    outer loop
      vertex -2.4 69.0392 8.31639
      vertex -3 69.0791 8.22895
      vertex -2.4 69.0791 8.22895
    endloop
  endfacet
  facet normal 0 -0.83383 -0.552021
    outer loop
      vertex -3 69.1305 8.15131
      vertex -2.4 69.0791 8.22895
      vertex -3 69.0791 8.22895
    endloop
  endfacet
  facet normal 0 -0.83383 -0.552021
    outer loop
      vertex -2.4 69.0791 8.22895
      vertex -3 69.1305 8.15131
      vertex -2.4 69.1305 8.15131
    endloop
  endfacet
  facet normal 0 -0.73423 -0.6789
    outer loop
      vertex -3 69.1932 8.0835
      vertex -2.4 69.1305 8.15131
      vertex -3 69.1305 8.15131
    endloop
  endfacet
  facet normal 0 -0.73423 -0.6789
    outer loop
      vertex -2.4 69.1305 8.15131
      vertex -3 69.1932 8.0835
      vertex -2.4 69.1932 8.0835
    endloop
  endfacet
  facet normal 0 -0.616121 -0.787652
    outer loop
      vertex -3 69.1932 8.0835
      vertex -2.4 69.2669 8.02585
      vertex -2.4 69.1932 8.0835
    endloop
  endfacet
  facet normal -0 -0.616121 -0.787652
    outer loop
      vertex -2.4 69.2669 8.02585
      vertex -3 69.1932 8.0835
      vertex -3 69.2669 8.02585
    endloop
  endfacet
  facet normal 0 -0.487784 -0.872964
    outer loop
      vertex -3 69.2669 8.02585
      vertex -2.4 69.3513 7.97869
      vertex -2.4 69.2669 8.02585
    endloop
  endfacet
  facet normal -0 -0.487784 -0.872964
    outer loop
      vertex -2.4 69.3513 7.97869
      vertex -3 69.2669 8.02585
      vertex -3 69.3513 7.97869
    endloop
  endfacet
  facet normal 0 -0.36036 -0.932813
    outer loop
      vertex -3 69.3513 7.97869
      vertex -2.4 69.4463 7.94199
      vertex -2.4 69.3513 7.97869
    endloop
  endfacet
  facet normal -0 -0.36036 -0.932813
    outer loop
      vertex -2.4 69.4463 7.94199
      vertex -3 69.3513 7.97869
      vertex -3 69.4463 7.94199
    endloop
  endfacet
  facet normal 0 -0.240805 -0.970573
    outer loop
      vertex -3 69.4463 7.94199
      vertex -2.4 69.5519 7.91579
      vertex -2.4 69.4463 7.94199
    endloop
  endfacet
  facet normal -0 -0.240805 -0.970573
    outer loop
      vertex -2.4 69.5519 7.91579
      vertex -3 69.4463 7.94199
      vertex -3 69.5519 7.91579
    endloop
  endfacet
  facet normal 0 -0.134147 -0.990962
    outer loop
      vertex -3 69.5519 7.91579
      vertex -2.4 69.6681 7.90006
      vertex -2.4 69.5519 7.91579
    endloop
  endfacet
  facet normal -0 -0.134147 -0.990962
    outer loop
      vertex -2.4 69.6681 7.90006
      vertex -3 69.5519 7.91579
      vertex -3 69.6681 7.90006
    endloop
  endfacet
  facet normal 0 -0.0412897 -0.999147
    outer loop
      vertex -3 69.6681 7.90006
      vertex -2.4 69.7949 7.89482
      vertex -2.4 69.6681 7.90006
    endloop
  endfacet
  facet normal -0 -0.0412897 -0.999147
    outer loop
      vertex -2.4 69.7949 7.89482
      vertex -3 69.6681 7.90006
      vertex -3 69.7949 7.89482
    endloop
  endfacet
  facet normal 0 0 -1
    outer loop
      vertex -3 69.7949 7.89482
      vertex -2.4 71.8313 7.89482
      vertex -2.4 69.7949 7.89482
    endloop
  endfacet
  facet normal -0 0 -1
    outer loop
      vertex -2.4 71.8313 7.89482
      vertex -3 69.7949 7.89482
      vertex -3 71.8313 7.89482
    endloop
  endfacet
  facet normal 0 -1 0
    outer loop
      vertex -3 71.8313 7.19464
      vertex -2.4 71.8313 7.89482
      vertex -3 71.8313 7.89482
    endloop
  endfacet
  facet normal 0 -1 -0
    outer loop
      vertex -2.4 71.8313 7.89482
      vertex -3 71.8313 7.19464
      vertex -2.4 71.8313 7.19464
    endloop
  endfacet
  facet normal -0 0 1
    outer loop
      vertex -3 71.8313 7.19464
      vertex -2.4 69.7403 7.19464
      vertex -2.4 71.8313 7.19464
    endloop
  endfacet
  facet normal 0 0 1
    outer loop
      vertex -2.4 69.7403 7.19464
      vertex -3 71.8313 7.19464
      vertex -3 69.7403 7.19464
    endloop
  endfacet
  facet normal -0 0.0507314 0.998712
    outer loop
      vertex -3 69.7403 7.19464
      vertex -2.4 69.5395 7.20484
      vertex -2.4 69.7403 7.19464
    endloop
  endfacet
  facet normal 0 0.0507314 0.998712
    outer loop
      vertex -2.4 69.5395 7.20484
      vertex -3 69.7403 7.19464
      vertex -3 69.5395 7.20484
    endloop
  endfacet
  facet normal -0 0.1631 0.98661
    outer loop
      vertex -3 69.5395 7.20484
      vertex -2.4 69.3547 7.23539
      vertex -2.4 69.5395 7.20484
    endloop
  endfacet
  facet normal 0 0.1631 0.98661
    outer loop
      vertex -2.4 69.3547 7.23539
      vertex -3 69.5395 7.20484
      vertex -3 69.3547 7.23539
    endloop
  endfacet
  facet normal -0 0.289171 0.957278
    outer loop
      vertex -3 69.3547 7.23539
      vertex -2.4 69.1861 7.28632
      vertex -2.4 69.3547 7.23539
    endloop
  endfacet
  facet normal 0 0.289171 0.957278
    outer loop
      vertex -2.4 69.1861 7.28632
      vertex -3 69.3547 7.23539
      vertex -3 69.1861 7.28632
    endloop
  endfacet
  facet normal -0 0.423308 0.905986
    outer loop
      vertex -3 69.1861 7.28632
      vertex -2.4 69.0335 7.35762
      vertex -2.4 69.1861 7.28632
    endloop
  endfacet
  facet normal 0 0.423308 0.905986
    outer loop
      vertex -2.4 69.0335 7.35762
      vertex -3 69.1861 7.28632
      vertex -3 69.0335 7.35762
    endloop
  endfacet
  facet normal -0 0.557842 0.829947
    outer loop
      vertex -3 69.0335 7.35762
      vertex -2.4 68.8971 7.4493
      vertex -2.4 69.0335 7.35762
    endloop
  endfacet
  facet normal 0 0.557842 0.829947
    outer loop
      vertex -2.4 68.8971 7.4493
      vertex -3 69.0335 7.35762
      vertex -3 68.8971 7.4493
    endloop
  endfacet
  facet normal -0 0.680931 0.732347
    outer loop
      vertex -3 68.8971 7.4493
      vertex -2.4 68.7766 7.56134
      vertex -2.4 68.8971 7.4493
    endloop
  endfacet
  facet normal 0 0.680931 0.732347
    outer loop
      vertex -2.4 68.7766 7.56134
      vertex -3 68.8971 7.4493
      vertex -3 68.7766 7.56134
    endloop
  endfacet
  facet normal 0 0.786928 0.617045
    outer loop
      vertex -2.4 68.7766 7.56134
      vertex -3 68.6737 7.69257
      vertex -2.4 68.6737 7.69257
    endloop
  endfacet
  facet normal 0 0.786928 0.617045
    outer loop
      vertex -3 68.6737 7.69257
      vertex -2.4 68.7766 7.56134
      vertex -3 68.7766 7.56134
    endloop
  endfacet
  facet normal 0 0.870681 0.491848
    outer loop
      vertex -2.4 68.6737 7.69257
      vertex -3 68.5894 7.8418
      vertex -2.4 68.5894 7.8418
    endloop
  endfacet
  facet normal 0 0.870681 0.491848
    outer loop
      vertex -3 68.5894 7.8418
      vertex -2.4 68.6737 7.69257
      vertex -3 68.6737 7.69257
    endloop
  endfacet
  facet normal 0 0.931118 0.364718
    outer loop
      vertex -2.4 68.5894 7.8418
      vertex -3 68.5239 8.00902
      vertex -2.4 68.5239 8.00902
    endloop
  endfacet
  facet normal 0 0.931118 0.364718
    outer loop
      vertex -3 68.5239 8.00902
      vertex -2.4 68.5894 7.8418
      vertex -3 68.5894 7.8418
    endloop
  endfacet
  facet normal 0 0.969533 0.244961
    outer loop
      vertex -2.4 68.5239 8.00902
      vertex -3 68.4771 8.19425
      vertex -2.4 68.4771 8.19425
    endloop
  endfacet
  facet normal 0 0.969533 0.244961
    outer loop
      vertex -3 68.4771 8.19425
      vertex -2.4 68.5239 8.00902
      vertex -3 68.5239 8.00902
    endloop
  endfacet
  facet normal 0 0.990574 0.136977
    outer loop
      vertex -2.4 68.4771 8.19425
      vertex -3 68.449 8.39746
      vertex -2.4 68.449 8.39746
    endloop
  endfacet
  facet normal 0 0.990574 0.136977
    outer loop
      vertex -3 68.449 8.39746
      vertex -2.4 68.4771 8.19425
      vertex -3 68.4771 8.19425
    endloop
  endfacet
  facet normal 0 0.999099 0.0424514
    outer loop
      vertex -2.4 68.449 8.39746
      vertex -3 68.4396 8.61869
      vertex -2.4 68.4396 8.61869
    endloop
  endfacet
  facet normal 0 0.999099 0.0424514
    outer loop
      vertex -3 68.4396 8.61869
      vertex -2.4 68.449 8.39746
      vertex -3 68.449 8.39746
    endloop
  endfacet
  facet normal 0 0.999081 -0.0428528
    outer loop
      vertex -2.4 68.4396 8.61869
      vertex -3 68.4494 8.84717
      vertex -2.4 68.4494 8.84717
    endloop
  endfacet
  facet normal 0 0.999081 -0.0428528
    outer loop
      vertex -3 68.4494 8.84717
      vertex -2.4 68.4396 8.61869
      vertex -3 68.4396 8.61869
    endloop
  endfacet
  facet normal 0 1 -0
    outer loop
      vertex -2.4 69.6643 11.3563
      vertex -3 69.6643 12.187
      vertex -2.4 69.6643 12.187
    endloop
  endfacet
  facet normal 0 1 0
    outer loop
      vertex -3 69.6643 12.187
      vertex -2.4 69.6643 11.3563
      vertex -3 69.6643 11.3563
    endloop
  endfacet
  facet normal 0 0.999497 -0.0317172
    outer loop
      vertex -2.4 69.6643 12.187
      vertex -3 69.6682 12.3099
      vertex -2.4 69.6682 12.3099
    endloop
  endfacet
  facet normal 0 0.999497 -0.0317172
    outer loop
      vertex -3 69.6682 12.3099
      vertex -2.4 69.6643 12.187
      vertex -3 69.6643 12.187
    endloop
  endfacet
  facet normal 0 0.995138 -0.0984948
    outer loop
      vertex -2.4 69.6682 12.3099
      vertex -3 69.6798 12.4271
      vertex -2.4 69.6798 12.4271
    endloop
  endfacet
  facet normal 0 0.995138 -0.0984948
    outer loop
      vertex -3 69.6798 12.4271
      vertex -2.4 69.6682 12.3099
      vertex -3 69.6682 12.3099
    endloop
  endfacet
  facet normal 0 0.98547 -0.169848
    outer loop
      vertex -2.4 69.6798 12.4271
      vertex -3 69.699 12.5385
      vertex -2.4 69.699 12.5385
    endloop
  endfacet
  facet normal 0 0.98547 -0.169848
    outer loop
      vertex -3 69.699 12.5385
      vertex -2.4 69.6798 12.4271
      vertex -3 69.6798 12.4271
    endloop
  endfacet
  facet normal 0 0.968946 -0.247273
    outer loop
      vertex -2.4 69.699 12.5385
      vertex -3 69.726 12.6443
      vertex -2.4 69.726 12.6443
    endloop
  endfacet
  facet normal 0 0.968946 -0.247273
    outer loop
      vertex -3 69.726 12.6443
      vertex -2.4 69.699 12.5385
      vertex -3 69.699 12.5385
    endloop
  endfacet
  facet normal 0 0.944739 -0.327824
    outer loop
      vertex -2.4 69.726 12.6443
      vertex -3 69.7607 12.7443
      vertex -2.4 69.7607 12.7443
    endloop
  endfacet
  facet normal 0 0.944739 -0.327824
    outer loop
      vertex -3 69.7607 12.7443
      vertex -2.4 69.726 12.6443
      vertex -3 69.726 12.6443
    endloop
  endfacet
  facet normal 0 0.911523 -0.41125
    outer loop
      vertex -2.4 69.7607 12.7443
      vertex -3 69.8032 12.8385
      vertex -2.4 69.8032 12.8385
    endloop
  endfacet
  facet normal 0 0.911523 -0.41125
    outer loop
      vertex -3 69.8032 12.8385
      vertex -2.4 69.7607 12.7443
      vertex -3 69.7607 12.7443
    endloop
  endfacet
  facet normal 0 0.871098 -0.491109
    outer loop
      vertex -2.4 69.8032 12.8385
      vertex -3 69.8527 12.9263
      vertex -2.4 69.8527 12.9263
    endloop
  endfacet
  facet normal 0 0.871098 -0.491109
    outer loop
      vertex -3 69.8527 12.9263
      vertex -2.4 69.8032 12.8385
      vertex -3 69.8032 12.8385
    endloop
  endfacet
  facet normal 0 0.822852 -0.568256
    outer loop
      vertex -2.4 69.8527 12.9263
      vertex -3 69.9085 13.0071
      vertex -2.4 69.9085 13.0071
    endloop
  endfacet
  facet normal 0 0.822852 -0.568256
    outer loop
      vertex -3 69.9085 13.0071
      vertex -2.4 69.8527 12.9263
      vertex -3 69.8527 12.9263
    endloop
  endfacet
  facet normal 0 0.764132 -0.64506
    outer loop
      vertex -2.4 69.9085 13.0071
      vertex -3 69.9708 13.0809
      vertex -2.4 69.9708 13.0809
    endloop
  endfacet
  facet normal 0 0.764132 -0.64506
    outer loop
      vertex -3 69.9708 13.0809
      vertex -2.4 69.9085 13.0071
      vertex -3 69.9085 13.0071
    endloop
  endfacet
  facet normal 0 0.696586 -0.717473
    outer loop
      vertex -3 69.9708 13.0809
      vertex -2.4 70.0395 13.1476
      vertex -2.4 69.9708 13.0809
    endloop
  endfacet
  facet normal 0 0.696586 -0.717473
    outer loop
      vertex -2.4 70.0395 13.1476
      vertex -3 69.9708 13.0809
      vertex -3 70.0395 13.1476
    endloop
  endfacet
  facet normal 0 0.622146 -0.782901
    outer loop
      vertex -3 70.0395 13.1476
      vertex -2.4 70.1145 13.2072
      vertex -2.4 70.0395 13.1476
    endloop
  endfacet
  facet normal 0 0.622146 -0.782901
    outer loop
      vertex -2.4 70.1145 13.2072
      vertex -3 70.0395 13.1476
      vertex -3 70.1145 13.2072
    endloop
  endfacet
  facet normal 0 0.542268 -0.840206
    outer loop
      vertex -3 70.1145 13.2072
      vertex -2.4 70.196 13.2598
      vertex -2.4 70.1145 13.2072
    endloop
  endfacet
  facet normal 0 0.542268 -0.840206
    outer loop
      vertex -2.4 70.196 13.2598
      vertex -3 70.1145 13.2072
      vertex -3 70.196 13.2598
    endloop
  endfacet
  facet normal 0 0.460706 -0.887553
    outer loop
      vertex -3 70.196 13.2598
      vertex -2.4 70.2825 13.3047
      vertex -2.4 70.196 13.2598
    endloop
  endfacet
  facet normal 0 0.460706 -0.887553
    outer loop
      vertex -2.4 70.2825 13.3047
      vertex -3 70.196 13.2598
      vertex -3 70.2825 13.3047
    endloop
  endfacet
  facet normal 0 0.377037 -0.926198
    outer loop
      vertex -3 70.2825 13.3047
      vertex -2.4 70.3729 13.3415
      vertex -2.4 70.2825 13.3047
    endloop
  endfacet
  facet normal 0 0.377037 -0.926198
    outer loop
      vertex -2.4 70.3729 13.3415
      vertex -3 70.2825 13.3047
      vertex -3 70.3729 13.3415
    endloop
  endfacet
  facet normal 0 0.290515 -0.95687
    outer loop
      vertex -3 70.3729 13.3415
      vertex -2.4 70.4671 13.3701
      vertex -2.4 70.3729 13.3415
    endloop
  endfacet
  facet normal 0 0.290515 -0.95687
    outer loop
      vertex -2.4 70.4671 13.3701
      vertex -3 70.3729 13.3415
      vertex -3 70.4671 13.3701
    endloop
  endfacet
  facet normal 0 0.204552 -0.978856
    outer loop
      vertex -3 70.4671 13.3701
      vertex -2.4 70.5652 13.3906
      vertex -2.4 70.4671 13.3701
    endloop
  endfacet
  facet normal 0 0.204552 -0.978856
    outer loop
      vertex -2.4 70.5652 13.3906
      vertex -3 70.4671 13.3701
      vertex -3 70.5652 13.3906
    endloop
  endfacet
  facet normal 0 0.118991 -0.992895
    outer loop
      vertex -3 70.5652 13.3906
      vertex -2.4 70.667 13.4028
      vertex -2.4 70.5652 13.3906
    endloop
  endfacet
  facet normal 0 0.118991 -0.992895
    outer loop
      vertex -2.4 70.667 13.4028
      vertex -3 70.5652 13.3906
      vertex -3 70.667 13.4028
    endloop
  endfacet
  facet normal 0 0.0387599 -0.999249
    outer loop
      vertex -3 70.667 13.4028
      vertex -2.4 70.7727 13.4069
      vertex -2.4 70.667 13.4028
    endloop
  endfacet
  facet normal 0 0.0387599 -0.999249
    outer loop
      vertex -2.4 70.7727 13.4069
      vertex -3 70.667 13.4028
      vertex -3 70.7727 13.4069
    endloop
  endfacet
  facet normal 0 -0.0554018 -0.998464
    outer loop
      vertex -3 70.7727 13.4069
      vertex -2.4 70.9349 13.3979
      vertex -2.4 70.7727 13.4069
    endloop
  endfacet
  facet normal -0 -0.0554018 -0.998464
    outer loop
      vertex -2.4 70.9349 13.3979
      vertex -3 70.7727 13.4069
      vertex -3 70.9349 13.3979
    endloop
  endfacet
  facet normal 0 -0.177842 -0.984059
    outer loop
      vertex -3 70.9349 13.3979
      vertex -2.4 71.0843 13.3709
      vertex -2.4 70.9349 13.3979
    endloop
  endfacet
  facet normal -0 -0.177842 -0.984059
    outer loop
      vertex -2.4 71.0843 13.3709
      vertex -3 70.9349 13.3979
      vertex -3 71.0843 13.3709
    endloop
  endfacet
  facet normal 0 -0.312682 -0.949858
    outer loop
      vertex -3 71.0843 13.3709
      vertex -2.4 71.221 13.3259
      vertex -2.4 71.0843 13.3709
    endloop
  endfacet
  facet normal -0 -0.312682 -0.949858
    outer loop
      vertex -2.4 71.221 13.3259
      vertex -3 71.0843 13.3709
      vertex -3 71.221 13.3259
    endloop
  endfacet
  facet normal 0 -0.452956 -0.891533
    outer loop
      vertex -3 71.221 13.3259
      vertex -2.4 71.345 13.2629
      vertex -2.4 71.221 13.3259
    endloop
  endfacet
  facet normal -0 -0.452956 -0.891533
    outer loop
      vertex -2.4 71.345 13.2629
      vertex -3 71.221 13.3259
      vertex -3 71.345 13.2629
    endloop
  endfacet
  facet normal 0 -0.588777 -0.808296
    outer loop
      vertex -3 71.345 13.2629
      vertex -2.4 71.4562 13.1819
      vertex -2.4 71.345 13.2629
    endloop
  endfacet
  facet normal -0 -0.588777 -0.808296
    outer loop
      vertex -2.4 71.4562 13.1819
      vertex -3 71.345 13.2629
      vertex -3 71.4562 13.1819
    endloop
  endfacet
  facet normal 0 -0.708537 -0.705674
    outer loop
      vertex -3 71.5548 13.0829
      vertex -2.4 71.4562 13.1819
      vertex -3 71.4562 13.1819
    endloop
  endfacet
  facet normal 0 -0.708537 -0.705674
    outer loop
      vertex -2.4 71.4562 13.1819
      vertex -3 71.5548 13.0829
      vertex -2.4 71.5548 13.0829
    endloop
  endfacet
  facet normal 0 -0.807314 -0.590122
    outer loop
      vertex -3 71.6393 12.9673
      vertex -2.4 71.5548 13.0829
      vertex -3 71.5548 13.0829
    endloop
  endfacet
  facet normal 0 -0.807314 -0.590122
    outer loop
      vertex -2.4 71.5548 13.0829
      vertex -3 71.6393 12.9673
      vertex -2.4 71.6393 12.9673
    endloop
  endfacet
  facet normal 0 -0.88464 -0.466275
    outer loop
      vertex -3 71.7084 12.8362
      vertex -2.4 71.6393 12.9673
      vertex -3 71.6393 12.9673
    endloop
  endfacet
  facet normal 0 -0.88464 -0.466275
    outer loop
      vertex -2.4 71.6393 12.9673
      vertex -3 71.7084 12.8362
      vertex -2.4 71.7084 12.8362
    endloop
  endfacet
  facet normal 0 -0.938759 -0.344575
    outer loop
      vertex -3 71.7621 12.6899
      vertex -2.4 71.7084 12.8362
      vertex -3 71.7084 12.8362
    endloop
  endfacet
  facet normal 0 -0.938759 -0.344575
    outer loop
      vertex -2.4 71.7084 12.8362
      vertex -3 71.7621 12.6899
      vertex -2.4 71.7621 12.6899
    endloop
  endfacet
  facet normal 0 -0.972974 -0.230916
    outer loop
      vertex -3 71.8005 12.5281
      vertex -2.4 71.7621 12.6899
      vertex -3 71.7621 12.6899
    endloop
  endfacet
  facet normal 0 -0.972974 -0.230916
    outer loop
      vertex -2.4 71.7621 12.6899
      vertex -3 71.8005 12.5281
      vertex -2.4 71.8005 12.5281
    endloop
  endfacet
  facet normal 0 -0.9916 -0.129339
    outer loop
      vertex -3 71.8236 12.351
      vertex -2.4 71.8005 12.5281
      vertex -3 71.8005 12.5281
    endloop
  endfacet
  facet normal 0 -0.9916 -0.129339
    outer loop
      vertex -2.4 71.8005 12.5281
      vertex -3 71.8236 12.351
      vertex -2.4 71.8236 12.351
    endloop
  endfacet
  facet normal 0 -0.999201 -0.039968
    outer loop
      vertex -3 71.8313 12.1585
      vertex -2.4 71.8236 12.351
      vertex -3 71.8236 12.351
    endloop
  endfacet
  facet normal 0 -0.999201 -0.039968
    outer loop
      vertex -2.4 71.8236 12.351
      vertex -3 71.8313 12.1585
      vertex -2.4 71.8313 12.1585
    endloop
  endfacet
  facet normal 0 -1 0
    outer loop
      vertex -3 71.8313 10.6561
      vertex -2.4 71.8313 12.1585
      vertex -3 71.8313 12.1585
    endloop
  endfacet
  facet normal 0 -1 -0
    outer loop
      vertex -2.4 71.8313 12.1585
      vertex -3 71.8313 10.6561
      vertex -2.4 71.8313 10.6561
    endloop
  endfacet
  facet normal -0 0 1
    outer loop
      vertex -3 71.8313 10.6561
      vertex -2.4 68.4871 10.6561
      vertex -2.4 71.8313 10.6561
    endloop
  endfacet
  facet normal 0 0 1
    outer loop
      vertex -2.4 68.4871 10.6561
      vertex -3 71.8313 10.6561
      vertex -3 68.4871 10.6561
    endloop
  endfacet
  facet normal 0 1 -0
    outer loop
      vertex -2.4 68.4871 10.6561
      vertex -3 68.4871 11.3563
      vertex -2.4 68.4871 11.3563
    endloop
  endfacet
  facet normal 0 1 0
    outer loop
      vertex -3 68.4871 11.3563
      vertex -2.4 68.4871 10.6561
      vertex -3 68.4871 10.6561
    endloop
  endfacet
  facet normal 0 0 -1
    outer loop
      vertex -3 68.4871 11.3563
      vertex -2.4 69.6643 11.3563
      vertex -2.4 68.4871 11.3563
    endloop
  endfacet
  facet normal -0 0 -1
    outer loop
      vertex -2.4 69.6643 11.3563
      vertex -3 68.4871 11.3563
      vertex -3 69.6643 11.3563
    endloop
  endfacet
  facet normal 0 0 -1
    outer loop
      vertex -3 70.2031 11.3563
      vertex -2.4 71.2878 11.3563
      vertex -2.4 70.2031 11.3563
    endloop
  endfacet
  facet normal -0 0 -1
    outer loop
      vertex -2.4 71.2878 11.3563
      vertex -3 70.2031 11.3563
      vertex -3 71.2878 11.3563
    endloop
  endfacet
  facet normal 0 1 -0
    outer loop
      vertex -2.4 71.2878 11.3563
      vertex -3 71.2878 12.0802
      vertex -2.4 71.2878 12.0802
    endloop
  endfacet
  facet normal 0 1 0
    outer loop
      vertex -3 71.2878 12.0802
      vertex -2.4 71.2878 11.3563
      vertex -3 71.2878 11.3563
    endloop
  endfacet
  facet normal 0 0.99702 0.0771379
    outer loop
      vertex -2.4 71.2878 12.0802
      vertex -3 71.2731 12.2702
      vertex -2.4 71.2731 12.2702
    endloop
  endfacet
  facet normal 0 0.99702 0.0771379
    outer loop
      vertex -3 71.2731 12.2702
      vertex -2.4 71.2878 12.0802
      vertex -3 71.2878 12.0802
    endloop
  endfacet
  facet normal 0 0.962338 0.271857
    outer loop
      vertex -2.4 71.2731 12.2702
      vertex -3 71.2292 12.4256
      vertex -2.4 71.2292 12.4256
    endloop
  endfacet
  facet normal 0 0.962338 0.271857
    outer loop
      vertex -3 71.2292 12.4256
      vertex -2.4 71.2731 12.2702
      vertex -3 71.2731 12.2702
    endloop
  endfacet
  facet normal 0 0.855615 0.517612
    outer loop
      vertex -2.4 71.2292 12.4256
      vertex -3 71.156 12.5466
      vertex -2.4 71.156 12.5466
    endloop
  endfacet
  facet normal 0 0.855615 0.517612
    outer loop
      vertex -3 71.156 12.5466
      vertex -2.4 71.2292 12.4256
      vertex -3 71.2292 12.4256
    endloop
  endfacet
  facet normal -0 0.644435 0.764659
    outer loop
      vertex -3 71.156 12.5466
      vertex -2.4 71.0536 12.6329
      vertex -2.4 71.156 12.5466
    endloop
  endfacet
  facet normal 0 0.644435 0.764659
    outer loop
      vertex -2.4 71.0536 12.6329
      vertex -3 71.156 12.5466
      vertex -3 71.0536 12.6329
    endloop
  endfacet
  facet normal -0 0.366395 0.930459
    outer loop
      vertex -3 71.0536 12.6329
      vertex -2.4 70.9218 12.6848
      vertex -2.4 71.0536 12.6329
    endloop
  endfacet
  facet normal 0 0.366395 0.930459
    outer loop
      vertex -2.4 70.9218 12.6848
      vertex -3 71.0536 12.6329
      vertex -3 70.9218 12.6848
    endloop
  endfacet
  facet normal -0 0.106228 0.994342
    outer loop
      vertex -3 70.9218 12.6848
      vertex -2.4 70.7608 12.702
      vertex -2.4 70.9218 12.6848
    endloop
  endfacet
  facet normal 0 0.106228 0.994342
    outer loop
      vertex -2.4 70.7608 12.702
      vertex -3 70.9218 12.6848
      vertex -3 70.7608 12.702
    endloop
  endfacet
  facet normal 0 -0.0495925 0.99877
    outer loop
      vertex -3 70.7608 12.702
      vertex -2.4 70.6742 12.6977
      vertex -2.4 70.7608 12.702
    endloop
  endfacet
  facet normal 0 -0.0495925 0.99877
    outer loop
      vertex -2.4 70.6742 12.6977
      vertex -3 70.7608 12.702
      vertex -3 70.6742 12.6977
    endloop
  endfacet
  facet normal 0 -0.162388 0.986727
    outer loop
      vertex -3 70.6742 12.6977
      vertex -2.4 70.5946 12.6846
      vertex -2.4 70.6742 12.6977
    endloop
  endfacet
  facet normal 0 -0.162388 0.986727
    outer loop
      vertex -2.4 70.5946 12.6846
      vertex -3 70.6742 12.6977
      vertex -3 70.5946 12.6846
    endloop
  endfacet
  facet normal 0 -0.286379 0.958116
    outer loop
      vertex -3 70.5946 12.6846
      vertex -2.4 70.522 12.6629
      vertex -2.4 70.5946 12.6846
    endloop
  endfacet
  facet normal 0 -0.286379 0.958116
    outer loop
      vertex -2.4 70.522 12.6629
      vertex -3 70.5946 12.6846
      vertex -3 70.522 12.6629
    endloop
  endfacet
  facet normal 0 -0.422128 0.906536
    outer loop
      vertex -3 70.522 12.6629
      vertex -2.4 70.4565 12.6324
      vertex -2.4 70.522 12.6629
    endloop
  endfacet
  facet normal 0 -0.422128 0.906536
    outer loop
      vertex -2.4 70.4565 12.6324
      vertex -3 70.522 12.6629
      vertex -3 70.4565 12.6324
    endloop
  endfacet
  facet normal 0 -0.557322 0.830296
    outer loop
      vertex -3 70.4565 12.6324
      vertex -2.4 70.3981 12.5932
      vertex -2.4 70.4565 12.6324
    endloop
  endfacet
  facet normal 0 -0.557322 0.830296
    outer loop
      vertex -2.4 70.3981 12.5932
      vertex -3 70.4565 12.6324
      vertex -3 70.3981 12.5932
    endloop
  endfacet
  facet normal 0 -0.680997 0.732286
    outer loop
      vertex -3 70.3981 12.5932
      vertex -2.4 70.3467 12.5454
      vertex -2.4 70.3981 12.5932
    endloop
  endfacet
  facet normal 0 -0.680997 0.732286
    outer loop
      vertex -2.4 70.3467 12.5454
      vertex -3 70.3981 12.5932
      vertex -3 70.3467 12.5454
    endloop
  endfacet
  facet normal 0 -0.786465 0.617635
    outer loop
      vertex -3 70.3028 12.4895
      vertex -2.4 70.3467 12.5454
      vertex -3 70.3467 12.5454
    endloop
  endfacet
  facet normal 0 -0.786465 0.617635
    outer loop
      vertex -2.4 70.3467 12.5454
      vertex -3 70.3028 12.4895
      vertex -2.4 70.3028 12.4895
    endloop
  endfacet
  facet normal 0 -0.869845 0.493325
    outer loop
      vertex -3 70.2669 12.4262
      vertex -2.4 70.3028 12.4895
      vertex -3 70.3028 12.4895
    endloop
  endfacet
  facet normal 0 -0.869845 0.493325
    outer loop
      vertex -2.4 70.3028 12.4895
      vertex -3 70.2669 12.4262
      vertex -2.4 70.2669 12.4262
    endloop
  endfacet
  facet normal 0 -0.930191 0.367077
    outer loop
      vertex -3 70.239 12.3555
      vertex -2.4 70.2669 12.4262
      vertex -3 70.2669 12.4262
    endloop
  endfacet
  facet normal 0 -0.930191 0.367077
    outer loop
      vertex -2.4 70.2669 12.4262
      vertex -3 70.239 12.3555
      vertex -2.4 70.239 12.3555
    endloop
  endfacet
  facet normal 0 -0.96874 0.248077
    outer loop
      vertex -3 70.219 12.2774
      vertex -2.4 70.239 12.3555
      vertex -3 70.239 12.3555
    endloop
  endfacet
  facet normal 0 -0.96874 0.248077
    outer loop
      vertex -2.4 70.239 12.3555
      vertex -3 70.219 12.2774
      vertex -2.4 70.219 12.2774
    endloop
  endfacet
  facet normal 0 -0.990431 0.138011
    outer loop
      vertex -3 70.2071 12.192
      vertex -2.4 70.219 12.2774
      vertex -3 70.219 12.2774
    endloop
  endfacet
  facet normal 0 -0.990431 0.138011
    outer loop
      vertex -2.4 70.219 12.2774
      vertex -3 70.2071 12.192
      vertex -2.4 70.2071 12.192
    endloop
  endfacet
  facet normal 0 -0.999072 0.0430635
    outer loop
      vertex -3 70.2031 12.0992
      vertex -2.4 70.2071 12.192
      vertex -3 70.2071 12.192
    endloop
  endfacet
  facet normal 0 -0.999072 0.0430635
    outer loop
      vertex -2.4 70.2071 12.192
      vertex -3 70.2031 12.0992
      vertex -2.4 70.2031 12.0992
    endloop
  endfacet
  facet normal 0 -1 0
    outer loop
      vertex -3 70.2031 11.3563
      vertex -2.4 70.2031 12.0992
      vertex -3 70.2031 12.0992
    endloop
  endfacet
  facet normal 0 -1 -0
    outer loop
      vertex -2.4 70.2031 12.0992
      vertex -3 70.2031 11.3563
      vertex -2.4 70.2031 11.3563
    endloop
  endfacet
  facet normal -1 0 0
    outer loop
      vertex -2.4 78.241 13.1819
      vertex -2.4 81.044 13.8821
      vertex -2.4 81.044 13.1819
    endloop
  endfacet
  facet normal -1 -0 0
    outer loop
      vertex -2.4 81.044 13.8821
      vertex -2.4 78.241 13.1819
      vertex -2.4 78.241 13.8821
    endloop
  endfacet
  facet normal -1 0 0
    outer loop
      vertex -2.4 81.044 13.1819
      vertex -2.4 81.5851 12.102
      vertex -2.4 81.044 12.102
    endloop
  endfacet
  facet normal -1 0 0
    outer loop
      vertex -2.4 81.5851 12.102
      vertex -2.4 81.044 13.1819
      vertex -2.4 81.5851 14.9644
    endloop
  endfacet
  facet normal -1 0 0
    outer loop
      vertex -2.4 81.044 13.8821
      vertex -2.4 81.5851 14.9644
      vertex -2.4 81.044 13.1819
    endloop
  endfacet
  facet normal -1 -0 0
    outer loop
      vertex -2.4 81.5851 14.9644
      vertex -2.4 81.044 13.8821
      vertex -2.4 81.044 14.9644
    endloop
  endfacet
  facet normal -1 0 0
    outer loop
      vertex -2.4 78.9642 9.06318
      vertex -2.4 79.2235 9.69756
      vertex -2.4 79.112 9.02112
    endloop
  endfacet
  facet normal -1 -0 0
    outer loop
      vertex -2.4 79.2235 9.69756
      vertex -2.4 78.9642 9.06318
      vertex -2.4 79.139 9.72412
    endloop
  endfacet
  facet normal -1 0 0
    outer loop
      vertex -2.4 78.8296 9.11975
      vertex -2.4 79.139 9.72412
      vertex -2.4 78.9642 9.06318
    endloop
  endfacet
  facet normal -1 -0 0
    outer loop
      vertex -2.4 79.139 9.72412
      vertex -2.4 78.8296 9.11975
      vertex -2.4 79.0625 9.75794
    endloop
  endfacet
  facet normal -1 0 0
    outer loop
      vertex -2.4 78.7079 9.19083
      vertex -2.4 79.0625 9.75794
      vertex -2.4 78.8296 9.11975
    endloop
  endfacet
  facet normal -1 -0 0
    outer loop
      vertex -2.4 79.0625 9.75794
      vertex -2.4 78.7079 9.19083
      vertex -2.4 78.9942 9.79902
    endloop
  endfacet
  facet normal -1 0 0
    outer loop
      vertex -2.4 78.5993 9.2764
      vertex -2.4 78.9942 9.79902
      vertex -2.4 78.7079 9.19083
    endloop
  endfacet
  facet normal -1 0 0
    outer loop
      vertex -2.4 78.5038 9.37648
      vertex -2.4 78.9942 9.79902
      vertex -2.4 78.5993 9.2764
    endloop
  endfacet
  facet normal -1 -0 0
    outer loop
      vertex -2.4 78.9942 9.79902
      vertex -2.4 78.5038 9.37648
      vertex -2.4 78.934 9.84732
    endloop
  endfacet
  facet normal -1 0 0
    outer loop
      vertex -2.4 78.4213 9.49106
      vertex -2.4 78.934 9.84732
      vertex -2.4 78.5038 9.37648
    endloop
  endfacet
  facet normal -1 -0 0
    outer loop
      vertex -2.4 78.934 9.84732
      vertex -2.4 78.4213 9.49106
      vertex -2.4 78.8819 9.90291
    endloop
  endfacet
  facet normal -1 0 0
    outer loop
      vertex -2.4 78.3517 9.62061
      vertex -2.4 78.8819 9.90291
      vertex -2.4 78.4213 9.49106
    endloop
  endfacet
  facet normal -1 -0 0
    outer loop
      vertex -2.4 78.8819 9.90291
      vertex -2.4 78.3517 9.62061
      vertex -2.4 78.8378 9.96573
    endloop
  endfacet
  facet normal -1 -0 0
    outer loop
      vertex -2.4 78.8378 9.96573
      vertex -2.4 78.2948 9.76558
      vertex -2.4 78.8012 10.0365
    endloop
  endfacet
  facet normal -1 0 0
    outer loop
      vertex -2.4 78.2948 9.76558
      vertex -2.4 78.8378 9.96573
      vertex -2.4 78.3517 9.62061
    endloop
  endfacet
  facet normal -1 0 0
    outer loop
      vertex -2.4 81.1389 10.495
      vertex -2.4 81.6349 10.5092
      vertex -2.4 81.6283 10.3011
    endloop
  endfacet
  facet normal -1 0 0
    outer loop
      vertex -2.4 81.1359 10.5908
      vertex -2.4 81.6349 10.5092
      vertex -2.4 81.1389 10.495
    endloop
  endfacet
  facet normal -1 0 0
    outer loop
      vertex -2.4 81.1278 10.3007
      vertex -2.4 81.6283 10.3011
      vertex -2.4 81.6082 10.1101
    endloop
  endfacet
  facet normal -1 0 0
    outer loop
      vertex -2.4 81.6349 10.5092
      vertex -2.4 81.1359 10.5908
      vertex -2.4 81.6295 10.7079
    endloop
  endfacet
  facet normal -1 0 0
    outer loop
      vertex -2.4 81.0946 10.1417
      vertex -2.4 81.6082 10.1101
      vertex -2.4 81.5747 9.93637
    endloop
  endfacet
  facet normal -1 0 0
    outer loop
      vertex -2.4 81.1268 10.679
      vertex -2.4 81.6295 10.7079
      vertex -2.4 81.1359 10.5908
    endloop
  endfacet
  facet normal -1 0 0
    outer loop
      vertex -2.4 81.0392 10.018
      vertex -2.4 81.5747 9.93637
      vertex -2.4 81.5279 9.77983
    endloop
  endfacet
  facet normal -1 0 0
    outer loop
      vertex -2.4 81.1116 10.7594
      vertex -2.4 81.6295 10.7079
      vertex -2.4 81.1268 10.679
    endloop
  endfacet
  facet normal -1 0 0
    outer loop
      vertex -2.4 81.0392 10.018
      vertex -2.4 81.5279 9.77983
      vertex -2.4 81.4677 9.64049
    endloop
  endfacet
  facet normal -1 0 0
    outer loop
      vertex -2.4 81.6295 10.7079
      vertex -2.4 81.1116 10.7594
      vertex -2.4 81.6133 10.8894
    endloop
  endfacet
  facet normal -1 0 0
    outer loop
      vertex -2.4 80.9617 9.92963
      vertex -2.4 81.4677 9.64049
      vertex -2.4 81.394 9.51836
    endloop
  endfacet
  facet normal -1 0 0
    outer loop
      vertex -2.4 81.0904 10.832
      vertex -2.4 81.6133 10.8894
      vertex -2.4 81.1116 10.7594
    endloop
  endfacet
  facet normal -1 0 0
    outer loop
      vertex -2.4 80.9617 9.92963
      vertex -2.4 81.394 9.51836
      vertex -2.4 81.3078 9.4143
    endloop
  endfacet
  facet normal -1 -0 0
    outer loop
      vertex -2.4 81.6133 10.8894
      vertex -2.4 81.0904 10.832
      vertex -2.4 81.5863 11.0536
    endloop
  endfacet
  facet normal -1 0 0
    outer loop
      vertex -2.4 80.862 9.87662
      vertex -2.4 81.3078 9.4143
      vertex -2.4 81.2098 9.32915
    endloop
  endfacet
  facet normal -1 0 0
    outer loop
      vertex -2.4 81.0631 10.897
      vertex -2.4 81.5863 11.0536
      vertex -2.4 81.0904 10.832
    endloop
  endfacet
  facet normal -1 -0 0
    outer loop
      vertex -2.4 81.5863 11.0536
      vertex -2.4 81.0631 10.897
      vertex -2.4 81.5484 11.2007
    endloop
  endfacet
  facet normal -1 -0 0
    outer loop
      vertex -2.4 81.6283 10.3011
      vertex -2.4 81.1278 10.3007
      vertex -2.4 81.1389 10.495
    endloop
  endfacet
  facet normal -1 0 0
    outer loop
      vertex -2.4 80.862 9.87662
      vertex -2.4 81.2098 9.32915
      vertex -2.4 81.1 9.26293
    endloop
  endfacet
  facet normal -1 0 0
    outer loop
      vertex -2.4 81.6082 10.1101
      vertex -2.4 81.0946 10.1417
      vertex -2.4 81.1278 10.3007
    endloop
  endfacet
  facet normal -1 0 0
    outer loop
      vertex -2.4 81.5747 9.93637
      vertex -2.4 81.0392 10.018
      vertex -2.4 81.0946 10.1417
    endloop
  endfacet
  facet normal -1 0 0
    outer loop
      vertex -2.4 80.862 9.87662
      vertex -2.4 81.1 9.26293
      vertex -2.4 80.9784 9.21563
    endloop
  endfacet
  facet normal -1 0 0
    outer loop
      vertex -2.4 81.4677 9.64049
      vertex -2.4 80.9617 9.92963
      vertex -2.4 81.0392 10.018
    endloop
  endfacet
  facet normal -1 0 0
    outer loop
      vertex -2.4 81.3078 9.4143
      vertex -2.4 80.862 9.87662
      vertex -2.4 80.9617 9.92963
    endloop
  endfacet
  facet normal -1 0 0
    outer loop
      vertex -2.4 80.7402 9.85895
      vertex -2.4 80.9784 9.21563
      vertex -2.4 80.845 9.18724
    endloop
  endfacet
  facet normal -1 0 0
    outer loop
      vertex -2.4 80.9784 9.21563
      vertex -2.4 80.7402 9.85895
      vertex -2.4 80.862 9.87662
    endloop
  endfacet
  facet normal -1 0 0
    outer loop
      vertex -2.4 80.6998 9.17778
      vertex -2.4 80.7402 9.85895
      vertex -2.4 80.845 9.18724
    endloop
  endfacet
  facet normal -1 0 0
    outer loop
      vertex -2.4 80.6998 9.17778
      vertex -2.4 80.698 9.86083
      vertex -2.4 80.7402 9.85895
    endloop
  endfacet
  facet normal -1 0 0
    outer loop
      vertex -2.4 80.6416 9.17907
      vertex -2.4 80.698 9.86083
      vertex -2.4 80.6998 9.17778
    endloop
  endfacet
  facet normal -1 0 0
    outer loop
      vertex -2.4 80.5856 9.18293
      vertex -2.4 80.698 9.86083
      vertex -2.4 80.6416 9.17907
    endloop
  endfacet
  facet normal -1 -0 0
    outer loop
      vertex -2.4 80.698 9.86083
      vertex -2.4 80.5856 9.18293
      vertex -2.4 80.6584 9.86646
    endloop
  endfacet
  facet normal -1 0 0
    outer loop
      vertex -2.4 80.5319 9.18935
      vertex -2.4 80.6584 9.86646
      vertex -2.4 80.5856 9.18293
    endloop
  endfacet
  facet normal -1 0 0
    outer loop
      vertex -2.4 80.4804 9.19834
      vertex -2.4 80.6584 9.86646
      vertex -2.4 80.5319 9.18935
    endloop
  endfacet
  facet normal -1 -0 0
    outer loop
      vertex -2.4 80.6584 9.86646
      vertex -2.4 80.4804 9.19834
      vertex -2.4 80.6215 9.87586
    endloop
  endfacet
  facet normal -1 0 0
    outer loop
      vertex -2.4 80.4312 9.2099
      vertex -2.4 80.6215 9.87586
      vertex -2.4 80.4804 9.19834
    endloop
  endfacet
  facet normal -1 0 0
    outer loop
      vertex -2.4 80.3842 9.22405
      vertex -2.4 80.6215 9.87586
      vertex -2.4 80.4312 9.2099
    endloop
  endfacet
  facet normal -1 -0 0
    outer loop
      vertex -2.4 80.6215 9.87586
      vertex -2.4 80.3842 9.22405
      vertex -2.4 80.5872 9.889
    endloop
  endfacet
  facet normal -1 0 0
    outer loop
      vertex -2.4 80.3393 9.2405
      vertex -2.4 80.5872 9.889
      vertex -2.4 80.3842 9.22405
    endloop
  endfacet
  facet normal -1 0 0
    outer loop
      vertex -2.4 80.2963 9.25898
      vertex -2.4 80.5872 9.889
      vertex -2.4 80.3393 9.2405
    endloop
  endfacet
  facet normal -1 0 0
    outer loop
      vertex -2.4 80.2554 9.27951
      vertex -2.4 80.5872 9.889
      vertex -2.4 80.2963 9.25898
    endloop
  endfacet
  facet normal -1 -0 0
    outer loop
      vertex -2.4 80.5872 9.889
      vertex -2.4 80.2554 9.27951
      vertex -2.4 80.5556 9.9059
    endloop
  endfacet
  facet normal -1 0 0
    outer loop
      vertex -2.4 80.2164 9.3021
      vertex -2.4 80.5556 9.9059
      vertex -2.4 80.2554 9.27951
    endloop
  endfacet
  facet normal -1 0 0
    outer loop
      vertex -2.4 80.1794 9.32671
      vertex -2.4 80.5556 9.9059
      vertex -2.4 80.2164 9.3021
    endloop
  endfacet
  facet normal -1 0 0
    outer loop
      vertex -2.4 80.1444 9.35337
      vertex -2.4 80.5556 9.9059
      vertex -2.4 80.1794 9.32671
    endloop
  endfacet
  facet normal -1 0 0
    outer loop
      vertex -2.4 80.1112 9.38205
      vertex -2.4 80.5556 9.9059
      vertex -2.4 80.1444 9.35337
    endloop
  endfacet
  facet normal -1 -0 0
    outer loop
      vertex -2.4 80.5556 9.9059
      vertex -2.4 80.1112 9.38205
      vertex -2.4 80.5265 9.92656
    endloop
  endfacet
  facet normal -1 0 0
    outer loop
      vertex -2.4 80.0797 9.41272
      vertex -2.4 80.5265 9.92656
      vertex -2.4 80.1112 9.38205
    endloop
  endfacet
  facet normal -1 0 0
    outer loop
      vertex -2.4 80.0498 9.44535
      vertex -2.4 80.5265 9.92656
      vertex -2.4 80.0797 9.41272
    endloop
  endfacet
  facet normal -1 0 0
    outer loop
      vertex -2.4 80.0215 9.47997
      vertex -2.4 80.5265 9.92656
      vertex -2.4 80.0498 9.44535
    endloop
  endfacet
  facet normal -1 -0 0
    outer loop
      vertex -2.4 80.5265 9.92656
      vertex -2.4 80.0215 9.47997
      vertex -2.4 80.4995 9.95093
    endloop
  endfacet
  facet normal -1 0 0
    outer loop
      vertex -2.4 79.9949 9.51654
      vertex -2.4 80.4995 9.95093
      vertex -2.4 80.0215 9.47997
    endloop
  endfacet
  facet normal -1 0 0
    outer loop
      vertex -2.4 79.97 9.55512
      vertex -2.4 80.4995 9.95093
      vertex -2.4 79.9949 9.51654
    endloop
  endfacet
  facet normal -1 -0 0
    outer loop
      vertex -2.4 80.4995 9.95093
      vertex -2.4 79.97 9.55512
      vertex -2.4 80.4739 9.97892
    endloop
  endfacet
  facet normal -1 0 0
    outer loop
      vertex -2.4 79.9464 9.59546
      vertex -2.4 80.4739 9.97892
      vertex -2.4 79.97 9.55512
    endloop
  endfacet
  facet normal -1 0 0
    outer loop
      vertex -2.4 79.9238 9.63739
      vertex -2.4 80.4739 9.97892
      vertex -2.4 79.9464 9.59546
    endloop
  endfacet
  facet normal -1 -0 0
    outer loop
      vertex -2.4 80.4054 10.0846
      vertex -2.4 79.8254 9.87633
      vertex -2.4 80.3853 10.1271
    endloop
  endfacet
  facet normal -1 -0 0
    outer loop
      vertex -2.4 80.4739 9.97892
      vertex -2.4 79.9238 9.63739
      vertex -2.4 80.4497 10.0105
    endloop
  endfacet
  facet normal -1 -0 0
    outer loop
      vertex -2.4 80.3853 10.1271
      vertex -2.4 79.8048 9.94437
      vertex -2.4 80.3651 10.179
    endloop
  endfacet
  facet normal -1 0 0
    outer loop
      vertex -2.4 79.9023 9.68091
      vertex -2.4 80.4497 10.0105
      vertex -2.4 79.9238 9.63739
    endloop
  endfacet
  facet normal -1 0 0
    outer loop
      vertex -2.4 79.7577 10.1184
      vertex -2.4 80.3433 10.2461
      vertex -2.4 79.7822 10.0251
    endloop
  endfacet
  facet normal -1 0 0
    outer loop
      vertex -2.4 79.8819 9.726
      vertex -2.4 80.4497 10.0105
      vertex -2.4 79.9023 9.68091
    endloop
  endfacet
  facet normal -1 0 0
    outer loop
      vertex -2.4 79.7313 10.2244
      vertex -2.4 80.3197 10.3283
      vertex -2.4 79.7577 10.1184
    endloop
  endfacet
  facet normal -1 -0 0
    outer loop
      vertex -2.4 80.2946 10.4256
      vertex -2.4 79.703 10.3431
      vertex -2.4 80.2678 10.5382
    endloop
  endfacet
  facet normal -1 -0 0
    outer loop
      vertex -2.4 80.4497 10.0105
      vertex -2.4 79.8819 9.726
      vertex -2.4 80.4268 10.0458
    endloop
  endfacet
  facet normal -1 -0 0
    outer loop
      vertex -2.4 80.2678 10.5382
      vertex -2.4 79.6744 10.4801
      vertex -2.4 80.2394 10.6659
    endloop
  endfacet
  facet normal -1 0 0
    outer loop
      vertex -2.4 79.8625 9.77268
      vertex -2.4 80.4268 10.0458
      vertex -2.4 79.8819 9.726
    endloop
  endfacet
  facet normal -1 0 0
    outer loop
      vertex -2.4 79.8442 9.82094
      vertex -2.4 80.4268 10.0458
      vertex -2.4 79.8625 9.77268
    endloop
  endfacet
  facet normal -1 0 0
    outer loop
      vertex -2.4 79.6473 10.6014
      vertex -2.4 80.2394 10.6659
      vertex -2.4 79.6744 10.4801
    endloop
  endfacet
  facet normal -1 -0 0
    outer loop
      vertex -2.4 80.4268 10.0458
      vertex -2.4 79.8442 9.82094
      vertex -2.4 80.4054 10.0846
    endloop
  endfacet
  facet normal -1 -0 0
    outer loop
      vertex -2.4 80.2394 10.6659
      vertex -2.4 79.6473 10.6014
      vertex -2.4 80.2058 10.8189
    endloop
  endfacet
  facet normal -1 0 0
    outer loop
      vertex -2.4 79.8254 9.87633
      vertex -2.4 80.4054 10.0846
      vertex -2.4 79.8442 9.82094
    endloop
  endfacet
  facet normal -1 0 0
    outer loop
      vertex -2.4 79.6217 10.7071
      vertex -2.4 80.2058 10.8189
      vertex -2.4 79.6473 10.6014
    endloop
  endfacet
  facet normal -1 0 0
    outer loop
      vertex -2.4 79.8048 9.94437
      vertex -2.4 80.3853 10.1271
      vertex -2.4 79.8254 9.87633
    endloop
  endfacet
  facet normal -1 0 0
    outer loop
      vertex -2.4 79.7822 10.0251
      vertex -2.4 80.3651 10.179
      vertex -2.4 79.8048 9.94437
    endloop
  endfacet
  facet normal -1 -0 0
    outer loop
      vertex -2.4 80.2058 10.8189
      vertex -2.4 79.6217 10.7071
      vertex -2.4 80.173 10.9566
    endloop
  endfacet
  facet normal -1 -0 0
    outer loop
      vertex -2.4 80.3651 10.179
      vertex -2.4 79.7822 10.0251
      vertex -2.4 80.3433 10.2461
    endloop
  endfacet
  facet normal -1 0 0
    outer loop
      vertex -2.4 79.5975 10.7972
      vertex -2.4 80.173 10.9566
      vertex -2.4 79.6217 10.7071
    endloop
  endfacet
  facet normal -1 -0 0
    outer loop
      vertex -2.4 80.3433 10.2461
      vertex -2.4 79.7577 10.1184
      vertex -2.4 80.3197 10.3283
    endloop
  endfacet
  facet normal -1 -0 0
    outer loop
      vertex -2.4 80.3197 10.3283
      vertex -2.4 79.7313 10.2244
      vertex -2.4 80.2946 10.4256
    endloop
  endfacet
  facet normal -1 0 0
    outer loop
      vertex -2.4 79.5747 10.8717
      vertex -2.4 80.173 10.9566
      vertex -2.4 79.5975 10.7972
    endloop
  endfacet
  facet normal -1 0 0
    outer loop
      vertex -2.4 79.703 10.3431
      vertex -2.4 80.2946 10.4256
      vertex -2.4 79.7313 10.2244
    endloop
  endfacet
  facet normal -1 0 0
    outer loop
      vertex -2.4 79.6744 10.4801
      vertex -2.4 80.2678 10.5382
      vertex -2.4 79.703 10.3431
    endloop
  endfacet
  facet normal -1 -0 0
    outer loop
      vertex -2.4 80.173 10.9566
      vertex -2.4 79.5747 10.8717
      vertex -2.4 80.1412 11.0792
    endloop
  endfacet
  facet normal -1 0 0
    outer loop
      vertex -2.4 79.5535 10.9305
      vertex -2.4 80.1412 11.0792
      vertex -2.4 79.5747 10.8717
    endloop
  endfacet
  facet normal -1 -0 0
    outer loop
      vertex -2.4 80.1412 11.0792
      vertex -2.4 79.5535 10.9305
      vertex -2.4 80.1101 11.1865
    endloop
  endfacet
  facet normal -1 0 0
    outer loop
      vertex -2.4 79.532 10.9796
      vertex -2.4 80.1101 11.1865
      vertex -2.4 79.5535 10.9305
    endloop
  endfacet
  facet normal -1 -0 0
    outer loop
      vertex -2.4 80.1101 11.1865
      vertex -2.4 79.532 10.9796
      vertex -2.4 80.08 11.2785
    endloop
  endfacet
  facet normal -1 0 0
    outer loop
      vertex -2.4 79.5089 11.0249
      vertex -2.4 80.08 11.2785
      vertex -2.4 79.532 10.9796
    endloop
  endfacet
  facet normal -1 -0 0
    outer loop
      vertex -2.4 80.08 11.2785
      vertex -2.4 79.5089 11.0249
      vertex -2.4 80.0507 11.3554
    endloop
  endfacet
  facet normal -1 0 0
    outer loop
      vertex -2.4 79.484 11.0664
      vertex -2.4 80.0507 11.3554
      vertex -2.4 79.5089 11.0249
    endloop
  endfacet
  facet normal -1 -0 0
    outer loop
      vertex -2.4 80.0507 11.3554
      vertex -2.4 79.484 11.0664
      vertex -2.4 80.021 11.4222
    endloop
  endfacet
  facet normal -1 0 0
    outer loop
      vertex -2.4 79.4575 11.1041
      vertex -2.4 80.021 11.4222
      vertex -2.4 79.484 11.0664
    endloop
  endfacet
  facet normal -1 -0 0
    outer loop
      vertex -2.4 80.021 11.4222
      vertex -2.4 79.4575 11.1041
      vertex -2.4 79.9898 11.4842
    endloop
  endfacet
  facet normal -1 0 0
    outer loop
      vertex -2.4 79.4292 11.1379
      vertex -2.4 79.9898 11.4842
      vertex -2.4 79.4575 11.1041
    endloop
  endfacet
  facet normal -1 -0 0
    outer loop
      vertex -2.4 79.9898 11.4842
      vertex -2.4 79.4292 11.1379
      vertex -2.4 79.9569 11.5414
    endloop
  endfacet
  facet normal -1 -0 0
    outer loop
      vertex -2.4 79.9569 11.5414
      vertex -2.4 79.4292 11.1379
      vertex -2.4 79.9225 11.5938
    endloop
  endfacet
  facet normal -1 0 0
    outer loop
      vertex -2.4 79.3992 11.1679
      vertex -2.4 79.9225 11.5938
      vertex -2.4 79.4292 11.1379
    endloop
  endfacet
  facet normal -1 -0 0
    outer loop
      vertex -2.4 79.9225 11.5938
      vertex -2.4 79.3992 11.1679
      vertex -2.4 79.8865 11.6413
    endloop
  endfacet
  facet normal -1 -0 0
    outer loop
      vertex -2.4 79.8865 11.6413
      vertex -2.4 79.3992 11.1679
      vertex -2.4 79.849 11.6841
    endloop
  endfacet
  facet normal -1 0 0
    outer loop
      vertex -2.4 79.3669 11.1936
      vertex -2.4 79.849 11.6841
      vertex -2.4 79.3992 11.1679
    endloop
  endfacet
  facet normal -1 -0 0
    outer loop
      vertex -2.4 79.849 11.6841
      vertex -2.4 79.3669 11.1936
      vertex -2.4 79.8093 11.7228
    endloop
  endfacet
  facet normal -1 -0 0
    outer loop
      vertex -2.4 79.8093 11.7228
      vertex -2.4 79.3669 11.1936
      vertex -2.4 79.7672 11.7585
    endloop
  endfacet
  facet normal -1 -0 0
    outer loop
      vertex -2.4 79.7672 11.7585
      vertex -2.4 79.3669 11.1936
      vertex -2.4 79.7225 11.7909
    endloop
  endfacet
  facet normal -1 0 0
    outer loop
      vertex -2.4 79.3319 11.2147
      vertex -2.4 79.7225 11.7909
      vertex -2.4 79.3669 11.1936
    endloop
  endfacet
  facet normal -1 -0 0
    outer loop
      vertex -2.4 79.7225 11.7909
      vertex -2.4 79.3319 11.2147
      vertex -2.4 79.6754 11.8202
    endloop
  endfacet
  facet normal -1 -0 0
    outer loop
      vertex -2.4 79.6754 11.8202
      vertex -2.4 79.3319 11.2147
      vertex -2.4 79.6258 11.8463
    endloop
  endfacet
  facet normal -1 -0 0
    outer loop
      vertex -2.4 79.6258 11.8463
      vertex -2.4 79.3319 11.2147
      vertex -2.4 79.5736 11.8692
    endloop
  endfacet
  facet normal -1 0 0
    outer loop
      vertex -2.4 79.2942 11.2311
      vertex -2.4 79.5736 11.8692
      vertex -2.4 79.3319 11.2147
    endloop
  endfacet
  facet normal -1 -0 0
    outer loop
      vertex -2.4 79.5736 11.8692
      vertex -2.4 79.2942 11.2311
      vertex -2.4 79.5189 11.8888
    endloop
  endfacet
  facet normal -1 -0 0
    outer loop
      vertex -2.4 79.5189 11.8888
      vertex -2.4 79.2942 11.2311
      vertex -2.4 79.4614 11.9048
    endloop
  endfacet
  facet normal -1 0 0
    outer loop
      vertex -2.4 79.2536 11.2428
      vertex -2.4 79.4614 11.9048
      vertex -2.4 79.2942 11.2311
    endloop
  endfacet
  facet normal -1 -0 0
    outer loop
      vertex -2.4 79.4614 11.9048
      vertex -2.4 79.2536 11.2428
      vertex -2.4 79.4012 11.9173
    endloop
  endfacet
  facet normal -1 -0 0
    outer loop
      vertex -2.4 79.4012 11.9173
      vertex -2.4 79.2536 11.2428
      vertex -2.4 79.3384 11.9262
    endloop
  endfacet
  facet normal -1 0 0
    outer loop
      vertex -2.4 79.2103 11.2498
      vertex -2.4 79.3384 11.9262
      vertex -2.4 79.2536 11.2428
    endloop
  endfacet
  facet normal -1 -0 0
    outer loop
      vertex -2.4 79.3384 11.9262
      vertex -2.4 79.2103 11.2498
      vertex -2.4 79.2728 11.9315
    endloop
  endfacet
  facet normal -1 0 0
    outer loop
      vertex -2.4 79.2103 11.2498
      vertex -2.4 79.2046 11.9333
      vertex -2.4 79.2728 11.9315
    endloop
  endfacet
  facet normal -1 0 0
    outer loop
      vertex -2.4 79.1642 11.2521
      vertex -2.4 79.2046 11.9333
      vertex -2.4 79.2103 11.2498
    endloop
  endfacet
  facet normal -1 0 0
    outer loop
      vertex -2.4 79.1642 11.2521
      vertex -2.4 79.0472 11.9232
      vertex -2.4 79.2046 11.9333
    endloop
  endfacet
  facet normal -1 0 0
    outer loop
      vertex -2.4 79.0279 11.2318
      vertex -2.4 79.0472 11.9232
      vertex -2.4 79.1642 11.2521
    endloop
  endfacet
  facet normal -1 0 0
    outer loop
      vertex -2.4 78.6523 11.7714
      vertex -2.4 79.0279 11.2318
      vertex -2.4 78.9163 11.1707
    endloop
  endfacet
  facet normal -1 0 0
    outer loop
      vertex -2.4 79.0279 11.2318
      vertex -2.4 78.9027 11.8928
      vertex -2.4 79.0472 11.9232
    endloop
  endfacet
  facet normal -1 0 0
    outer loop
      vertex -2.4 78.3739 11.4381
      vertex -2.4 78.9163 11.1707
      vertex -2.4 78.8295 11.0688
    endloop
  endfacet
  facet normal -1 0 0
    outer loop
      vertex -2.4 79.0279 11.2318
      vertex -2.4 78.7711 11.8422
      vertex -2.4 78.9027 11.8928
    endloop
  endfacet
  facet normal -1 0 0
    outer loop
      vertex -2.4 78.2585 11.1195
      vertex -2.4 78.8295 11.0688
      vertex -2.4 78.7676 10.9262
    endloop
  endfacet
  facet normal -1 0 0
    outer loop
      vertex -2.4 78.2224 10.9318
      vertex -2.4 78.7676 10.9262
      vertex -2.4 78.7304 10.7428
    endloop
  endfacet
  facet normal -1 0 0
    outer loop
      vertex -2.4 78.2007 10.7253
      vertex -2.4 78.7304 10.7428
      vertex -2.4 78.718 10.5188
    endloop
  endfacet
  facet normal -1 0 0
    outer loop
      vertex -2.4 79.0279 11.2318
      vertex -2.4 78.6523 11.7714
      vertex -2.4 78.7711 11.8422
    endloop
  endfacet
  facet normal -1 0 0
    outer loop
      vertex -2.4 78.2504 9.92598
      vertex -2.4 78.8012 10.0365
      vertex -2.4 78.2948 9.76558
    endloop
  endfacet
  facet normal -1 -0 0
    outer loop
      vertex -2.4 78.8012 10.0365
      vertex -2.4 78.2504 9.92598
      vertex -2.4 78.7713 10.1158
    endloop
  endfacet
  facet normal -1 0 -0
    outer loop
      vertex -2.4 78.2007 10.7253
      vertex -2.4 78.718 10.5188
      vertex -2.4 78.1935 10.4997
    endloop
  endfacet
  facet normal -1 0 0
    outer loop
      vertex -2.4 78.2188 10.1018
      vertex -2.4 78.7713 10.1158
      vertex -2.4 78.2504 9.92598
    endloop
  endfacet
  facet normal -1 -0 0
    outer loop
      vertex -2.4 78.7304 10.7428
      vertex -2.4 78.2007 10.7253
      vertex -2.4 78.2224 10.9318
    endloop
  endfacet
  facet normal -1 -0 0
    outer loop
      vertex -2.4 78.7713 10.1158
      vertex -2.4 78.2188 10.1018
      vertex -2.4 78.748 10.2037
    endloop
  endfacet
  facet normal -1 0 0
    outer loop
      vertex -2.4 78.7676 10.9262
      vertex -2.4 78.2224 10.9318
      vertex -2.4 78.2585 11.1195
    endloop
  endfacet
  facet normal -1 -0 0
    outer loop
      vertex -2.4 78.748 10.2037
      vertex -2.4 78.2188 10.1018
      vertex -2.4 78.7313 10.3001
    endloop
  endfacet
  facet normal -1 0 0
    outer loop
      vertex -2.4 78.8295 11.0688
      vertex -2.4 78.2585 11.1195
      vertex -2.4 78.309 11.2882
    endloop
  endfacet
  facet normal -1 0 0
    outer loop
      vertex -2.4 78.1998 10.2931
      vertex -2.4 78.7313 10.3001
      vertex -2.4 78.2188 10.1018
    endloop
  endfacet
  facet normal -1 0 0
    outer loop
      vertex -2.4 78.8295 11.0688
      vertex -2.4 78.309 11.2882
      vertex -2.4 78.3739 11.4381
    endloop
  endfacet
  facet normal -1 -0 0
    outer loop
      vertex -2.4 78.7313 10.3001
      vertex -2.4 78.1998 10.2931
      vertex -2.4 78.7213 10.4052
    endloop
  endfacet
  facet normal -1 0 0
    outer loop
      vertex -2.4 78.9163 11.1707
      vertex -2.4 78.4534 11.569
      vertex -2.4 78.5464 11.6803
    endloop
  endfacet
  facet normal -1 0 0
    outer loop
      vertex -2.4 78.1935 10.4997
      vertex -2.4 78.7213 10.4052
      vertex -2.4 78.1998 10.2931
    endloop
  endfacet
  facet normal -1 0 0
    outer loop
      vertex -2.4 78.9163 11.1707
      vertex -2.4 78.5464 11.6803
      vertex -2.4 78.6523 11.7714
    endloop
  endfacet
  facet normal -1 0 0
    outer loop
      vertex -2.4 78.7213 10.4052
      vertex -2.4 78.1935 10.4997
      vertex -2.4 78.718 10.5188
    endloop
  endfacet
  facet normal -1 0 0
    outer loop
      vertex -2.4 78.9163 11.1707
      vertex -2.4 78.3739 11.4381
      vertex -2.4 78.4534 11.569
    endloop
  endfacet
  facet normal -1 0 0
    outer loop
      vertex -2.4 81.0297 10.9543
      vertex -2.4 81.5484 11.2007
      vertex -2.4 81.0631 10.897
    endloop
  endfacet
  facet normal -1 -0 0
    outer loop
      vertex -2.4 81.5484 11.2007
      vertex -2.4 81.0297 10.9543
      vertex -2.4 81.4998 11.3305
    endloop
  endfacet
  facet normal -1 0 0
    outer loop
      vertex -2.4 80.9903 11.0047
      vertex -2.4 81.4998 11.3305
      vertex -2.4 81.0297 10.9543
    endloop
  endfacet
  facet normal -1 -0 0
    outer loop
      vertex -2.4 81.4998 11.3305
      vertex -2.4 80.9903 11.0047
      vertex -2.4 81.4403 11.4432
    endloop
  endfacet
  facet normal -1 0 0
    outer loop
      vertex -2.4 80.9451 11.0491
      vertex -2.4 81.4403 11.4432
      vertex -2.4 80.9903 11.0047
    endloop
  endfacet
  facet normal -1 -0 0
    outer loop
      vertex -2.4 81.4403 11.4432
      vertex -2.4 80.9451 11.0491
      vertex -2.4 81.3684 11.541
    endloop
  endfacet
  facet normal -1 0 0
    outer loop
      vertex -2.4 80.8938 11.0875
      vertex -2.4 81.3684 11.541
      vertex -2.4 80.9451 11.0491
    endloop
  endfacet
  facet normal -1 -0 0
    outer loop
      vertex -2.4 81.3684 11.541
      vertex -2.4 80.8938 11.0875
      vertex -2.4 81.2824 11.6266
    endloop
  endfacet
  facet normal -1 -0 0
    outer loop
      vertex -2.4 81.2824 11.6266
      vertex -2.4 80.8938 11.0875
      vertex -2.4 81.1822 11.6998
    endloop
  endfacet
  facet normal -1 0 0
    outer loop
      vertex -2.4 80.8367 11.1199
      vertex -2.4 81.1822 11.6998
      vertex -2.4 80.8938 11.0875
    endloop
  endfacet
  facet normal -1 -0 0
    outer loop
      vertex -2.4 81.1822 11.6998
      vertex -2.4 80.8367 11.1199
      vertex -2.4 81.068 11.7607
    endloop
  endfacet
  facet normal -1 0 0
    outer loop
      vertex -2.4 80.7736 11.1463
      vertex -2.4 81.068 11.7607
      vertex -2.4 80.8367 11.1199
    endloop
  endfacet
  facet normal -1 -0 0
    outer loop
      vertex -2.4 81.068 11.7607
      vertex -2.4 80.7736 11.1463
      vertex -2.4 80.9396 11.8093
    endloop
  endfacet
  facet normal -1 0 0
    outer loop
      vertex -2.4 80.7045 11.1667
      vertex -2.4 80.9396 11.8093
      vertex -2.4 80.7736 11.1463
    endloop
  endfacet
  facet normal -1 -0 0
    outer loop
      vertex -2.4 80.9396 11.8093
      vertex -2.4 80.7045 11.1667
      vertex -2.4 80.7971 11.8455
    endloop
  endfacet
  facet normal -1 0 0
    outer loop
      vertex -2.4 81.0416 6.47815
      vertex -2.4 81.5851 7.44887
      vertex -2.4 81.5851 5.77797
    endloop
  endfacet
  facet normal -1 0 0
    outer loop
      vertex -2.4 81.0416 7.37531
      vertex -2.4 81.5851 7.44887
      vertex -2.4 81.0416 6.47815
    endloop
  endfacet
  facet normal -1 0 0
    outer loop
      vertex -2.4 81.0282 7.56386
      vertex -2.4 81.5851 7.44887
      vertex -2.4 81.0416 7.37531
    endloop
  endfacet
  facet normal -1 0 0
    outer loop
      vertex -2.4 81.5851 7.44887
      vertex -2.4 81.0282 7.56386
      vertex -2.4 81.578 7.64066
    endloop
  endfacet
  facet normal -1 0 0
    outer loop
      vertex -2.4 80.9881 7.71813
      vertex -2.4 81.5565 7.8173
      vertex -2.4 81.0282 7.56386
    endloop
  endfacet
  facet normal -1 -0 0
    outer loop
      vertex -2.4 81.5565 7.8173
      vertex -2.4 80.9881 7.71813
      vertex -2.4 81.5207 7.97875
    endloop
  endfacet
  facet normal -1 0 0
    outer loop
      vertex -2.4 80.9211 7.83812
      vertex -2.4 81.5207 7.97875
      vertex -2.4 80.9881 7.71813
    endloop
  endfacet
  facet normal -1 -0 0
    outer loop
      vertex -2.4 81.5207 7.97875
      vertex -2.4 80.9211 7.83812
      vertex -2.4 81.4707 8.12505
    endloop
  endfacet
  facet normal -1 -0 0
    outer loop
      vertex -2.4 81.578 7.64066
      vertex -2.4 81.0282 7.56386
      vertex -2.4 81.5565 7.8173
    endloop
  endfacet
  facet normal -1 0 0
    outer loop
      vertex -2.4 81.5851 5.77797
      vertex -2.4 80.0542 6.47815
      vertex -2.4 81.0416 6.47815
    endloop
  endfacet
  facet normal -1 0 0
    outer loop
      vertex -2.4 79.5107 7.29935
      vertex -2.4 80.0542 7.39431
      vertex -2.4 80.0542 6.47815
    endloop
  endfacet
  facet normal -1 0 -0
    outer loop
      vertex -2.4 79.6778 8.06842
      vertex -2.4 80.0542 7.39431
      vertex -2.4 79.646 7.95917
    endloop
  endfacet
  facet normal -1 0 0
    outer loop
      vertex -2.4 80.0542 7.39431
      vertex -2.4 79.9016 8.42759
      vertex -2.4 79.9818 8.49793
    endloop
  endfacet
  facet normal -1 0 0
    outer loop
      vertex -2.4 80.0542 7.39431
      vertex -2.4 79.8311 8.34946
      vertex -2.4 79.9016 8.42759
    endloop
  endfacet
  facet normal -1 0 0
    outer loop
      vertex -2.4 80.0542 7.39431
      vertex -2.4 79.7703 8.26357
      vertex -2.4 79.8311 8.34946
    endloop
  endfacet
  facet normal -1 0 0
    outer loop
      vertex -2.4 80.0542 7.39431
      vertex -2.4 79.7192 8.16988
      vertex -2.4 79.7703 8.26357
    endloop
  endfacet
  facet normal -1 0 0
    outer loop
      vertex -2.4 80.0542 7.39431
      vertex -2.4 79.6778 8.06842
      vertex -2.4 79.7192 8.16988
    endloop
  endfacet
  facet normal -1 0 0
    outer loop
      vertex -2.4 79.5107 7.29935
      vertex -2.4 80.0542 6.47815
      vertex -2.4 79.5107 6.47815
    endloop
  endfacet
  facet normal -1 0 0
    outer loop
      vertex -2.4 78.241 5.77797
      vertex -2.4 80.0542 6.47815
      vertex -2.4 81.5851 5.77797
    endloop
  endfacet
  facet normal -1 -0 0
    outer loop
      vertex -2.4 80.0542 6.47815
      vertex -2.4 78.241 5.77797
      vertex -2.4 79.5107 6.47815
    endloop
  endfacet
  facet normal -1 -0 0
    outer loop
      vertex -2.4 79.5107 6.47815
      vertex -2.4 78.241 5.77797
      vertex -2.4 78.241 6.47815
    endloop
  endfacet
  facet normal -1 -0 0
    outer loop
      vertex -2.4 81.4707 8.12505
      vertex -2.4 80.9211 7.83812
      vertex -2.4 81.4063 8.25617
    endloop
  endfacet
  facet normal -1 0 0
    outer loop
      vertex -2.4 80.8275 7.92383
      vertex -2.4 81.4063 8.25617
      vertex -2.4 80.9211 7.83812
    endloop
  endfacet
  facet normal -1 -0 0
    outer loop
      vertex -2.4 81.4063 8.25617
      vertex -2.4 80.8275 7.92383
      vertex -2.4 81.3276 8.37214
    endloop
  endfacet
  facet normal -1 -0 0
    outer loop
      vertex -2.4 81.3276 8.37214
      vertex -2.4 80.8275 7.92383
      vertex -2.4 81.2355 8.4715
    endloop
  endfacet
  facet normal -1 -0 0
    outer loop
      vertex -2.4 81.2355 8.4715
      vertex -2.4 80.8275 7.92383
      vertex -2.4 81.131 8.5528
    endloop
  endfacet
  facet normal -1 -0 0
    outer loop
      vertex -2.4 81.131 8.5528
      vertex -2.4 80.8275 7.92383
      vertex -2.4 81.014 8.61603
    endloop
  endfacet
  facet normal -1 0 0
    outer loop
      vertex -2.4 80.707 7.97525
      vertex -2.4 81.014 8.61603
      vertex -2.4 80.8275 7.92383
    endloop
  endfacet
  facet normal -1 -0 0
    outer loop
      vertex -2.4 81.014 8.61603
      vertex -2.4 80.707 7.97525
      vertex -2.4 80.8846 8.6612
    endloop
  endfacet
  facet normal -1 -0 0
    outer loop
      vertex -2.4 80.8846 8.6612
      vertex -2.4 80.707 7.97525
      vertex -2.4 80.7426 8.6883
    endloop
  endfacet
  facet normal -1 0 0
    outer loop
      vertex -2.4 80.5598 7.99239
      vertex -2.4 80.7426 8.6883
      vertex -2.4 80.707 7.97525
    endloop
  endfacet
  facet normal -1 -0 0
    outer loop
      vertex -2.4 80.7426 8.6883
      vertex -2.4 80.5598 7.99239
      vertex -2.4 80.5883 8.69733
    endloop
  endfacet
  facet normal -1 0 0
    outer loop
      vertex -2.4 80.4738 8.69179
      vertex -2.4 80.5598 7.99239
      vertex -2.4 80.4828 7.98818
    endloop
  endfacet
  facet normal -1 0 0
    outer loop
      vertex -2.4 80.5598 7.99239
      vertex -2.4 80.4738 8.69179
      vertex -2.4 80.5883 8.69733
    endloop
  endfacet
  facet normal -1 0 0
    outer loop
      vertex -2.4 80.261 8.64748
      vertex -2.4 80.4828 7.98818
      vertex -2.4 80.4118 7.97551
    endloop
  endfacet
  facet normal -1 0 0
    outer loop
      vertex -2.4 80.4828 7.98818
      vertex -2.4 80.3648 8.67517
      vertex -2.4 80.4738 8.69179
    endloop
  endfacet
  facet normal -1 0 0
    outer loop
      vertex -2.4 80.1626 8.60871
      vertex -2.4 80.4118 7.97551
      vertex -2.4 80.3468 7.95441
    endloop
  endfacet
  facet normal -1 0 0
    outer loop
      vertex -2.4 79.9818 8.49793
      vertex -2.4 80.3468 7.95441
      vertex -2.4 80.2876 7.92488
    endloop
  endfacet
  facet normal -1 0 0
    outer loop
      vertex -2.4 80.4828 7.98818
      vertex -2.4 80.261 8.64748
      vertex -2.4 80.3648 8.67517
    endloop
  endfacet
  facet normal -1 0 0
    outer loop
      vertex -2.4 79.9818 8.49793
      vertex -2.4 80.2876 7.92488
      vertex -2.4 80.2344 7.88691
    endloop
  endfacet
  facet normal -1 0 0
    outer loop
      vertex -2.4 79.9818 8.49793
      vertex -2.4 80.2344 7.88691
      vertex -2.4 80.1871 7.84049
    endloop
  endfacet
  facet normal -1 0 0
    outer loop
      vertex -2.4 80.4118 7.97551
      vertex -2.4 80.1626 8.60871
      vertex -2.4 80.261 8.64748
    endloop
  endfacet
  facet normal -1 0 0
    outer loop
      vertex -2.4 79.9818 8.49793
      vertex -2.4 80.1871 7.84049
      vertex -2.4 80.1465 7.78591
    endloop
  endfacet
  facet normal -1 0 0
    outer loop
      vertex -2.4 79.9818 8.49793
      vertex -2.4 80.1465 7.78591
      vertex -2.4 80.1133 7.72341
    endloop
  endfacet
  facet normal -1 0 0
    outer loop
      vertex -2.4 79.9818 8.49793
      vertex -2.4 80.1133 7.72341
      vertex -2.4 80.0875 7.65299
    endloop
  endfacet
  facet normal -1 0 0
    outer loop
      vertex -2.4 80.3468 7.95441
      vertex -2.4 80.0695 8.55886
      vertex -2.4 80.1626 8.60871
    endloop
  endfacet
  facet normal -1 0 0
    outer loop
      vertex -2.4 79.9818 8.49793
      vertex -2.4 80.0875 7.65299
      vertex -2.4 80.069 7.57468
    endloop
  endfacet
  facet normal -1 0 0
    outer loop
      vertex -2.4 79.9818 8.49793
      vertex -2.4 80.069 7.57468
      vertex -2.4 80.0579 7.48845
    endloop
  endfacet
  facet normal -1 0 0
    outer loop
      vertex -2.4 79.9818 8.49793
      vertex -2.4 80.0579 7.48845
      vertex -2.4 80.0542 7.39431
    endloop
  endfacet
  facet normal -1 0 0
    outer loop
      vertex -2.4 80.3468 7.95441
      vertex -2.4 79.9818 8.49793
      vertex -2.4 80.0695 8.55886
    endloop
  endfacet
  facet normal -1 -0 0
    outer loop
      vertex -2.4 80.0542 7.39431
      vertex -2.4 79.5107 7.29935
      vertex -2.4 79.646 7.95917
    endloop
  endfacet
  facet normal -1 0 0
    outer loop
      vertex -2.4 78.241 8.07547
      vertex -2.4 79.646 7.95917
      vertex -2.4 79.5107 7.29935
    endloop
  endfacet
  facet normal -1 0 0
    outer loop
      vertex -2.4 79.646 7.95917
      vertex -2.4 78.241 8.07547
      vertex -2.4 78.241 8.86347
    endloop
  endfacet
  facet normal 0 0.994524 -0.104509
    outer loop
      vertex -2.4 78.2007 10.7253
      vertex -3 78.2224 10.9318
      vertex -2.4 78.2224 10.9318
    endloop
  endfacet
  facet normal 0 0.994524 -0.104509
    outer loop
      vertex -3 78.2224 10.9318
      vertex -2.4 78.2007 10.7253
      vertex -3 78.2007 10.7253
    endloop
  endfacet
  facet normal 0 0.982003 -0.188867
    outer loop
      vertex -2.4 78.2224 10.9318
      vertex -3 78.2585 11.1195
      vertex -2.4 78.2585 11.1195
    endloop
  endfacet
  facet normal 0 0.982003 -0.188867
    outer loop
      vertex -3 78.2585 11.1195
      vertex -2.4 78.2224 10.9318
      vertex -3 78.2224 10.9318
    endloop
  endfacet
  facet normal 0 0.957998 -0.286775
    outer loop
      vertex -2.4 78.2585 11.1195
      vertex -3 78.309 11.2882
      vertex -2.4 78.309 11.2882
    endloop
  endfacet
  facet normal 0 0.957998 -0.286775
    outer loop
      vertex -3 78.309 11.2882
      vertex -2.4 78.2585 11.1195
      vertex -3 78.2585 11.1195
    endloop
  endfacet
  facet normal 0 0.917682 -0.397315
    outer loop
      vertex -2.4 78.309 11.2882
      vertex -3 78.3739 11.4381
      vertex -2.4 78.3739 11.4381
    endloop
  endfacet
  facet normal 0 0.917682 -0.397315
    outer loop
      vertex -3 78.3739 11.4381
      vertex -2.4 78.309 11.2882
      vertex -3 78.309 11.2882
    endloop
  endfacet
  facet normal 0 0.854715 -0.519097
    outer loop
      vertex -2.4 78.3739 11.4381
      vertex -3 78.4534 11.569
      vertex -2.4 78.4534 11.569
    endloop
  endfacet
  facet normal 0 0.854715 -0.519097
    outer loop
      vertex -3 78.4534 11.569
      vertex -2.4 78.3739 11.4381
      vertex -3 78.3739 11.4381
    endloop
  endfacet
  facet normal 0 0.767373 -0.641201
    outer loop
      vertex -2.4 78.4534 11.569
      vertex -3 78.5464 11.6803
      vertex -2.4 78.5464 11.6803
    endloop
  endfacet
  facet normal 0 0.767373 -0.641201
    outer loop
      vertex -3 78.5464 11.6803
      vertex -2.4 78.4534 11.569
      vertex -3 78.4534 11.569
    endloop
  endfacet
  facet normal 0 0.652146 -0.758093
    outer loop
      vertex -3 78.5464 11.6803
      vertex -2.4 78.6523 11.7714
      vertex -2.4 78.5464 11.6803
    endloop
  endfacet
  facet normal 0 0.652146 -0.758093
    outer loop
      vertex -2.4 78.6523 11.7714
      vertex -3 78.5464 11.6803
      vertex -3 78.6523 11.7714
    endloop
  endfacet
  facet normal 0 0.511941 -0.85902
    outer loop
      vertex -3 78.6523 11.7714
      vertex -2.4 78.7711 11.8422
      vertex -2.4 78.6523 11.7714
    endloop
  endfacet
  facet normal 0 0.511941 -0.85902
    outer loop
      vertex -2.4 78.7711 11.8422
      vertex -3 78.6523 11.7714
      vertex -3 78.7711 11.8422
    endloop
  endfacet
  facet normal 0 0.358884 -0.933382
    outer loop
      vertex -3 78.7711 11.8422
      vertex -2.4 78.9027 11.8928
      vertex -2.4 78.7711 11.8422
    endloop
  endfacet
  facet normal 0 0.358884 -0.933382
    outer loop
      vertex -2.4 78.9027 11.8928
      vertex -3 78.7711 11.8422
      vertex -3 78.9027 11.8928
    endloop
  endfacet
  facet normal 0 0.205874 -0.978579
    outer loop
      vertex -3 78.9027 11.8928
      vertex -2.4 79.0472 11.9232
      vertex -2.4 78.9027 11.8928
    endloop
  endfacet
  facet normal 0 0.205874 -0.978579
    outer loop
      vertex -2.4 79.0472 11.9232
      vertex -3 78.9027 11.8928
      vertex -3 79.0472 11.9232
    endloop
  endfacet
  facet normal 0 0.064036 -0.997948
    outer loop
      vertex -3 79.0472 11.9232
      vertex -2.4 79.2046 11.9333
      vertex -2.4 79.0472 11.9232
    endloop
  endfacet
  facet normal 0 0.064036 -0.997948
    outer loop
      vertex -2.4 79.2046 11.9333
      vertex -3 79.0472 11.9232
      vertex -3 79.2046 11.9333
    endloop
  endfacet
  facet normal 0 -0.0263838 -0.999652
    outer loop
      vertex -3 79.2046 11.9333
      vertex -2.4 79.2728 11.9315
      vertex -2.4 79.2046 11.9333
    endloop
  endfacet
  facet normal -0 -0.0263838 -0.999652
    outer loop
      vertex -2.4 79.2728 11.9315
      vertex -3 79.2046 11.9333
      vertex -3 79.2728 11.9315
    endloop
  endfacet
  facet normal 0 -0.0805303 -0.996752
    outer loop
      vertex -3 79.2728 11.9315
      vertex -2.4 79.3384 11.9262
      vertex -2.4 79.2728 11.9315
    endloop
  endfacet
  facet normal -0 -0.0805303 -0.996752
    outer loop
      vertex -2.4 79.3384 11.9262
      vertex -3 79.2728 11.9315
      vertex -3 79.3384 11.9262
    endloop
  endfacet
  facet normal 0 -0.140318 -0.990107
    outer loop
      vertex -3 79.3384 11.9262
      vertex -2.4 79.4012 11.9173
      vertex -2.4 79.3384 11.9262
    endloop
  endfacet
  facet normal -0 -0.140318 -0.990107
    outer loop
      vertex -2.4 79.4012 11.9173
      vertex -3 79.3384 11.9262
      vertex -3 79.4012 11.9173
    endloop
  endfacet
  facet normal 0 -0.203305 -0.979116
    outer loop
      vertex -3 79.4012 11.9173
      vertex -2.4 79.4614 11.9048
      vertex -2.4 79.4012 11.9173
    endloop
  endfacet
  facet normal -0 -0.203305 -0.979116
    outer loop
      vertex -2.4 79.4614 11.9048
      vertex -3 79.4012 11.9173
      vertex -3 79.4614 11.9048
    endloop
  endfacet
  facet normal 0 -0.268076 -0.963398
    outer loop
      vertex -3 79.4614 11.9048
      vertex -2.4 79.5189 11.8888
      vertex -2.4 79.4614 11.9048
    endloop
  endfacet
  facet normal -0 -0.268076 -0.963398
    outer loop
      vertex -2.4 79.5189 11.8888
      vertex -3 79.4614 11.9048
      vertex -3 79.5189 11.8888
    endloop
  endfacet
  facet normal 0 -0.337317 -0.941391
    outer loop
      vertex -3 79.5189 11.8888
      vertex -2.4 79.5736 11.8692
      vertex -2.4 79.5189 11.8888
    endloop
  endfacet
  facet normal -0 -0.337317 -0.941391
    outer loop
      vertex -2.4 79.5736 11.8692
      vertex -3 79.5189 11.8888
      vertex -3 79.5736 11.8692
    endloop
  endfacet
  facet normal 0 -0.401739 -0.915754
    outer loop
      vertex -3 79.5736 11.8692
      vertex -2.4 79.6258 11.8463
      vertex -2.4 79.5736 11.8692
    endloop
  endfacet
  facet normal -0 -0.401739 -0.915754
    outer loop
      vertex -2.4 79.6258 11.8463
      vertex -3 79.5736 11.8692
      vertex -3 79.6258 11.8463
    endloop
  endfacet
  facet normal 0 -0.465673 -0.884957
    outer loop
      vertex -3 79.6258 11.8463
      vertex -2.4 79.6754 11.8202
      vertex -2.4 79.6258 11.8463
    endloop
  endfacet
  facet normal -0 -0.465673 -0.884957
    outer loop
      vertex -2.4 79.6754 11.8202
      vertex -3 79.6258 11.8463
      vertex -3 79.6754 11.8202
    endloop
  endfacet
  facet normal 0 -0.528215 -0.849111
    outer loop
      vertex -3 79.6754 11.8202
      vertex -2.4 79.7225 11.7909
      vertex -2.4 79.6754 11.8202
    endloop
  endfacet
  facet normal -0 -0.528215 -0.849111
    outer loop
      vertex -2.4 79.7225 11.7909
      vertex -3 79.6754 11.8202
      vertex -3 79.7225 11.7909
    endloop
  endfacet
  facet normal 0 -0.586879 -0.809675
    outer loop
      vertex -3 79.7225 11.7909
      vertex -2.4 79.7672 11.7585
      vertex -2.4 79.7225 11.7909
    endloop
  endfacet
  facet normal -0 -0.586879 -0.809675
    outer loop
      vertex -2.4 79.7672 11.7585
      vertex -3 79.7225 11.7909
      vertex -3 79.7672 11.7585
    endloop
  endfacet
  facet normal 0 -0.646754 -0.762699
    outer loop
      vertex -3 79.7672 11.7585
      vertex -2.4 79.8093 11.7228
      vertex -2.4 79.7672 11.7585
    endloop
  endfacet
  facet normal -0 -0.646754 -0.762699
    outer loop
      vertex -2.4 79.8093 11.7228
      vertex -3 79.7672 11.7585
      vertex -3 79.8093 11.7228
    endloop
  endfacet
  facet normal 0 -0.698031 -0.716068
    outer loop
      vertex -3 79.8093 11.7228
      vertex -2.4 79.849 11.6841
      vertex -2.4 79.8093 11.7228
    endloop
  endfacet
  facet normal -0 -0.698031 -0.716068
    outer loop
      vertex -2.4 79.849 11.6841
      vertex -3 79.8093 11.7228
      vertex -3 79.849 11.6841
    endloop
  endfacet
  facet normal 0 -0.752141 -0.659002
    outer loop
      vertex -3 79.8865 11.6413
      vertex -2.4 79.849 11.6841
      vertex -3 79.849 11.6841
    endloop
  endfacet
  facet normal 0 -0.752141 -0.659002
    outer loop
      vertex -2.4 79.849 11.6841
      vertex -3 79.8865 11.6413
      vertex -2.4 79.8865 11.6413
    endloop
  endfacet
  facet normal 0 -0.79697 -0.604019
    outer loop
      vertex -3 79.9225 11.5938
      vertex -2.4 79.8865 11.6413
      vertex -3 79.8865 11.6413
    endloop
  endfacet
  facet normal 0 -0.79697 -0.604019
    outer loop
      vertex -2.4 79.8865 11.6413
      vertex -3 79.9225 11.5938
      vertex -2.4 79.9225 11.5938
    endloop
  endfacet
  facet normal 0 -0.835956 -0.548796
    outer loop
      vertex -3 79.9569 11.5414
      vertex -2.4 79.9225 11.5938
      vertex -3 79.9225 11.5938
    endloop
  endfacet
  facet normal 0 -0.835956 -0.548796
    outer loop
      vertex -2.4 79.9225 11.5938
      vertex -3 79.9569 11.5414
      vertex -2.4 79.9569 11.5414
    endloop
  endfacet
  facet normal 0 -0.866841 -0.498585
    outer loop
      vertex -3 79.9898 11.4842
      vertex -2.4 79.9569 11.5414
      vertex -3 79.9569 11.5414
    endloop
  endfacet
  facet normal 0 -0.866841 -0.498585
    outer loop
      vertex -2.4 79.9569 11.5414
      vertex -3 79.9898 11.4842
      vertex -2.4 79.9898 11.4842
    endloop
  endfacet
  facet normal 0 -0.893272 -0.449517
    outer loop
      vertex -3 80.021 11.4222
      vertex -2.4 79.9898 11.4842
      vertex -3 79.9898 11.4842
    endloop
  endfacet
  facet normal 0 -0.893272 -0.449517
    outer loop
      vertex -2.4 79.9898 11.4842
      vertex -3 80.021 11.4222
      vertex -2.4 80.021 11.4222
    endloop
  endfacet
  facet normal 0 -0.913755 -0.406265
    outer loop
      vertex -3 80.0507 11.3554
      vertex -2.4 80.021 11.4222
      vertex -3 80.021 11.4222
    endloop
  endfacet
  facet normal 0 -0.913755 -0.406265
    outer loop
      vertex -2.4 80.021 11.4222
      vertex -3 80.0507 11.3554
      vertex -2.4 80.0507 11.3554
    endloop
  endfacet
  facet normal 0 -0.934468 -0.356046
    outer loop
      vertex -3 80.08 11.2785
      vertex -2.4 80.0507 11.3554
      vertex -3 80.0507 11.3554
    endloop
  endfacet
  facet normal 0 -0.934468 -0.356046
    outer loop
      vertex -2.4 80.0507 11.3554
      vertex -3 80.08 11.2785
      vertex -2.4 80.08 11.2785
    endloop
  endfacet
  facet normal 0 -0.950425 -0.310954
    outer loop
      vertex -3 80.1101 11.1865
      vertex -2.4 80.08 11.2785
      vertex -3 80.08 11.2785
    endloop
  endfacet
  facet normal 0 -0.950425 -0.310954
    outer loop
      vertex -2.4 80.08 11.2785
      vertex -3 80.1101 11.1865
      vertex -2.4 80.1101 11.1865
    endloop
  endfacet
  facet normal 0 -0.96047 -0.278384
    outer loop
      vertex -3 80.1412 11.0792
      vertex -2.4 80.1101 11.1865
      vertex -3 80.1101 11.1865
    endloop
  endfacet
  facet normal 0 -0.96047 -0.278384
    outer loop
      vertex -2.4 80.1101 11.1865
      vertex -3 80.1412 11.0792
      vertex -2.4 80.1412 11.0792
    endloop
  endfacet
  facet normal 0 -0.967968 -0.251072
    outer loop
      vertex -3 80.173 10.9566
      vertex -2.4 80.1412 11.0792
      vertex -3 80.1412 11.0792
    endloop
  endfacet
  facet normal 0 -0.967968 -0.251072
    outer loop
      vertex -2.4 80.1412 11.0792
      vertex -3 80.173 10.9566
      vertex -2.4 80.173 10.9566
    endloop
  endfacet
  facet normal 0 -0.972783 -0.231716
    outer loop
      vertex -3 80.2058 10.8189
      vertex -2.4 80.173 10.9566
      vertex -3 80.173 10.9566
    endloop
  endfacet
  facet normal 0 -0.972783 -0.231716
    outer loop
      vertex -2.4 80.173 10.9566
      vertex -3 80.2058 10.8189
      vertex -2.4 80.2058 10.8189
    endloop
  endfacet
  facet normal 0 -0.976725 -0.214496
    outer loop
      vertex -3 80.2394 10.6659
      vertex -2.4 80.2058 10.8189
      vertex -3 80.2058 10.8189
    endloop
  endfacet
  facet normal 0 -0.976725 -0.214496
    outer loop
      vertex -2.4 80.2058 10.8189
      vertex -3 80.2394 10.6659
      vertex -2.4 80.2394 10.6659
    endloop
  endfacet
  facet normal 0 -0.976151 -0.217092
    outer loop
      vertex -3 80.2678 10.5382
      vertex -2.4 80.2394 10.6659
      vertex -3 80.2394 10.6659
    endloop
  endfacet
  facet normal 0 -0.976151 -0.217092
    outer loop
      vertex -2.4 80.2394 10.6659
      vertex -3 80.2678 10.5382
      vertex -2.4 80.2678 10.5382
    endloop
  endfacet
  facet normal 0 -0.972825 -0.231543
    outer loop
      vertex -3 80.2946 10.4256
      vertex -2.4 80.2678 10.5382
      vertex -3 80.2678 10.5382
    endloop
  endfacet
  facet normal 0 -0.972825 -0.231543
    outer loop
      vertex -2.4 80.2678 10.5382
      vertex -3 80.2946 10.4256
      vertex -2.4 80.2946 10.4256
    endloop
  endfacet
  facet normal 0 -0.968301 -0.249788
    outer loop
      vertex -3 80.3197 10.3283
      vertex -2.4 80.2946 10.4256
      vertex -3 80.2946 10.4256
    endloop
  endfacet
  facet normal 0 -0.968301 -0.249788
    outer loop
      vertex -2.4 80.2946 10.4256
      vertex -3 80.3197 10.3283
      vertex -2.4 80.3197 10.3283
    endloop
  endfacet
  facet normal 0 -0.96117 -0.275956
    outer loop
      vertex -3 80.3433 10.2461
      vertex -2.4 80.3197 10.3283
      vertex -3 80.3197 10.3283
    endloop
  endfacet
  facet normal 0 -0.96117 -0.275956
    outer loop
      vertex -2.4 80.3197 10.3283
      vertex -3 80.3433 10.2461
      vertex -2.4 80.3433 10.2461
    endloop
  endfacet
  facet normal 0 -0.951065 -0.30899
    outer loop
      vertex -3 80.3651 10.179
      vertex -2.4 80.3433 10.2461
      vertex -3 80.3433 10.2461
    endloop
  endfacet
  facet normal 0 -0.951065 -0.30899
    outer loop
      vertex -2.4 80.3433 10.2461
      vertex -3 80.3651 10.179
      vertex -2.4 80.3651 10.179
    endloop
  endfacet
  facet normal 0 -0.931904 -0.362706
    outer loop
      vertex -3 80.3853 10.1271
      vertex -2.4 80.3651 10.179
      vertex -3 80.3651 10.179
    endloop
  endfacet
  facet normal 0 -0.931904 -0.362706
    outer loop
      vertex -2.4 80.3651 10.179
      vertex -3 80.3853 10.1271
      vertex -2.4 80.3853 10.1271
    endloop
  endfacet
  facet normal 0 -0.903998 -0.427538
    outer loop
      vertex -3 80.4054 10.0846
      vertex -2.4 80.3853 10.1271
      vertex -3 80.3853 10.1271
    endloop
  endfacet
  facet normal 0 -0.903998 -0.427538
    outer loop
      vertex -2.4 80.3853 10.1271
      vertex -3 80.4054 10.0846
      vertex -2.4 80.4054 10.0846
    endloop
  endfacet
  facet normal 0 -0.875644 -0.482958
    outer loop
      vertex -3 80.4268 10.0458
      vertex -2.4 80.4054 10.0846
      vertex -3 80.4054 10.0846
    endloop
  endfacet
  facet normal 0 -0.875644 -0.482958
    outer loop
      vertex -2.4 80.4054 10.0846
      vertex -3 80.4268 10.0458
      vertex -2.4 80.4268 10.0458
    endloop
  endfacet
  facet normal 0 -0.838932 -0.544236
    outer loop
      vertex -3 80.4497 10.0105
      vertex -2.4 80.4268 10.0458
      vertex -3 80.4268 10.0458
    endloop
  endfacet
  facet normal 0 -0.838932 -0.544236
    outer loop
      vertex -2.4 80.4268 10.0458
      vertex -3 80.4497 10.0105
      vertex -2.4 80.4497 10.0105
    endloop
  endfacet
  facet normal 0 -0.793744 -0.608252
    outer loop
      vertex -3 80.4739 9.97892
      vertex -2.4 80.4497 10.0105
      vertex -3 80.4497 10.0105
    endloop
  endfacet
  facet normal 0 -0.793744 -0.608252
    outer loop
      vertex -2.4 80.4497 10.0105
      vertex -3 80.4739 9.97892
      vertex -2.4 80.4739 9.97892
    endloop
  endfacet
  facet normal 0 -0.737909 -0.6749
    outer loop
      vertex -3 80.4995 9.95093
      vertex -2.4 80.4739 9.97892
      vertex -3 80.4739 9.97892
    endloop
  endfacet
  facet normal 0 -0.737909 -0.6749
    outer loop
      vertex -2.4 80.4739 9.97892
      vertex -3 80.4995 9.95093
      vertex -2.4 80.4995 9.95093
    endloop
  endfacet
  facet normal 0 -0.670027 -0.742336
    outer loop
      vertex -3 80.4995 9.95093
      vertex -2.4 80.5265 9.92656
      vertex -2.4 80.4995 9.95093
    endloop
  endfacet
  facet normal -0 -0.670027 -0.742336
    outer loop
      vertex -2.4 80.5265 9.92656
      vertex -3 80.4995 9.95093
      vertex -3 80.5265 9.92656
    endloop
  endfacet
  facet normal 0 -0.578903 -0.815396
    outer loop
      vertex -3 80.5265 9.92656
      vertex -2.4 80.5556 9.9059
      vertex -2.4 80.5265 9.92656
    endloop
  endfacet
  facet normal -0 -0.578903 -0.815396
    outer loop
      vertex -2.4 80.5556 9.9059
      vertex -3 80.5265 9.92656
      vertex -3 80.5556 9.9059
    endloop
  endfacet
  facet normal 0 -0.471602 -0.881812
    outer loop
      vertex -3 80.5556 9.9059
      vertex -2.4 80.5872 9.889
      vertex -2.4 80.5556 9.9059
    endloop
  endfacet
  facet normal -0 -0.471602 -0.881812
    outer loop
      vertex -2.4 80.5872 9.889
      vertex -3 80.5556 9.9059
      vertex -3 80.5872 9.889
    endloop
  endfacet
  facet normal 0 -0.357738 -0.933822
    outer loop
      vertex -3 80.5872 9.889
      vertex -2.4 80.6215 9.87586
      vertex -2.4 80.5872 9.889
    endloop
  endfacet
  facet normal -0 -0.357738 -0.933822
    outer loop
      vertex -2.4 80.6215 9.87586
      vertex -3 80.5872 9.889
      vertex -3 80.6215 9.87586
    endloop
  endfacet
  facet normal 0 -0.246859 -0.969051
    outer loop
      vertex -3 80.6215 9.87586
      vertex -2.4 80.6584 9.86646
      vertex -2.4 80.6215 9.87586
    endloop
  endfacet
  facet normal -0 -0.246859 -0.969051
    outer loop
      vertex -2.4 80.6584 9.86646
      vertex -3 80.6215 9.87586
      vertex -3 80.6584 9.86646
    endloop
  endfacet
  facet normal 0 -0.140756 -0.990044
    outer loop
      vertex -3 80.6584 9.86646
      vertex -2.4 80.698 9.86083
      vertex -2.4 80.6584 9.86646
    endloop
  endfacet
  facet normal -0 -0.140756 -0.990044
    outer loop
      vertex -2.4 80.698 9.86083
      vertex -3 80.6584 9.86646
      vertex -3 80.698 9.86083
    endloop
  endfacet
  facet normal 0 -0.0445056 -0.999009
    outer loop
      vertex -3 80.698 9.86083
      vertex -2.4 80.7402 9.85895
      vertex -2.4 80.698 9.86083
    endloop
  endfacet
  facet normal -0 -0.0445056 -0.999009
    outer loop
      vertex -2.4 80.7402 9.85895
      vertex -3 80.698 9.86083
      vertex -3 80.7402 9.85895
    endloop
  endfacet
  facet normal 0 0.143571 -0.98964
    outer loop
      vertex -3 80.7402 9.85895
      vertex -2.4 80.862 9.87662
      vertex -2.4 80.7402 9.85895
    endloop
  endfacet
  facet normal 0 0.143571 -0.98964
    outer loop
      vertex -2.4 80.862 9.87662
      vertex -3 80.7402 9.85895
      vertex -3 80.862 9.87662
    endloop
  endfacet
  facet normal 0 0.469462 -0.882953
    outer loop
      vertex -3 80.862 9.87662
      vertex -2.4 80.9617 9.92963
      vertex -2.4 80.862 9.87662
    endloop
  endfacet
  facet normal 0 0.469462 -0.882953
    outer loop
      vertex -2.4 80.9617 9.92963
      vertex -3 80.862 9.87662
      vertex -3 80.9617 9.92963
    endloop
  endfacet
  facet normal 0 0.751833 -0.659353
    outer loop
      vertex -2.4 80.9617 9.92963
      vertex -3 81.0392 10.018
      vertex -2.4 81.0392 10.018
    endloop
  endfacet
  facet normal 0 0.751833 -0.659353
    outer loop
      vertex -3 81.0392 10.018
      vertex -2.4 80.9617 9.92963
      vertex -3 80.9617 9.92963
    endloop
  endfacet
  facet normal 0 0.912652 -0.408738
    outer loop
      vertex -2.4 81.0392 10.018
      vertex -3 81.0946 10.1417
      vertex -2.4 81.0946 10.1417
    endloop
  endfacet
  facet normal 0 0.912652 -0.408738
    outer loop
      vertex -3 81.0946 10.1417
      vertex -2.4 81.0392 10.018
      vertex -3 81.0392 10.018
    endloop
  endfacet
  facet normal 0 0.978888 -0.204397
    outer loop
      vertex -2.4 81.0946 10.1417
      vertex -3 81.1278 10.3007
      vertex -2.4 81.1278 10.3007
    endloop
  endfacet
  facet normal 0 0.978888 -0.204397
    outer loop
      vertex -3 81.1278 10.3007
      vertex -2.4 81.0946 10.1417
      vertex -3 81.0946 10.1417
    endloop
  endfacet
  facet normal 0 0.998372 -0.0570352
    outer loop
      vertex -2.4 81.1278 10.3007
      vertex -3 81.1389 10.495
      vertex -2.4 81.1389 10.495
    endloop
  endfacet
  facet normal 0 0.998372 -0.0570352
    outer loop
      vertex -3 81.1389 10.495
      vertex -2.4 81.1278 10.3007
      vertex -3 81.1278 10.3007
    endloop
  endfacet
  facet normal 0 0.99951 0.0312999
    outer loop
      vertex -2.4 81.1389 10.495
      vertex -3 81.1359 10.5908
      vertex -2.4 81.1359 10.5908
    endloop
  endfacet
  facet normal 0 0.99951 0.0312999
    outer loop
      vertex -3 81.1359 10.5908
      vertex -2.4 81.1389 10.495
      vertex -3 81.1389 10.495
    endloop
  endfacet
  facet normal 0 0.99472 0.10263
    outer loop
      vertex -2.4 81.1359 10.5908
      vertex -3 81.1268 10.679
      vertex -2.4 81.1268 10.679
    endloop
  endfacet
  facet normal 0 0.99472 0.10263
    outer loop
      vertex -3 81.1268 10.679
      vertex -2.4 81.1359 10.5908
      vertex -3 81.1359 10.5908
    endloop
  endfacet
  facet normal 0 0.982594 0.185764
    outer loop
      vertex -2.4 81.1268 10.679
      vertex -3 81.1116 10.7594
      vertex -2.4 81.1116 10.7594
    endloop
  endfacet
  facet normal 0 0.982594 0.185764
    outer loop
      vertex -3 81.1116 10.7594
      vertex -2.4 81.1268 10.679
      vertex -3 81.1268 10.679
    endloop
  endfacet
  facet normal 0 0.959911 0.280305
    outer loop
      vertex -2.4 81.1116 10.7594
      vertex -3 81.0904 10.832
      vertex -2.4 81.0904 10.832
    endloop
  endfacet
  facet normal 0 0.959911 0.280305
    outer loop
      vertex -3 81.0904 10.832
      vertex -2.4 81.1116 10.7594
      vertex -3 81.1116 10.7594
    endloop
  endfacet
  facet normal 0 0.921982 0.387232
    outer loop
      vertex -2.4 81.0904 10.832
      vertex -3 81.0631 10.897
      vertex -2.4 81.0631 10.897
    endloop
  endfacet
  facet normal 0 0.921982 0.387232
    outer loop
      vertex -3 81.0631 10.897
      vertex -2.4 81.0904 10.832
      vertex -3 81.0904 10.832
    endloop
  endfacet
  facet normal 0 0.863943 0.50359
    outer loop
      vertex -2.4 81.0631 10.897
      vertex -3 81.0297 10.9543
      vertex -2.4 81.0297 10.9543
    endloop
  endfacet
  facet normal 0 0.863943 0.50359
    outer loop
      vertex -3 81.0297 10.9543
      vertex -2.4 81.0631 10.897
      vertex -3 81.0631 10.897
    endloop
  endfacet
  facet normal 0 0.787835 0.615887
    outer loop
      vertex -2.4 81.0297 10.9543
      vertex -3 80.9903 11.0047
      vertex -2.4 80.9903 11.0047
    endloop
  endfacet
  facet normal 0 0.787835 0.615887
    outer loop
      vertex -3 80.9903 11.0047
      vertex -2.4 81.0297 10.9543
      vertex -3 81.0297 10.9543
    endloop
  endfacet
  facet normal -0 0.700765 0.713392
    outer loop
      vertex -3 80.9903 11.0047
      vertex -2.4 80.9451 11.0491
      vertex -2.4 80.9903 11.0047
    endloop
  endfacet
  facet normal 0 0.700765 0.713392
    outer loop
      vertex -2.4 80.9451 11.0491
      vertex -3 80.9903 11.0047
      vertex -3 80.9451 11.0491
    endloop
  endfacet
  facet normal -0 0.599251 0.800561
    outer loop
      vertex -3 80.9451 11.0491
      vertex -2.4 80.8938 11.0875
      vertex -2.4 80.9451 11.0491
    endloop
  endfacet
  facet normal 0 0.599251 0.800561
    outer loop
      vertex -2.4 80.8938 11.0875
      vertex -3 80.9451 11.0491
      vertex -3 80.8938 11.0875
    endloop
  endfacet
  facet normal -0 0.493512 0.869739
    outer loop
      vertex -3 80.8938 11.0875
      vertex -2.4 80.8367 11.1199
      vertex -2.4 80.8938 11.0875
    endloop
  endfacet
  facet normal 0 0.493512 0.869739
    outer loop
      vertex -2.4 80.8367 11.1199
      vertex -3 80.8938 11.0875
      vertex -3 80.8367 11.1199
    endloop
  endfacet
  facet normal -0 0.385964 0.922514
    outer loop
      vertex -3 80.8367 11.1199
      vertex -2.4 80.7736 11.1463
      vertex -2.4 80.8367 11.1199
    endloop
  endfacet
  facet normal 0 0.385964 0.922514
    outer loop
      vertex -2.4 80.7736 11.1463
      vertex -3 80.8367 11.1199
      vertex -3 80.7736 11.1463
    endloop
  endfacet
  facet normal -0 0.283143 0.959078
    outer loop
      vertex -3 80.7736 11.1463
      vertex -2.4 80.7045 11.1667
      vertex -2.4 80.7736 11.1463
    endloop
  endfacet
  facet normal 0 0.283143 0.959078
    outer loop
      vertex -2.4 80.7045 11.1667
      vertex -3 80.7736 11.1463
      vertex -3 80.7045 11.1667
    endloop
  endfacet
  facet normal 0 0.990823 -0.135165
    outer loop
      vertex -2.4 80.7045 11.1667
      vertex -3 80.7971 11.8455
      vertex -2.4 80.7971 11.8455
    endloop
  endfacet
  facet normal 0 0.990823 -0.135165
    outer loop
      vertex -3 80.7971 11.8455
      vertex -2.4 80.7045 11.1667
      vertex -3 80.7045 11.1667
    endloop
  endfacet
  facet normal 0 -0.246215 -0.969215
    outer loop
      vertex -3 80.7971 11.8455
      vertex -2.4 80.9396 11.8093
      vertex -2.4 80.7971 11.8455
    endloop
  endfacet
  facet normal -0 -0.246215 -0.969215
    outer loop
      vertex -2.4 80.9396 11.8093
      vertex -3 80.7971 11.8455
      vertex -3 80.9396 11.8093
    endloop
  endfacet
  facet normal 0 -0.353995 -0.935247
    outer loop
      vertex -3 80.9396 11.8093
      vertex -2.4 81.068 11.7607
      vertex -2.4 80.9396 11.8093
    endloop
  endfacet
  facet normal -0 -0.353995 -0.935247
    outer loop
      vertex -2.4 81.068 11.7607
      vertex -3 80.9396 11.8093
      vertex -3 81.068 11.7607
    endloop
  endfacet
  facet normal 0 -0.470548 -0.882374
    outer loop
      vertex -3 81.068 11.7607
      vertex -2.4 81.1822 11.6998
      vertex -2.4 81.068 11.7607
    endloop
  endfacet
  facet normal -0 -0.470548 -0.882374
    outer loop
      vertex -2.4 81.1822 11.6998
      vertex -3 81.068 11.7607
      vertex -3 81.1822 11.6998
    endloop
  endfacet
  facet normal 0 -0.589895 -0.80748
    outer loop
      vertex -3 81.1822 11.6998
      vertex -2.4 81.2824 11.6266
      vertex -2.4 81.1822 11.6998
    endloop
  endfacet
  facet normal -0 -0.589895 -0.80748
    outer loop
      vertex -2.4 81.2824 11.6266
      vertex -3 81.1822 11.6998
      vertex -3 81.2824 11.6266
    endloop
  endfacet
  facet normal 0 -0.705457 -0.708753
    outer loop
      vertex -3 81.2824 11.6266
      vertex -2.4 81.3684 11.541
      vertex -2.4 81.2824 11.6266
    endloop
  endfacet
  facet normal -0 -0.705457 -0.708753
    outer loop
      vertex -2.4 81.3684 11.541
      vertex -3 81.2824 11.6266
      vertex -3 81.3684 11.541
    endloop
  endfacet
  facet normal 0 -0.805697 -0.592328
    outer loop
      vertex -3 81.4403 11.4432
      vertex -2.4 81.3684 11.541
      vertex -3 81.3684 11.541
    endloop
  endfacet
  facet normal 0 -0.805697 -0.592328
    outer loop
      vertex -2.4 81.3684 11.541
      vertex -3 81.4403 11.4432
      vertex -2.4 81.4403 11.4432
    endloop
  endfacet
  facet normal 0 -0.884322 -0.466878
    outer loop
      vertex -3 81.4998 11.3305
      vertex -2.4 81.4403 11.4432
      vertex -3 81.4403 11.4432
    endloop
  endfacet
  facet normal 0 -0.884322 -0.466878
    outer loop
      vertex -2.4 81.4403 11.4432
      vertex -3 81.4998 11.3305
      vertex -2.4 81.4998 11.3305
    endloop
  endfacet
  facet normal 0 -0.936507 -0.350649
    outer loop
      vertex -3 81.5484 11.2007
      vertex -2.4 81.4998 11.3305
      vertex -3 81.4998 11.3305
    endloop
  endfacet
  facet normal 0 -0.936507 -0.350649
    outer loop
      vertex -2.4 81.4998 11.3305
      vertex -3 81.5484 11.2007
      vertex -2.4 81.5484 11.2007
    endloop
  endfacet
  facet normal 0 -0.968375 -0.2495
    outer loop
      vertex -3 81.5863 11.0536
      vertex -2.4 81.5484 11.2007
      vertex -3 81.5484 11.2007
    endloop
  endfacet
  facet normal 0 -0.968375 -0.2495
    outer loop
      vertex -2.4 81.5484 11.2007
      vertex -3 81.5863 11.0536
      vertex -2.4 81.5863 11.0536
    endloop
  endfacet
  facet normal 0 -0.986749 -0.162255
    outer loop
      vertex -3 81.6133 10.8894
      vertex -2.4 81.5863 11.0536
      vertex -3 81.5863 11.0536
    endloop
  endfacet
  facet normal 0 -0.986749 -0.162255
    outer loop
      vertex -2.4 81.5863 11.0536
      vertex -3 81.6133 10.8894
      vertex -2.4 81.6133 10.8894
    endloop
  endfacet
  facet normal 0 -0.99604 -0.0889028
    outer loop
      vertex -3 81.6295 10.7079
      vertex -2.4 81.6133 10.8894
      vertex -3 81.6133 10.8894
    endloop
  endfacet
  facet normal 0 -0.99604 -0.0889028
    outer loop
      vertex -2.4 81.6133 10.8894
      vertex -3 81.6295 10.7079
      vertex -2.4 81.6295 10.7079
    endloop
  endfacet
  facet normal 0 -0.999631 -0.0271666
    outer loop
      vertex -3 81.6349 10.5092
      vertex -2.4 81.6295 10.7079
      vertex -3 81.6295 10.7079
    endloop
  endfacet
  facet normal 0 -0.999631 -0.0271666
    outer loop
      vertex -2.4 81.6295 10.7079
      vertex -3 81.6349 10.5092
      vertex -2.4 81.6349 10.5092
    endloop
  endfacet
  facet normal 0 -0.999497 0.0316996
    outer loop
      vertex -3 81.6283 10.3011
      vertex -2.4 81.6349 10.5092
      vertex -3 81.6349 10.5092
    endloop
  endfacet
  facet normal 0 -0.999497 0.0316996
    outer loop
      vertex -2.4 81.6349 10.5092
      vertex -3 81.6283 10.3011
      vertex -2.4 81.6283 10.3011
    endloop
  endfacet
  facet normal 0 -0.994508 0.104658
    outer loop
      vertex -3 81.6082 10.1101
      vertex -2.4 81.6283 10.3011
      vertex -3 81.6283 10.3011
    endloop
  endfacet
  facet normal 0 -0.994508 0.104658
    outer loop
      vertex -2.4 81.6283 10.3011
      vertex -3 81.6082 10.1101
      vertex -2.4 81.6082 10.1101
    endloop
  endfacet
  facet normal 0 -0.981912 0.18934
    outer loop
      vertex -3 81.5747 9.93637
      vertex -2.4 81.6082 10.1101
      vertex -3 81.6082 10.1101
    endloop
  endfacet
  facet normal 0 -0.981912 0.18934
    outer loop
      vertex -2.4 81.6082 10.1101
      vertex -3 81.5747 9.93637
      vertex -2.4 81.5747 9.93637
    endloop
  endfacet
  facet normal 0 -0.958099 0.286438
    outer loop
      vertex -3 81.5279 9.77983
      vertex -2.4 81.5747 9.93637
      vertex -3 81.5747 9.93637
    endloop
  endfacet
  facet normal 0 -0.958099 0.286438
    outer loop
      vertex -2.4 81.5747 9.93637
      vertex -3 81.5279 9.77983
      vertex -2.4 81.5279 9.77983
    endloop
  endfacet
  facet normal 0 -0.917989 0.396605
    outer loop
      vertex -3 81.4677 9.64049
      vertex -2.4 81.5279 9.77983
      vertex -3 81.5279 9.77983
    endloop
  endfacet
  facet normal 0 -0.917989 0.396605
    outer loop
      vertex -2.4 81.5279 9.77983
      vertex -3 81.4677 9.64049
      vertex -2.4 81.4677 9.64049
    endloop
  endfacet
  facet normal 0 -0.856185 0.516669
    outer loop
      vertex -3 81.394 9.51836
      vertex -2.4 81.4677 9.64049
      vertex -3 81.4677 9.64049
    endloop
  endfacet
  facet normal 0 -0.856185 0.516669
    outer loop
      vertex -2.4 81.4677 9.64049
      vertex -3 81.394 9.51836
      vertex -2.4 81.394 9.51836
    endloop
  endfacet
  facet normal 0 -0.770098 0.637925
    outer loop
      vertex -3 81.3078 9.4143
      vertex -2.4 81.394 9.51836
      vertex -3 81.394 9.51836
    endloop
  endfacet
  facet normal 0 -0.770098 0.637925
    outer loop
      vertex -2.4 81.394 9.51836
      vertex -3 81.3078 9.4143
      vertex -2.4 81.3078 9.4143
    endloop
  endfacet
  facet normal 0 -0.655883 0.754862
    outer loop
      vertex -3 81.3078 9.4143
      vertex -2.4 81.2098 9.32915
      vertex -2.4 81.3078 9.4143
    endloop
  endfacet
  facet normal 0 -0.655883 0.754862
    outer loop
      vertex -2.4 81.2098 9.32915
      vertex -3 81.3078 9.4143
      vertex -3 81.2098 9.32915
    endloop
  endfacet
  facet normal 0 -0.516444 0.856321
    outer loop
      vertex -3 81.2098 9.32915
      vertex -2.4 81.1 9.26293
      vertex -2.4 81.2098 9.32915
    endloop
  endfacet
  facet normal 0 -0.516444 0.856321
    outer loop
      vertex -2.4 81.1 9.26293
      vertex -3 81.2098 9.32915
      vertex -3 81.1 9.26293
    endloop
  endfacet
  facet normal 0 -0.36252 0.931976
    outer loop
      vertex -3 81.1 9.26293
      vertex -2.4 80.9784 9.21563
      vertex -2.4 81.1 9.26293
    endloop
  endfacet
  facet normal 0 -0.36252 0.931976
    outer loop
      vertex -2.4 80.9784 9.21563
      vertex -3 81.1 9.26293
      vertex -3 80.9784 9.21563
    endloop
  endfacet
  facet normal 0 -0.208157 0.978095
    outer loop
      vertex -3 80.9784 9.21563
      vertex -2.4 80.845 9.18724
      vertex -2.4 80.9784 9.21563
    endloop
  endfacet
  facet normal 0 -0.208157 0.978095
    outer loop
      vertex -2.4 80.845 9.18724
      vertex -3 80.9784 9.21563
      vertex -3 80.845 9.18724
    endloop
  endfacet
  facet normal 0 -0.0650137 0.997884
    outer loop
      vertex -3 80.845 9.18724
      vertex -2.4 80.6998 9.17778
      vertex -2.4 80.845 9.18724
    endloop
  endfacet
  facet normal 0 -0.0650137 0.997884
    outer loop
      vertex -2.4 80.6998 9.17778
      vertex -3 80.845 9.18724
      vertex -3 80.6998 9.17778
    endloop
  endfacet
  facet normal -0 0.0221595 0.999754
    outer loop
      vertex -3 80.6998 9.17778
      vertex -2.4 80.6416 9.17907
      vertex -2.4 80.6998 9.17778
    endloop
  endfacet
  facet normal 0 0.0221595 0.999754
    outer loop
      vertex -2.4 80.6416 9.17907
      vertex -3 80.6998 9.17778
      vertex -3 80.6416 9.17907
    endloop
  endfacet
  facet normal -0 0.0687654 0.997633
    outer loop
      vertex -3 80.6416 9.17907
      vertex -2.4 80.5856 9.18293
      vertex -2.4 80.6416 9.17907
    endloop
  endfacet
  facet normal 0 0.0687654 0.997633
    outer loop
      vertex -2.4 80.5856 9.18293
      vertex -3 80.6416 9.17907
      vertex -3 80.5856 9.18293
    endloop
  endfacet
  facet normal -0 0.118708 0.992929
    outer loop
      vertex -3 80.5856 9.18293
      vertex -2.4 80.5319 9.18935
      vertex -2.4 80.5856 9.18293
    endloop
  endfacet
  facet normal 0 0.118708 0.992929
    outer loop
      vertex -2.4 80.5319 9.18935
      vertex -3 80.5856 9.18293
      vertex -3 80.5319 9.18935
    endloop
  endfacet
  facet normal -0 0.171963 0.985103
    outer loop
      vertex -3 80.5319 9.18935
      vertex -2.4 80.4804 9.19834
      vertex -2.4 80.5319 9.18935
    endloop
  endfacet
  facet normal 0 0.171963 0.985103
    outer loop
      vertex -2.4 80.4804 9.19834
      vertex -3 80.5319 9.18935
      vertex -3 80.4804 9.19834
    endloop
  endfacet
  facet normal -0 0.228731 0.97349
    outer loop
      vertex -3 80.4804 9.19834
      vertex -2.4 80.4312 9.2099
      vertex -2.4 80.4804 9.19834
    endloop
  endfacet
  facet normal 0 0.228731 0.97349
    outer loop
      vertex -2.4 80.4312 9.2099
      vertex -3 80.4804 9.19834
      vertex -3 80.4312 9.2099
    endloop
  endfacet
  facet normal -0 0.288282 0.957545
    outer loop
      vertex -3 80.4312 9.2099
      vertex -2.4 80.3842 9.22405
      vertex -2.4 80.4312 9.2099
    endloop
  endfacet
  facet normal 0 0.288282 0.957545
    outer loop
      vertex -2.4 80.3842 9.22405
      vertex -3 80.4312 9.2099
      vertex -3 80.3842 9.22405
    endloop
  endfacet
  facet normal -0 0.344009 0.938966
    outer loop
      vertex -3 80.3842 9.22405
      vertex -2.4 80.3393 9.2405
      vertex -2.4 80.3842 9.22405
    endloop
  endfacet
  facet normal 0 0.344009 0.938966
    outer loop
      vertex -2.4 80.3393 9.2405
      vertex -3 80.3842 9.22405
      vertex -3 80.3393 9.2405
    endloop
  endfacet
  facet normal -0 0.394847 0.918747
    outer loop
      vertex -3 80.3393 9.2405
      vertex -2.4 80.2963 9.25898
      vertex -2.4 80.3393 9.2405
    endloop
  endfacet
  facet normal 0 0.394847 0.918747
    outer loop
      vertex -2.4 80.2963 9.25898
      vertex -3 80.3393 9.2405
      vertex -3 80.2963 9.25898
    endloop
  endfacet
  facet normal -0 0.448612 0.893727
    outer loop
      vertex -3 80.2963 9.25898
      vertex -2.4 80.2554 9.27951
      vertex -2.4 80.2963 9.25898
    endloop
  endfacet
  facet normal 0 0.448612 0.893727
    outer loop
      vertex -2.4 80.2554 9.27951
      vertex -3 80.2963 9.25898
      vertex -3 80.2554 9.27951
    endloop
  endfacet
  facet normal -0 0.50122 0.86532
    outer loop
      vertex -3 80.2554 9.27951
      vertex -2.4 80.2164 9.3021
      vertex -2.4 80.2554 9.27951
    endloop
  endfacet
  facet normal 0 0.50122 0.86532
    outer loop
      vertex -2.4 80.2164 9.3021
      vertex -3 80.2554 9.27951
      vertex -3 80.2164 9.3021
    endloop
  endfacet
  facet normal -0 0.553817 0.832638
    outer loop
      vertex -3 80.2164 9.3021
      vertex -2.4 80.1794 9.32671
      vertex -2.4 80.2164 9.3021
    endloop
  endfacet
  facet normal 0 0.553817 0.832638
    outer loop
      vertex -2.4 80.1794 9.32671
      vertex -3 80.2164 9.3021
      vertex -3 80.1794 9.32671
    endloop
  endfacet
  facet normal -0 0.605947 0.795505
    outer loop
      vertex -3 80.1794 9.32671
      vertex -2.4 80.1444 9.35337
      vertex -2.4 80.1794 9.32671
    endloop
  endfacet
  facet normal 0 0.605947 0.795505
    outer loop
      vertex -2.4 80.1444 9.35337
      vertex -3 80.1794 9.32671
      vertex -3 80.1444 9.35337
    endloop
  endfacet
  facet normal -0 0.653715 0.756741
    outer loop
      vertex -3 80.1444 9.35337
      vertex -2.4 80.1112 9.38205
      vertex -2.4 80.1444 9.35337
    endloop
  endfacet
  facet normal 0 0.653715 0.756741
    outer loop
      vertex -2.4 80.1112 9.38205
      vertex -3 80.1444 9.35337
      vertex -3 80.1112 9.38205
    endloop
  endfacet
  facet normal -0 0.697604 0.716483
    outer loop
      vertex -3 80.1112 9.38205
      vertex -2.4 80.0797 9.41272
      vertex -2.4 80.1112 9.38205
    endloop
  endfacet
  facet normal 0 0.697604 0.716483
    outer loop
      vertex -2.4 80.0797 9.41272
      vertex -3 80.1112 9.38205
      vertex -3 80.0797 9.41272
    endloop
  endfacet
  facet normal 0 0.737276 0.675592
    outer loop
      vertex -2.4 80.0797 9.41272
      vertex -3 80.0498 9.44535
      vertex -2.4 80.0498 9.44535
    endloop
  endfacet
  facet normal 0 0.737276 0.675592
    outer loop
      vertex -3 80.0498 9.44535
      vertex -2.4 80.0797 9.41272
      vertex -3 80.0797 9.41272
    endloop
  endfacet
  facet normal 0 0.774236 0.632897
    outer loop
      vertex -2.4 80.0498 9.44535
      vertex -3 80.0215 9.47997
      vertex -2.4 80.0215 9.47997
    endloop
  endfacet
  facet normal 0 0.774236 0.632897
    outer loop
      vertex -3 80.0215 9.47997
      vertex -2.4 80.0498 9.44535
      vertex -3 80.0498 9.44535
    endloop
  endfacet
  facet normal 0 0.808698 0.588224
    outer loop
      vertex -2.4 80.0215 9.47997
      vertex -3 79.9949 9.51654
      vertex -2.4 79.9949 9.51654
    endloop
  endfacet
  facet normal 0 0.808698 0.588224
    outer loop
      vertex -3 79.9949 9.51654
      vertex -2.4 80.0215 9.47997
      vertex -3 80.0215 9.47997
    endloop
  endfacet
  facet normal 0 0.840201 0.542276
    outer loop
      vertex -2.4 79.9949 9.51654
      vertex -3 79.97 9.55512
      vertex -2.4 79.97 9.55512
    endloop
  endfacet
  facet normal 0 0.840201 0.542276
    outer loop
      vertex -3 79.97 9.55512
      vertex -2.4 79.9949 9.51654
      vertex -3 79.9949 9.51654
    endloop
  endfacet
  facet normal 0 0.863142 0.504962
    outer loop
      vertex -2.4 79.97 9.55512
      vertex -3 79.9464 9.59546
      vertex -2.4 79.9464 9.59546
    endloop
  endfacet
  facet normal 0 0.863142 0.504962
    outer loop
      vertex -3 79.9464 9.59546
      vertex -2.4 79.97 9.55512
      vertex -3 79.97 9.55512
    endloop
  endfacet
  facet normal 0 0.880276 0.474463
    outer loop
      vertex -2.4 79.9464 9.59546
      vertex -3 79.9238 9.63739
      vertex -2.4 79.9238 9.63739
    endloop
  endfacet
  facet normal 0 0.880276 0.474463
    outer loop
      vertex -3 79.9238 9.63739
      vertex -2.4 79.9464 9.59546
      vertex -3 79.9464 9.59546
    endloop
  endfacet
  facet normal 0 0.896559 0.442923
    outer loop
      vertex -2.4 79.9238 9.63739
      vertex -3 79.9023 9.68091
      vertex -2.4 79.9023 9.68091
    endloop
  endfacet
  facet normal 0 0.896559 0.442923
    outer loop
      vertex -3 79.9023 9.68091
      vertex -2.4 79.9238 9.63739
      vertex -3 79.9238 9.63739
    endloop
  endfacet
  facet normal 0 0.911092 0.412204
    outer loop
      vertex -2.4 79.9023 9.68091
      vertex -3 79.8819 9.726
      vertex -2.4 79.8819 9.726
    endloop
  endfacet
  facet normal 0 0.911092 0.412204
    outer loop
      vertex -3 79.8819 9.726
      vertex -2.4 79.9023 9.68091
      vertex -3 79.9023 9.68091
    endloop
  endfacet
  facet normal 0 0.923428 0.383772
    outer loop
      vertex -2.4 79.8819 9.726
      vertex -3 79.8625 9.77268
      vertex -2.4 79.8625 9.77268
    endloop
  endfacet
  facet normal 0 0.923428 0.383772
    outer loop
      vertex -3 79.8625 9.77268
      vertex -2.4 79.8819 9.726
      vertex -3 79.8819 9.726
    endloop
  endfacet
  facet normal 0 0.935033 0.354561
    outer loop
      vertex -2.4 79.8625 9.77268
      vertex -3 79.8442 9.82094
      vertex -2.4 79.8442 9.82094
    endloop
  endfacet
  facet normal 0 0.935033 0.354561
    outer loop
      vertex -3 79.8442 9.82094
      vertex -2.4 79.8625 9.77268
      vertex -3 79.8625 9.77268
    endloop
  endfacet
  facet normal 0 0.946942 0.321403
    outer loop
      vertex -2.4 79.8442 9.82094
      vertex -3 79.8254 9.87633
      vertex -2.4 79.8254 9.87633
    endloop
  endfacet
  facet normal 0 0.946942 0.321403
    outer loop
      vertex -3 79.8254 9.87633
      vertex -2.4 79.8442 9.82094
      vertex -3 79.8442 9.82094
    endloop
  endfacet
  facet normal 0 0.957095 0.289773
    outer loop
      vertex -2.4 79.8254 9.87633
      vertex -3 79.8048 9.94437
      vertex -2.4 79.8048 9.94437
    endloop
  endfacet
  facet normal 0 0.957095 0.289773
    outer loop
      vertex -3 79.8048 9.94437
      vertex -2.4 79.8254 9.87633
      vertex -3 79.8254 9.87633
    endloop
  endfacet
  facet normal 0 0.962978 0.269581
    outer loop
      vertex -2.4 79.8048 9.94437
      vertex -3 79.7822 10.0251
      vertex -2.4 79.7822 10.0251
    endloop
  endfacet
  facet normal 0 0.962978 0.269581
    outer loop
      vertex -3 79.7822 10.0251
      vertex -2.4 79.8048 9.94437
      vertex -3 79.8048 9.94437
    endloop
  endfacet
  facet normal 0 0.967209 0.253983
    outer loop
      vertex -2.4 79.7822 10.0251
      vertex -3 79.7577 10.1184
      vertex -2.4 79.7577 10.1184
    endloop
  endfacet
  facet normal 0 0.967209 0.253983
    outer loop
      vertex -3 79.7577 10.1184
      vertex -2.4 79.7822 10.0251
      vertex -3 79.7822 10.0251
    endloop
  endfacet
  facet normal 0 0.970358 0.241674
    outer loop
      vertex -2.4 79.7577 10.1184
      vertex -3 79.7313 10.2244
      vertex -2.4 79.7313 10.2244
    endloop
  endfacet
  facet normal 0 0.970358 0.241674
    outer loop
      vertex -3 79.7313 10.2244
      vertex -2.4 79.7577 10.1184
      vertex -3 79.7577 10.1184
    endloop
  endfacet
  facet normal 0 0.972736 0.231916
    outer loop
      vertex -2.4 79.7313 10.2244
      vertex -3 79.703 10.3431
      vertex -2.4 79.703 10.3431
    endloop
  endfacet
  facet normal 0 0.972736 0.231916
    outer loop
      vertex -3 79.703 10.3431
      vertex -2.4 79.7313 10.2244
      vertex -3 79.7313 10.2244
    endloop
  endfacet
  facet normal 0 0.978897 0.204354
    outer loop
      vertex -2.4 79.703 10.3431
      vertex -3 79.6744 10.4801
      vertex -2.4 79.6744 10.4801
    endloop
  endfacet
  facet normal 0 0.978897 0.204354
    outer loop
      vertex -3 79.6744 10.4801
      vertex -2.4 79.703 10.3431
      vertex -3 79.703 10.3431
    endloop
  endfacet
  facet normal 0 0.97594 0.218038
    outer loop
      vertex -2.4 79.6744 10.4801
      vertex -3 79.6473 10.6014
      vertex -2.4 79.6473 10.6014
    endloop
  endfacet
  facet normal 0 0.97594 0.218038
    outer loop
      vertex -3 79.6473 10.6014
      vertex -2.4 79.6744 10.4801
      vertex -3 79.6744 10.4801
    endloop
  endfacet
  facet normal 0 0.971901 0.235389
    outer loop
      vertex -2.4 79.6473 10.6014
      vertex -3 79.6217 10.7071
      vertex -2.4 79.6217 10.7071
    endloop
  endfacet
  facet normal 0 0.971901 0.235389
    outer loop
      vertex -3 79.6217 10.7071
      vertex -2.4 79.6473 10.6014
      vertex -3 79.6473 10.6014
    endloop
  endfacet
  facet normal 0 0.965771 0.259397
    outer loop
      vertex -2.4 79.6217 10.7071
      vertex -3 79.5975 10.7972
      vertex -2.4 79.5975 10.7972
    endloop
  endfacet
  facet normal 0 0.965771 0.259397
    outer loop
      vertex -3 79.5975 10.7972
      vertex -2.4 79.6217 10.7071
      vertex -3 79.6217 10.7071
    endloop
  endfacet
  facet normal 0 0.956222 0.292642
    outer loop
      vertex -2.4 79.5975 10.7972
      vertex -3 79.5747 10.8717
      vertex -2.4 79.5747 10.8717
    endloop
  endfacet
  facet normal 0 0.956222 0.292642
    outer loop
      vertex -3 79.5747 10.8717
      vertex -2.4 79.5975 10.7972
      vertex -3 79.5975 10.7972
    endloop
  endfacet
  facet normal 0 0.940724 0.339173
    outer loop
      vertex -2.4 79.5747 10.8717
      vertex -3 79.5535 10.9305
      vertex -2.4 79.5535 10.9305
    endloop
  endfacet
  facet normal 0 0.940724 0.339173
    outer loop
      vertex -3 79.5535 10.9305
      vertex -2.4 79.5747 10.8717
      vertex -3 79.5747 10.8717
    endloop
  endfacet
  facet normal 0 0.916029 0.401112
    outer loop
      vertex -2.4 79.5535 10.9305
      vertex -3 79.532 10.9796
      vertex -2.4 79.532 10.9796
    endloop
  endfacet
  facet normal 0 0.916029 0.401112
    outer loop
      vertex -3 79.532 10.9796
      vertex -2.4 79.5535 10.9305
      vertex -3 79.5535 10.9305
    endloop
  endfacet
  facet normal 0 0.890859 0.454279
    outer loop
      vertex -2.4 79.532 10.9796
      vertex -3 79.5089 11.0249
      vertex -2.4 79.5089 11.0249
    endloop
  endfacet
  facet normal 0 0.890859 0.454279
    outer loop
      vertex -3 79.5089 11.0249
      vertex -2.4 79.532 10.9796
      vertex -3 79.532 10.9796
    endloop
  endfacet
  facet normal 0 0.857493 0.514496
    outer loop
      vertex -2.4 79.5089 11.0249
      vertex -3 79.484 11.0664
      vertex -2.4 79.484 11.0664
    endloop
  endfacet
  facet normal 0 0.857493 0.514496
    outer loop
      vertex -3 79.484 11.0664
      vertex -2.4 79.5089 11.0249
      vertex -3 79.5089 11.0249
    endloop
  endfacet
  facet normal 0 0.818109 0.575063
    outer loop
      vertex -2.4 79.484 11.0664
      vertex -3 79.4575 11.1041
      vertex -2.4 79.4575 11.1041
    endloop
  endfacet
  facet normal 0 0.818109 0.575063
    outer loop
      vertex -3 79.4575 11.1041
      vertex -2.4 79.484 11.0664
      vertex -3 79.484 11.0664
    endloop
  endfacet
  facet normal 0 0.766732 0.641968
    outer loop
      vertex -2.4 79.4575 11.1041
      vertex -3 79.4292 11.1379
      vertex -2.4 79.4292 11.1379
    endloop
  endfacet
  facet normal 0 0.766732 0.641968
    outer loop
      vertex -3 79.4292 11.1379
      vertex -2.4 79.4575 11.1041
      vertex -3 79.4575 11.1041
    endloop
  endfacet
  facet normal 0 0.707107 0.707107
    outer loop
      vertex -2.4 79.4292 11.1379
      vertex -3 79.3992 11.1679
      vertex -2.4 79.3992 11.1679
    endloop
  endfacet
  facet normal 0 0.707107 0.707107
    outer loop
      vertex -3 79.3992 11.1679
      vertex -2.4 79.4292 11.1379
      vertex -3 79.4292 11.1379
    endloop
  endfacet
  facet normal -0 0.622625 0.782521
    outer loop
      vertex -3 79.3992 11.1679
      vertex -2.4 79.3669 11.1936
      vertex -2.4 79.3992 11.1679
    endloop
  endfacet
  facet normal 0 0.622625 0.782521
    outer loop
      vertex -2.4 79.3669 11.1936
      vertex -3 79.3992 11.1679
      vertex -3 79.3669 11.1936
    endloop
  endfacet
  facet normal -0 0.516294 0.856412
    outer loop
      vertex -3 79.3669 11.1936
      vertex -2.4 79.3319 11.2147
      vertex -2.4 79.3669 11.1936
    endloop
  endfacet
  facet normal 0 0.516294 0.856412
    outer loop
      vertex -2.4 79.3319 11.2147
      vertex -3 79.3669 11.1936
      vertex -3 79.3319 11.2147
    endloop
  endfacet
  facet normal -0 0.398904 0.916993
    outer loop
      vertex -3 79.3319 11.2147
      vertex -2.4 79.2942 11.2311
      vertex -2.4 79.3319 11.2147
    endloop
  endfacet
  facet normal 0 0.398904 0.916993
    outer loop
      vertex -2.4 79.2942 11.2311
      vertex -3 79.3319 11.2147
      vertex -3 79.2942 11.2311
    endloop
  endfacet
  facet normal -0 0.276909 0.960896
    outer loop
      vertex -3 79.2942 11.2311
      vertex -2.4 79.2536 11.2428
      vertex -2.4 79.2942 11.2311
    endloop
  endfacet
  facet normal 0 0.276909 0.960896
    outer loop
      vertex -2.4 79.2536 11.2428
      vertex -3 79.2942 11.2311
      vertex -3 79.2536 11.2428
    endloop
  endfacet
  facet normal -0 0.159591 0.987183
    outer loop
      vertex -3 79.2536 11.2428
      vertex -2.4 79.2103 11.2498
      vertex -2.4 79.2536 11.2428
    endloop
  endfacet
  facet normal 0 0.159591 0.987183
    outer loop
      vertex -2.4 79.2103 11.2498
      vertex -3 79.2536 11.2428
      vertex -3 79.2103 11.2498
    endloop
  endfacet
  facet normal -0 0.0498296 0.998758
    outer loop
      vertex -3 79.2103 11.2498
      vertex -2.4 79.1642 11.2521
      vertex -2.4 79.2103 11.2498
    endloop
  endfacet
  facet normal 0 0.0498296 0.998758
    outer loop
      vertex -2.4 79.1642 11.2521
      vertex -3 79.2103 11.2498
      vertex -3 79.1642 11.2521
    endloop
  endfacet
  facet normal 0 -0.147311 0.98909
    outer loop
      vertex -3 79.1642 11.2521
      vertex -2.4 79.0279 11.2318
      vertex -2.4 79.1642 11.2521
    endloop
  endfacet
  facet normal 0 -0.147311 0.98909
    outer loop
      vertex -2.4 79.0279 11.2318
      vertex -3 79.1642 11.2521
      vertex -3 79.0279 11.2318
    endloop
  endfacet
  facet normal 0 -0.480228 0.877144
    outer loop
      vertex -3 79.0279 11.2318
      vertex -2.4 78.9163 11.1707
      vertex -2.4 79.0279 11.2318
    endloop
  endfacet
  facet normal 0 -0.480228 0.877144
    outer loop
      vertex -2.4 78.9163 11.1707
      vertex -3 79.0279 11.2318
      vertex -3 78.9163 11.1707
    endloop
  endfacet
  facet normal 0 -0.761257 0.64845
    outer loop
      vertex -3 78.8295 11.0688
      vertex -2.4 78.9163 11.1707
      vertex -3 78.9163 11.1707
    endloop
  endfacet
  facet normal 0 -0.761257 0.64845
    outer loop
      vertex -2.4 78.9163 11.1707
      vertex -3 78.8295 11.0688
      vertex -2.4 78.8295 11.0688
    endloop
  endfacet
  facet normal 0 -0.917305 0.398185
    outer loop
      vertex -3 78.7676 10.9262
      vertex -2.4 78.8295 11.0688
      vertex -3 78.8295 11.0688
    endloop
  endfacet
  facet normal 0 -0.917305 0.398185
    outer loop
      vertex -2.4 78.8295 11.0688
      vertex -3 78.7676 10.9262
      vertex -2.4 78.7676 10.9262
    endloop
  endfacet
  facet normal 0 -0.980043 0.198787
    outer loop
      vertex -3 78.7304 10.7428
      vertex -2.4 78.7676 10.9262
      vertex -3 78.7676 10.9262
    endloop
  endfacet
  facet normal 0 -0.980043 0.198787
    outer loop
      vertex -2.4 78.7676 10.9262
      vertex -3 78.7304 10.7428
      vertex -2.4 78.7304 10.7428
    endloop
  endfacet
  facet normal 0 -0.998471 0.0552725
    outer loop
      vertex -3 78.718 10.5188
      vertex -2.4 78.7304 10.7428
      vertex -3 78.7304 10.7428
    endloop
  endfacet
  facet normal 0 -0.998471 0.0552725
    outer loop
      vertex -2.4 78.7304 10.7428
      vertex -3 78.718 10.5188
      vertex -2.4 78.718 10.5188
    endloop
  endfacet
  facet normal 0 -0.999578 -0.029037
    outer loop
      vertex -3 78.7213 10.4052
      vertex -2.4 78.718 10.5188
      vertex -3 78.718 10.5188
    endloop
  endfacet
  facet normal 0 -0.999578 -0.029037
    outer loop
      vertex -2.4 78.718 10.5188
      vertex -3 78.7213 10.4052
      vertex -2.4 78.7213 10.4052
    endloop
  endfacet
  facet normal 0 -0.995504 -0.0947197
    outer loop
      vertex -3 78.7313 10.3001
      vertex -2.4 78.7213 10.4052
      vertex -3 78.7213 10.4052
    endloop
  endfacet
  facet normal 0 -0.995504 -0.0947197
    outer loop
      vertex -2.4 78.7213 10.4052
      vertex -3 78.7313 10.3001
      vertex -2.4 78.7313 10.3001
    endloop
  endfacet
  facet normal 0 -0.985324 -0.170694
    outer loop
      vertex -3 78.748 10.2037
      vertex -2.4 78.7313 10.3001
      vertex -3 78.7313 10.3001
    endloop
  endfacet
  facet normal 0 -0.985324 -0.170694
    outer loop
      vertex -2.4 78.7313 10.3001
      vertex -3 78.748 10.2037
      vertex -2.4 78.748 10.2037
    endloop
  endfacet
  facet normal 0 -0.966617 -0.256225
    outer loop
      vertex -3 78.7713 10.1158
      vertex -2.4 78.748 10.2037
      vertex -3 78.748 10.2037
    endloop
  endfacet
  facet normal 0 -0.966617 -0.256225
    outer loop
      vertex -2.4 78.748 10.2037
      vertex -3 78.7713 10.1158
      vertex -2.4 78.7713 10.1158
    endloop
  endfacet
  facet normal 0 -0.935697 -0.352804
    outer loop
      vertex -3 78.8012 10.0365
      vertex -2.4 78.7713 10.1158
      vertex -3 78.7713 10.1158
    endloop
  endfacet
  facet normal 0 -0.935697 -0.352804
    outer loop
      vertex -2.4 78.7713 10.1158
      vertex -3 78.8012 10.0365
      vertex -2.4 78.8012 10.0365
    endloop
  endfacet
  facet normal 0 -0.888244 -0.459372
    outer loop
      vertex -3 78.8378 9.96573
      vertex -2.4 78.8012 10.0365
      vertex -3 78.8012 10.0365
    endloop
  endfacet
  facet normal 0 -0.888244 -0.459372
    outer loop
      vertex -2.4 78.8012 10.0365
      vertex -3 78.8378 9.96573
      vertex -2.4 78.8378 9.96573
    endloop
  endfacet
  facet normal 0 -0.81846 -0.574564
    outer loop
      vertex -3 78.8819 9.90291
      vertex -2.4 78.8378 9.96573
      vertex -3 78.8378 9.96573
    endloop
  endfacet
  facet normal 0 -0.81846 -0.574564
    outer loop
      vertex -2.4 78.8378 9.96573
      vertex -3 78.8819 9.90291
      vertex -2.4 78.8819 9.90291
    endloop
  endfacet
  facet normal 0 -0.72964 -0.683832
    outer loop
      vertex -3 78.934 9.84732
      vertex -2.4 78.8819 9.90291
      vertex -3 78.8819 9.90291
    endloop
  endfacet
  facet normal 0 -0.72964 -0.683832
    outer loop
      vertex -2.4 78.8819 9.90291
      vertex -3 78.934 9.84732
      vertex -2.4 78.934 9.84732
    endloop
  endfacet
  facet normal 0 -0.6258 -0.779983
    outer loop
      vertex -3 78.934 9.84732
      vertex -2.4 78.9942 9.79902
      vertex -2.4 78.934 9.84732
    endloop
  endfacet
  facet normal -0 -0.6258 -0.779983
    outer loop
      vertex -2.4 78.9942 9.79902
      vertex -3 78.934 9.84732
      vertex -3 78.9942 9.79902
    endloop
  endfacet
  facet normal 0 -0.515418 -0.856939
    outer loop
      vertex -3 78.9942 9.79902
      vertex -2.4 79.0625 9.75794
      vertex -2.4 78.9942 9.79902
    endloop
  endfacet
  facet normal -0 -0.515418 -0.856939
    outer loop
      vertex -2.4 79.0625 9.75794
      vertex -3 78.9942 9.79902
      vertex -3 79.0625 9.75794
    endloop
  endfacet
  facet normal 0 -0.404341 -0.914608
    outer loop
      vertex -3 79.0625 9.75794
      vertex -2.4 79.139 9.72412
      vertex -2.4 79.0625 9.75794
    endloop
  endfacet
  facet normal -0 -0.404341 -0.914608
    outer loop
      vertex -2.4 79.139 9.72412
      vertex -3 79.0625 9.75794
      vertex -3 79.139 9.72412
    endloop
  endfacet
  facet normal 0 -0.299856 -0.953984
    outer loop
      vertex -3 79.139 9.72412
      vertex -2.4 79.2235 9.69756
      vertex -2.4 79.139 9.72412
    endloop
  endfacet
  facet normal -0 -0.299856 -0.953984
    outer loop
      vertex -2.4 79.2235 9.69756
      vertex -3 79.139 9.72412
      vertex -3 79.2235 9.69756
    endloop
  endfacet
  facet normal 0 -0.986686 0.162639
    outer loop
      vertex -3 79.112 9.02112
      vertex -2.4 79.2235 9.69756
      vertex -3 79.2235 9.69756
    endloop
  endfacet
  facet normal 0 -0.986686 0.162639
    outer loop
      vertex -2.4 79.2235 9.69756
      vertex -3 79.112 9.02112
      vertex -2.4 79.112 9.02112
    endloop
  endfacet
  facet normal -0 0.273707 0.961813
    outer loop
      vertex -3 79.112 9.02112
      vertex -2.4 78.9642 9.06318
      vertex -2.4 79.112 9.02112
    endloop
  endfacet
  facet normal 0 0.273707 0.961813
    outer loop
      vertex -2.4 78.9642 9.06318
      vertex -3 79.112 9.02112
      vertex -3 78.9642 9.06318
    endloop
  endfacet
  facet normal -0 0.387454 0.921889
    outer loop
      vertex -3 78.9642 9.06318
      vertex -2.4 78.8296 9.11975
      vertex -2.4 78.9642 9.06318
    endloop
  endfacet
  facet normal 0 0.387454 0.921889
    outer loop
      vertex -2.4 78.8296 9.11975
      vertex -3 78.9642 9.06318
      vertex -3 78.8296 9.11975
    endloop
  endfacet
  facet normal -0 0.504339 0.863506
    outer loop
      vertex -3 78.8296 9.11975
      vertex -2.4 78.7079 9.19083
      vertex -2.4 78.8296 9.11975
    endloop
  endfacet
  facet normal 0 0.504339 0.863506
    outer loop
      vertex -2.4 78.7079 9.19083
      vertex -3 78.8296 9.11975
      vertex -3 78.7079 9.19083
    endloop
  endfacet
  facet normal -0 0.618901 0.785469
    outer loop
      vertex -3 78.7079 9.19083
      vertex -2.4 78.5993 9.2764
      vertex -2.4 78.7079 9.19083
    endloop
  endfacet
  facet normal 0 0.618901 0.785469
    outer loop
      vertex -2.4 78.5993 9.2764
      vertex -3 78.7079 9.19083
      vertex -3 78.5993 9.2764
    endloop
  endfacet
  facet normal 0 0.723467 0.690359
    outer loop
      vertex -2.4 78.5993 9.2764
      vertex -3 78.5038 9.37648
      vertex -2.4 78.5038 9.37648
    endloop
  endfacet
  facet normal 0 0.723467 0.690359
    outer loop
      vertex -3 78.5038 9.37648
      vertex -2.4 78.5993 9.2764
      vertex -3 78.5993 9.2764
    endloop
  endfacet
  facet normal 0 0.811526 0.584316
    outer loop
      vertex -2.4 78.5038 9.37648
      vertex -3 78.4213 9.49106
      vertex -2.4 78.4213 9.49106
    endloop
  endfacet
  facet normal 0 0.811526 0.584316
    outer loop
      vertex -3 78.4213 9.49106
      vertex -2.4 78.5038 9.37648
      vertex -3 78.5038 9.37648
    endloop
  endfacet
  facet normal 0 0.880918 0.473268
    outer loop
      vertex -2.4 78.4213 9.49106
      vertex -3 78.3517 9.62061
      vertex -2.4 78.3517 9.62061
    endloop
  endfacet
  facet normal 0 0.880918 0.473268
    outer loop
      vertex -3 78.3517 9.62061
      vertex -2.4 78.4213 9.49106
      vertex -3 78.4213 9.49106
    endloop
  endfacet
  facet normal 0 0.930866 0.36536
    outer loop
      vertex -2.4 78.3517 9.62061
      vertex -3 78.2948 9.76558
      vertex -2.4 78.2948 9.76558
    endloop
  endfacet
  facet normal 0 0.930866 0.36536
    outer loop
      vertex -3 78.2948 9.76558
      vertex -2.4 78.3517 9.62061
      vertex -3 78.3517 9.62061
    endloop
  endfacet
  facet normal 0 0.963759 0.266776
    outer loop
      vertex -2.4 78.2948 9.76558
      vertex -3 78.2504 9.92598
      vertex -2.4 78.2504 9.92598
    endloop
  endfacet
  facet normal 0 0.963759 0.266776
    outer loop
      vertex -3 78.2504 9.92598
      vertex -2.4 78.2948 9.76558
      vertex -3 78.2948 9.76558
    endloop
  endfacet
  facet normal 0 0.98423 0.176895
    outer loop
      vertex -2.4 78.2504 9.92598
      vertex -3 78.2188 10.1018
      vertex -2.4 78.2188 10.1018
    endloop
  endfacet
  facet normal 0 0.98423 0.176895
    outer loop
      vertex -3 78.2188 10.1018
      vertex -2.4 78.2504 9.92598
      vertex -3 78.2504 9.92598
    endloop
  endfacet
  facet normal 0 0.995104 0.0988342
    outer loop
      vertex -2.4 78.2188 10.1018
      vertex -3 78.1998 10.2931
      vertex -2.4 78.1998 10.2931
    endloop
  endfacet
  facet normal 0 0.995104 0.0988342
    outer loop
      vertex -3 78.1998 10.2931
      vertex -2.4 78.2188 10.1018
      vertex -3 78.2188 10.1018
    endloop
  endfacet
  facet normal 0 0.999535 0.0304795
    outer loop
      vertex -2.4 78.1998 10.2931
      vertex -3 78.1935 10.4997
      vertex -2.4 78.1935 10.4997
    endloop
  endfacet
  facet normal 0 0.999535 0.0304795
    outer loop
      vertex -3 78.1935 10.4997
      vertex -2.4 78.1998 10.2931
      vertex -3 78.1998 10.2931
    endloop
  endfacet
  facet normal 0 0.999491 -0.0318987
    outer loop
      vertex -2.4 78.1935 10.4997
      vertex -3 78.2007 10.7253
      vertex -2.4 78.2007 10.7253
    endloop
  endfacet
  facet normal 0 0.999491 -0.0318987
    outer loop
      vertex -3 78.2007 10.7253
      vertex -2.4 78.1935 10.4997
      vertex -3 78.1935 10.4997
    endloop
  endfacet
  facet normal 0 1 -0
    outer loop
      vertex -2.4 79.5107 6.47815
      vertex -3 79.5107 7.29935
      vertex -2.4 79.5107 7.29935
    endloop
  endfacet
  facet normal 0 1 0
    outer loop
      vertex -3 79.5107 7.29935
      vertex -2.4 79.5107 6.47815
      vertex -3 79.5107 6.47815
    endloop
  endfacet
  facet normal -0 0.521544 0.853224
    outer loop
      vertex -3 79.5107 7.29935
      vertex -2.4 78.241 8.07547
      vertex -2.4 79.5107 7.29935
    endloop
  endfacet
  facet normal 0 0.521544 0.853224
    outer loop
      vertex -2.4 78.241 8.07547
      vertex -3 79.5107 7.29935
      vertex -3 78.241 8.07547
    endloop
  endfacet
  facet normal 0 1 -0
    outer loop
      vertex -2.4 78.241 8.07547
      vertex -3 78.241 8.86347
      vertex -2.4 78.241 8.86347
    endloop
  endfacet
  facet normal 0 1 0
    outer loop
      vertex -3 78.241 8.86347
      vertex -2.4 78.241 8.07547
      vertex -3 78.241 8.07547
    endloop
  endfacet
  facet normal 0 -0.541217 -0.840883
    outer loop
      vertex -3 78.241 8.86347
      vertex -2.4 79.646 7.95917
      vertex -2.4 78.241 8.86347
    endloop
  endfacet
  facet normal -0 -0.541217 -0.840883
    outer loop
      vertex -2.4 79.646 7.95917
      vertex -3 78.241 8.86347
      vertex -3 79.646 7.95917
    endloop
  endfacet
  facet normal 0 0.960152 -0.279477
    outer loop
      vertex -2.4 79.646 7.95917
      vertex -3 79.6778 8.06842
      vertex -2.4 79.6778 8.06842
    endloop
  endfacet
  facet normal 0 0.960152 -0.279477
    outer loop
      vertex -3 79.6778 8.06842
      vertex -2.4 79.646 7.95917
      vertex -3 79.646 7.95917
    endloop
  endfacet
  facet normal 0 0.925887 -0.377801
    outer loop
      vertex -2.4 79.6778 8.06842
      vertex -3 79.7192 8.16988
      vertex -2.4 79.7192 8.16988
    endloop
  endfacet
  facet normal 0 0.925887 -0.377801
    outer loop
      vertex -3 79.7192 8.16988
      vertex -2.4 79.6778 8.06842
      vertex -3 79.6778 8.06842
    endloop
  endfacet
  facet normal 0 0.87791 -0.478826
    outer loop
      vertex -2.4 79.7192 8.16988
      vertex -3 79.7703 8.26357
      vertex -2.4 79.7703 8.26357
    endloop
  endfacet
  facet normal 0 0.87791 -0.478826
    outer loop
      vertex -3 79.7703 8.26357
      vertex -2.4 79.7192 8.16988
      vertex -3 79.7192 8.16988
    endloop
  endfacet
  facet normal 0 0.816198 -0.577772
    outer loop
      vertex -2.4 79.7703 8.26357
      vertex -3 79.8311 8.34946
      vertex -2.4 79.8311 8.34946
    endloop
  endfacet
  facet normal 0 0.816198 -0.577772
    outer loop
      vertex -3 79.8311 8.34946
      vertex -2.4 79.7703 8.26357
      vertex -3 79.7703 8.26357
    endloop
  endfacet
  facet normal 0 0.742429 -0.669925
    outer loop
      vertex -2.4 79.8311 8.34946
      vertex -3 79.9016 8.42759
      vertex -2.4 79.9016 8.42759
    endloop
  endfacet
  facet normal 0 0.742429 -0.669925
    outer loop
      vertex -3 79.9016 8.42759
      vertex -2.4 79.8311 8.34946
      vertex -3 79.8311 8.34946
    endloop
  endfacet
  facet normal 0 0.65938 -0.75181
    outer loop
      vertex -3 79.9016 8.42759
      vertex -2.4 79.9818 8.49793
      vertex -2.4 79.9016 8.42759
    endloop
  endfacet
  facet normal 0 0.65938 -0.75181
    outer loop
      vertex -2.4 79.9818 8.49793
      vertex -3 79.9016 8.42759
      vertex -3 79.9818 8.49793
    endloop
  endfacet
  facet normal 0 0.570568 -0.821251
    outer loop
      vertex -3 79.9818 8.49793
      vertex -2.4 80.0695 8.55886
      vertex -2.4 79.9818 8.49793
    endloop
  endfacet
  facet normal 0 0.570568 -0.821251
    outer loop
      vertex -2.4 80.0695 8.55886
      vertex -3 79.9818 8.49793
      vertex -3 80.0695 8.55886
    endloop
  endfacet
  facet normal 0 0.472037 -0.881578
    outer loop
      vertex -3 80.0695 8.55886
      vertex -2.4 80.1626 8.60871
      vertex -2.4 80.0695 8.55886
    endloop
  endfacet
  facet normal 0 0.472037 -0.881578
    outer loop
      vertex -2.4 80.1626 8.60871
      vertex -3 80.0695 8.55886
      vertex -3 80.1626 8.60871
    endloop
  endfacet
  facet normal 0 0.366577 -0.930388
    outer loop
      vertex -3 80.1626 8.60871
      vertex -2.4 80.261 8.64748
      vertex -2.4 80.1626 8.60871
    endloop
  endfacet
  facet normal 0 0.366577 -0.930388
    outer loop
      vertex -2.4 80.261 8.64748
      vertex -3 80.1626 8.60871
      vertex -3 80.261 8.64748
    endloop
  endfacet
  facet normal 0 0.25775 -0.966212
    outer loop
      vertex -3 80.261 8.64748
      vertex -2.4 80.3648 8.67517
      vertex -2.4 80.261 8.64748
    endloop
  endfacet
  facet normal 0 0.25775 -0.966212
    outer loop
      vertex -2.4 80.3648 8.67517
      vertex -3 80.261 8.64748
      vertex -3 80.3648 8.67517
    endloop
  endfacet
  facet normal 0 0.150735 -0.988574
    outer loop
      vertex -3 80.3648 8.67517
      vertex -2.4 80.4738 8.69179
      vertex -2.4 80.3648 8.67517
    endloop
  endfacet
  facet normal 0 0.150735 -0.988574
    outer loop
      vertex -2.4 80.4738 8.69179
      vertex -3 80.3648 8.67517
      vertex -3 80.4738 8.69179
    endloop
  endfacet
  facet normal 0 0.0483277 -0.998832
    outer loop
      vertex -3 80.4738 8.69179
      vertex -2.4 80.5883 8.69733
      vertex -2.4 80.4738 8.69179
    endloop
  endfacet
  facet normal 0 0.0483277 -0.998832
    outer loop
      vertex -2.4 80.5883 8.69733
      vertex -3 80.4738 8.69179
      vertex -3 80.5883 8.69733
    endloop
  endfacet
  facet normal 0 -0.0584224 -0.998292
    outer loop
      vertex -3 80.5883 8.69733
      vertex -2.4 80.7426 8.6883
      vertex -2.4 80.5883 8.69733
    endloop
  endfacet
  facet normal -0 -0.0584224 -0.998292
    outer loop
      vertex -2.4 80.7426 8.6883
      vertex -3 80.5883 8.69733
      vertex -3 80.7426 8.6883
    endloop
  endfacet
  facet normal 0 -0.187462 -0.982272
    outer loop
      vertex -3 80.7426 8.6883
      vertex -2.4 80.8846 8.6612
      vertex -2.4 80.7426 8.6883
    endloop
  endfacet
  facet normal -0 -0.187462 -0.982272
    outer loop
      vertex -2.4 80.8846 8.6612
      vertex -3 80.7426 8.6883
      vertex -3 80.8846 8.6612
    endloop
  endfacet
  facet normal 0 -0.32957 -0.944131
    outer loop
      vertex -3 80.8846 8.6612
      vertex -2.4 81.014 8.61603
      vertex -2.4 80.8846 8.6612
    endloop
  endfacet
  facet normal -0 -0.32957 -0.944131
    outer loop
      vertex -2.4 81.014 8.61603
      vertex -3 80.8846 8.6612
      vertex -3 81.014 8.61603
    endloop
  endfacet
  facet normal 0 -0.47544 -0.879748
    outer loop
      vertex -3 81.014 8.61603
      vertex -2.4 81.131 8.5528
      vertex -2.4 81.014 8.61603
    endloop
  endfacet
  facet normal -0 -0.47544 -0.879748
    outer loop
      vertex -2.4 81.131 8.5528
      vertex -3 81.014 8.61603
      vertex -3 81.131 8.5528
    endloop
  endfacet
  facet normal 0 -0.614045 -0.789271
    outer loop
      vertex -3 81.131 8.5528
      vertex -2.4 81.2355 8.4715
      vertex -2.4 81.131 8.5528
    endloop
  endfacet
  facet normal -0 -0.614045 -0.789271
    outer loop
      vertex -2.4 81.2355 8.4715
      vertex -3 81.131 8.5528
      vertex -3 81.2355 8.4715
    endloop
  endfacet
  facet normal 0 -0.733393 -0.679805
    outer loop
      vertex -3 81.3276 8.37214
      vertex -2.4 81.2355 8.4715
      vertex -3 81.2355 8.4715
    endloop
  endfacet
  facet normal 0 -0.733393 -0.679805
    outer loop
      vertex -2.4 81.2355 8.4715
      vertex -3 81.3276 8.37214
      vertex -2.4 81.3276 8.37214
    endloop
  endfacet
  facet normal 0 -0.827456 -0.561531
    outer loop
      vertex -3 81.4063 8.25617
      vertex -2.4 81.3276 8.37214
      vertex -3 81.3276 8.37214
    endloop
  endfacet
  facet normal 0 -0.827456 -0.561531
    outer loop
      vertex -2.4 81.3276 8.37214
      vertex -3 81.4063 8.25617
      vertex -2.4 81.4063 8.25617
    endloop
  endfacet
  facet normal 0 -0.897581 -0.44085
    outer loop
      vertex -3 81.4707 8.12505
      vertex -2.4 81.4063 8.25617
      vertex -3 81.4063 8.25617
    endloop
  endfacet
  facet normal 0 -0.897581 -0.44085
    outer loop
      vertex -2.4 81.4063 8.25617
      vertex -3 81.4707 8.12505
      vertex -2.4 81.4707 8.12505
    endloop
  endfacet
  facet normal 0 -0.946263 -0.323398
    outer loop
      vertex -3 81.5207 7.97875
      vertex -2.4 81.4707 8.12505
      vertex -3 81.4707 8.12505
    endloop
  endfacet
  facet normal 0 -0.946263 -0.323398
    outer loop
      vertex -2.4 81.4707 8.12505
      vertex -3 81.5207 7.97875
      vertex -2.4 81.5207 7.97875
    endloop
  endfacet
  facet normal 0 -0.976287 -0.216482
    outer loop
      vertex -3 81.5565 7.8173
      vertex -2.4 81.5207 7.97875
      vertex -3 81.5207 7.97875
    endloop
  endfacet
  facet normal 0 -0.976287 -0.216482
    outer loop
      vertex -2.4 81.5207 7.97875
      vertex -3 81.5565 7.8173
      vertex -2.4 81.5565 7.8173
    endloop
  endfacet
  facet normal 0 -0.992674 -0.120825
    outer loop
      vertex -3 81.578 7.64066
      vertex -2.4 81.5565 7.8173
      vertex -3 81.5565 7.8173
    endloop
  endfacet
  facet normal 0 -0.992674 -0.120825
    outer loop
      vertex -2.4 81.5565 7.8173
      vertex -3 81.578 7.64066
      vertex -2.4 81.578 7.64066
    endloop
  endfacet
  facet normal 0 -0.999315 -0.0369943
    outer loop
      vertex -3 81.5851 7.44887
      vertex -2.4 81.578 7.64066
      vertex -3 81.578 7.64066
    endloop
  endfacet
  facet normal 0 -0.999315 -0.0369943
    outer loop
      vertex -2.4 81.578 7.64066
      vertex -3 81.5851 7.44887
      vertex -2.4 81.5851 7.44887
    endloop
  endfacet
  facet normal 0 -1 0
    outer loop
      vertex -3 81.5851 5.77797
      vertex -2.4 81.5851 7.44887
      vertex -3 81.5851 7.44887
    endloop
  endfacet
  facet normal 0 -1 -0
    outer loop
      vertex -2.4 81.5851 7.44887
      vertex -3 81.5851 5.77797
      vertex -2.4 81.5851 5.77797
    endloop
  endfacet
  facet normal -0 0 1
    outer loop
      vertex -3 81.5851 5.77797
      vertex -2.4 78.241 5.77797
      vertex -2.4 81.5851 5.77797
    endloop
  endfacet
  facet normal 0 0 1
    outer loop
      vertex -2.4 78.241 5.77797
      vertex -3 81.5851 5.77797
      vertex -3 78.241 5.77797
    endloop
  endfacet
  facet normal 0 1 -0
    outer loop
      vertex -2.4 78.241 5.77797
      vertex -3 78.241 6.47815
      vertex -2.4 78.241 6.47815
    endloop
  endfacet
  facet normal 0 1 0
    outer loop
      vertex -3 78.241 6.47815
      vertex -2.4 78.241 5.77797
      vertex -3 78.241 5.77797
    endloop
  endfacet
  facet normal 0 0 -1
    outer loop
      vertex -3 78.241 6.47815
      vertex -2.4 79.5107 6.47815
      vertex -2.4 78.241 6.47815
    endloop
  endfacet
  facet normal -0 0 -1
    outer loop
      vertex -2.4 79.5107 6.47815
      vertex -3 78.241 6.47815
      vertex -3 79.5107 6.47815
    endloop
  endfacet
  facet normal 0 0 -1
    outer loop
      vertex -3 80.0542 6.47815
      vertex -2.4 81.0416 6.47815
      vertex -2.4 80.0542 6.47815
    endloop
  endfacet
  facet normal -0 0 -1
    outer loop
      vertex -2.4 81.0416 6.47815
      vertex -3 80.0542 6.47815
      vertex -3 81.0416 6.47815
    endloop
  endfacet
  facet normal 0 1 -0
    outer loop
      vertex -2.4 81.0416 6.47815
      vertex -3 81.0416 7.37531
      vertex -2.4 81.0416 7.37531
    endloop
  endfacet
  facet normal 0 1 0
    outer loop
      vertex -3 81.0416 7.37531
      vertex -2.4 81.0416 6.47815
      vertex -3 81.0416 6.47815
    endloop
  endfacet
  facet normal 0 0.997484 0.0708899
    outer loop
      vertex -2.4 81.0416 7.37531
      vertex -3 81.0282 7.56386
      vertex -2.4 81.0282 7.56386
    endloop
  endfacet
  facet normal 0 0.997484 0.0708899
    outer loop
      vertex -3 81.0282 7.56386
      vertex -2.4 81.0416 7.37531
      vertex -3 81.0416 7.37531
    endloop
  endfacet
  facet normal 0 0.967838 0.251574
    outer loop
      vertex -2.4 81.0282 7.56386
      vertex -3 80.9881 7.71813
      vertex -2.4 80.9881 7.71813
    endloop
  endfacet
  facet normal 0 0.967838 0.251574
    outer loop
      vertex -3 80.9881 7.71813
      vertex -2.4 81.0282 7.56386
      vertex -3 81.0282 7.56386
    endloop
  endfacet
  facet normal 0 0.873108 0.487526
    outer loop
      vertex -2.4 80.9881 7.71813
      vertex -3 80.9211 7.83812
      vertex -2.4 80.9211 7.83812
    endloop
  endfacet
  facet normal 0 0.873108 0.487526
    outer loop
      vertex -3 80.9211 7.83812
      vertex -2.4 80.9881 7.71813
      vertex -3 80.9881 7.71813
    endloop
  endfacet
  facet normal -0 0.675339 0.737507
    outer loop
      vertex -3 80.9211 7.83812
      vertex -2.4 80.8275 7.92383
      vertex -2.4 80.9211 7.83812
    endloop
  endfacet
  facet normal 0 0.675339 0.737507
    outer loop
      vertex -2.4 80.8275 7.92383
      vertex -3 80.9211 7.83812
      vertex -3 80.8275 7.92383
    endloop
  endfacet
  facet normal -0 0.392482 0.91976
    outer loop
      vertex -3 80.8275 7.92383
      vertex -2.4 80.707 7.97525
      vertex -2.4 80.8275 7.92383
    endloop
  endfacet
  facet normal 0 0.392482 0.91976
    outer loop
      vertex -2.4 80.707 7.97525
      vertex -3 80.8275 7.92383
      vertex -3 80.707 7.97525
    endloop
  endfacet
  facet normal -0 0.115659 0.993289
    outer loop
      vertex -3 80.707 7.97525
      vertex -2.4 80.5598 7.99239
      vertex -2.4 80.707 7.97525
    endloop
  endfacet
  facet normal 0 0.115659 0.993289
    outer loop
      vertex -2.4 80.5598 7.99239
      vertex -3 80.707 7.97525
      vertex -3 80.5598 7.99239
    endloop
  endfacet
  facet normal 0 -0.0545938 0.998509
    outer loop
      vertex -3 80.5598 7.99239
      vertex -2.4 80.4828 7.98818
      vertex -2.4 80.5598 7.99239
    endloop
  endfacet
  facet normal 0 -0.0545938 0.998509
    outer loop
      vertex -2.4 80.4828 7.98818
      vertex -3 80.5598 7.99239
      vertex -3 80.4828 7.98818
    endloop
  endfacet
  facet normal 0 -0.175675 0.984448
    outer loop
      vertex -3 80.4828 7.98818
      vertex -2.4 80.4118 7.97551
      vertex -2.4 80.4828 7.98818
    endloop
  endfacet
  facet normal 0 -0.175675 0.984448
    outer loop
      vertex -2.4 80.4118 7.97551
      vertex -3 80.4828 7.98818
      vertex -3 80.4118 7.97551
    endloop
  endfacet
  facet normal 0 -0.308755 0.951142
    outer loop
      vertex -3 80.4118 7.97551
      vertex -2.4 80.3468 7.95441
      vertex -2.4 80.4118 7.97551
    endloop
  endfacet
  facet normal 0 -0.308755 0.951142
    outer loop
      vertex -2.4 80.3468 7.95441
      vertex -3 80.4118 7.97551
      vertex -3 80.3468 7.95441
    endloop
  endfacet
  facet normal 0 -0.446367 0.89485
    outer loop
      vertex -3 80.3468 7.95441
      vertex -2.4 80.2876 7.92488
      vertex -2.4 80.3468 7.95441
    endloop
  endfacet
  facet normal 0 -0.446367 0.89485
    outer loop
      vertex -2.4 80.2876 7.92488
      vertex -3 80.3468 7.95441
      vertex -3 80.2876 7.92488
    endloop
  endfacet
  facet normal 0 -0.580934 0.813951
    outer loop
      vertex -3 80.2876 7.92488
      vertex -2.4 80.2344 7.88691
      vertex -2.4 80.2876 7.92488
    endloop
  endfacet
  facet normal 0 -0.580934 0.813951
    outer loop
      vertex -2.4 80.2344 7.88691
      vertex -3 80.2876 7.92488
      vertex -3 80.2344 7.88691
    endloop
  endfacet
  facet normal 0 -0.700436 0.713715
    outer loop
      vertex -3 80.2344 7.88691
      vertex -2.4 80.1871 7.84049
      vertex -2.4 80.2344 7.88691
    endloop
  endfacet
  facet normal 0 -0.700436 0.713715
    outer loop
      vertex -2.4 80.1871 7.84049
      vertex -3 80.2344 7.88691
      vertex -3 80.1871 7.84049
    endloop
  endfacet
  facet normal 0 -0.802358 0.596844
    outer loop
      vertex -3 80.1465 7.78591
      vertex -2.4 80.1871 7.84049
      vertex -3 80.1871 7.84049
    endloop
  endfacet
  facet normal 0 -0.802358 0.596844
    outer loop
      vertex -2.4 80.1871 7.84049
      vertex -3 80.1465 7.78591
      vertex -2.4 80.1465 7.78591
    endloop
  endfacet
  facet normal 0 -0.883134 0.469121
    outer loop
      vertex -3 80.1133 7.72341
      vertex -2.4 80.1465 7.78591
      vertex -3 80.1465 7.78591
    endloop
  endfacet
  facet normal 0 -0.883134 0.469121
    outer loop
      vertex -2.4 80.1465 7.78591
      vertex -3 80.1133 7.72341
      vertex -2.4 80.1133 7.72341
    endloop
  endfacet
  facet normal 0 -0.938965 0.344012
    outer loop
      vertex -3 80.0875 7.65299
      vertex -2.4 80.1133 7.72341
      vertex -3 80.1133 7.72341
    endloop
  endfacet
  facet normal 0 -0.938965 0.344012
    outer loop
      vertex -2.4 80.1133 7.72341
      vertex -3 80.0875 7.65299
      vertex -2.4 80.0875 7.65299
    endloop
  endfacet
  facet normal 0 -0.973211 0.229912
    outer loop
      vertex -3 80.069 7.57468
      vertex -2.4 80.0875 7.65299
      vertex -3 80.0875 7.65299
    endloop
  endfacet
  facet normal 0 -0.973211 0.229912
    outer loop
      vertex -2.4 80.0875 7.65299
      vertex -3 80.069 7.57468
      vertex -2.4 80.069 7.57468
    endloop
  endfacet
  facet normal 0 -0.991816 0.127672
    outer loop
      vertex -3 80.0579 7.48845
      vertex -2.4 80.069 7.57468
      vertex -3 80.069 7.57468
    endloop
  endfacet
  facet normal 0 -0.991816 0.127672
    outer loop
      vertex -2.4 80.069 7.57468
      vertex -3 80.0579 7.48845
      vertex -2.4 80.0579 7.48845
    endloop
  endfacet
  facet normal 0 -0.999229 0.0392728
    outer loop
      vertex -3 80.0542 7.39431
      vertex -2.4 80.0579 7.48845
      vertex -3 80.0579 7.48845
    endloop
  endfacet
  facet normal 0 -0.999229 0.0392728
    outer loop
      vertex -2.4 80.0579 7.48845
      vertex -3 80.0542 7.39431
      vertex -2.4 80.0542 7.39431
    endloop
  endfacet
  facet normal 0 -1 0
    outer loop
      vertex -3 80.0542 6.47815
      vertex -2.4 80.0542 7.39431
      vertex -3 80.0542 7.39431
    endloop
  endfacet
  facet normal 0 -1 -0
    outer loop
      vertex -2.4 80.0542 7.39431
      vertex -3 80.0542 6.47815
      vertex -2.4 80.0542 6.47815
    endloop
  endfacet
  facet normal 0 1 -0
    outer loop
      vertex -2.4 81.044 13.8821
      vertex -3 81.044 14.9644
      vertex -2.4 81.044 14.9644
    endloop
  endfacet
  facet normal 0 1 0
    outer loop
      vertex -3 81.044 14.9644
      vertex -2.4 81.044 13.8821
      vertex -3 81.044 13.8821
    endloop
  endfacet
  facet normal 0 0 -1
    outer loop
      vertex -3 81.044 14.9644
      vertex -2.4 81.5851 14.9644
      vertex -2.4 81.044 14.9644
    endloop
  endfacet
  facet normal -0 0 -1
    outer loop
      vertex -2.4 81.5851 14.9644
      vertex -3 81.044 14.9644
      vertex -3 81.5851 14.9644
    endloop
  endfacet
  facet normal 0 -1 0
    outer loop
      vertex -3 81.5851 12.102
      vertex -2.4 81.5851 14.9644
      vertex -3 81.5851 14.9644
    endloop
  endfacet
  facet normal 0 -1 -0
    outer loop
      vertex -2.4 81.5851 14.9644
      vertex -3 81.5851 12.102
      vertex -2.4 81.5851 12.102
    endloop
  endfacet
  facet normal -0 0 1
    outer loop
      vertex -3 81.5851 12.102
      vertex -2.4 81.044 12.102
      vertex -2.4 81.5851 12.102
    endloop
  endfacet
  facet normal 0 0 1
    outer loop
      vertex -2.4 81.044 12.102
      vertex -3 81.5851 12.102
      vertex -3 81.044 12.102
    endloop
  endfacet
  facet normal 0 1 -0
    outer loop
      vertex -2.4 81.044 12.102
      vertex -3 81.044 13.1819
      vertex -2.4 81.044 13.1819
    endloop
  endfacet
  facet normal 0 1 0
    outer loop
      vertex -3 81.044 13.1819
      vertex -2.4 81.044 12.102
      vertex -3 81.044 12.102
    endloop
  endfacet
  facet normal -0 0 1
    outer loop
      vertex -3 81.044 13.1819
      vertex -2.4 78.241 13.1819
      vertex -2.4 81.044 13.1819
    endloop
  endfacet
  facet normal 0 0 1
    outer loop
      vertex -2.4 78.241 13.1819
      vertex -3 81.044 13.1819
      vertex -3 78.241 13.1819
    endloop
  endfacet
  facet normal 0 1 -0
    outer loop
      vertex -2.4 78.241 13.1819
      vertex -3 78.241 13.8821
      vertex -2.4 78.241 13.8821
    endloop
  endfacet
  facet normal 0 1 0
    outer loop
      vertex -3 78.241 13.8821
      vertex -2.4 78.241 13.1819
      vertex -3 78.241 13.1819
    endloop
  endfacet
  facet normal 0 0 -1
    outer loop
      vertex -3 78.241 13.8821
      vertex -2.4 81.044 13.8821
      vertex -2.4 78.241 13.8821
    endloop
  endfacet
  facet normal -0 0 -1
    outer loop
      vertex -2.4 81.044 13.8821
      vertex -3 78.241 13.8821
      vertex -3 81.044 13.8821
    endloop
  endfacet
  facet normal 1 0 0
    outer loop
      vertex 128 2.85001 34.5
      vertex 128 -0.5 13.2
      vertex 128 2.85001 13.2
    endloop
  endfacet
  facet normal 1 -0 0
    outer loop
      vertex 128 -3 -0.2
      vertex 128 -0.5 -1
      vertex 128 -0.5 13.2
    endloop
  endfacet
  facet normal 1 -0 0
    outer loop
      vertex 128 -3 34.5
      vertex 128 -0.5 13.2
      vertex 128 2.85001 34.5
    endloop
  endfacet
  facet normal 1 0 0
    outer loop
      vertex 128 -3 -0.2
      vertex 128 -0.5 13.2
      vertex 128 -3 34.5
    endloop
  endfacet
  facet normal 1 0 0
    outer loop
      vertex 128 -0.5 -1
      vertex 128 -3 -0.2
      vertex 128 -2.2 -1
    endloop
  endfacet
  facet normal 1 -0 0
    outer loop
      vertex 128 128.5 13.2
      vertex 128 131 -0.2
      vertex 128 131 34.5
    endloop
  endfacet
  facet normal 1 0 0
    outer loop
      vertex 128 128.5 -1
      vertex 128 131 -0.2
      vertex 128 128.5 13.2
    endloop
  endfacet
  facet normal 1 -0 0
    outer loop
      vertex 128 125.15 34.5
      vertex 128 128.5 13.2
      vertex 128 131 34.5
    endloop
  endfacet
  facet normal 1 0 0
    outer loop
      vertex 128 128.5 13.2
      vertex 128 125.15 34.5
      vertex 128 125.15 13.2
    endloop
  endfacet
  facet normal 1 0 0
    outer loop
      vertex 128 131 -0.2
      vertex 128 128.5 -1
      vertex 128 130.2 -1
    endloop
  endfacet
  facet normal 1 -0 0
    outer loop
      vertex 128 7.14999 34.5
      vertex 128 11.5 13.2
      vertex 128 11.5 34.5
    endloop
  endfacet
  facet normal 1 0 0
    outer loop
      vertex 128 11.5 13.2
      vertex 128 7.14999 34.5
      vertex 128 7.14999 13.2
    endloop
  endfacet
  facet normal 1 -0 0
    outer loop
      vertex 128 116.5 34.5
      vertex 128 120.85 13.2
      vertex 128 120.85 34.5
    endloop
  endfacet
  facet normal 1 0 0
    outer loop
      vertex 128 120.85 13.2
      vertex 128 116.5 34.5
      vertex 128 116.5 13.2
    endloop
  endfacet
endsolid OpenSCAD_Model
