solid OpenSCAD_Model
  facet normal 0.0784806 -0.996916 0
    outer loop
      vertex 184.65 38.275 22.1
      vertex 184.838 38.2898 31.3
      vertex 184.65 38.275 31.3
    endloop
  endfacet
  facet normal 0.0784806 -0.996916 0
    outer loop
      vertex 184.838 38.2898 31.3
      vertex 184.65 38.275 22.1
      vertex 184.838 38.2898 22.1
    endloop
  endfacet
  facet normal 0.0784806 0.996916 -0
    outer loop
      vertex 184.838 89.7102 22.1
      vertex 184.65 89.725 31.3
      vertex 184.838 89.7102 31.3
    endloop
  endfacet
  facet normal 0.0784806 0.996916 0
    outer loop
      vertex 184.65 89.725 31.3
      vertex 184.838 89.7102 22.1
      vertex 184.65 89.725 22.1
    endloop
  endfacet
  facet normal -0.97232 -0.233654 0
    outer loop
      vertex 104.439 39.1042 22.1
      vertex 104.395 39.2873 31.3
      vertex 104.395 39.2873 22.1
    endloop
  endfacet
  facet normal -0.97232 -0.233654 0
    outer loop
      vertex 104.395 39.2873 31.3
      vertex 104.439 39.1042 22.1
      vertex 104.439 39.1042 31.3
    endloop
  endfacet
  facet normal -1 0 0
    outer loop
      vertex 104.38 40.275 22.1
      vertex 104.38 39.475 22.1
      vertex 104.38 40.275 28.9
    endloop
  endfacet
  facet normal -1 0 0
    outer loop
      vertex 104.38 87.725 28.9
      vertex 104.38 88.525 22.1
      vertex 104.38 87.725 22.1
    endloop
  endfacet
  facet normal -1 0 0
    outer loop
      vertex 104.38 88.525 22.1
      vertex 104.38 87.725 28.9
      vertex 104.38 88.525 31.3
    endloop
  endfacet
  facet normal -1 0 0
    outer loop
      vertex 104.38 40.275 28.9
      vertex 104.38 88.525 31.3
      vertex 104.38 87.725 28.9
    endloop
  endfacet
  facet normal -1 0 0
    outer loop
      vertex 104.38 40.275 28.9
      vertex 104.38 39.475 31.3
      vertex 104.38 88.525 31.3
    endloop
  endfacet
  facet normal -1 0 0
    outer loop
      vertex 104.38 39.475 31.3
      vertex 104.38 40.275 28.9
      vertex 104.38 39.475 22.1
    endloop
  endfacet
  facet normal -0.52386 0.851805 0
    outer loop
      vertex 105.035 89.5942 22.1
      vertex 104.875 89.4958 31.3
      vertex 105.035 89.5942 31.3
    endloop
  endfacet
  facet normal -0.52386 0.851805 0
    outer loop
      vertex 104.875 89.4958 31.3
      vertex 105.035 89.5942 22.1
      vertex 104.875 89.4958 22.1
    endloop
  endfacet
  facet normal -0.761204 0.648512 0
    outer loop
      vertex 104.609 89.2303 22.1
      vertex 104.731 89.3735 31.3
      vertex 104.731 89.3735 22.1
    endloop
  endfacet
  facet normal -0.761204 0.648512 0
    outer loop
      vertex 104.731 89.3735 31.3
      vertex 104.609 89.2303 22.1
      vertex 104.609 89.2303 31.3
    endloop
  endfacet
  facet normal 0.761204 -0.648512 0
    outer loop
      vertex 185.499 38.6265 31.3
      vertex 185.621 38.7697 22.1
      vertex 185.621 38.7697 31.3
    endloop
  endfacet
  facet normal 0.761204 -0.648512 0
    outer loop
      vertex 185.621 38.7697 22.1
      vertex 185.499 38.6265 31.3
      vertex 185.499 38.6265 22.1
    endloop
  endfacet
  facet normal -0.924017 -0.382352 0
    outer loop
      vertex 104.511 38.9302 22.1
      vertex 104.439 39.1042 31.3
      vertex 104.439 39.1042 22.1
    endloop
  endfacet
  facet normal -0.924017 -0.382352 0
    outer loop
      vertex 104.439 39.1042 31.3
      vertex 104.511 38.9302 22.1
      vertex 104.511 38.9302 31.3
    endloop
  endfacet
  facet normal 0.97232 0.233654 0
    outer loop
      vertex 185.835 88.7127 31.3
      vertex 185.791 88.8958 22.1
      vertex 185.791 88.8958 31.3
    endloop
  endfacet
  facet normal 0.97232 0.233654 0
    outer loop
      vertex 185.791 88.8958 22.1
      vertex 185.835 88.7127 31.3
      vertex 185.835 88.7127 22.1
    endloop
  endfacet
  facet normal 0.233272 0.972411 -0
    outer loop
      vertex 185.021 89.6663 22.1
      vertex 184.838 89.7102 31.3
      vertex 185.021 89.6663 31.3
    endloop
  endfacet
  facet normal 0.233272 0.972411 0
    outer loop
      vertex 184.838 89.7102 31.3
      vertex 185.021 89.6663 22.1
      vertex 184.838 89.7102 22.1
    endloop
  endfacet
  facet normal -0.853479 0.521127 0
    outer loop
      vertex 104.511 89.0698 22.1
      vertex 104.609 89.2303 31.3
      vertex 104.609 89.2303 22.1
    endloop
  endfacet
  facet normal -0.853479 0.521127 0
    outer loop
      vertex 104.609 89.2303 31.3
      vertex 104.511 89.0698 22.1
      vertex 104.511 89.0698 31.3
    endloop
  endfacet
  facet normal 0 -1 0
    outer loop
      vertex 105.58 38.275 22.1
      vertex 184.65 38.275 31.3
      vertex 105.58 38.275 31.3
    endloop
  endfacet
  facet normal 0 -1 -0
    outer loop
      vertex 184.65 38.275 31.3
      vertex 105.58 38.275 22.1
      vertex 184.65 38.275 22.1
    endloop
  endfacet
  facet normal -0.647341 -0.7622 0
    outer loop
      vertex 104.731 38.6265 22.1
      vertex 104.875 38.5042 31.3
      vertex 104.731 38.6265 31.3
    endloop
  endfacet
  facet normal -0.647341 -0.7622 -0
    outer loop
      vertex 104.875 38.5042 31.3
      vertex 104.731 38.6265 22.1
      vertex 104.875 38.5042 22.1
    endloop
  endfacet
  facet normal -0.97232 0.233654 0
    outer loop
      vertex 104.395 88.7127 22.1
      vertex 104.439 88.8958 31.3
      vertex 104.439 88.8958 22.1
    endloop
  endfacet
  facet normal -0.97232 0.233654 0
    outer loop
      vertex 104.439 88.8958 31.3
      vertex 104.395 88.7127 22.1
      vertex 104.395 88.7127 31.3
    endloop
  endfacet
  facet normal 0 1 -0
    outer loop
      vertex 184.65 89.725 22.1
      vertex 105.58 89.725 31.3
      vertex 184.65 89.725 31.3
    endloop
  endfacet
  facet normal 0 1 0
    outer loop
      vertex 105.58 89.725 31.3
      vertex 184.65 89.725 22.1
      vertex 105.58 89.725 22.1
    endloop
  endfacet
  facet normal -0.0784806 -0.996916 0
    outer loop
      vertex 105.392 38.2898 22.1
      vertex 105.58 38.275 31.3
      vertex 105.392 38.2898 31.3
    endloop
  endfacet
  facet normal -0.0784806 -0.996916 -0
    outer loop
      vertex 105.58 38.275 31.3
      vertex 105.392 38.2898 22.1
      vertex 105.58 38.275 22.1
    endloop
  endfacet
  facet normal -0.0784806 0.996916 0
    outer loop
      vertex 105.58 89.725 22.1
      vertex 105.392 89.7102 31.3
      vertex 105.58 89.725 31.3
    endloop
  endfacet
  facet normal -0.0784806 0.996916 0
    outer loop
      vertex 105.392 89.7102 31.3
      vertex 105.58 89.725 22.1
      vertex 105.392 89.7102 22.1
    endloop
  endfacet
  facet normal -0.233272 -0.972411 0
    outer loop
      vertex 105.209 38.3337 22.1
      vertex 105.392 38.2898 31.3
      vertex 105.209 38.3337 31.3
    endloop
  endfacet
  facet normal -0.233272 -0.972411 -0
    outer loop
      vertex 105.392 38.2898 31.3
      vertex 105.209 38.3337 22.1
      vertex 105.392 38.2898 22.1
    endloop
  endfacet
  facet normal -0.996822 -0.0796608 0
    outer loop
      vertex 104.395 39.2873 22.1
      vertex 104.38 39.475 31.3
      vertex 104.38 39.475 22.1
    endloop
  endfacet
  facet normal -0.996822 -0.0796608 0
    outer loop
      vertex 104.38 39.475 31.3
      vertex 104.395 39.2873 22.1
      vertex 104.395 39.2873 31.3
    endloop
  endfacet
  facet normal -0.233272 0.972411 0
    outer loop
      vertex 105.392 89.7102 22.1
      vertex 105.209 89.6663 31.3
      vertex 105.392 89.7102 31.3
    endloop
  endfacet
  facet normal -0.233272 0.972411 0
    outer loop
      vertex 105.209 89.6663 31.3
      vertex 105.392 89.7102 22.1
      vertex 105.209 89.6663 22.1
    endloop
  endfacet
  facet normal -0.996822 0.0796608 0
    outer loop
      vertex 104.38 88.525 22.1
      vertex 104.395 88.7127 31.3
      vertex 104.395 88.7127 22.1
    endloop
  endfacet
  facet normal -0.996822 0.0796608 0
    outer loop
      vertex 104.395 88.7127 31.3
      vertex 104.38 88.525 22.1
      vertex 104.38 88.525 31.3
    endloop
  endfacet
  facet normal 0.382805 0.923829 -0
    outer loop
      vertex 185.195 89.5942 22.1
      vertex 185.021 89.6663 31.3
      vertex 185.195 89.5942 31.3
    endloop
  endfacet
  facet normal 0.382805 0.923829 0
    outer loop
      vertex 185.021 89.6663 31.3
      vertex 185.195 89.5942 22.1
      vertex 185.021 89.6663 22.1
    endloop
  endfacet
  facet normal 0.52386 0.851805 -0
    outer loop
      vertex 185.355 89.4958 22.1
      vertex 185.195 89.5942 31.3
      vertex 185.355 89.4958 31.3
    endloop
  endfacet
  facet normal 0.52386 0.851805 0
    outer loop
      vertex 185.195 89.5942 31.3
      vertex 185.355 89.4958 22.1
      vertex 185.195 89.5942 22.1
    endloop
  endfacet
  facet normal 0.853479 0.521127 0
    outer loop
      vertex 185.719 89.0698 31.3
      vertex 185.621 89.2303 22.1
      vertex 185.621 89.2303 31.3
    endloop
  endfacet
  facet normal 0.853479 0.521127 0
    outer loop
      vertex 185.621 89.2303 22.1
      vertex 185.719 89.0698 31.3
      vertex 185.719 89.0698 22.1
    endloop
  endfacet
  facet normal 0.924017 -0.382352 0
    outer loop
      vertex 185.719 38.9302 31.3
      vertex 185.791 39.1042 22.1
      vertex 185.791 39.1042 31.3
    endloop
  endfacet
  facet normal 0.924017 -0.382352 0
    outer loop
      vertex 185.791 39.1042 22.1
      vertex 185.719 38.9302 31.3
      vertex 185.719 38.9302 22.1
    endloop
  endfacet
  facet normal -0.761204 -0.648512 0
    outer loop
      vertex 104.731 38.6265 22.1
      vertex 104.609 38.7697 31.3
      vertex 104.609 38.7697 22.1
    endloop
  endfacet
  facet normal -0.761204 -0.648512 0
    outer loop
      vertex 104.609 38.7697 31.3
      vertex 104.731 38.6265 22.1
      vertex 104.731 38.6265 31.3
    endloop
  endfacet
  facet normal -0.52386 -0.851805 0
    outer loop
      vertex 104.875 38.5042 22.1
      vertex 105.035 38.4058 31.3
      vertex 104.875 38.5042 31.3
    endloop
  endfacet
  facet normal -0.52386 -0.851805 -0
    outer loop
      vertex 105.035 38.4058 31.3
      vertex 104.875 38.5042 22.1
      vertex 105.035 38.4058 22.1
    endloop
  endfacet
  facet normal -0.382805 -0.923829 0
    outer loop
      vertex 105.035 38.4058 22.1
      vertex 105.209 38.3337 31.3
      vertex 105.035 38.4058 31.3
    endloop
  endfacet
  facet normal -0.382805 -0.923829 -0
    outer loop
      vertex 105.209 38.3337 31.3
      vertex 105.035 38.4058 22.1
      vertex 105.209 38.3337 22.1
    endloop
  endfacet
  facet normal 0.52386 -0.851805 0
    outer loop
      vertex 185.195 38.4058 22.1
      vertex 185.355 38.5042 31.3
      vertex 185.195 38.4058 31.3
    endloop
  endfacet
  facet normal 0.52386 -0.851805 0
    outer loop
      vertex 185.355 38.5042 31.3
      vertex 185.195 38.4058 22.1
      vertex 185.355 38.5042 22.1
    endloop
  endfacet
  facet normal -0.647341 0.7622 0
    outer loop
      vertex 104.875 89.4958 22.1
      vertex 104.731 89.3735 31.3
      vertex 104.875 89.4958 31.3
    endloop
  endfacet
  facet normal -0.647341 0.7622 0
    outer loop
      vertex 104.731 89.3735 31.3
      vertex 104.875 89.4958 22.1
      vertex 104.731 89.3735 22.1
    endloop
  endfacet
  facet normal 1 -0 0
    outer loop
      vertex 185.85 39.475 31.3
      vertex 185.85 88.525 22.1
      vertex 185.85 88.525 31.3
    endloop
  endfacet
  facet normal 1 0 0
    outer loop
      vertex 185.85 88.525 22.1
      vertex 185.85 39.475 31.3
      vertex 185.85 39.475 22.1
    endloop
  endfacet
  facet normal -0.924017 0.382352 0
    outer loop
      vertex 104.439 88.8958 22.1
      vertex 104.511 89.0698 31.3
      vertex 104.511 89.0698 22.1
    endloop
  endfacet
  facet normal -0.924017 0.382352 0
    outer loop
      vertex 104.511 89.0698 31.3
      vertex 104.439 88.8958 22.1
      vertex 104.439 88.8958 31.3
    endloop
  endfacet
  facet normal -0.853479 -0.521127 0
    outer loop
      vertex 104.609 38.7697 22.1
      vertex 104.511 38.9302 31.3
      vertex 104.511 38.9302 22.1
    endloop
  endfacet
  facet normal -0.853479 -0.521127 0
    outer loop
      vertex 104.511 38.9302 31.3
      vertex 104.609 38.7697 22.1
      vertex 104.609 38.7697 31.3
    endloop
  endfacet
  facet normal 0.233272 -0.972411 0
    outer loop
      vertex 184.838 38.2898 22.1
      vertex 185.021 38.3337 31.3
      vertex 184.838 38.2898 31.3
    endloop
  endfacet
  facet normal 0.233272 -0.972411 0
    outer loop
      vertex 185.021 38.3337 31.3
      vertex 184.838 38.2898 22.1
      vertex 185.021 38.3337 22.1
    endloop
  endfacet
  facet normal -0.382805 0.923829 0
    outer loop
      vertex 105.209 89.6663 22.1
      vertex 105.035 89.5942 31.3
      vertex 105.209 89.6663 31.3
    endloop
  endfacet
  facet normal -0.382805 0.923829 0
    outer loop
      vertex 105.035 89.5942 31.3
      vertex 105.209 89.6663 22.1
      vertex 105.035 89.5942 22.1
    endloop
  endfacet
  facet normal 0 0 1
    outer loop
      vertex 127.099 51.3559 31.3
      vertex 125.557 51.3559 31.3
      vertex 127.099 47.3516 31.3
    endloop
  endfacet
  facet normal 0 0 1
    outer loop
      vertex 133.374 51.0202 31.3
      vertex 132.99 47.9082 31.3
      vertex 133.024 47.9144 31.3
    endloop
  endfacet
  facet normal 0 -0 1
    outer loop
      vertex 132.512 49.7725 31.3
      vertex 133.374 52.3833 31.3
      vertex 132.501 49.9747 31.3
    endloop
  endfacet
  facet normal 0 0 1
    outer loop
      vertex 129.646 52.129 31.3
      vertex 133.353 60.074 31.3
      vertex 132.931 60.3558 31.3
    endloop
  endfacet
  facet normal 0 0 1
    outer loop
      vertex 133.374 52.3833 31.3
      vertex 132.512 49.7725 31.3
      vertex 132.99 47.9082 31.3
    endloop
  endfacet
  facet normal -0 0 1
    outer loop
      vertex 132.512 48.4366 31.3
      vertex 132.99 47.9082 31.3
      vertex 132.512 49.7725 31.3
    endloop
  endfacet
  facet normal -0 -0 1
    outer loop
      vertex 132.514 48.339 31.3
      vertex 132.99 47.9082 31.3
      vertex 132.512 48.4366 31.3
    endloop
  endfacet
  facet normal -0 -0 1
    outer loop
      vertex 132.52 48.2522 31.3
      vertex 132.99 47.9082 31.3
      vertex 132.514 48.339 31.3
    endloop
  endfacet
  facet normal 0 0 1
    outer loop
      vertex 132.99 47.9082 31.3
      vertex 132.52 48.2522 31.3
      vertex 132.955 47.9031 31.3
    endloop
  endfacet
  facet normal 0 0 1
    outer loop
      vertex 132.955 47.9031 31.3
      vertex 132.52 48.2522 31.3
      vertex 132.921 47.8992 31.3
    endloop
  endfacet
  facet normal -0 -0 1
    outer loop
      vertex 132.529 48.1759 31.3
      vertex 132.921 47.8992 31.3
      vertex 132.52 48.2522 31.3
    endloop
  endfacet
  facet normal 0 0 1
    outer loop
      vertex 129.646 52.129 31.3
      vertex 132.931 60.3558 31.3
      vertex 132.649 60.7775 31.3
    endloop
  endfacet
  facet normal 0 0 1
    outer loop
      vertex 132.921 47.8992 31.3
      vertex 132.529 48.1759 31.3
      vertex 132.885 47.8963 31.3
    endloop
  endfacet
  facet normal -0 -0 1
    outer loop
      vertex 132.543 48.1103 31.3
      vertex 132.85 47.8946 31.3
      vertex 132.529 48.1759 31.3
    endloop
  endfacet
  facet normal 0 0 1
    outer loop
      vertex 132.85 47.8946 31.3
      vertex 132.543 48.1103 31.3
      vertex 132.814 47.8941 31.3
    endloop
  endfacet
  facet normal -0 -0 1
    outer loop
      vertex 132.56 48.0553 31.3
      vertex 132.814 47.8941 31.3
      vertex 132.543 48.1103 31.3
    endloop
  endfacet
  facet normal 0 0 1
    outer loop
      vertex 125.557 52.129 31.3
      vertex 132.649 60.7775 31.3
      vertex 132.55 61.275 31.3
    endloop
  endfacet
  facet normal 0 0 1
    outer loop
      vertex 132.814 47.8941 31.3
      vertex 132.56 48.0553 31.3
      vertex 132.762 47.8973 31.3
    endloop
  endfacet
  facet normal 0 0 1
    outer loop
      vertex 132.716 47.9071 31.3
      vertex 132.581 48.011 31.3
      vertex 132.674 47.9233 31.3
    endloop
  endfacet
  facet normal 0 0 1
    outer loop
      vertex 129.746 50.5986 31.3
      vertex 129.646 51.3559 31.3
      vertex 129.656 50.4705 31.3
    endloop
  endfacet
  facet normal -0 0 1
    outer loop
      vertex 128.1 51.3559 31.3
      vertex 129.656 50.4705 31.3
      vertex 129.646 51.3559 31.3
    endloop
  endfacet
  facet normal 0 0 1
    outer loop
      vertex 129.656 50.4705 31.3
      vertex 128.1 51.3559 31.3
      vertex 129.583 50.328 31.3
    endloop
  endfacet
  facet normal 0 0 1
    outer loop
      vertex 129.583 50.328 31.3
      vertex 128.1 51.3559 31.3
      vertex 129.527 50.171 31.3
    endloop
  endfacet
  facet normal 0 0 1
    outer loop
      vertex 129.488 49.9997 31.3
      vertex 129.414 48.8909 31.3
      vertex 129.486 49.028 31.3
    endloop
  endfacet
  facet normal 0 0 1
    outer loop
      vertex 128.1 51.3559 31.3
      vertex 129.414 48.8909 31.3
      vertex 129.488 49.9997 31.3
    endloop
  endfacet
  facet normal 0 0 1
    outer loop
      vertex 129.414 48.8909 31.3
      vertex 128.1 51.3559 31.3
      vertex 129.363 48.7387 31.3
    endloop
  endfacet
  facet normal 0 0 1
    outer loop
      vertex 129.363 48.7387 31.3
      vertex 128.1 47.3516 31.3
      vertex 129.332 48.5714 31.3
    endloop
  endfacet
  facet normal 0 0 1
    outer loop
      vertex 128.1 47.3516 31.3
      vertex 129.363 48.7387 31.3
      vertex 128.1 51.3559 31.3
    endloop
  endfacet
  facet normal 0 0 1
    outer loop
      vertex 129.527 50.171 31.3
      vertex 128.1 51.3559 31.3
      vertex 129.488 49.9997 31.3
    endloop
  endfacet
  facet normal 0 0 1
    outer loop
      vertex 130.769 49.5623 31.3
      vertex 131.559 49.7623 31.3
      vertex 131.556 49.877 31.3
    endloop
  endfacet
  facet normal 0 0 1
    outer loop
      vertex 130.769 49.5623 31.3
      vertex 131.556 49.877 31.3
      vertex 131.545 49.9814 31.3
    endloop
  endfacet
  facet normal 0 0 1
    outer loop
      vertex 130.769 49.5623 31.3
      vertex 131.545 49.9814 31.3
      vertex 131.528 50.0755 31.3
    endloop
  endfacet
  facet normal 0 0 1
    outer loop
      vertex 130.769 49.5623 31.3
      vertex 131.528 50.0755 31.3
      vertex 131.503 50.1594 31.3
    endloop
  endfacet
  facet normal 0 0 1
    outer loop
      vertex 131.114 50.4661 31.3
      vertex 131.503 50.1594 31.3
      vertex 131.472 50.233 31.3
    endloop
  endfacet
  facet normal 0 0 1
    outer loop
      vertex 131.196 50.4515 31.3
      vertex 131.472 50.233 31.3
      vertex 131.434 50.2963 31.3
    endloop
  endfacet
  facet normal 0 0 1
    outer loop
      vertex 131.268 50.4273 31.3
      vertex 131.434 50.2963 31.3
      vertex 131.387 50.3497 31.3
    endloop
  endfacet
  facet normal 0 0 1
    outer loop
      vertex 131.268 50.4273 31.3
      vertex 131.387 50.3497 31.3
      vertex 131.332 50.3933 31.3
    endloop
  endfacet
  facet normal 0 0 1
    outer loop
      vertex 131.434 50.2963 31.3
      vertex 131.268 50.4273 31.3
      vertex 131.196 50.4515 31.3
    endloop
  endfacet
  facet normal 0 0 1
    outer loop
      vertex 131.472 50.233 31.3
      vertex 131.196 50.4515 31.3
      vertex 131.114 50.4661 31.3
    endloop
  endfacet
  facet normal 0 0 1
    outer loop
      vertex 131.503 50.1594 31.3
      vertex 131.114 50.4661 31.3
      vertex 130.769 49.5623 31.3
    endloop
  endfacet
  facet normal 0 0 1
    outer loop
      vertex 130.769 49.5623 31.3
      vertex 131.114 50.4661 31.3
      vertex 131.023 50.471 31.3
    endloop
  endfacet
  facet normal 0 0 1
    outer loop
      vertex 130.769 49.5623 31.3
      vertex 131.023 50.471 31.3
      vertex 130.939 50.4676 31.3
    endloop
  endfacet
  facet normal 0 0 1
    outer loop
      vertex 130.512 50.12 31.3
      vertex 130.939 50.4676 31.3
      vertex 130.863 50.4576 31.3
    endloop
  endfacet
  facet normal 0 0 1
    outer loop
      vertex 130.535 50.1908 31.3
      vertex 130.863 50.4576 31.3
      vertex 130.794 50.4408 31.3
    endloop
  endfacet
  facet normal 0 0 1
    outer loop
      vertex 131.559 49.7623 31.3
      vertex 130.769 49.5623 31.3
      vertex 131.559 49.5758 31.3
    endloop
  endfacet
  facet normal 0 0 1
    outer loop
      vertex 130.563 50.2528 31.3
      vertex 130.794 50.4408 31.3
      vertex 130.733 50.4174 31.3
    endloop
  endfacet
  facet normal 0 0 1
    outer loop
      vertex 130.597 50.3061 31.3
      vertex 130.733 50.4174 31.3
      vertex 130.68 50.3874 31.3
    endloop
  endfacet
  facet normal 0 0 1
    outer loop
      vertex 130.597 50.3061 31.3
      vertex 130.68 50.3874 31.3
      vertex 130.635 50.3506 31.3
    endloop
  endfacet
  facet normal 0 0 1
    outer loop
      vertex 130.733 50.4174 31.3
      vertex 130.597 50.3061 31.3
      vertex 130.563 50.2528 31.3
    endloop
  endfacet
  facet normal 0 0 1
    outer loop
      vertex 130.794 50.4408 31.3
      vertex 130.563 50.2528 31.3
      vertex 130.535 50.1908 31.3
    endloop
  endfacet
  facet normal 0 0 1
    outer loop
      vertex 130.863 50.4576 31.3
      vertex 130.535 50.1908 31.3
      vertex 130.512 50.12 31.3
    endloop
  endfacet
  facet normal 0 0 1
    outer loop
      vertex 130.939 50.4676 31.3
      vertex 130.512 50.12 31.3
      vertex 130.769 49.5623 31.3
    endloop
  endfacet
  facet normal 0 0 1
    outer loop
      vertex 130.769 49.5623 31.3
      vertex 130.512 50.12 31.3
      vertex 130.494 50.0405 31.3
    endloop
  endfacet
  facet normal -0 0 1
    outer loop
      vertex 130.481 49.9522 31.3
      vertex 130.769 49.5623 31.3
      vertex 130.494 50.0405 31.3
    endloop
  endfacet
  facet normal 0 0 1
    outer loop
      vertex 130.769 49.5623 31.3
      vertex 130.481 49.9522 31.3
      vertex 130.543 49.5519 31.3
    endloop
  endfacet
  facet normal 0 0 1
    outer loop
      vertex 130.481 49.9522 31.3
      vertex 130.336 49.5253 31.3
      vertex 130.543 49.5519 31.3
    endloop
  endfacet
  facet normal 0 0 1
    outer loop
      vertex 130.481 49.9522 31.3
      vertex 130.147 49.4826 31.3
      vertex 130.336 49.5253 31.3
    endloop
  endfacet
  facet normal 0 0 1
    outer loop
      vertex 129.488 49.9997 31.3
      vertex 130.147 49.4826 31.3
      vertex 130.481 49.9522 31.3
    endloop
  endfacet
  facet normal 0 0 1
    outer loop
      vertex 130.147 49.4826 31.3
      vertex 129.488 49.9997 31.3
      vertex 129.977 49.4236 31.3
    endloop
  endfacet
  facet normal 0 0 1
    outer loop
      vertex 129.977 49.4236 31.3
      vertex 129.488 49.9997 31.3
      vertex 129.826 49.3484 31.3
    endloop
  endfacet
  facet normal 0 0 1
    outer loop
      vertex 129.826 49.3484 31.3
      vertex 129.488 49.9997 31.3
      vertex 129.693 49.2571 31.3
    endloop
  endfacet
  facet normal 0 0 1
    outer loop
      vertex 129.488 49.9997 31.3
      vertex 129.579 49.1501 31.3
      vertex 129.693 49.2571 31.3
    endloop
  endfacet
  facet normal 0 0 1
    outer loop
      vertex 129.579 49.1501 31.3
      vertex 129.488 49.9997 31.3
      vertex 129.486 49.028 31.3
    endloop
  endfacet
  facet normal -0 0 1
    outer loop
      vertex 133.374 51.6814 31.3
      vertex 134.327 51.0202 31.3
      vertex 134.327 51.6814 31.3
    endloop
  endfacet
  facet normal 0 0 1
    outer loop
      vertex 134.327 51.0202 31.3
      vertex 133.374 51.6814 31.3
      vertex 133.374 51.0202 31.3
    endloop
  endfacet
  facet normal 0 0 1
    outer loop
      vertex 135.259 52.3833 31.3
      vertex 133.85 59.975 31.3
      vertex 134.327 52.3833 31.3
    endloop
  endfacet
  facet normal 0 0 1
    outer loop
      vertex 133.85 59.975 31.3
      vertex 133.374 52.3833 31.3
      vertex 134.327 52.3833 31.3
    endloop
  endfacet
  facet normal 0 0 1
    outer loop
      vertex 132.99 47.9082 31.3
      vertex 133.374 51.6814 31.3
      vertex 133.374 52.3833 31.3
    endloop
  endfacet
  facet normal 0 0 1
    outer loop
      vertex 132.99 47.9082 31.3
      vertex 133.374 51.0202 31.3
      vertex 133.374 51.6814 31.3
    endloop
  endfacet
  facet normal 0 0 1
    outer loop
      vertex 129.646 52.129 31.3
      vertex 133.374 52.3833 31.3
      vertex 133.353 60.074 31.3
    endloop
  endfacet
  facet normal 0 0 1
    outer loop
      vertex 133.353 60.074 31.3
      vertex 133.374 52.3833 31.3
      vertex 133.85 59.975 31.3
    endloop
  endfacet
  facet normal 0 0 1
    outer loop
      vertex 142.649 60.7775 31.3
      vertex 140.051 60.7775 31.3
      vertex 142.931 60.3558 31.3
    endloop
  endfacet
  facet normal 0 0 1
    outer loop
      vertex 139.769 60.3558 31.3
      vertex 142.931 60.3558 31.3
      vertex 140.051 60.7775 31.3
    endloop
  endfacet
  facet normal 0 0 1
    outer loop
      vertex 139.347 60.074 31.3
      vertex 142.931 60.3558 31.3
      vertex 139.769 60.3558 31.3
    endloop
  endfacet
  facet normal 0 0 1
    outer loop
      vertex 142.931 60.3558 31.3
      vertex 139.347 60.074 31.3
      vertex 140.506 52.129 31.3
    endloop
  endfacet
  facet normal 0 0 1
    outer loop
      vertex 140.506 52.129 31.3
      vertex 139.347 60.074 31.3
      vertex 139.387 52.129 31.3
    endloop
  endfacet
  facet normal -0 0 1
    outer loop
      vertex 138.85 59.975 31.3
      vertex 139.387 52.129 31.3
      vertex 139.347 60.074 31.3
    endloop
  endfacet
  facet normal 0 0 1
    outer loop
      vertex 139.387 52.129 31.3
      vertex 137.679 52.129 31.3
      vertex 139.206 51.3525 31.3
    endloop
  endfacet
  facet normal 0 0 1
    outer loop
      vertex 139.206 51.3525 31.3
      vertex 137.679 52.129 31.3
      vertex 139.052 50.6911 31.3
    endloop
  endfacet
  facet normal 0 0 1
    outer loop
      vertex 139.387 52.129 31.3
      vertex 138.85 59.975 31.3
      vertex 137.679 52.129 31.3
    endloop
  endfacet
  facet normal 0 0 1
    outer loop
      vertex 139.052 50.6911 31.3
      vertex 137.679 52.129 31.3
      vertex 138.925 50.145 31.3
    endloop
  endfacet
  facet normal 0 -0 1
    outer loop
      vertex 138.37 49.0435 31.3
      vertex 138.925 50.145 31.3
      vertex 137.679 52.129 31.3
    endloop
  endfacet
  facet normal 0 0 1
    outer loop
      vertex 138.925 50.145 31.3
      vertex 138.37 49.0435 31.3
      vertex 138.826 49.7141 31.3
    endloop
  endfacet
  facet normal 0 0 1
    outer loop
      vertex 138.826 49.7141 31.3
      vertex 138.37 49.0435 31.3
      vertex 138.755 49.3983 31.3
    endloop
  endfacet
  facet normal 0 0 1
    outer loop
      vertex 138.755 49.3983 31.3
      vertex 138.37 49.0435 31.3
      vertex 138.711 49.1978 31.3
    endloop
  endfacet
  facet normal 0 0 1
    outer loop
      vertex 138.711 49.1978 31.3
      vertex 138.37 49.0435 31.3
      vertex 138.681 49.0536 31.3
    endloop
  endfacet
  facet normal 0 0 1
    outer loop
      vertex 138.681 49.0536 31.3
      vertex 138.37 49.0435 31.3
      vertex 138.65 48.9071 31.3
    endloop
  endfacet
  facet normal 0 0 1
    outer loop
      vertex 138.65 48.9071 31.3
      vertex 138.37 49.0435 31.3
      vertex 138.62 48.7583 31.3
    endloop
  endfacet
  facet normal 0 0 1
    outer loop
      vertex 138.589 48.6071 31.3
      vertex 138.37 49.0435 31.3
      vertex 138.558 48.4535 31.3
    endloop
  endfacet
  facet normal 0 0 1
    outer loop
      vertex 138.558 48.4535 31.3
      vertex 138.37 49.0435 31.3
      vertex 138.526 48.2976 31.3
    endloop
  endfacet
  facet normal 0 0 1
    outer loop
      vertex 137.679 52.129 31.3
      vertex 138.85 59.975 31.3
      vertex 138.353 60.074 31.3
    endloop
  endfacet
  facet normal 0 0 1
    outer loop
      vertex 134.347 60.074 31.3
      vertex 138.353 60.074 31.3
      vertex 137.931 60.3558 31.3
    endloop
  endfacet
  facet normal 0 0 1
    outer loop
      vertex 138.62 48.7583 31.3
      vertex 138.37 49.0435 31.3
      vertex 138.589 48.6071 31.3
    endloop
  endfacet
  facet normal 0 0 1
    outer loop
      vertex 134.769 60.3558 31.3
      vertex 137.931 60.3558 31.3
      vertex 137.649 60.7775 31.3
    endloop
  endfacet
  facet normal 0 0 1
    outer loop
      vertex 135.051 60.7775 31.3
      vertex 137.649 60.7775 31.3
      vertex 137.55 61.275 31.3
    endloop
  endfacet
  facet normal 0 0 1
    outer loop
      vertex 138.353 60.074 31.3
      vertex 136.211 52.3833 31.3
      vertex 137.679 52.129 31.3
    endloop
  endfacet
  facet normal -0 0 1
    outer loop
      vertex 146.201 49.7725 31.3
      vertex 147.128 48.2128 31.3
      vertex 147.128 50.376 31.3
    endloop
  endfacet
  facet normal 0 0 1
    outer loop
      vertex 147.128 48.2128 31.3
      vertex 146.201 48.4366 31.3
      vertex 146.713 47.9144 31.3
    endloop
  endfacet
  facet normal 0 0 1
    outer loop
      vertex 146.201 49.7725 31.3
      vertex 147.128 50.376 31.3
      vertex 146.664 50.376 31.3
    endloop
  endfacet
  facet normal 0 0 1
    outer loop
      vertex 147.128 48.2128 31.3
      vertex 146.201 49.7725 31.3
      vertex 146.201 48.4366 31.3
    endloop
  endfacet
  facet normal 0 0 1
    outer loop
      vertex 144.347 60.074 31.3
      vertex 148.353 60.074 31.3
      vertex 147.931 60.3558 31.3
    endloop
  endfacet
  facet normal 0 0 1
    outer loop
      vertex 144.769 60.3558 31.3
      vertex 147.931 60.3558 31.3
      vertex 147.649 60.7775 31.3
    endloop
  endfacet
  facet normal 0 0 1
    outer loop
      vertex 145.051 60.7775 31.3
      vertex 147.649 60.7775 31.3
      vertex 147.55 61.275 31.3
    endloop
  endfacet
  facet normal 0 0 1
    outer loop
      vertex 148.353 60.074 31.3
      vertex 147.474 51.8815 31.3
      vertex 148.071 51.8815 31.3
    endloop
  endfacet
  facet normal -0 0 1
    outer loop
      vertex 148.071 50.376 31.3
      vertex 149.159 49.7267 31.3
      vertex 148.766 50.376 31.3
    endloop
  endfacet
  facet normal 0 0 1
    outer loop
      vertex 148.071 51.8815 31.3
      vertex 148.85 59.975 31.3
      vertex 148.353 60.074 31.3
    endloop
  endfacet
  facet normal 0 0 1
    outer loop
      vertex 150.347 51.0317 31.3
      vertex 148.071 51.8815 31.3
      vertex 148.766 51.0202 31.3
    endloop
  endfacet
  facet normal 0 0 1
    outer loop
      vertex 148.766 51.0202 31.3
      vertex 148.071 51.8815 31.3
      vertex 148.071 51.0202 31.3
    endloop
  endfacet
  facet normal 0 0 1
    outer loop
      vertex 149.159 49.7267 31.3
      vertex 148.071 50.376 31.3
      vertex 149.121 49.4573 31.3
    endloop
  endfacet
  facet normal 0 0 1
    outer loop
      vertex 149.121 49.4573 31.3
      vertex 148.071 48.4705 31.3
      vertex 148.806 47.9958 31.3
    endloop
  endfacet
  facet normal 0 0 1
    outer loop
      vertex 148.806 47.9958 31.3
      vertex 148.071 48.4705 31.3
      vertex 148.74 47.9813 31.3
    endloop
  endfacet
  facet normal 0 0 1
    outer loop
      vertex 148.74 47.9813 31.3
      vertex 148.071 48.4705 31.3
      vertex 148.679 47.9694 31.3
    endloop
  endfacet
  facet normal 0 0 1
    outer loop
      vertex 148.679 47.9694 31.3
      vertex 148.071 48.4705 31.3
      vertex 148.623 47.9602 31.3
    endloop
  endfacet
  facet normal -0 -0 1
    outer loop
      vertex 148.073 48.3851 31.3
      vertex 148.623 47.9602 31.3
      vertex 148.071 48.4705 31.3
    endloop
  endfacet
  facet normal 0 0 1
    outer loop
      vertex 148.623 47.9602 31.3
      vertex 148.073 48.3851 31.3
      vertex 148.573 47.9536 31.3
    endloop
  endfacet
  facet normal -0 -0 1
    outer loop
      vertex 148.082 48.3075 31.3
      vertex 148.573 47.9536 31.3
      vertex 148.073 48.3851 31.3
    endloop
  endfacet
  facet normal 0 0 1
    outer loop
      vertex 148.573 47.9536 31.3
      vertex 148.082 48.3075 31.3
      vertex 148.528 47.9496 31.3
    endloop
  endfacet
  facet normal 0 0 1
    outer loop
      vertex 148.528 47.9496 31.3
      vertex 148.082 48.3075 31.3
      vertex 148.488 47.9483 31.3
    endloop
  endfacet
  facet normal -0 -0 1
    outer loop
      vertex 148.096 48.2378 31.3
      vertex 148.488 47.9483 31.3
      vertex 148.082 48.3075 31.3
    endloop
  endfacet
  facet normal 0 0 1
    outer loop
      vertex 148.488 47.9483 31.3
      vertex 148.096 48.2378 31.3
      vertex 148.42 47.9519 31.3
    endloop
  endfacet
  facet normal -0 -0 1
    outer loop
      vertex 148.116 48.1759 31.3
      vertex 148.42 47.9519 31.3
      vertex 148.096 48.2378 31.3
    endloop
  endfacet
  facet normal 0 0 1
    outer loop
      vertex 148.42 47.9519 31.3
      vertex 148.116 48.1759 31.3
      vertex 148.358 47.9625 31.3
    endloop
  endfacet
  facet normal 0 0 1
    outer loop
      vertex 148.358 47.9625 31.3
      vertex 148.116 48.1759 31.3
      vertex 148.302 47.9801 31.3
    endloop
  endfacet
  facet normal -0 -0 1
    outer loop
      vertex 148.141 48.1218 31.3
      vertex 148.302 47.9801 31.3
      vertex 148.116 48.1759 31.3
    endloop
  endfacet
  facet normal 0 0 1
    outer loop
      vertex 148.302 47.9801 31.3
      vertex 148.141 48.1218 31.3
      vertex 148.253 48.0048 31.3
    endloop
  endfacet
  facet normal 0 0 1
    outer loop
      vertex 148.253 48.0048 31.3
      vertex 148.141 48.1218 31.3
      vertex 148.209 48.0366 31.3
    endloop
  endfacet
  facet normal 0 0 1
    outer loop
      vertex 149.121 49.4573 31.3
      vertex 148.071 50.376 31.3
      vertex 148.071 48.4705 31.3
    endloop
  endfacet
  facet normal 0 0 1
    outer loop
      vertex 148.209 48.0366 31.3
      vertex 148.141 48.1218 31.3
      vertex 148.172 48.0755 31.3
    endloop
  endfacet
  facet normal -0 -0 1
    outer loop
      vertex 146.209 48.2522 31.3
      vertex 146.679 47.9082 31.3
      vertex 146.203 48.339 31.3
    endloop
  endfacet
  facet normal 0 0 1
    outer loop
      vertex 147.649 60.7775 31.3
      vertex 145.051 60.7775 31.3
      vertex 144.769 60.3558 31.3
    endloop
  endfacet
  facet normal 0 0 1
    outer loop
      vertex 147.931 60.3558 31.3
      vertex 144.769 60.3558 31.3
      vertex 144.347 60.074 31.3
    endloop
  endfacet
  facet normal 0 0 1
    outer loop
      vertex 148.353 60.074 31.3
      vertex 144.347 60.074 31.3
      vertex 147.474 51.8815 31.3
    endloop
  endfacet
  facet normal -0 0 1
    outer loop
      vertex 143.205 52.129 31.3
      vertex 147.474 51.8815 31.3
      vertex 144.347 60.074 31.3
    endloop
  endfacet
  facet normal 0 0 1
    outer loop
      vertex 147.474 51.8815 31.3
      vertex 143.205 52.129 31.3
      vertex 145.181 51.0499 31.3
    endloop
  endfacet
  facet normal 0 0 1
    outer loop
      vertex 145.181 51.0499 31.3
      vertex 143.205 52.129 31.3
      vertex 144.976 51.0785 31.3
    endloop
  endfacet
  facet normal 0 0 1
    outer loop
      vertex 144.976 51.0785 31.3
      vertex 143.205 52.129 31.3
      vertex 144.753 51.088 31.3
    endloop
  endfacet
  facet normal 0 0 1
    outer loop
      vertex 144.753 51.088 31.3
      vertex 143.205 52.129 31.3
      vertex 144.532 51.0803 31.3
    endloop
  endfacet
  facet normal 0 0 1
    outer loop
      vertex 144.532 51.0803 31.3
      vertex 143.205 52.129 31.3
      vertex 144.327 51.0573 31.3
    endloop
  endfacet
  facet normal 0 0 1
    outer loop
      vertex 144.327 51.0573 31.3
      vertex 143.205 52.129 31.3
      vertex 144.138 51.0189 31.3
    endloop
  endfacet
  facet normal 0 0 1
    outer loop
      vertex 143.205 52.129 31.3
      vertex 144.347 60.074 31.3
      vertex 143.85 59.975 31.3
    endloop
  endfacet
  facet normal 0 0 1
    outer loop
      vertex 144.138 51.0189 31.3
      vertex 143.205 52.129 31.3
      vertex 143.964 50.9652 31.3
    endloop
  endfacet
  facet normal 0 0 1
    outer loop
      vertex 143.964 50.9652 31.3
      vertex 143.205 52.129 31.3
      vertex 143.807 50.8961 31.3
    endloop
  endfacet
  facet normal 0 0 1
    outer loop
      vertex 143.807 50.8961 31.3
      vertex 143.205 52.129 31.3
      vertex 143.667 50.8117 31.3
    endloop
  endfacet
  facet normal 0 0 1
    outer loop
      vertex 143.667 50.8117 31.3
      vertex 143.205 52.129 31.3
      vertex 143.542 50.7123 31.3
    endloop
  endfacet
  facet normal 0 0 1
    outer loop
      vertex 143.205 52.129 31.3
      vertex 143.85 59.975 31.3
      vertex 143.353 60.074 31.3
    endloop
  endfacet
  facet normal 0 0 1
    outer loop
      vertex 143.542 50.7123 31.3
      vertex 143.205 52.129 31.3
      vertex 143.435 50.5986 31.3
    endloop
  endfacet
  facet normal 0 0 1
    outer loop
      vertex 143.435 50.5986 31.3
      vertex 143.205 52.129 31.3
      vertex 143.345 50.4705 31.3
    endloop
  endfacet
  facet normal 0 0 1
    outer loop
      vertex 143.345 50.4705 31.3
      vertex 143.205 52.129 31.3
      vertex 143.272 50.328 31.3
    endloop
  endfacet
  facet normal 0 0 1
    outer loop
      vertex 143.272 50.328 31.3
      vertex 143.205 52.129 31.3
      vertex 143.216 50.171 31.3
    endloop
  endfacet
  facet normal 0 0 1
    outer loop
      vertex 140.506 52.129 31.3
      vertex 143.353 60.074 31.3
      vertex 142.931 60.3558 31.3
    endloop
  endfacet
  facet normal 0 0 1
    outer loop
      vertex 140.051 60.7775 31.3
      vertex 142.649 60.7775 31.3
      vertex 140.15 61.275 31.3
    endloop
  endfacet
  facet normal -0 0 1
    outer loop
      vertex 140.15 61.275 31.3
      vertex 142.649 60.7775 31.3
      vertex 142.55 61.275 31.3
    endloop
  endfacet
  facet normal 0 0 1
    outer loop
      vertex 143.353 60.074 31.3
      vertex 142.191 52.129 31.3
      vertex 143.205 52.129 31.3
    endloop
  endfacet
  facet normal 0 0 1
    outer loop
      vertex 143.205 52.129 31.3
      vertex 143.177 49.9997 31.3
      vertex 143.216 50.171 31.3
    endloop
  endfacet
  facet normal 0 0 1
    outer loop
      vertex 143.177 49.9997 31.3
      vertex 143.103 48.8909 31.3
      vertex 143.176 49.028 31.3
    endloop
  endfacet
  facet normal 0 0 1
    outer loop
      vertex 141.971 47.3516 31.3
      vertex 143.177 49.9997 31.3
      vertex 143.205 52.129 31.3
    endloop
  endfacet
  facet normal 0 -0 1
    outer loop
      vertex 143.052 48.7387 31.3
      vertex 143.177 49.9997 31.3
      vertex 141.971 47.3516 31.3
    endloop
  endfacet
  facet normal 0 0 1
    outer loop
      vertex 143.177 49.9997 31.3
      vertex 143.052 48.7387 31.3
      vertex 143.103 48.8909 31.3
    endloop
  endfacet
  facet normal 0 0 1
    outer loop
      vertex 143.052 48.7387 31.3
      vertex 141.971 47.3516 31.3
      vertex 143.021 48.5714 31.3
    endloop
  endfacet
  facet normal 0 0 1
    outer loop
      vertex 143.021 48.5714 31.3
      vertex 141.971 47.3516 31.3
      vertex 143.011 48.3891 31.3
    endloop
  endfacet
  facet normal 0 0 1
    outer loop
      vertex 144.458 49.5623 31.3
      vertex 145.248 49.7623 31.3
      vertex 145.245 49.877 31.3
    endloop
  endfacet
  facet normal 0 0 1
    outer loop
      vertex 144.458 49.5623 31.3
      vertex 145.245 49.877 31.3
      vertex 145.234 49.9814 31.3
    endloop
  endfacet
  facet normal 0 0 1
    outer loop
      vertex 144.458 49.5623 31.3
      vertex 145.234 49.9814 31.3
      vertex 145.217 50.0755 31.3
    endloop
  endfacet
  facet normal 0 0 1
    outer loop
      vertex 144.458 49.5623 31.3
      vertex 145.217 50.0755 31.3
      vertex 145.193 50.1594 31.3
    endloop
  endfacet
  facet normal 0 0 1
    outer loop
      vertex 144.803 50.4661 31.3
      vertex 145.193 50.1594 31.3
      vertex 145.161 50.233 31.3
    endloop
  endfacet
  facet normal 0 0 1
    outer loop
      vertex 144.885 50.4515 31.3
      vertex 145.161 50.233 31.3
      vertex 145.123 50.2963 31.3
    endloop
  endfacet
  facet normal 0 0 1
    outer loop
      vertex 144.958 50.4273 31.3
      vertex 145.123 50.2963 31.3
      vertex 145.077 50.3497 31.3
    endloop
  endfacet
  facet normal 0 0 1
    outer loop
      vertex 144.958 50.4273 31.3
      vertex 145.077 50.3497 31.3
      vertex 145.022 50.3933 31.3
    endloop
  endfacet
  facet normal 0 0 1
    outer loop
      vertex 145.123 50.2963 31.3
      vertex 144.958 50.4273 31.3
      vertex 144.885 50.4515 31.3
    endloop
  endfacet
  facet normal 0 0 1
    outer loop
      vertex 145.161 50.233 31.3
      vertex 144.885 50.4515 31.3
      vertex 144.803 50.4661 31.3
    endloop
  endfacet
  facet normal 0 0 1
    outer loop
      vertex 145.193 50.1594 31.3
      vertex 144.803 50.4661 31.3
      vertex 144.458 49.5623 31.3
    endloop
  endfacet
  facet normal 0 0 1
    outer loop
      vertex 144.458 49.5623 31.3
      vertex 144.803 50.4661 31.3
      vertex 144.713 50.471 31.3
    endloop
  endfacet
  facet normal 0 0 1
    outer loop
      vertex 144.458 49.5623 31.3
      vertex 144.713 50.471 31.3
      vertex 144.628 50.4676 31.3
    endloop
  endfacet
  facet normal 0 0 1
    outer loop
      vertex 144.201 50.12 31.3
      vertex 144.628 50.4676 31.3
      vertex 144.552 50.4576 31.3
    endloop
  endfacet
  facet normal 0 0 1
    outer loop
      vertex 144.224 50.1908 31.3
      vertex 144.552 50.4576 31.3
      vertex 144.483 50.4408 31.3
    endloop
  endfacet
  facet normal 0 0 1
    outer loop
      vertex 145.248 49.7623 31.3
      vertex 144.458 49.5623 31.3
      vertex 145.248 49.5758 31.3
    endloop
  endfacet
  facet normal 0 0 1
    outer loop
      vertex 144.252 50.2528 31.3
      vertex 144.483 50.4408 31.3
      vertex 144.423 50.4174 31.3
    endloop
  endfacet
  facet normal 0 0 1
    outer loop
      vertex 144.286 50.3061 31.3
      vertex 144.423 50.4174 31.3
      vertex 144.37 50.3874 31.3
    endloop
  endfacet
  facet normal 0 0 1
    outer loop
      vertex 144.286 50.3061 31.3
      vertex 144.37 50.3874 31.3
      vertex 144.324 50.3506 31.3
    endloop
  endfacet
  facet normal 0 0 1
    outer loop
      vertex 144.423 50.4174 31.3
      vertex 144.286 50.3061 31.3
      vertex 144.252 50.2528 31.3
    endloop
  endfacet
  facet normal 0 0 1
    outer loop
      vertex 144.483 50.4408 31.3
      vertex 144.252 50.2528 31.3
      vertex 144.224 50.1908 31.3
    endloop
  endfacet
  facet normal 0 0 1
    outer loop
      vertex 144.552 50.4576 31.3
      vertex 144.224 50.1908 31.3
      vertex 144.201 50.12 31.3
    endloop
  endfacet
  facet normal 0 0 1
    outer loop
      vertex 144.628 50.4676 31.3
      vertex 144.201 50.12 31.3
      vertex 144.458 49.5623 31.3
    endloop
  endfacet
  facet normal 0 0 1
    outer loop
      vertex 144.458 49.5623 31.3
      vertex 144.201 50.12 31.3
      vertex 144.183 50.0405 31.3
    endloop
  endfacet
  facet normal -0 0 1
    outer loop
      vertex 144.17 49.9522 31.3
      vertex 144.458 49.5623 31.3
      vertex 144.183 50.0405 31.3
    endloop
  endfacet
  facet normal 0 0 1
    outer loop
      vertex 144.458 49.5623 31.3
      vertex 144.17 49.9522 31.3
      vertex 144.233 49.5519 31.3
    endloop
  endfacet
  facet normal 0 0 1
    outer loop
      vertex 144.17 49.9522 31.3
      vertex 144.025 49.5253 31.3
      vertex 144.233 49.5519 31.3
    endloop
  endfacet
  facet normal 0 0 1
    outer loop
      vertex 144.17 49.9522 31.3
      vertex 143.837 49.4826 31.3
      vertex 144.025 49.5253 31.3
    endloop
  endfacet
  facet normal 0 0 1
    outer loop
      vertex 143.177 49.9997 31.3
      vertex 143.837 49.4826 31.3
      vertex 144.17 49.9522 31.3
    endloop
  endfacet
  facet normal 0 0 1
    outer loop
      vertex 143.837 49.4826 31.3
      vertex 143.177 49.9997 31.3
      vertex 143.666 49.4236 31.3
    endloop
  endfacet
  facet normal 0 0 1
    outer loop
      vertex 143.666 49.4236 31.3
      vertex 143.177 49.9997 31.3
      vertex 143.515 49.3484 31.3
    endloop
  endfacet
  facet normal 0 0 1
    outer loop
      vertex 143.515 49.3484 31.3
      vertex 143.177 49.9997 31.3
      vertex 143.382 49.2571 31.3
    endloop
  endfacet
  facet normal 0 0 1
    outer loop
      vertex 143.177 49.9997 31.3
      vertex 143.268 49.1501 31.3
      vertex 143.382 49.2571 31.3
    endloop
  endfacet
  facet normal 0 0 1
    outer loop
      vertex 143.268 49.1501 31.3
      vertex 143.177 49.9997 31.3
      vertex 143.176 49.028 31.3
    endloop
  endfacet
  facet normal 0 0 1
    outer loop
      vertex 152.468 49.864 31.3
      vertex 151.539 48.6163 31.3
      vertex 152.496 48.5722 31.3
    endloop
  endfacet
  facet normal -0 0 1
    outer loop
      vertex 151.509 49.8166 31.3
      vertex 151.539 48.6163 31.3
      vertex 152.468 49.864 31.3
    endloop
  endfacet
  facet normal -0 0 1
    outer loop
      vertex 150.109 49.2029 31.3
      vertex 151.539 48.6163 31.3
      vertex 151.509 49.8166 31.3
    endloop
  endfacet
  facet normal -0 -0 1
    outer loop
      vertex 150.129 48.8154 31.3
      vertex 151.539 48.6163 31.3
      vertex 150.109 49.2029 31.3
    endloop
  endfacet
  facet normal -0 0 1
    outer loop
      vertex 150.19 49.8866 31.3
      vertex 151.509 49.8166 31.3
      vertex 151.492 49.9072 31.3
    endloop
  endfacet
  facet normal 0 0 1
    outer loop
      vertex 150.293 50.126 31.3
      vertex 151.492 49.9072 31.3
      vertex 151.468 49.9915 31.3
    endloop
  endfacet
  facet normal 0 -0 1
    outer loop
      vertex 150.192 48.4984 31.3
      vertex 151.539 48.6163 31.3
      vertex 150.129 48.8154 31.3
    endloop
  endfacet
  facet normal 0 0 1
    outer loop
      vertex 150.844 50.4337 31.3
      vertex 151.468 49.9915 31.3
      vertex 151.438 50.0696 31.3
    endloop
  endfacet
  facet normal 0 0 1
    outer loop
      vertex 151.539 48.6163 31.3
      vertex 150.192 48.4984 31.3
      vertex 151.521 48.5079 31.3
    endloop
  endfacet
  facet normal 0 0 1
    outer loop
      vertex 150.94 50.429 31.3
      vertex 151.438 50.0696 31.3
      vertex 151.4 50.1413 31.3
    endloop
  endfacet
  facet normal 0 0 1
    outer loop
      vertex 151.521 48.5079 31.3
      vertex 150.192 48.4984 31.3
      vertex 151.495 48.4089 31.3
    endloop
  endfacet
  facet normal 0 0 1
    outer loop
      vertex 151.028 50.415 31.3
      vertex 151.4 50.1413 31.3
      vertex 151.356 50.2067 31.3
    endloop
  endfacet
  facet normal 0 -0 1
    outer loop
      vertex 150.296 48.2518 31.3
      vertex 151.495 48.4089 31.3
      vertex 150.192 48.4984 31.3
    endloop
  endfacet
  facet normal 0 0 1
    outer loop
      vertex 151.028 50.415 31.3
      vertex 151.356 50.2067 31.3
      vertex 151.306 50.2658 31.3
    endloop
  endfacet
  facet normal 0 0 1
    outer loop
      vertex 151.495 48.4089 31.3
      vertex 150.296 48.2518 31.3
      vertex 151.461 48.3192 31.3
    endloop
  endfacet
  facet normal 0 0 1
    outer loop
      vertex 151.109 50.3917 31.3
      vertex 151.306 50.2658 31.3
      vertex 151.247 50.3171 31.3
    endloop
  endfacet
  facet normal 0 0 1
    outer loop
      vertex 151.109 50.3917 31.3
      vertex 151.247 50.3171 31.3
      vertex 151.182 50.3591 31.3
    endloop
  endfacet
  facet normal 0 -0 1
    outer loop
      vertex 150.858 47.9348 31.3
      vertex 151.461 48.3192 31.3
      vertex 150.296 48.2518 31.3
    endloop
  endfacet
  facet normal 0 0 1
    outer loop
      vertex 151.306 50.2658 31.3
      vertex 151.109 50.3917 31.3
      vertex 151.028 50.415 31.3
    endloop
  endfacet
  facet normal 0 0 1
    outer loop
      vertex 151.461 48.3192 31.3
      vertex 150.946 47.9395 31.3
      vertex 151.419 48.2388 31.3
    endloop
  endfacet
  facet normal 0 0 1
    outer loop
      vertex 151.419 48.2388 31.3
      vertex 150.946 47.9395 31.3
      vertex 151.369 48.1677 31.3
    endloop
  endfacet
  facet normal 0 0 1
    outer loop
      vertex 151.4 50.1413 31.3
      vertex 151.028 50.415 31.3
      vertex 150.94 50.429 31.3
    endloop
  endfacet
  facet normal 0 0 1
    outer loop
      vertex 151.369 48.1677 31.3
      vertex 150.946 47.9395 31.3
      vertex 151.312 48.106 31.3
    endloop
  endfacet
  facet normal 0 0 1
    outer loop
      vertex 151.438 50.0696 31.3
      vertex 150.94 50.429 31.3
      vertex 150.844 50.4337 31.3
    endloop
  endfacet
  facet normal 0 0 1
    outer loop
      vertex 151.312 48.106 31.3
      vertex 150.946 47.9395 31.3
      vertex 151.249 48.0537 31.3
    endloop
  endfacet
  facet normal 0 0 1
    outer loop
      vertex 151.468 49.9915 31.3
      vertex 150.844 50.4337 31.3
      vertex 150.293 50.126 31.3
    endloop
  endfacet
  facet normal 0 0 1
    outer loop
      vertex 151.249 48.0537 31.3
      vertex 151.029 47.9538 31.3
      vertex 151.18 48.0109 31.3
    endloop
  endfacet
  facet normal 0 0 1
    outer loop
      vertex 150.293 50.126 31.3
      vertex 150.844 50.4337 31.3
      vertex 150.62 50.3995 31.3
    endloop
  endfacet
  facet normal 0 0 1
    outer loop
      vertex 151.18 48.0109 31.3
      vertex 151.029 47.9538 31.3
      vertex 151.107 47.9776 31.3
    endloop
  endfacet
  facet normal 0 0 1
    outer loop
      vertex 150.293 50.126 31.3
      vertex 150.62 50.3995 31.3
      vertex 150.436 50.2969 31.3
    endloop
  endfacet
  facet normal 0 0 1
    outer loop
      vertex 151.249 48.0537 31.3
      vertex 150.946 47.9395 31.3
      vertex 151.029 47.9538 31.3
    endloop
  endfacet
  facet normal 0 0 1
    outer loop
      vertex 151.492 49.9072 31.3
      vertex 150.293 50.126 31.3
      vertex 150.19 49.8866 31.3
    endloop
  endfacet
  facet normal 0 0 1
    outer loop
      vertex 151.461 48.3192 31.3
      vertex 150.858 47.9348 31.3
      vertex 150.946 47.9395 31.3
    endloop
  endfacet
  facet normal 0 0 1
    outer loop
      vertex 151.509 49.8166 31.3
      vertex 150.19 49.8866 31.3
      vertex 150.129 49.579 31.3
    endloop
  endfacet
  facet normal 0 0 1
    outer loop
      vertex 150.858 47.9348 31.3
      vertex 150.296 48.2518 31.3
      vertex 150.629 47.97 31.3
    endloop
  endfacet
  facet normal 0 0 1
    outer loop
      vertex 151.509 49.8166 31.3
      vertex 150.129 49.579 31.3
      vertex 150.109 49.2029 31.3
    endloop
  endfacet
  facet normal 0 0 1
    outer loop
      vertex 150.629 47.97 31.3
      vertex 150.296 48.2518 31.3
      vertex 150.442 48.0757 31.3
    endloop
  endfacet
  facet normal 0 0 1
    outer loop
      vertex 151.272 51.0518 31.3
      vertex 149.347 60.074 31.3
      vertex 151.074 51.079 31.3
    endloop
  endfacet
  facet normal 0 0 1
    outer loop
      vertex 151.074 51.079 31.3
      vertex 149.347 60.074 31.3
      vertex 150.865 51.088 31.3
    endloop
  endfacet
  facet normal -0 0 1
    outer loop
      vertex 148.071 51.8815 31.3
      vertex 150.865 51.088 31.3
      vertex 149.347 60.074 31.3
    endloop
  endfacet
  facet normal 0 0 1
    outer loop
      vertex 148.071 51.8815 31.3
      vertex 149.347 60.074 31.3
      vertex 148.85 59.975 31.3
    endloop
  endfacet
  facet normal 0 0 1
    outer loop
      vertex 150.865 51.088 31.3
      vertex 148.071 51.8815 31.3
      vertex 150.595 51.0739 31.3
    endloop
  endfacet
  facet normal 0 0 1
    outer loop
      vertex 150.595 51.0739 31.3
      vertex 148.071 51.8815 31.3
      vertex 150.347 51.0317 31.3
    endloop
  endfacet
  facet normal 0 0 1
    outer loop
      vertex 150.347 51.0317 31.3
      vertex 148.766 51.0202 31.3
      vertex 150.12 50.9613 31.3
    endloop
  endfacet
  facet normal 0 0 1
    outer loop
      vertex 150.12 50.9613 31.3
      vertex 148.766 51.0202 31.3
      vertex 149.914 50.8627 31.3
    endloop
  endfacet
  facet normal 0 0 1
    outer loop
      vertex 149.914 50.8627 31.3
      vertex 148.766 51.0202 31.3
      vertex 149.729 50.736 31.3
    endloop
  endfacet
  facet normal 0 0 1
    outer loop
      vertex 149.729 50.736 31.3
      vertex 148.766 51.0202 31.3
      vertex 149.566 50.5811 31.3
    endloop
  endfacet
  facet normal 0 0 1
    outer loop
      vertex 149.566 50.5811 31.3
      vertex 148.766 51.0202 31.3
      vertex 149.426 50.401 31.3
    endloop
  endfacet
  facet normal 0 0 1
    outer loop
      vertex 148.766 50.376 31.3
      vertex 149.426 50.401 31.3
      vertex 148.766 51.0202 31.3
    endloop
  endfacet
  facet normal 0 0 1
    outer loop
      vertex 149.426 50.401 31.3
      vertex 148.766 50.376 31.3
      vertex 149.312 50.1985 31.3
    endloop
  endfacet
  facet normal 0 0 1
    outer loop
      vertex 149.312 50.1985 31.3
      vertex 148.766 50.376 31.3
      vertex 149.223 49.9738 31.3
    endloop
  endfacet
  facet normal 0 0 1
    outer loop
      vertex 149.223 49.9738 31.3
      vertex 148.766 50.376 31.3
      vertex 149.159 49.7267 31.3
    endloop
  endfacet
  facet normal -0 0 1
    outer loop
      vertex 154.07 49.6058 31.3
      vertex 155.47 49.4063 31.3
      vertex 155.452 49.7015 31.3
    endloop
  endfacet
  facet normal 0 0 1
    outer loop
      vertex 184.65 89.725 31.3
      vertex 185.85 88.525 31.3
      vertex 185.835 88.7127 31.3
    endloop
  endfacet
  facet normal 0 0 1
    outer loop
      vertex 185.85 88.525 31.3
      vertex 165.15 61.275 31.3
      vertex 185.85 39.475 31.3
    endloop
  endfacet
  facet normal 0 0 1
    outer loop
      vertex 184.65 89.725 31.3
      vertex 185.835 88.7127 31.3
      vertex 185.791 88.8958 31.3
    endloop
  endfacet
  facet normal -0 0 1
    outer loop
      vertex 165.051 60.7775 31.3
      vertex 185.85 39.475 31.3
      vertex 165.15 61.275 31.3
    endloop
  endfacet
  facet normal 0 0 1
    outer loop
      vertex 184.65 89.725 31.3
      vertex 185.791 88.8958 31.3
      vertex 185.719 89.0698 31.3
    endloop
  endfacet
  facet normal -0 0 1
    outer loop
      vertex 164.769 60.3558 31.3
      vertex 185.85 39.475 31.3
      vertex 165.051 60.7775 31.3
    endloop
  endfacet
  facet normal 0 0 1
    outer loop
      vertex 184.65 89.725 31.3
      vertex 185.719 89.0698 31.3
      vertex 185.621 89.2303 31.3
    endloop
  endfacet
  facet normal 0 -0 1
    outer loop
      vertex 184.65 38.275 31.3
      vertex 185.85 39.475 31.3
      vertex 164.769 60.3558 31.3
    endloop
  endfacet
  facet normal 0 0 1
    outer loop
      vertex 184.65 89.725 31.3
      vertex 185.621 89.2303 31.3
      vertex 185.499 89.3735 31.3
    endloop
  endfacet
  facet normal 0 0 1
    outer loop
      vertex 185.85 39.475 31.3
      vertex 184.65 38.275 31.3
      vertex 185.835 39.2873 31.3
    endloop
  endfacet
  facet normal 0 0 1
    outer loop
      vertex 184.65 89.725 31.3
      vertex 185.499 89.3735 31.3
      vertex 185.355 89.4958 31.3
    endloop
  endfacet
  facet normal 0 0 1
    outer loop
      vertex 185.835 39.2873 31.3
      vertex 184.65 38.275 31.3
      vertex 185.791 39.1042 31.3
    endloop
  endfacet
  facet normal 0 0 1
    outer loop
      vertex 184.65 89.725 31.3
      vertex 185.355 89.4958 31.3
      vertex 185.195 89.5942 31.3
    endloop
  endfacet
  facet normal 0 0 1
    outer loop
      vertex 185.719 38.9302 31.3
      vertex 184.65 38.275 31.3
      vertex 185.621 38.7697 31.3
    endloop
  endfacet
  facet normal 0 0 1
    outer loop
      vertex 184.65 89.725 31.3
      vertex 185.195 89.5942 31.3
      vertex 185.021 89.6663 31.3
    endloop
  endfacet
  facet normal 0 0 1
    outer loop
      vertex 185.621 38.7697 31.3
      vertex 184.65 38.275 31.3
      vertex 185.499 38.6265 31.3
    endloop
  endfacet
  facet normal 0 0 1
    outer loop
      vertex 184.65 89.725 31.3
      vertex 185.021 89.6663 31.3
      vertex 184.838 89.7102 31.3
    endloop
  endfacet
  facet normal 0 0 1
    outer loop
      vertex 185.499 38.6265 31.3
      vertex 184.65 38.275 31.3
      vertex 185.355 38.5042 31.3
    endloop
  endfacet
  facet normal 0 0 1
    outer loop
      vertex 185.85 88.525 31.3
      vertex 184.65 89.725 31.3
      vertex 165.051 74.2725 31.3
    endloop
  endfacet
  facet normal 0 0 1
    outer loop
      vertex 185.355 38.5042 31.3
      vertex 184.65 38.275 31.3
      vertex 185.195 38.4058 31.3
    endloop
  endfacet
  facet normal 0 0 1
    outer loop
      vertex 185.85 88.525 31.3
      vertex 165.15 73.775 31.3
      vertex 165.15 61.275 31.3
    endloop
  endfacet
  facet normal 0 0 1
    outer loop
      vertex 185.85 88.525 31.3
      vertex 165.051 74.2725 31.3
      vertex 165.15 73.775 31.3
    endloop
  endfacet
  facet normal 0 0 1
    outer loop
      vertex 184.65 89.725 31.3
      vertex 164.769 74.6942 31.3
      vertex 165.051 74.2725 31.3
    endloop
  endfacet
  facet normal 0 0 1
    outer loop
      vertex 184.65 89.725 31.3
      vertex 164.347 74.976 31.3
      vertex 164.769 74.6942 31.3
    endloop
  endfacet
  facet normal 0 0 1
    outer loop
      vertex 184.65 89.725 31.3
      vertex 163.85 75.075 31.3
      vertex 164.347 74.976 31.3
    endloop
  endfacet
  facet normal 0 0 1
    outer loop
      vertex 158.85 75.075 31.3
      vertex 163.85 75.075 31.3
      vertex 184.65 89.725 31.3
    endloop
  endfacet
  facet normal 0 0 1
    outer loop
      vertex 163.85 75.075 31.3
      vertex 158.85 75.075 31.3
      vertex 163.353 74.976 31.3
    endloop
  endfacet
  facet normal 0 0 1
    outer loop
      vertex 162.55 73.775 31.3
      vertex 160.15 73.775 31.3
      vertex 162.55 61.275 31.3
    endloop
  endfacet
  facet normal 0 0 1
    outer loop
      vertex 162.649 74.2725 31.3
      vertex 160.15 73.775 31.3
      vertex 162.55 73.775 31.3
    endloop
  endfacet
  facet normal 0 0 1
    outer loop
      vertex 160.051 74.2725 31.3
      vertex 162.649 74.2725 31.3
      vertex 162.931 74.6942 31.3
    endloop
  endfacet
  facet normal 0 -0 1
    outer loop
      vertex 159.347 74.976 31.3
      vertex 163.353 74.976 31.3
      vertex 158.85 75.075 31.3
    endloop
  endfacet
  facet normal 0 0 1
    outer loop
      vertex 162.649 74.2725 31.3
      vertex 160.051 74.2725 31.3
      vertex 160.15 73.775 31.3
    endloop
  endfacet
  facet normal 0 0 1
    outer loop
      vertex 162.931 74.6942 31.3
      vertex 159.769 74.6942 31.3
      vertex 160.051 74.2725 31.3
    endloop
  endfacet
  facet normal 0 0 1
    outer loop
      vertex 162.931 74.6942 31.3
      vertex 159.347 74.976 31.3
      vertex 159.769 74.6942 31.3
    endloop
  endfacet
  facet normal 0 0 1
    outer loop
      vertex 163.353 74.976 31.3
      vertex 159.347 74.976 31.3
      vertex 162.931 74.6942 31.3
    endloop
  endfacet
  facet normal 0 0 1
    outer loop
      vertex 153.85 75.075 31.3
      vertex 158.85 75.075 31.3
      vertex 184.65 89.725 31.3
    endloop
  endfacet
  facet normal 0 0 1
    outer loop
      vertex 155.15 61.275 31.3
      vertex 157.55 61.275 31.3
      vertex 157.55 73.775 31.3
    endloop
  endfacet
  facet normal 0 0 1
    outer loop
      vertex 157.55 61.275 31.3
      vertex 156.411 49.8988 31.3
      vertex 156.42 49.6775 31.3
    endloop
  endfacet
  facet normal 0 0 1
    outer loop
      vertex 157.55 61.275 31.3
      vertex 156.385 50.1017 31.3
      vertex 156.411 49.8988 31.3
    endloop
  endfacet
  facet normal 0 0 1
    outer loop
      vertex 157.55 61.275 31.3
      vertex 156.342 50.2861 31.3
      vertex 156.385 50.1017 31.3
    endloop
  endfacet
  facet normal 0 0 1
    outer loop
      vertex 155.051 60.7775 31.3
      vertex 157.55 61.275 31.3
      vertex 155.15 61.275 31.3
    endloop
  endfacet
  facet normal 0 0 1
    outer loop
      vertex 157.55 61.275 31.3
      vertex 156.281 50.4521 31.3
      vertex 156.342 50.2861 31.3
    endloop
  endfacet
  facet normal 0 0 1
    outer loop
      vertex 154.769 60.3558 31.3
      vertex 157.55 61.275 31.3
      vertex 155.051 60.7775 31.3
    endloop
  endfacet
  facet normal 0 0 1
    outer loop
      vertex 157.55 61.275 31.3
      vertex 156.203 50.5996 31.3
      vertex 156.281 50.4521 31.3
    endloop
  endfacet
  facet normal 0 0 1
    outer loop
      vertex 157.55 61.275 31.3
      vertex 156.108 50.7286 31.3
      vertex 156.203 50.5996 31.3
    endloop
  endfacet
  facet normal 0 0 1
    outer loop
      vertex 157.55 61.275 31.3
      vertex 155.996 50.8384 31.3
      vertex 156.108 50.7286 31.3
    endloop
  endfacet
  facet normal 0 0 1
    outer loop
      vertex 154.046 52.3833 31.3
      vertex 157.55 61.275 31.3
      vertex 154.769 60.3558 31.3
    endloop
  endfacet
  facet normal 0 0 1
    outer loop
      vertex 157.55 61.275 31.3
      vertex 155.87 50.9283 31.3
      vertex 155.996 50.8384 31.3
    endloop
  endfacet
  facet normal 0 0 1
    outer loop
      vertex 157.55 61.275 31.3
      vertex 154.046 52.3833 31.3
      vertex 155.87 50.9283 31.3
    endloop
  endfacet
  facet normal 0 0 1
    outer loop
      vertex 155.15 61.275 31.3
      vertex 157.55 73.775 31.3
      vertex 155.15 73.775 31.3
    endloop
  endfacet
  facet normal 0 0 1
    outer loop
      vertex 157.649 74.2725 31.3
      vertex 155.15 73.775 31.3
      vertex 157.55 73.775 31.3
    endloop
  endfacet
  facet normal 0 0 1
    outer loop
      vertex 155.051 74.2725 31.3
      vertex 157.649 74.2725 31.3
      vertex 157.931 74.6942 31.3
    endloop
  endfacet
  facet normal 0 0 1
    outer loop
      vertex 154.769 74.6942 31.3
      vertex 157.931 74.6942 31.3
      vertex 158.353 74.976 31.3
    endloop
  endfacet
  facet normal 0 0 1
    outer loop
      vertex 158.85 75.075 31.3
      vertex 153.85 75.075 31.3
      vertex 158.353 74.976 31.3
    endloop
  endfacet
  facet normal 0 0 1
    outer loop
      vertex 157.649 74.2725 31.3
      vertex 155.051 74.2725 31.3
      vertex 155.15 73.775 31.3
    endloop
  endfacet
  facet normal 0 0 1
    outer loop
      vertex 157.931 74.6942 31.3
      vertex 154.769 74.6942 31.3
      vertex 155.051 74.2725 31.3
    endloop
  endfacet
  facet normal 0 0 1
    outer loop
      vertex 158.353 74.976 31.3
      vertex 154.347 74.976 31.3
      vertex 154.769 74.6942 31.3
    endloop
  endfacet
  facet normal 0 0 1
    outer loop
      vertex 158.353 74.976 31.3
      vertex 153.85 75.075 31.3
      vertex 154.347 74.976 31.3
    endloop
  endfacet
  facet normal 0 0 1
    outer loop
      vertex 148.85 75.075 31.3
      vertex 153.85 75.075 31.3
      vertex 184.65 89.725 31.3
    endloop
  endfacet
  facet normal -0 0 1
    outer loop
      vertex 150.15 73.775 31.3
      vertex 152.55 61.275 31.3
      vertex 152.55 73.775 31.3
    endloop
  endfacet
  facet normal 0 0 1
    outer loop
      vertex 152.55 61.275 31.3
      vertex 152.468 49.864 31.3
      vertex 152.496 48.5722 31.3
    endloop
  endfacet
  facet normal 0 0 1
    outer loop
      vertex 152.55 61.275 31.3
      vertex 152.424 50.0481 31.3
      vertex 152.468 49.864 31.3
    endloop
  endfacet
  facet normal 0 0 1
    outer loop
      vertex 152.55 61.275 31.3
      vertex 152.361 50.2185 31.3
      vertex 152.424 50.0481 31.3
    endloop
  endfacet
  facet normal 0 0 1
    outer loop
      vertex 152.55 61.275 31.3
      vertex 152.281 50.3751 31.3
      vertex 152.361 50.2185 31.3
    endloop
  endfacet
  facet normal 0 0 1
    outer loop
      vertex 152.55 61.275 31.3
      vertex 152.184 50.518 31.3
      vertex 152.281 50.3751 31.3
    endloop
  endfacet
  facet normal 0 0 1
    outer loop
      vertex 152.55 61.275 31.3
      vertex 152.069 50.6471 31.3
      vertex 152.184 50.518 31.3
    endloop
  endfacet
  facet normal 0 0 1
    outer loop
      vertex 152.55 61.275 31.3
      vertex 151.936 50.7625 31.3
      vertex 152.069 50.6471 31.3
    endloop
  endfacet
  facet normal 0 0 1
    outer loop
      vertex 152.55 61.275 31.3
      vertex 151.789 50.862 31.3
      vertex 151.936 50.7625 31.3
    endloop
  endfacet
  facet normal 0 0 1
    outer loop
      vertex 152.55 61.275 31.3
      vertex 151.629 50.9433 31.3
      vertex 151.789 50.862 31.3
    endloop
  endfacet
  facet normal 0 0 1
    outer loop
      vertex 152.55 61.275 31.3
      vertex 151.456 51.0066 31.3
      vertex 151.629 50.9433 31.3
    endloop
  endfacet
  facet normal -0 0 1
    outer loop
      vertex 149.769 60.3558 31.3
      vertex 151.456 51.0066 31.3
      vertex 152.55 61.275 31.3
    endloop
  endfacet
  facet normal 0 0 1
    outer loop
      vertex 149.769 60.3558 31.3
      vertex 152.55 61.275 31.3
      vertex 150.051 60.7775 31.3
    endloop
  endfacet
  facet normal 0 0 1
    outer loop
      vertex 150.051 60.7775 31.3
      vertex 152.55 61.275 31.3
      vertex 150.15 61.275 31.3
    endloop
  endfacet
  facet normal 0 0 1
    outer loop
      vertex 150.15 61.275 31.3
      vertex 152.55 61.275 31.3
      vertex 150.15 73.775 31.3
    endloop
  endfacet
  facet normal 0 0 1
    outer loop
      vertex 151.456 51.0066 31.3
      vertex 149.769 60.3558 31.3
      vertex 151.272 51.0518 31.3
    endloop
  endfacet
  facet normal -0 0 1
    outer loop
      vertex 149.347 60.074 31.3
      vertex 151.272 51.0518 31.3
      vertex 149.769 60.3558 31.3
    endloop
  endfacet
  facet normal 0 0 1
    outer loop
      vertex 152.649 74.2725 31.3
      vertex 150.15 73.775 31.3
      vertex 152.55 73.775 31.3
    endloop
  endfacet
  facet normal 0 0 1
    outer loop
      vertex 150.051 74.2725 31.3
      vertex 152.649 74.2725 31.3
      vertex 152.931 74.6942 31.3
    endloop
  endfacet
  facet normal 0 0 1
    outer loop
      vertex 149.769 74.6942 31.3
      vertex 152.931 74.6942 31.3
      vertex 153.353 74.976 31.3
    endloop
  endfacet
  facet normal 0 0 1
    outer loop
      vertex 153.85 75.075 31.3
      vertex 148.85 75.075 31.3
      vertex 153.353 74.976 31.3
    endloop
  endfacet
  facet normal 0 0 1
    outer loop
      vertex 152.649 74.2725 31.3
      vertex 150.051 74.2725 31.3
      vertex 150.15 73.775 31.3
    endloop
  endfacet
  facet normal 0 0 1
    outer loop
      vertex 152.931 74.6942 31.3
      vertex 149.769 74.6942 31.3
      vertex 150.051 74.2725 31.3
    endloop
  endfacet
  facet normal 0 0 1
    outer loop
      vertex 153.353 74.976 31.3
      vertex 149.347 74.976 31.3
      vertex 149.769 74.6942 31.3
    endloop
  endfacet
  facet normal 0 0 1
    outer loop
      vertex 153.353 74.976 31.3
      vertex 148.85 75.075 31.3
      vertex 149.347 74.976 31.3
    endloop
  endfacet
  facet normal 0 0 1
    outer loop
      vertex 143.85 75.075 31.3
      vertex 148.85 75.075 31.3
      vertex 184.65 89.725 31.3
    endloop
  endfacet
  facet normal -0 0 1
    outer loop
      vertex 145.15 73.775 31.3
      vertex 147.55 61.275 31.3
      vertex 147.55 73.775 31.3
    endloop
  endfacet
  facet normal 0 0 1
    outer loop
      vertex 145.15 61.275 31.3
      vertex 147.55 61.275 31.3
      vertex 145.15 73.775 31.3
    endloop
  endfacet
  facet normal 0 0 1
    outer loop
      vertex 147.474 51.8815 31.3
      vertex 146.664 51.0202 31.3
      vertex 147.176 51.0202 31.3
    endloop
  endfacet
  facet normal -0 0 1
    outer loop
      vertex 146.034 50.4852 31.3
      vertex 146.664 50.376 31.3
      vertex 146.664 51.0202 31.3
    endloop
  endfacet
  facet normal -0 -0 1
    outer loop
      vertex 146.203 48.339 31.3
      vertex 146.713 47.9144 31.3
      vertex 146.201 48.4366 31.3
    endloop
  endfacet
  facet normal 0 0 1
    outer loop
      vertex 146.713 47.9144 31.3
      vertex 146.203 48.339 31.3
      vertex 146.679 47.9082 31.3
    endloop
  endfacet
  facet normal 0 0 1
    outer loop
      vertex 146.679 47.9082 31.3
      vertex 146.209 48.2522 31.3
      vertex 146.645 47.9031 31.3
    endloop
  endfacet
  facet normal 0 0 1
    outer loop
      vertex 145.051 60.7775 31.3
      vertex 147.55 61.275 31.3
      vertex 145.15 61.275 31.3
    endloop
  endfacet
  facet normal 0 0 1
    outer loop
      vertex 146.664 50.376 31.3
      vertex 146.191 49.9747 31.3
      vertex 146.201 49.7725 31.3
    endloop
  endfacet
  facet normal 0 0 1
    outer loop
      vertex 146.645 47.9031 31.3
      vertex 146.209 48.2522 31.3
      vertex 146.61 47.8992 31.3
    endloop
  endfacet
  facet normal -0 -0 1
    outer loop
      vertex 146.219 48.1759 31.3
      vertex 146.61 47.8992 31.3
      vertex 146.209 48.2522 31.3
    endloop
  endfacet
  facet normal 0 0 1
    outer loop
      vertex 146.61 47.8992 31.3
      vertex 146.219 48.1759 31.3
      vertex 146.575 47.8963 31.3
    endloop
  endfacet
  facet normal 0 0 1
    outer loop
      vertex 146.575 47.8963 31.3
      vertex 146.219 48.1759 31.3
      vertex 146.539 47.8946 31.3
    endloop
  endfacet
  facet normal 0 0 1
    outer loop
      vertex 146.539 47.8946 31.3
      vertex 146.232 48.1103 31.3
      vertex 146.503 47.8941 31.3
    endloop
  endfacet
  facet normal -0 -0 1
    outer loop
      vertex 146.249 48.0553 31.3
      vertex 146.503 47.8941 31.3
      vertex 146.232 48.1103 31.3
    endloop
  endfacet
  facet normal 0 0 1
    outer loop
      vertex 146.503 47.8941 31.3
      vertex 146.249 48.0553 31.3
      vertex 146.451 47.8973 31.3
    endloop
  endfacet
  facet normal 0 0 1
    outer loop
      vertex 146.451 47.8973 31.3
      vertex 146.249 48.0553 31.3
      vertex 146.405 47.9071 31.3
    endloop
  endfacet
  facet normal -0 -0 1
    outer loop
      vertex 146.271 48.011 31.3
      vertex 146.405 47.9071 31.3
      vertex 146.249 48.0553 31.3
    endloop
  endfacet
  facet normal 0 0 1
    outer loop
      vertex 146.405 47.9071 31.3
      vertex 146.271 48.011 31.3
      vertex 146.363 47.9233 31.3
    endloop
  endfacet
  facet normal 0 0 1
    outer loop
      vertex 146.363 47.9233 31.3
      vertex 146.271 48.011 31.3
      vertex 146.327 47.9461 31.3
    endloop
  endfacet
  facet normal 0 0 1
    outer loop
      vertex 146.327 47.9461 31.3
      vertex 146.271 48.011 31.3
      vertex 146.296 47.9753 31.3
    endloop
  endfacet
  facet normal -0 -0 1
    outer loop
      vertex 146.232 48.1103 31.3
      vertex 146.539 47.8946 31.3
      vertex 146.219 48.1759 31.3
    endloop
  endfacet
  facet normal 0 0 1
    outer loop
      vertex 146.664 50.376 31.3
      vertex 146.159 50.1609 31.3
      vertex 146.191 49.9747 31.3
    endloop
  endfacet
  facet normal 0 0 1
    outer loop
      vertex 146.664 50.376 31.3
      vertex 146.107 50.3311 31.3
      vertex 146.159 50.1609 31.3
    endloop
  endfacet
  facet normal 0 0 1
    outer loop
      vertex 146.664 50.376 31.3
      vertex 146.034 50.4852 31.3
      vertex 146.107 50.3311 31.3
    endloop
  endfacet
  facet normal 0 0 1
    outer loop
      vertex 146.664 51.0202 31.3
      vertex 145.94 50.6234 31.3
      vertex 146.034 50.4852 31.3
    endloop
  endfacet
  facet normal 0 0 1
    outer loop
      vertex 146.664 51.0202 31.3
      vertex 145.825 50.7456 31.3
      vertex 145.94 50.6234 31.3
    endloop
  endfacet
  facet normal 0 0 1
    outer loop
      vertex 146.664 51.0202 31.3
      vertex 145.69 50.8502 31.3
      vertex 145.825 50.7456 31.3
    endloop
  endfacet
  facet normal 0 0 1
    outer loop
      vertex 146.664 51.0202 31.3
      vertex 145.538 50.9358 31.3
      vertex 145.69 50.8502 31.3
    endloop
  endfacet
  facet normal 0 0 1
    outer loop
      vertex 146.664 51.0202 31.3
      vertex 145.369 51.0024 31.3
      vertex 145.538 50.9358 31.3
    endloop
  endfacet
  facet normal 0 0 1
    outer loop
      vertex 147.474 51.8815 31.3
      vertex 145.369 51.0024 31.3
      vertex 146.664 51.0202 31.3
    endloop
  endfacet
  facet normal 0 -0 1
    outer loop
      vertex 145.369 51.0024 31.3
      vertex 147.474 51.8815 31.3
      vertex 145.181 51.0499 31.3
    endloop
  endfacet
  facet normal 0 0 1
    outer loop
      vertex 147.649 74.2725 31.3
      vertex 145.15 73.775 31.3
      vertex 147.55 73.775 31.3
    endloop
  endfacet
  facet normal 0 0 1
    outer loop
      vertex 145.051 74.2725 31.3
      vertex 147.649 74.2725 31.3
      vertex 147.931 74.6942 31.3
    endloop
  endfacet
  facet normal 0 0 1
    outer loop
      vertex 144.769 74.6942 31.3
      vertex 147.931 74.6942 31.3
      vertex 148.353 74.976 31.3
    endloop
  endfacet
  facet normal 0 0 1
    outer loop
      vertex 148.85 75.075 31.3
      vertex 143.85 75.075 31.3
      vertex 148.353 74.976 31.3
    endloop
  endfacet
  facet normal 0 0 1
    outer loop
      vertex 147.649 74.2725 31.3
      vertex 145.051 74.2725 31.3
      vertex 145.15 73.775 31.3
    endloop
  endfacet
  facet normal 0 0 1
    outer loop
      vertex 147.931 74.6942 31.3
      vertex 144.769 74.6942 31.3
      vertex 145.051 74.2725 31.3
    endloop
  endfacet
  facet normal 0 0 1
    outer loop
      vertex 148.353 74.976 31.3
      vertex 144.347 74.976 31.3
      vertex 144.769 74.6942 31.3
    endloop
  endfacet
  facet normal 0 0 1
    outer loop
      vertex 148.353 74.976 31.3
      vertex 143.85 75.075 31.3
      vertex 144.347 74.976 31.3
    endloop
  endfacet
  facet normal -0 0 1
    outer loop
      vertex 105.58 89.725 31.3
      vertex 143.85 75.075 31.3
      vertex 184.65 89.725 31.3
    endloop
  endfacet
  facet normal -0 0 1
    outer loop
      vertex 140.15 73.775 31.3
      vertex 142.55 61.275 31.3
      vertex 142.55 73.775 31.3
    endloop
  endfacet
  facet normal 0 0 1
    outer loop
      vertex 143.353 60.074 31.3
      vertex 140.506 52.129 31.3
      vertex 142.191 52.129 31.3
    endloop
  endfacet
  facet normal 0 -0 1
    outer loop
      vertex 141.11 49.586 31.3
      vertex 142.191 52.129 31.3
      vertex 140.506 52.129 31.3
    endloop
  endfacet
  facet normal 0 0 1
    outer loop
      vertex 142.191 52.129 31.3
      vertex 141.11 49.586 31.3
      vertex 141.615 49.4707 31.3
    endloop
  endfacet
  facet normal 0 0 1
    outer loop
      vertex 141.435 48.6909 31.3
      vertex 141.297 48.6121 31.3
      vertex 141.351 48.2976 31.3
    endloop
  endfacet
  facet normal 0 0 1
    outer loop
      vertex 141.435 48.6909 31.3
      vertex 141.248 48.8868 31.3
      vertex 141.297 48.6121 31.3
    endloop
  endfacet
  facet normal 0 0 1
    outer loop
      vertex 141.615 49.4707 31.3
      vertex 141.248 48.8868 31.3
      vertex 141.435 48.6909 31.3
    endloop
  endfacet
  facet normal 0 -0 1
    outer loop
      vertex 141.248 48.8868 31.3
      vertex 141.615 49.4707 31.3
      vertex 141.206 49.1215 31.3
    endloop
  endfacet
  facet normal 0 -0 1
    outer loop
      vertex 141.206 49.1215 31.3
      vertex 141.615 49.4707 31.3
      vertex 141.168 49.3162 31.3
    endloop
  endfacet
  facet normal 0 -0 1
    outer loop
      vertex 141.168 49.3162 31.3
      vertex 141.615 49.4707 31.3
      vertex 141.136 49.4711 31.3
    endloop
  endfacet
  facet normal -0 -0 1
    outer loop
      vertex 141.136 49.4711 31.3
      vertex 141.615 49.4707 31.3
      vertex 141.11 49.586 31.3
    endloop
  endfacet
  facet normal 0 0 1
    outer loop
      vertex 140.15 61.275 31.3
      vertex 142.55 61.275 31.3
      vertex 140.15 73.775 31.3
    endloop
  endfacet
  facet normal 0 0 1
    outer loop
      vertex 142.649 74.2725 31.3
      vertex 140.15 73.775 31.3
      vertex 142.55 73.775 31.3
    endloop
  endfacet
  facet normal 0 0 1
    outer loop
      vertex 140.051 74.2725 31.3
      vertex 142.649 74.2725 31.3
      vertex 142.931 74.6942 31.3
    endloop
  endfacet
  facet normal 0 0 1
    outer loop
      vertex 139.769 74.6942 31.3
      vertex 142.931 74.6942 31.3
      vertex 143.353 74.976 31.3
    endloop
  endfacet
  facet normal 0 0 1
    outer loop
      vertex 142.649 74.2725 31.3
      vertex 140.051 74.2725 31.3
      vertex 140.15 73.775 31.3
    endloop
  endfacet
  facet normal 0 -0 1
    outer loop
      vertex 138.85 75.075 31.3
      vertex 143.85 75.075 31.3
      vertex 105.58 89.725 31.3
    endloop
  endfacet
  facet normal 0 0 1
    outer loop
      vertex 142.931 74.6942 31.3
      vertex 139.769 74.6942 31.3
      vertex 140.051 74.2725 31.3
    endloop
  endfacet
  facet normal 0 0 1
    outer loop
      vertex 143.353 74.976 31.3
      vertex 139.347 74.976 31.3
      vertex 139.769 74.6942 31.3
    endloop
  endfacet
  facet normal 0 0 1
    outer loop
      vertex 143.353 74.976 31.3
      vertex 138.85 75.075 31.3
      vertex 139.347 74.976 31.3
    endloop
  endfacet
  facet normal 0 0 1
    outer loop
      vertex 143.85 75.075 31.3
      vertex 138.85 75.075 31.3
      vertex 143.353 74.976 31.3
    endloop
  endfacet
  facet normal 0 0 1
    outer loop
      vertex 135.15 61.275 31.3
      vertex 137.55 61.275 31.3
      vertex 137.55 73.775 31.3
    endloop
  endfacet
  facet normal 0 0 1
    outer loop
      vertex 135.051 60.7775 31.3
      vertex 137.55 61.275 31.3
      vertex 135.15 61.275 31.3
    endloop
  endfacet
  facet normal 0 0 1
    outer loop
      vertex 137.649 60.7775 31.3
      vertex 135.051 60.7775 31.3
      vertex 134.769 60.3558 31.3
    endloop
  endfacet
  facet normal 0 0 1
    outer loop
      vertex 137.931 60.3558 31.3
      vertex 134.769 60.3558 31.3
      vertex 134.347 60.074 31.3
    endloop
  endfacet
  facet normal 0 0 1
    outer loop
      vertex 135.15 61.275 31.3
      vertex 137.55 73.775 31.3
      vertex 135.15 73.775 31.3
    endloop
  endfacet
  facet normal 0 0 1
    outer loop
      vertex 137.649 74.2725 31.3
      vertex 135.15 73.775 31.3
      vertex 137.55 73.775 31.3
    endloop
  endfacet
  facet normal 0 0 1
    outer loop
      vertex 135.051 74.2725 31.3
      vertex 137.649 74.2725 31.3
      vertex 137.931 74.6942 31.3
    endloop
  endfacet
  facet normal 0 0 1
    outer loop
      vertex 134.769 74.6942 31.3
      vertex 137.931 74.6942 31.3
      vertex 138.353 74.976 31.3
    endloop
  endfacet
  facet normal 0 0 1
    outer loop
      vertex 137.649 74.2725 31.3
      vertex 135.051 74.2725 31.3
      vertex 135.15 73.775 31.3
    endloop
  endfacet
  facet normal 0 -0 1
    outer loop
      vertex 133.85 75.075 31.3
      vertex 138.85 75.075 31.3
      vertex 105.58 89.725 31.3
    endloop
  endfacet
  facet normal 0 0 1
    outer loop
      vertex 137.931 74.6942 31.3
      vertex 134.769 74.6942 31.3
      vertex 135.051 74.2725 31.3
    endloop
  endfacet
  facet normal 0 0 1
    outer loop
      vertex 138.353 74.976 31.3
      vertex 134.347 74.976 31.3
      vertex 134.769 74.6942 31.3
    endloop
  endfacet
  facet normal 0 0 1
    outer loop
      vertex 138.353 74.976 31.3
      vertex 133.85 75.075 31.3
      vertex 134.347 74.976 31.3
    endloop
  endfacet
  facet normal 0 0 1
    outer loop
      vertex 138.85 75.075 31.3
      vertex 133.85 75.075 31.3
      vertex 138.353 74.976 31.3
    endloop
  endfacet
  facet normal 0 0 1
    outer loop
      vertex 125.557 52.129 31.3
      vertex 132.55 61.275 31.3
      vertex 132.55 73.775 31.3
    endloop
  endfacet
  facet normal 0 0 1
    outer loop
      vertex 132.762 47.8973 31.3
      vertex 132.56 48.0553 31.3
      vertex 132.716 47.9071 31.3
    endloop
  endfacet
  facet normal -0 -0 1
    outer loop
      vertex 132.581 48.011 31.3
      vertex 132.716 47.9071 31.3
      vertex 132.56 48.0553 31.3
    endloop
  endfacet
  facet normal 0 0 1
    outer loop
      vertex 132.674 47.9233 31.3
      vertex 132.581 48.011 31.3
      vertex 132.638 47.9461 31.3
    endloop
  endfacet
  facet normal 0 0 1
    outer loop
      vertex 132.638 47.9461 31.3
      vertex 132.581 48.011 31.3
      vertex 132.607 47.9753 31.3
    endloop
  endfacet
  facet normal 0 0 1
    outer loop
      vertex 132.885 47.8963 31.3
      vertex 132.529 48.1759 31.3
      vertex 132.85 47.8946 31.3
    endloop
  endfacet
  facet normal 0 0 1
    outer loop
      vertex 133.374 52.3833 31.3
      vertex 132.47 50.1609 31.3
      vertex 132.501 49.9747 31.3
    endloop
  endfacet
  facet normal 0 0 1
    outer loop
      vertex 133.374 52.3833 31.3
      vertex 132.418 50.3311 31.3
      vertex 132.47 50.1609 31.3
    endloop
  endfacet
  facet normal 0 0 1
    outer loop
      vertex 133.374 52.3833 31.3
      vertex 132.345 50.4852 31.3
      vertex 132.418 50.3311 31.3
    endloop
  endfacet
  facet normal 0 0 1
    outer loop
      vertex 133.374 52.3833 31.3
      vertex 132.251 50.6234 31.3
      vertex 132.345 50.4852 31.3
    endloop
  endfacet
  facet normal 0 0 1
    outer loop
      vertex 133.374 52.3833 31.3
      vertex 132.136 50.7456 31.3
      vertex 132.251 50.6234 31.3
    endloop
  endfacet
  facet normal 0 0 1
    outer loop
      vertex 133.374 52.3833 31.3
      vertex 132.001 50.8502 31.3
      vertex 132.136 50.7456 31.3
    endloop
  endfacet
  facet normal 0 0 1
    outer loop
      vertex 133.374 52.3833 31.3
      vertex 131.849 50.9358 31.3
      vertex 132.001 50.8502 31.3
    endloop
  endfacet
  facet normal 0 -0 1
    outer loop
      vertex 131.287 51.0785 31.3
      vertex 133.374 52.3833 31.3
      vertex 129.646 52.129 31.3
    endloop
  endfacet
  facet normal 0 0 1
    outer loop
      vertex 133.374 52.3833 31.3
      vertex 131.68 51.0024 31.3
      vertex 131.849 50.9358 31.3
    endloop
  endfacet
  facet normal 0 0 1
    outer loop
      vertex 133.374 52.3833 31.3
      vertex 131.492 51.0499 31.3
      vertex 131.68 51.0024 31.3
    endloop
  endfacet
  facet normal 0 0 1
    outer loop
      vertex 133.374 52.3833 31.3
      vertex 131.287 51.0785 31.3
      vertex 131.492 51.0499 31.3
    endloop
  endfacet
  facet normal 0 0 1
    outer loop
      vertex 131.287 51.0785 31.3
      vertex 129.646 52.129 31.3
      vertex 131.064 51.088 31.3
    endloop
  endfacet
  facet normal 0 0 1
    outer loop
      vertex 131.064 51.088 31.3
      vertex 129.646 52.129 31.3
      vertex 130.843 51.0803 31.3
    endloop
  endfacet
  facet normal 0 0 1
    outer loop
      vertex 130.843 51.0803 31.3
      vertex 129.646 52.129 31.3
      vertex 130.637 51.0573 31.3
    endloop
  endfacet
  facet normal 0 0 1
    outer loop
      vertex 130.637 51.0573 31.3
      vertex 129.646 52.129 31.3
      vertex 130.448 51.0189 31.3
    endloop
  endfacet
  facet normal -0 0 1
    outer loop
      vertex 129.646 51.3559 31.3
      vertex 130.448 51.0189 31.3
      vertex 129.646 52.129 31.3
    endloop
  endfacet
  facet normal 0 0 1
    outer loop
      vertex 130.448 51.0189 31.3
      vertex 129.646 51.3559 31.3
      vertex 130.275 50.9652 31.3
    endloop
  endfacet
  facet normal 0 0 1
    outer loop
      vertex 130.275 50.9652 31.3
      vertex 129.646 51.3559 31.3
      vertex 130.118 50.8961 31.3
    endloop
  endfacet
  facet normal 0 0 1
    outer loop
      vertex 130.118 50.8961 31.3
      vertex 129.646 51.3559 31.3
      vertex 129.977 50.8117 31.3
    endloop
  endfacet
  facet normal 0 0 1
    outer loop
      vertex 129.977 50.8117 31.3
      vertex 129.646 51.3559 31.3
      vertex 129.853 50.7123 31.3
    endloop
  endfacet
  facet normal 0 0 1
    outer loop
      vertex 129.853 50.7123 31.3
      vertex 129.646 51.3559 31.3
      vertex 129.746 50.5986 31.3
    endloop
  endfacet
  facet normal 0 0 1
    outer loop
      vertex 132.649 60.7775 31.3
      vertex 125.557 52.129 31.3
      vertex 129.646 52.129 31.3
    endloop
  endfacet
  facet normal 0 0 1
    outer loop
      vertex 104.38 88.525 31.3
      vertex 132.55 73.775 31.3
      vertex 132.649 74.2725 31.3
    endloop
  endfacet
  facet normal 0 0 1
    outer loop
      vertex 132.55 73.775 31.3
      vertex 104.38 88.525 31.3
      vertex 125.557 52.129 31.3
    endloop
  endfacet
  facet normal -0 0 1
    outer loop
      vertex 104.38 88.525 31.3
      vertex 132.649 74.2725 31.3
      vertex 105.58 89.725 31.3
    endloop
  endfacet
  facet normal 0 0 1
    outer loop
      vertex 132.931 74.6942 31.3
      vertex 105.58 89.725 31.3
      vertex 132.649 74.2725 31.3
    endloop
  endfacet
  facet normal 0 0 1
    outer loop
      vertex 133.353 74.976 31.3
      vertex 105.58 89.725 31.3
      vertex 132.931 74.6942 31.3
    endloop
  endfacet
  facet normal 0 0 1
    outer loop
      vertex 133.85 75.075 31.3
      vertex 105.58 89.725 31.3
      vertex 133.353 74.976 31.3
    endloop
  endfacet
  facet normal 0 0 1
    outer loop
      vertex 185.195 38.4058 31.3
      vertex 184.65 38.275 31.3
      vertex 185.021 38.3337 31.3
    endloop
  endfacet
  facet normal 0 0 1
    outer loop
      vertex 185.021 38.3337 31.3
      vertex 184.65 38.275 31.3
      vertex 184.838 38.2898 31.3
    endloop
  endfacet
  facet normal 0 0 1
    outer loop
      vertex 185.791 39.1042 31.3
      vertex 184.65 38.275 31.3
      vertex 185.719 38.9302 31.3
    endloop
  endfacet
  facet normal -0 0 1
    outer loop
      vertex 164.347 60.074 31.3
      vertex 184.65 38.275 31.3
      vertex 164.769 60.3558 31.3
    endloop
  endfacet
  facet normal 0 0 1
    outer loop
      vertex 156.42 49.6775 31.3
      vertex 164.347 60.074 31.3
      vertex 163.85 59.975 31.3
    endloop
  endfacet
  facet normal 0 0 1
    outer loop
      vertex 156.42 49.6775 31.3
      vertex 163.85 59.975 31.3
      vertex 163.353 60.074 31.3
    endloop
  endfacet
  facet normal 0 0 1
    outer loop
      vertex 159.347 60.074 31.3
      vertex 163.353 60.074 31.3
      vertex 162.931 60.3558 31.3
    endloop
  endfacet
  facet normal 0 0 1
    outer loop
      vertex 160.15 61.275 31.3
      vertex 162.55 61.275 31.3
      vertex 160.15 73.775 31.3
    endloop
  endfacet
  facet normal -0 0 1
    outer loop
      vertex 160.15 61.275 31.3
      vertex 162.649 60.7775 31.3
      vertex 162.55 61.275 31.3
    endloop
  endfacet
  facet normal 0 0 1
    outer loop
      vertex 160.051 60.7775 31.3
      vertex 162.649 60.7775 31.3
      vertex 160.15 61.275 31.3
    endloop
  endfacet
  facet normal 0 0 1
    outer loop
      vertex 162.649 60.7775 31.3
      vertex 160.051 60.7775 31.3
      vertex 162.931 60.3558 31.3
    endloop
  endfacet
  facet normal 0 0 1
    outer loop
      vertex 159.769 60.3558 31.3
      vertex 162.931 60.3558 31.3
      vertex 160.051 60.7775 31.3
    endloop
  endfacet
  facet normal 0 0 1
    outer loop
      vertex 159.347 60.074 31.3
      vertex 162.931 60.3558 31.3
      vertex 159.769 60.3558 31.3
    endloop
  endfacet
  facet normal 0 0 1
    outer loop
      vertex 163.353 60.074 31.3
      vertex 159.347 60.074 31.3
      vertex 156.42 49.6775 31.3
    endloop
  endfacet
  facet normal 0 0 1
    outer loop
      vertex 156.42 49.6775 31.3
      vertex 159.347 60.074 31.3
      vertex 158.85 59.975 31.3
    endloop
  endfacet
  facet normal 0 0 1
    outer loop
      vertex 156.42 49.6775 31.3
      vertex 158.85 59.975 31.3
      vertex 158.353 60.074 31.3
    endloop
  endfacet
  facet normal 0 0 1
    outer loop
      vertex 156.42 49.6775 31.3
      vertex 158.353 60.074 31.3
      vertex 157.931 60.3558 31.3
    endloop
  endfacet
  facet normal 0 0 1
    outer loop
      vertex 156.42 49.6775 31.3
      vertex 157.649 60.7775 31.3
      vertex 157.55 61.275 31.3
    endloop
  endfacet
  facet normal 0 0 1
    outer loop
      vertex 156.42 49.6775 31.3
      vertex 157.931 60.3558 31.3
      vertex 157.649 60.7775 31.3
    endloop
  endfacet
  facet normal 0 0 1
    outer loop
      vertex 164.347 60.074 31.3
      vertex 156.42 49.6775 31.3
      vertex 156.42 47.3516 31.3
    endloop
  endfacet
  facet normal 0 0 1
    outer loop
      vertex 164.347 60.074 31.3
      vertex 156.42 47.3516 31.3
      vertex 184.65 38.275 31.3
    endloop
  endfacet
  facet normal -0 0 1
    outer loop
      vertex 155.47 47.3516 31.3
      vertex 184.65 38.275 31.3
      vertex 156.42 47.3516 31.3
    endloop
  endfacet
  facet normal 0 0 1
    outer loop
      vertex 154.194 49.9724 31.3
      vertex 155.452 49.7015 31.3
      vertex 155.398 49.9431 31.3
    endloop
  endfacet
  facet normal 0 0 1
    outer loop
      vertex 154.816 50.3726 31.3
      vertex 155.398 49.9431 31.3
      vertex 155.307 50.131 31.3
    endloop
  endfacet
  facet normal 0 0 1
    outer loop
      vertex 155.016 50.3458 31.3
      vertex 155.307 50.131 31.3
      vertex 155.18 50.2652 31.3
    endloop
  endfacet
  facet normal 0 0 1
    outer loop
      vertex 155.307 50.131 31.3
      vertex 155.016 50.3458 31.3
      vertex 154.816 50.3726 31.3
    endloop
  endfacet
  facet normal -0 0 1
    outer loop
      vertex 154.704 50.3644 31.3
      vertex 155.398 49.9431 31.3
      vertex 154.816 50.3726 31.3
    endloop
  endfacet
  facet normal 0 0 1
    outer loop
      vertex 155.398 49.9431 31.3
      vertex 154.704 50.3644 31.3
      vertex 154.333 50.1666 31.3
    endloop
  endfacet
  facet normal 0 0 1
    outer loop
      vertex 154.333 50.1666 31.3
      vertex 154.704 50.3644 31.3
      vertex 154.6 50.3396 31.3
    endloop
  endfacet
  facet normal 0 0 1
    outer loop
      vertex 154.333 50.1666 31.3
      vertex 154.6 50.3396 31.3
      vertex 154.504 50.2984 31.3
    endloop
  endfacet
  facet normal 0 0 1
    outer loop
      vertex 154.333 50.1666 31.3
      vertex 154.504 50.2984 31.3
      vertex 154.414 50.2407 31.3
    endloop
  endfacet
  facet normal 0 0 1
    outer loop
      vertex 155.398 49.9431 31.3
      vertex 154.333 50.1666 31.3
      vertex 154.258 50.0759 31.3
    endloop
  endfacet
  facet normal 0 0 1
    outer loop
      vertex 155.398 49.9431 31.3
      vertex 154.258 50.0759 31.3
      vertex 154.194 49.9724 31.3
    endloop
  endfacet
  facet normal 0 0 1
    outer loop
      vertex 155.452 49.7015 31.3
      vertex 154.194 49.9724 31.3
      vertex 154.141 49.8595 31.3
    endloop
  endfacet
  facet normal 0 0 1
    outer loop
      vertex 155.452 49.7015 31.3
      vertex 154.141 49.8595 31.3
      vertex 154.099 49.7373 31.3
    endloop
  endfacet
  facet normal 0 0 1
    outer loop
      vertex 155.452 49.7015 31.3
      vertex 154.099 49.7373 31.3
      vertex 154.07 49.6058 31.3
    endloop
  endfacet
  facet normal 0 0 1
    outer loop
      vertex 155.47 49.4063 31.3
      vertex 154.07 49.6058 31.3
      vertex 154.052 49.4649 31.3
    endloop
  endfacet
  facet normal 0 0 1
    outer loop
      vertex 155.47 49.4063 31.3
      vertex 154.052 49.4649 31.3
      vertex 154.046 49.3147 31.3
    endloop
  endfacet
  facet normal 0 0 1
    outer loop
      vertex 155.47 49.4063 31.3
      vertex 154.046 49.3147 31.3
      vertex 155.47 47.3516 31.3
    endloop
  endfacet
  facet normal 0 0 1
    outer loop
      vertex 154.046 47.3516 31.3
      vertex 155.47 47.3516 31.3
      vertex 154.046 49.3147 31.3
    endloop
  endfacet
  facet normal -0 0 1
    outer loop
      vertex 154.046 47.3516 31.3
      vertex 184.65 38.275 31.3
      vertex 155.47 47.3516 31.3
    endloop
  endfacet
  facet normal -0 0 1
    outer loop
      vertex 153.094 47.3516 31.3
      vertex 184.65 38.275 31.3
      vertex 154.046 47.3516 31.3
    endloop
  endfacet
  facet normal 0 0 1
    outer loop
      vertex 152.496 48.5722 31.3
      vertex 153.094 52.3833 31.3
      vertex 152.649 60.7775 31.3
    endloop
  endfacet
  facet normal 0 0 1
    outer loop
      vertex 152.496 48.5722 31.3
      vertex 152.649 60.7775 31.3
      vertex 152.55 61.275 31.3
    endloop
  endfacet
  facet normal 0 0 1
    outer loop
      vertex 153.094 52.3833 31.3
      vertex 152.496 48.5722 31.3
      vertex 153.094 47.3516 31.3
    endloop
  endfacet
  facet normal -0 0 1
    outer loop
      vertex 152.474 48.449 31.3
      vertex 153.094 47.3516 31.3
      vertex 152.496 48.5722 31.3
    endloop
  endfacet
  facet normal -0 0 1
    outer loop
      vertex 152.443 48.3303 31.3
      vertex 153.094 47.3516 31.3
      vertex 152.474 48.449 31.3
    endloop
  endfacet
  facet normal -0 0 1
    outer loop
      vertex 152.403 48.2162 31.3
      vertex 153.094 47.3516 31.3
      vertex 152.443 48.3303 31.3
    endloop
  endfacet
  facet normal -0 0 1
    outer loop
      vertex 152.353 48.1065 31.3
      vertex 153.094 47.3516 31.3
      vertex 152.403 48.2162 31.3
    endloop
  endfacet
  facet normal -0 0 1
    outer loop
      vertex 152.294 48.0014 31.3
      vertex 153.094 47.3516 31.3
      vertex 152.353 48.1065 31.3
    endloop
  endfacet
  facet normal -0 0 1
    outer loop
      vertex 152.226 47.9008 31.3
      vertex 153.094 47.3516 31.3
      vertex 152.294 48.0014 31.3
    endloop
  endfacet
  facet normal -0 0 1
    outer loop
      vertex 152.149 47.8062 31.3
      vertex 153.094 47.3516 31.3
      vertex 152.226 47.9008 31.3
    endloop
  endfacet
  facet normal -0 0 1
    outer loop
      vertex 152.065 47.7191 31.3
      vertex 153.094 47.3516 31.3
      vertex 152.149 47.8062 31.3
    endloop
  endfacet
  facet normal -0 0 1
    outer loop
      vertex 151.973 47.6394 31.3
      vertex 153.094 47.3516 31.3
      vertex 152.065 47.7191 31.3
    endloop
  endfacet
  facet normal -0 0 1
    outer loop
      vertex 151.873 47.5671 31.3
      vertex 153.094 47.3516 31.3
      vertex 151.973 47.6394 31.3
    endloop
  endfacet
  facet normal -0 0 1
    outer loop
      vertex 151.766 47.5022 31.3
      vertex 153.094 47.3516 31.3
      vertex 151.873 47.5671 31.3
    endloop
  endfacet
  facet normal -0 0 1
    outer loop
      vertex 151.651 47.4448 31.3
      vertex 153.094 47.3516 31.3
      vertex 151.766 47.5022 31.3
    endloop
  endfacet
  facet normal -0 0 1
    outer loop
      vertex 151.53 47.3956 31.3
      vertex 153.094 47.3516 31.3
      vertex 151.651 47.4448 31.3
    endloop
  endfacet
  facet normal -0 0 1
    outer loop
      vertex 151.404 47.3554 31.3
      vertex 153.094 47.3516 31.3
      vertex 151.53 47.3956 31.3
    endloop
  endfacet
  facet normal 0 0 1
    outer loop
      vertex 151.273 47.324 31.3
      vertex 153.094 47.3516 31.3
      vertex 151.404 47.3554 31.3
    endloop
  endfacet
  facet normal 0 0 1
    outer loop
      vertex 151.137 47.3017 31.3
      vertex 153.094 47.3516 31.3
      vertex 151.273 47.324 31.3
    endloop
  endfacet
  facet normal 0 0 1
    outer loop
      vertex 150.997 47.2882 31.3
      vertex 153.094 47.3516 31.3
      vertex 151.137 47.3017 31.3
    endloop
  endfacet
  facet normal 0 0 1
    outer loop
      vertex 153.094 47.3516 31.3
      vertex 150.997 47.2882 31.3
      vertex 184.65 38.275 31.3
    endloop
  endfacet
  facet normal -0 0 1
    outer loop
      vertex 150.851 47.2838 31.3
      vertex 184.65 38.275 31.3
      vertex 150.997 47.2882 31.3
    endloop
  endfacet
  facet normal -0 0 1
    outer loop
      vertex 148.15 47.2937 31.3
      vertex 150.851 47.2838 31.3
      vertex 150.584 47.2976 31.3
    endloop
  endfacet
  facet normal -0 0 1
    outer loop
      vertex 148.429 47.3193 31.3
      vertex 150.584 47.2976 31.3
      vertex 150.337 47.339 31.3
    endloop
  endfacet
  facet normal 0 0 1
    outer loop
      vertex 149.121 49.4573 31.3
      vertex 148.806 47.9958 31.3
      vertex 149.108 49.1656 31.3
    endloop
  endfacet
  facet normal 0 0 1
    outer loop
      vertex 148.806 47.9958 31.3
      vertex 149.121 48.8803 31.3
      vertex 149.108 49.1656 31.3
    endloop
  endfacet
  facet normal 0 0 1
    outer loop
      vertex 148.806 47.9958 31.3
      vertex 149.159 48.6168 31.3
      vertex 149.121 48.8803 31.3
    endloop
  endfacet
  facet normal 0 0 1
    outer loop
      vertex 148.806 47.9958 31.3
      vertex 149.222 48.3751 31.3
      vertex 149.159 48.6168 31.3
    endloop
  endfacet
  facet normal 0 0 1
    outer loop
      vertex 148.806 47.9958 31.3
      vertex 149.31 48.1551 31.3
      vertex 149.222 48.3751 31.3
    endloop
  endfacet
  facet normal -0 0 1
    outer loop
      vertex 148.806 47.9958 31.3
      vertex 149.424 47.9569 31.3
      vertex 149.31 48.1551 31.3
    endloop
  endfacet
  facet normal 0 0 1
    outer loop
      vertex 148.806 47.4058 31.3
      vertex 149.424 47.9569 31.3
      vertex 148.806 47.9958 31.3
    endloop
  endfacet
  facet normal 0 0 1
    outer loop
      vertex 149.424 47.9569 31.3
      vertex 148.806 47.4058 31.3
      vertex 149.563 47.7805 31.3
    endloop
  endfacet
  facet normal 0 0 1
    outer loop
      vertex 149.563 47.7805 31.3
      vertex 148.806 47.4058 31.3
      vertex 149.725 47.6287 31.3
    endloop
  endfacet
  facet normal 0 0 1
    outer loop
      vertex 149.725 47.6287 31.3
      vertex 148.806 47.4058 31.3
      vertex 149.908 47.5045 31.3
    endloop
  endfacet
  facet normal 0 0 1
    outer loop
      vertex 149.908 47.5045 31.3
      vertex 148.806 47.4058 31.3
      vertex 150.112 47.408 31.3
    endloop
  endfacet
  facet normal -0 0 1
    outer loop
      vertex 148.806 47.4058 31.3
      vertex 150.337 47.339 31.3
      vertex 150.112 47.408 31.3
    endloop
  endfacet
  facet normal -0 0 1
    outer loop
      vertex 148.686 47.3706 31.3
      vertex 150.337 47.339 31.3
      vertex 148.806 47.4058 31.3
    endloop
  endfacet
  facet normal -0 0 1
    outer loop
      vertex 148.56 47.3418 31.3
      vertex 150.337 47.339 31.3
      vertex 148.686 47.3706 31.3
    endloop
  endfacet
  facet normal 0 0 1
    outer loop
      vertex 148.429 47.3193 31.3
      vertex 150.337 47.339 31.3
      vertex 148.56 47.3418 31.3
    endloop
  endfacet
  facet normal 0 0 1
    outer loop
      vertex 150.584 47.2976 31.3
      vertex 148.429 47.3193 31.3
      vertex 148.293 47.3033 31.3
    endloop
  endfacet
  facet normal 0 0 1
    outer loop
      vertex 150.584 47.2976 31.3
      vertex 148.293 47.3033 31.3
      vertex 148.15 47.2937 31.3
    endloop
  endfacet
  facet normal 0 0 1
    outer loop
      vertex 150.851 47.2838 31.3
      vertex 148.15 47.2937 31.3
      vertex 184.65 38.275 31.3
    endloop
  endfacet
  facet normal -0 0 1
    outer loop
      vertex 148.003 47.2905 31.3
      vertex 184.65 38.275 31.3
      vertex 148.15 47.2937 31.3
    endloop
  endfacet
  facet normal 0 0 1
    outer loop
      vertex 146.136 47.3111 31.3
      vertex 148.003 47.2905 31.3
      vertex 147.868 47.2969 31.3
    endloop
  endfacet
  facet normal 0 0 1
    outer loop
      vertex 146.355 47.3253 31.3
      vertex 147.868 47.2969 31.3
      vertex 147.744 47.316 31.3
    endloop
  endfacet
  facet normal 0 0 1
    outer loop
      vertex 146.713 47.9144 31.3
      vertex 147.134 48.0645 31.3
      vertex 147.128 48.2128 31.3
    endloop
  endfacet
  facet normal 0 0 1
    outer loop
      vertex 146.713 47.9144 31.3
      vertex 147.153 47.9293 31.3
      vertex 147.134 48.0645 31.3
    endloop
  endfacet
  facet normal -0 0 1
    outer loop
      vertex 146.713 47.9144 31.3
      vertex 147.185 47.8072 31.3
      vertex 147.153 47.9293 31.3
    endloop
  endfacet
  facet normal 0 0 1
    outer loop
      vertex 146.713 47.399 31.3
      vertex 147.185 47.8072 31.3
      vertex 146.713 47.9144 31.3
    endloop
  endfacet
  facet normal 0 0 1
    outer loop
      vertex 147.185 47.8072 31.3
      vertex 146.713 47.399 31.3
      vertex 147.229 47.6981 31.3
    endloop
  endfacet
  facet normal 0 0 1
    outer loop
      vertex 147.229 47.6981 31.3
      vertex 146.713 47.399 31.3
      vertex 147.286 47.6022 31.3
    endloop
  endfacet
  facet normal 0 0 1
    outer loop
      vertex 147.286 47.6022 31.3
      vertex 146.713 47.399 31.3
      vertex 147.355 47.5194 31.3
    endloop
  endfacet
  facet normal 0 0 1
    outer loop
      vertex 147.355 47.5194 31.3
      vertex 146.713 47.399 31.3
      vertex 147.436 47.4494 31.3
    endloop
  endfacet
  facet normal -0 0 1
    outer loop
      vertex 146.713 47.399 31.3
      vertex 147.528 47.3922 31.3
      vertex 147.436 47.4494 31.3
    endloop
  endfacet
  facet normal 0 0 1
    outer loop
      vertex 146.713 47.399 31.3
      vertex 147.631 47.3477 31.3
      vertex 147.528 47.3922 31.3
    endloop
  endfacet
  facet normal -0 0 1
    outer loop
      vertex 146.659 47.3859 31.3
      vertex 147.631 47.3477 31.3
      vertex 146.713 47.399 31.3
    endloop
  endfacet
  facet normal -0 0 1
    outer loop
      vertex 146.608 47.3734 31.3
      vertex 147.631 47.3477 31.3
      vertex 146.659 47.3859 31.3
    endloop
  endfacet
  facet normal -0 0 1
    outer loop
      vertex 146.584 47.3675 31.3
      vertex 147.631 47.3477 31.3
      vertex 146.608 47.3734 31.3
    endloop
  endfacet
  facet normal -0 0 1
    outer loop
      vertex 146.561 47.3617 31.3
      vertex 147.631 47.3477 31.3
      vertex 146.584 47.3675 31.3
    endloop
  endfacet
  facet normal -0 0 1
    outer loop
      vertex 146.538 47.3563 31.3
      vertex 147.631 47.3477 31.3
      vertex 146.561 47.3617 31.3
    endloop
  endfacet
  facet normal 0 0 1
    outer loop
      vertex 147.631 47.3477 31.3
      vertex 146.538 47.3563 31.3
      vertex 147.744 47.316 31.3
    endloop
  endfacet
  facet normal -0 0 1
    outer loop
      vertex 146.515 47.3512 31.3
      vertex 147.744 47.316 31.3
      vertex 146.538 47.3563 31.3
    endloop
  endfacet
  facet normal -0 0 1
    outer loop
      vertex 146.493 47.3465 31.3
      vertex 147.744 47.316 31.3
      vertex 146.515 47.3512 31.3
    endloop
  endfacet
  facet normal -0 0 1
    outer loop
      vertex 146.47 47.3421 31.3
      vertex 147.744 47.316 31.3
      vertex 146.493 47.3465 31.3
    endloop
  endfacet
  facet normal -0 0 1
    outer loop
      vertex 146.448 47.3382 31.3
      vertex 147.744 47.316 31.3
      vertex 146.47 47.3421 31.3
    endloop
  endfacet
  facet normal -0 0 1
    outer loop
      vertex 146.425 47.3346 31.3
      vertex 147.744 47.316 31.3
      vertex 146.448 47.3382 31.3
    endloop
  endfacet
  facet normal -0 0 1
    outer loop
      vertex 146.402 47.3313 31.3
      vertex 147.744 47.316 31.3
      vertex 146.425 47.3346 31.3
    endloop
  endfacet
  facet normal -0 0 1
    outer loop
      vertex 146.379 47.3282 31.3
      vertex 147.744 47.316 31.3
      vertex 146.402 47.3313 31.3
    endloop
  endfacet
  facet normal -0 0 1
    outer loop
      vertex 146.355 47.3253 31.3
      vertex 147.744 47.316 31.3
      vertex 146.379 47.3282 31.3
    endloop
  endfacet
  facet normal 0 0 1
    outer loop
      vertex 147.868 47.2969 31.3
      vertex 146.355 47.3253 31.3
      vertex 146.331 47.3225 31.3
    endloop
  endfacet
  facet normal 0 0 1
    outer loop
      vertex 147.868 47.2969 31.3
      vertex 146.331 47.3225 31.3
      vertex 146.306 47.32 31.3
    endloop
  endfacet
  facet normal 0 0 1
    outer loop
      vertex 147.868 47.2969 31.3
      vertex 146.306 47.32 31.3
      vertex 146.281 47.3177 31.3
    endloop
  endfacet
  facet normal 0 0 1
    outer loop
      vertex 147.868 47.2969 31.3
      vertex 146.281 47.3177 31.3
      vertex 146.255 47.3156 31.3
    endloop
  endfacet
  facet normal 0 0 1
    outer loop
      vertex 147.868 47.2969 31.3
      vertex 146.255 47.3156 31.3
      vertex 146.227 47.3139 31.3
    endloop
  endfacet
  facet normal 0 0 1
    outer loop
      vertex 147.868 47.2969 31.3
      vertex 146.227 47.3139 31.3
      vertex 146.198 47.3126 31.3
    endloop
  endfacet
  facet normal 0 0 1
    outer loop
      vertex 147.868 47.2969 31.3
      vertex 146.198 47.3126 31.3
      vertex 146.168 47.3116 31.3
    endloop
  endfacet
  facet normal -0 0 1
    outer loop
      vertex 146.136 47.3111 31.3
      vertex 147.868 47.2969 31.3
      vertex 146.168 47.3116 31.3
    endloop
  endfacet
  facet normal 0 0 1
    outer loop
      vertex 148.003 47.2905 31.3
      vertex 146.136 47.3111 31.3
      vertex 184.65 38.275 31.3
    endloop
  endfacet
  facet normal -0 0 1
    outer loop
      vertex 146.103 47.3109 31.3
      vertex 184.65 38.275 31.3
      vertex 146.136 47.3111 31.3
    endloop
  endfacet
  facet normal 0 0 1
    outer loop
      vertex 144.14 47.2838 31.3
      vertex 146.103 47.3109 31.3
      vertex 145.988 47.3158 31.3
    endloop
  endfacet
  facet normal 0 0 1
    outer loop
      vertex 144.397 47.3038 31.3
      vertex 145.988 47.3158 31.3
      vertex 145.884 47.3305 31.3
    endloop
  endfacet
  facet normal -0 0 1
    outer loop
      vertex 145.347 48.006 31.3
      vertex 145.382 47.8964 31.3
      vertex 145.367 48.006 31.3
    endloop
  endfacet
  facet normal 0 0 1
    outer loop
      vertex 145.202 47.7853 31.3
      vertex 145.382 47.8964 31.3
      vertex 145.347 48.006 31.3
    endloop
  endfacet
  facet normal 0 0 1
    outer loop
      vertex 145.382 47.8964 31.3
      vertex 145.202 47.7853 31.3
      vertex 145.405 47.7961 31.3
    endloop
  endfacet
  facet normal -0 0 1
    outer loop
      vertex 145.202 47.7853 31.3
      vertex 145.435 47.705 31.3
      vertex 145.405 47.7961 31.3
    endloop
  endfacet
  facet normal 0 0 1
    outer loop
      vertex 145.202 47.7853 31.3
      vertex 145.473 47.6232 31.3
      vertex 145.435 47.705 31.3
    endloop
  endfacet
  facet normal 0 0 1
    outer loop
      vertex 145.035 47.6047 31.3
      vertex 145.473 47.6232 31.3
      vertex 145.202 47.7853 31.3
    endloop
  endfacet
  facet normal 0 0 1
    outer loop
      vertex 145.473 47.6232 31.3
      vertex 145.035 47.6047 31.3
      vertex 145.519 47.5506 31.3
    endloop
  endfacet
  facet normal 0 0 1
    outer loop
      vertex 145.519 47.5506 31.3
      vertex 145.035 47.6047 31.3
      vertex 145.572 47.4872 31.3
    endloop
  endfacet
  facet normal 0 0 1
    outer loop
      vertex 144.845 47.4643 31.3
      vertex 145.572 47.4872 31.3
      vertex 145.035 47.6047 31.3
    endloop
  endfacet
  facet normal 0 0 1
    outer loop
      vertex 145.572 47.4872 31.3
      vertex 144.845 47.4643 31.3
      vertex 145.634 47.4333 31.3
    endloop
  endfacet
  facet normal 0 0 1
    outer loop
      vertex 145.634 47.4333 31.3
      vertex 144.845 47.4643 31.3
      vertex 145.707 47.3892 31.3
    endloop
  endfacet
  facet normal 0 0 1
    outer loop
      vertex 144.632 47.364 31.3
      vertex 145.707 47.3892 31.3
      vertex 144.845 47.4643 31.3
    endloop
  endfacet
  facet normal 0 0 1
    outer loop
      vertex 145.707 47.3892 31.3
      vertex 144.632 47.364 31.3
      vertex 145.79 47.3549 31.3
    endloop
  endfacet
  facet normal 0 0 1
    outer loop
      vertex 145.79 47.3549 31.3
      vertex 144.632 47.364 31.3
      vertex 145.884 47.3305 31.3
    endloop
  endfacet
  facet normal 0 0 1
    outer loop
      vertex 144.397 47.3038 31.3
      vertex 145.884 47.3305 31.3
      vertex 144.632 47.364 31.3
    endloop
  endfacet
  facet normal 0 0 1
    outer loop
      vertex 145.988 47.3158 31.3
      vertex 144.397 47.3038 31.3
      vertex 144.14 47.2838 31.3
    endloop
  endfacet
  facet normal 0 0 1
    outer loop
      vertex 146.103 47.3109 31.3
      vertex 144.14 47.2838 31.3
      vertex 184.65 38.275 31.3
    endloop
  endfacet
  facet normal 0 0 1
    outer loop
      vertex 105.58 38.275 31.3
      vertex 144.14 47.2838 31.3
      vertex 143.969 47.2918 31.3
    endloop
  endfacet
  facet normal 0 0 1
    outer loop
      vertex 141.971 47.3516 31.3
      vertex 143.969 47.2918 31.3
      vertex 143.811 47.316 31.3
    endloop
  endfacet
  facet normal 0 0 1
    outer loop
      vertex 141.971 47.3516 31.3
      vertex 143.019 48.2205 31.3
      vertex 143.011 48.3891 31.3
    endloop
  endfacet
  facet normal 0 0 1
    outer loop
      vertex 141.971 47.3516 31.3
      vertex 143.044 48.0649 31.3
      vertex 143.019 48.2205 31.3
    endloop
  endfacet
  facet normal 0 0 1
    outer loop
      vertex 141.971 47.3516 31.3
      vertex 143.085 47.9225 31.3
      vertex 143.044 48.0649 31.3
    endloop
  endfacet
  facet normal 0 0 1
    outer loop
      vertex 141.971 47.3516 31.3
      vertex 143.143 47.7931 31.3
      vertex 143.085 47.9225 31.3
    endloop
  endfacet
  facet normal 0 0 1
    outer loop
      vertex 141.971 47.3516 31.3
      vertex 143.218 47.6769 31.3
      vertex 143.143 47.7931 31.3
    endloop
  endfacet
  facet normal 0 0 1
    outer loop
      vertex 141.971 47.3516 31.3
      vertex 143.309 47.5737 31.3
      vertex 143.218 47.6769 31.3
    endloop
  endfacet
  facet normal 0 0 1
    outer loop
      vertex 141.971 47.3516 31.3
      vertex 143.415 47.4851 31.3
      vertex 143.309 47.5737 31.3
    endloop
  endfacet
  facet normal 0 0 1
    outer loop
      vertex 141.971 47.3516 31.3
      vertex 143.534 47.4126 31.3
      vertex 143.415 47.4851 31.3
    endloop
  endfacet
  facet normal 0 0 1
    outer loop
      vertex 141.971 47.3516 31.3
      vertex 143.666 47.3562 31.3
      vertex 143.534 47.4126 31.3
    endloop
  endfacet
  facet normal -0 0 1
    outer loop
      vertex 141.971 47.3516 31.3
      vertex 143.811 47.316 31.3
      vertex 143.666 47.3562 31.3
    endloop
  endfacet
  facet normal 0 0 1
    outer loop
      vertex 143.969 47.2918 31.3
      vertex 141.971 47.3516 31.3
      vertex 105.58 38.275 31.3
    endloop
  endfacet
  facet normal 0 0 1
    outer loop
      vertex 105.58 38.275 31.3
      vertex 141.971 47.3516 31.3
      vertex 140.784 47.3516 31.3
    endloop
  endfacet
  facet normal 0 0 1
    outer loop
      vertex 139.77 50.3082 31.3
      vertex 140.137 50.1149 31.3
      vertex 140.098 50.2789 31.3
    endloop
  endfacet
  facet normal -0 0 1
    outer loop
      vertex 139.91 50.9933 31.3
      vertex 139.965 50.9593 31.3
      vertex 139.937 51.1355 31.3
    endloop
  endfacet
  facet normal 0 0 1
    outer loop
      vertex 139.886 50.8629 31.3
      vertex 139.965 50.9593 31.3
      vertex 139.91 50.9933 31.3
    endloop
  endfacet
  facet normal 0 0 1
    outer loop
      vertex 139.965 50.9593 31.3
      vertex 139.886 50.8629 31.3
      vertex 139.995 50.7855 31.3
    endloop
  endfacet
  facet normal 0 0 1
    outer loop
      vertex 139.863 50.7443 31.3
      vertex 139.995 50.7855 31.3
      vertex 139.886 50.8629 31.3
    endloop
  endfacet
  facet normal 0 0 1
    outer loop
      vertex 139.995 50.7855 31.3
      vertex 139.863 50.7443 31.3
      vertex 140.027 50.6142 31.3
    endloop
  endfacet
  facet normal -0 0 1
    outer loop
      vertex 139.842 50.6374 31.3
      vertex 140.027 50.6142 31.3
      vertex 139.863 50.7443 31.3
    endloop
  endfacet
  facet normal 0 0 1
    outer loop
      vertex 139.822 50.5424 31.3
      vertex 140.027 50.6142 31.3
      vertex 139.842 50.6374 31.3
    endloop
  endfacet
  facet normal 0 0 1
    outer loop
      vertex 140.027 50.6142 31.3
      vertex 139.822 50.5424 31.3
      vertex 140.062 50.4453 31.3
    endloop
  endfacet
  facet normal -0 0 1
    outer loop
      vertex 139.804 50.4591 31.3
      vertex 140.062 50.4453 31.3
      vertex 139.822 50.5424 31.3
    endloop
  endfacet
  facet normal 0 0 1
    outer loop
      vertex 139.77 50.3082 31.3
      vertex 140.062 50.4453 31.3
      vertex 139.804 50.4591 31.3
    endloop
  endfacet
  facet normal 0 0 1
    outer loop
      vertex 140.062 50.4453 31.3
      vertex 139.77 50.3082 31.3
      vertex 140.098 50.2789 31.3
    endloop
  endfacet
  facet normal 0 0 1
    outer loop
      vertex 140.137 50.1149 31.3
      vertex 139.77 50.3082 31.3
      vertex 139.702 50.0106 31.3
    endloop
  endfacet
  facet normal 0 0 1
    outer loop
      vertex 140.137 50.1149 31.3
      vertex 139.702 50.0106 31.3
      vertex 139.598 49.5661 31.3
    endloop
  endfacet
  facet normal 0 0 1
    outer loop
      vertex 139.461 48.9747 31.3
      vertex 140.137 50.1149 31.3
      vertex 139.598 49.5661 31.3
    endloop
  endfacet
  facet normal 0 0 1
    outer loop
      vertex 140.137 50.1149 31.3
      vertex 139.461 48.9747 31.3
      vertex 140.784 47.3516 31.3
    endloop
  endfacet
  facet normal -0 0 1
    outer loop
      vertex 139.289 48.2366 31.3
      vertex 140.784 47.3516 31.3
      vertex 139.461 48.9747 31.3
    endloop
  endfacet
  facet normal 0 0 1
    outer loop
      vertex 139.082 47.3516 31.3
      vertex 140.784 47.3516 31.3
      vertex 139.289 48.2366 31.3
    endloop
  endfacet
  facet normal 0 0 1
    outer loop
      vertex 105.58 38.275 31.3
      vertex 140.784 47.3516 31.3
      vertex 139.082 47.3516 31.3
    endloop
  endfacet
  facet normal 0 0 1
    outer loop
      vertex 105.58 38.275 31.3
      vertex 139.082 47.3516 31.3
      vertex 137.896 47.3516 31.3
    endloop
  endfacet
  facet normal 0 0 1
    outer loop
      vertex 136.211 47.3516 31.3
      vertex 136.665 52.129 31.3
      vertex 136.211 52.3833 31.3
    endloop
  endfacet
  facet normal 0 0 1
    outer loop
      vertex 136.665 52.129 31.3
      vertex 136.211 47.3516 31.3
      vertex 137.896 47.3516 31.3
    endloop
  endfacet
  facet normal 0 0 1
    outer loop
      vertex 105.58 38.275 31.3
      vertex 137.896 47.3516 31.3
      vertex 136.211 47.3516 31.3
    endloop
  endfacet
  facet normal 0 0 1
    outer loop
      vertex 105.58 38.275 31.3
      vertex 136.211 47.3516 31.3
      vertex 135.259 47.3516 31.3
    endloop
  endfacet
  facet normal 0 0 1
    outer loop
      vertex 137.679 52.129 31.3
      vertex 136.211 52.3833 31.3
      vertex 136.665 52.129 31.3
    endloop
  endfacet
  facet normal 0 0 1
    outer loop
      vertex 138.353 60.074 31.3
      vertex 134.347 60.074 31.3
      vertex 136.211 52.3833 31.3
    endloop
  endfacet
  facet normal 0 0 1
    outer loop
      vertex 136.211 52.3833 31.3
      vertex 134.347 60.074 31.3
      vertex 135.259 52.3833 31.3
    endloop
  endfacet
  facet normal -0 0 1
    outer loop
      vertex 133.85 59.975 31.3
      vertex 135.259 52.3833 31.3
      vertex 134.347 60.074 31.3
    endloop
  endfacet
  facet normal 0 0 1
    outer loop
      vertex 134.327 51.6814 31.3
      vertex 135.259 52.3833 31.3
      vertex 134.327 52.3833 31.3
    endloop
  endfacet
  facet normal 0 0 1
    outer loop
      vertex 134.327 51.0202 31.3
      vertex 135.259 52.3833 31.3
      vertex 134.327 51.6814 31.3
    endloop
  endfacet
  facet normal 0 0 1
    outer loop
      vertex 135.259 52.3833 31.3
      vertex 134.327 51.0202 31.3
      vertex 135.259 47.3516 31.3
    endloop
  endfacet
  facet normal 0 0 1
    outer loop
      vertex 134.327 47.3516 31.3
      vertex 135.259 47.3516 31.3
      vertex 134.327 51.0202 31.3
    endloop
  endfacet
  facet normal 0 0 1
    outer loop
      vertex 105.58 38.275 31.3
      vertex 135.259 47.3516 31.3
      vertex 134.327 47.3516 31.3
    endloop
  endfacet
  facet normal 0 0 1
    outer loop
      vertex 132.566 47.3156 31.3
      vertex 134.327 47.3516 31.3
      vertex 133.374 47.3516 31.3
    endloop
  endfacet
  facet normal 0 0 1
    outer loop
      vertex 133.374 51.0202 31.3
      vertex 133.024 47.9144 31.3
      vertex 133.374 47.3516 31.3
    endloop
  endfacet
  facet normal -0 0 1
    outer loop
      vertex 133.024 47.399 31.3
      vertex 133.374 47.3516 31.3
      vertex 133.024 47.9144 31.3
    endloop
  endfacet
  facet normal -0 0 1
    outer loop
      vertex 132.969 47.3859 31.3
      vertex 133.374 47.3516 31.3
      vertex 133.024 47.399 31.3
    endloop
  endfacet
  facet normal -0 0 1
    outer loop
      vertex 132.918 47.3734 31.3
      vertex 133.374 47.3516 31.3
      vertex 132.969 47.3859 31.3
    endloop
  endfacet
  facet normal -0 0 1
    outer loop
      vertex 132.894 47.3675 31.3
      vertex 133.374 47.3516 31.3
      vertex 132.918 47.3734 31.3
    endloop
  endfacet
  facet normal -0 0 1
    outer loop
      vertex 132.871 47.3617 31.3
      vertex 133.374 47.3516 31.3
      vertex 132.894 47.3675 31.3
    endloop
  endfacet
  facet normal -0 0 1
    outer loop
      vertex 132.849 47.3563 31.3
      vertex 133.374 47.3516 31.3
      vertex 132.871 47.3617 31.3
    endloop
  endfacet
  facet normal 0 0 1
    outer loop
      vertex 132.826 47.3512 31.3
      vertex 133.374 47.3516 31.3
      vertex 132.849 47.3563 31.3
    endloop
  endfacet
  facet normal 0 0 1
    outer loop
      vertex 132.804 47.3465 31.3
      vertex 133.374 47.3516 31.3
      vertex 132.826 47.3512 31.3
    endloop
  endfacet
  facet normal 0 0 1
    outer loop
      vertex 132.781 47.3421 31.3
      vertex 133.374 47.3516 31.3
      vertex 132.804 47.3465 31.3
    endloop
  endfacet
  facet normal 0 0 1
    outer loop
      vertex 132.758 47.3382 31.3
      vertex 133.374 47.3516 31.3
      vertex 132.781 47.3421 31.3
    endloop
  endfacet
  facet normal 0 0 1
    outer loop
      vertex 132.736 47.3346 31.3
      vertex 133.374 47.3516 31.3
      vertex 132.758 47.3382 31.3
    endloop
  endfacet
  facet normal 0 0 1
    outer loop
      vertex 132.713 47.3313 31.3
      vertex 133.374 47.3516 31.3
      vertex 132.736 47.3346 31.3
    endloop
  endfacet
  facet normal 0 0 1
    outer loop
      vertex 132.69 47.3282 31.3
      vertex 133.374 47.3516 31.3
      vertex 132.713 47.3313 31.3
    endloop
  endfacet
  facet normal 0 0 1
    outer loop
      vertex 132.666 47.3253 31.3
      vertex 133.374 47.3516 31.3
      vertex 132.69 47.3282 31.3
    endloop
  endfacet
  facet normal 0 0 1
    outer loop
      vertex 132.642 47.3225 31.3
      vertex 133.374 47.3516 31.3
      vertex 132.666 47.3253 31.3
    endloop
  endfacet
  facet normal 0 0 1
    outer loop
      vertex 132.617 47.32 31.3
      vertex 133.374 47.3516 31.3
      vertex 132.642 47.3225 31.3
    endloop
  endfacet
  facet normal 0 0 1
    outer loop
      vertex 132.592 47.3177 31.3
      vertex 133.374 47.3516 31.3
      vertex 132.617 47.32 31.3
    endloop
  endfacet
  facet normal 0 0 1
    outer loop
      vertex 132.566 47.3156 31.3
      vertex 133.374 47.3516 31.3
      vertex 132.592 47.3177 31.3
    endloop
  endfacet
  facet normal 0 0 1
    outer loop
      vertex 132.538 47.3139 31.3
      vertex 134.327 47.3516 31.3
      vertex 132.566 47.3156 31.3
    endloop
  endfacet
  facet normal 0 0 1
    outer loop
      vertex 134.327 47.3516 31.3
      vertex 132.538 47.3139 31.3
      vertex 105.58 38.275 31.3
    endloop
  endfacet
  facet normal 0 0 1
    outer loop
      vertex 105.58 38.275 31.3
      vertex 132.538 47.3139 31.3
      vertex 132.509 47.3126 31.3
    endloop
  endfacet
  facet normal 0 0 1
    outer loop
      vertex 105.58 38.275 31.3
      vertex 132.509 47.3126 31.3
      vertex 132.479 47.3116 31.3
    endloop
  endfacet
  facet normal 0 0 1
    outer loop
      vertex 105.58 38.275 31.3
      vertex 132.479 47.3116 31.3
      vertex 132.447 47.3111 31.3
    endloop
  endfacet
  facet normal 0 0 1
    outer loop
      vertex 105.58 38.275 31.3
      vertex 132.447 47.3111 31.3
      vertex 132.414 47.3109 31.3
    endloop
  endfacet
  facet normal 0 0 1
    outer loop
      vertex 130.45 47.2838 31.3
      vertex 132.414 47.3109 31.3
      vertex 132.299 47.3158 31.3
    endloop
  endfacet
  facet normal 0 0 1
    outer loop
      vertex 130.708 47.3038 31.3
      vertex 132.299 47.3158 31.3
      vertex 132.195 47.3305 31.3
    endloop
  endfacet
  facet normal -0 0 1
    outer loop
      vertex 131.658 48.006 31.3
      vertex 131.693 47.8964 31.3
      vertex 131.678 48.006 31.3
    endloop
  endfacet
  facet normal 0 0 1
    outer loop
      vertex 131.513 47.7853 31.3
      vertex 131.693 47.8964 31.3
      vertex 131.658 48.006 31.3
    endloop
  endfacet
  facet normal 0 0 1
    outer loop
      vertex 131.693 47.8964 31.3
      vertex 131.513 47.7853 31.3
      vertex 131.716 47.7961 31.3
    endloop
  endfacet
  facet normal -0 0 1
    outer loop
      vertex 131.513 47.7853 31.3
      vertex 131.746 47.705 31.3
      vertex 131.716 47.7961 31.3
    endloop
  endfacet
  facet normal 0 0 1
    outer loop
      vertex 131.513 47.7853 31.3
      vertex 131.784 47.6232 31.3
      vertex 131.746 47.705 31.3
    endloop
  endfacet
  facet normal 0 0 1
    outer loop
      vertex 131.346 47.6047 31.3
      vertex 131.784 47.6232 31.3
      vertex 131.513 47.7853 31.3
    endloop
  endfacet
  facet normal 0 0 1
    outer loop
      vertex 131.784 47.6232 31.3
      vertex 131.346 47.6047 31.3
      vertex 131.83 47.5506 31.3
    endloop
  endfacet
  facet normal 0 0 1
    outer loop
      vertex 131.83 47.5506 31.3
      vertex 131.346 47.6047 31.3
      vertex 131.883 47.4872 31.3
    endloop
  endfacet
  facet normal 0 0 1
    outer loop
      vertex 131.156 47.4643 31.3
      vertex 131.883 47.4872 31.3
      vertex 131.346 47.6047 31.3
    endloop
  endfacet
  facet normal 0 0 1
    outer loop
      vertex 131.883 47.4872 31.3
      vertex 131.156 47.4643 31.3
      vertex 131.945 47.4333 31.3
    endloop
  endfacet
  facet normal 0 0 1
    outer loop
      vertex 131.945 47.4333 31.3
      vertex 131.156 47.4643 31.3
      vertex 132.018 47.3892 31.3
    endloop
  endfacet
  facet normal 0 0 1
    outer loop
      vertex 130.943 47.364 31.3
      vertex 132.018 47.3892 31.3
      vertex 131.156 47.4643 31.3
    endloop
  endfacet
  facet normal 0 0 1
    outer loop
      vertex 132.018 47.3892 31.3
      vertex 130.943 47.364 31.3
      vertex 132.101 47.3549 31.3
    endloop
  endfacet
  facet normal 0 0 1
    outer loop
      vertex 132.101 47.3549 31.3
      vertex 130.943 47.364 31.3
      vertex 132.195 47.3305 31.3
    endloop
  endfacet
  facet normal 0 0 1
    outer loop
      vertex 130.708 47.3038 31.3
      vertex 132.195 47.3305 31.3
      vertex 130.943 47.364 31.3
    endloop
  endfacet
  facet normal 0 0 1
    outer loop
      vertex 132.299 47.3158 31.3
      vertex 130.708 47.3038 31.3
      vertex 130.45 47.2838 31.3
    endloop
  endfacet
  facet normal 0 0 1
    outer loop
      vertex 132.414 47.3109 31.3
      vertex 130.45 47.2838 31.3
      vertex 105.58 38.275 31.3
    endloop
  endfacet
  facet normal 0 0 1
    outer loop
      vertex 105.58 38.275 31.3
      vertex 130.45 47.2838 31.3
      vertex 130.28 47.2918 31.3
    endloop
  endfacet
  facet normal 0 0 1
    outer loop
      vertex 128.1 47.3516 31.3
      vertex 130.28 47.2918 31.3
      vertex 130.122 47.316 31.3
    endloop
  endfacet
  facet normal 0 0 1
    outer loop
      vertex 129.332 48.5714 31.3
      vertex 128.1 47.3516 31.3
      vertex 129.321 48.3891 31.3
    endloop
  endfacet
  facet normal 0 0 1
    outer loop
      vertex 129.321 48.3891 31.3
      vertex 128.1 47.3516 31.3
      vertex 129.33 48.2205 31.3
    endloop
  endfacet
  facet normal 0 0 1
    outer loop
      vertex 129.33 48.2205 31.3
      vertex 128.1 47.3516 31.3
      vertex 129.355 48.0649 31.3
    endloop
  endfacet
  facet normal 0 0 1
    outer loop
      vertex 129.355 48.0649 31.3
      vertex 128.1 47.3516 31.3
      vertex 129.396 47.9225 31.3
    endloop
  endfacet
  facet normal 0 0 1
    outer loop
      vertex 128.1 47.3516 31.3
      vertex 129.454 47.7931 31.3
      vertex 129.396 47.9225 31.3
    endloop
  endfacet
  facet normal 0 0 1
    outer loop
      vertex 128.1 47.3516 31.3
      vertex 129.529 47.6769 31.3
      vertex 129.454 47.7931 31.3
    endloop
  endfacet
  facet normal 0 0 1
    outer loop
      vertex 128.1 47.3516 31.3
      vertex 129.62 47.5737 31.3
      vertex 129.529 47.6769 31.3
    endloop
  endfacet
  facet normal 0 0 1
    outer loop
      vertex 128.1 47.3516 31.3
      vertex 129.726 47.4851 31.3
      vertex 129.62 47.5737 31.3
    endloop
  endfacet
  facet normal 0 0 1
    outer loop
      vertex 128.1 47.3516 31.3
      vertex 129.845 47.4126 31.3
      vertex 129.726 47.4851 31.3
    endloop
  endfacet
  facet normal 0 0 1
    outer loop
      vertex 128.1 47.3516 31.3
      vertex 129.977 47.3562 31.3
      vertex 129.845 47.4126 31.3
    endloop
  endfacet
  facet normal -0 0 1
    outer loop
      vertex 128.1 47.3516 31.3
      vertex 130.122 47.316 31.3
      vertex 129.977 47.3562 31.3
    endloop
  endfacet
  facet normal 0 0 1
    outer loop
      vertex 130.28 47.2918 31.3
      vertex 128.1 47.3516 31.3
      vertex 105.58 38.275 31.3
    endloop
  endfacet
  facet normal 0 0 1
    outer loop
      vertex 105.58 38.275 31.3
      vertex 128.1 47.3516 31.3
      vertex 127.099 47.3516 31.3
    endloop
  endfacet
  facet normal 0 0 1
    outer loop
      vertex 104.38 39.475 31.3
      vertex 125.557 52.129 31.3
      vertex 104.38 88.525 31.3
    endloop
  endfacet
  facet normal 0 0 1
    outer loop
      vertex 144.14 47.2838 31.3
      vertex 105.58 38.275 31.3
      vertex 184.65 38.275 31.3
    endloop
  endfacet
  facet normal 0 0 1
    outer loop
      vertex 125.557 52.129 31.3
      vertex 104.38 39.475 31.3
      vertex 125.557 51.3559 31.3
    endloop
  endfacet
  facet normal 0 0 1
    outer loop
      vertex 104.38 88.525 31.3
      vertex 105.58 89.725 31.3
      vertex 105.392 89.7102 31.3
    endloop
  endfacet
  facet normal 0 -0 1
    outer loop
      vertex 105.58 38.275 31.3
      vertex 125.557 51.3559 31.3
      vertex 104.38 39.475 31.3
    endloop
  endfacet
  facet normal 0 0 1
    outer loop
      vertex 104.38 88.525 31.3
      vertex 105.392 89.7102 31.3
      vertex 105.209 89.6663 31.3
    endloop
  endfacet
  facet normal 0 0 1
    outer loop
      vertex 125.557 51.3559 31.3
      vertex 105.58 38.275 31.3
      vertex 127.099 47.3516 31.3
    endloop
  endfacet
  facet normal 0 0 1
    outer loop
      vertex 104.38 88.525 31.3
      vertex 105.209 89.6663 31.3
      vertex 105.035 89.5942 31.3
    endloop
  endfacet
  facet normal 0 0 1
    outer loop
      vertex 105.58 38.275 31.3
      vertex 104.38 39.475 31.3
      vertex 105.392 38.2898 31.3
    endloop
  endfacet
  facet normal 0 0 1
    outer loop
      vertex 104.38 88.525 31.3
      vertex 105.035 89.5942 31.3
      vertex 104.875 89.4958 31.3
    endloop
  endfacet
  facet normal 0 0 1
    outer loop
      vertex 105.392 38.2898 31.3
      vertex 104.38 39.475 31.3
      vertex 105.209 38.3337 31.3
    endloop
  endfacet
  facet normal 0 0 1
    outer loop
      vertex 104.38 88.525 31.3
      vertex 104.875 89.4958 31.3
      vertex 104.731 89.3735 31.3
    endloop
  endfacet
  facet normal 0 0 1
    outer loop
      vertex 105.209 38.3337 31.3
      vertex 104.38 39.475 31.3
      vertex 105.035 38.4058 31.3
    endloop
  endfacet
  facet normal 0 0 1
    outer loop
      vertex 104.38 88.525 31.3
      vertex 104.731 89.3735 31.3
      vertex 104.609 89.2303 31.3
    endloop
  endfacet
  facet normal 0 0 1
    outer loop
      vertex 105.035 38.4058 31.3
      vertex 104.38 39.475 31.3
      vertex 104.875 38.5042 31.3
    endloop
  endfacet
  facet normal 0 0 1
    outer loop
      vertex 104.38 88.525 31.3
      vertex 104.609 89.2303 31.3
      vertex 104.511 89.0698 31.3
    endloop
  endfacet
  facet normal 0 0 1
    outer loop
      vertex 104.875 38.5042 31.3
      vertex 104.38 39.475 31.3
      vertex 104.731 38.6265 31.3
    endloop
  endfacet
  facet normal 0 0 1
    outer loop
      vertex 104.38 88.525 31.3
      vertex 104.511 89.0698 31.3
      vertex 104.439 88.8958 31.3
    endloop
  endfacet
  facet normal 0 0 1
    outer loop
      vertex 104.731 38.6265 31.3
      vertex 104.38 39.475 31.3
      vertex 104.609 38.7697 31.3
    endloop
  endfacet
  facet normal 0 0 1
    outer loop
      vertex 104.38 88.525 31.3
      vertex 104.439 88.8958 31.3
      vertex 104.395 88.7127 31.3
    endloop
  endfacet
  facet normal 0 0 1
    outer loop
      vertex 104.609 38.7697 31.3
      vertex 104.38 39.475 31.3
      vertex 104.511 38.9302 31.3
    endloop
  endfacet
  facet normal 0 0 1
    outer loop
      vertex 104.511 38.9302 31.3
      vertex 104.38 39.475 31.3
      vertex 104.439 39.1042 31.3
    endloop
  endfacet
  facet normal 0 0 1
    outer loop
      vertex 104.439 39.1042 31.3
      vertex 104.38 39.475 31.3
      vertex 104.395 39.2873 31.3
    endloop
  endfacet
  facet normal 0 0 1
    outer loop
      vertex 155.87 50.9283 31.3
      vertex 154.046 52.3833 31.3
      vertex 155.728 50.9982 31.3
    endloop
  endfacet
  facet normal 0 0 1
    outer loop
      vertex 155.728 50.9982 31.3
      vertex 154.046 52.3833 31.3
      vertex 155.571 51.0481 31.3
    endloop
  endfacet
  facet normal 0 0 1
    outer loop
      vertex 155.571 51.0481 31.3
      vertex 154.046 52.3833 31.3
      vertex 155.4 51.078 31.3
    endloop
  endfacet
  facet normal 0 0 1
    outer loop
      vertex 155.4 51.078 31.3
      vertex 154.046 52.3833 31.3
      vertex 155.213 51.088 31.3
    endloop
  endfacet
  facet normal 0 0 1
    outer loop
      vertex 155.213 51.088 31.3
      vertex 154.046 52.3833 31.3
      vertex 155.081 51.0827 31.3
    endloop
  endfacet
  facet normal 0 0 1
    outer loop
      vertex 155.081 51.0827 31.3
      vertex 154.046 52.3833 31.3
      vertex 154.956 51.0669 31.3
    endloop
  endfacet
  facet normal 0 0 1
    outer loop
      vertex 154.956 51.0669 31.3
      vertex 154.046 52.3833 31.3
      vertex 154.837 51.0405 31.3
    endloop
  endfacet
  facet normal 0 0 1
    outer loop
      vertex 154.837 51.0405 31.3
      vertex 154.046 52.3833 31.3
      vertex 154.724 51.0036 31.3
    endloop
  endfacet
  facet normal -0 0 1
    outer loop
      vertex 154.046 51.0101 31.3
      vertex 154.724 51.0036 31.3
      vertex 154.046 52.3833 31.3
    endloop
  endfacet
  facet normal 0 0 1
    outer loop
      vertex 154.724 51.0036 31.3
      vertex 154.046 51.0101 31.3
      vertex 154.618 50.9561 31.3
    endloop
  endfacet
  facet normal 0 0 1
    outer loop
      vertex 154.046 52.3833 31.3
      vertex 154.769 60.3558 31.3
      vertex 154.347 60.074 31.3
    endloop
  endfacet
  facet normal 0 0 1
    outer loop
      vertex 154.618 50.9561 31.3
      vertex 154.046 51.0101 31.3
      vertex 154.518 50.8981 31.3
    endloop
  endfacet
  facet normal 0 0 1
    outer loop
      vertex 154.518 50.8981 31.3
      vertex 154.046 51.0101 31.3
      vertex 154.423 50.8284 31.3
    endloop
  endfacet
  facet normal -0 0 1
    outer loop
      vertex 154.046 50.8873 31.3
      vertex 154.423 50.8284 31.3
      vertex 154.046 51.0101 31.3
    endloop
  endfacet
  facet normal 0 0 1
    outer loop
      vertex 154.423 50.8284 31.3
      vertex 154.046 50.8873 31.3
      vertex 154.334 50.7459 31.3
    endloop
  endfacet
  facet normal -0 0 1
    outer loop
      vertex 154.043 50.7655 31.3
      vertex 154.334 50.7459 31.3
      vertex 154.046 50.8873 31.3
    endloop
  endfacet
  facet normal -0 0 1
    outer loop
      vertex 153.85 59.975 31.3
      vertex 154.046 52.3833 31.3
      vertex 154.347 60.074 31.3
    endloop
  endfacet
  facet normal 0 0 1
    outer loop
      vertex 153.094 52.3833 31.3
      vertex 153.85 59.975 31.3
      vertex 153.353 60.074 31.3
    endloop
  endfacet
  facet normal 0 0 1
    outer loop
      vertex 153.85 59.975 31.3
      vertex 153.094 52.3833 31.3
      vertex 154.046 52.3833 31.3
    endloop
  endfacet
  facet normal 0 0 1
    outer loop
      vertex 152.649 60.7775 31.3
      vertex 153.094 52.3833 31.3
      vertex 152.931 60.3558 31.3
    endloop
  endfacet
  facet normal 0 0 1
    outer loop
      vertex 152.931 60.3558 31.3
      vertex 153.094 52.3833 31.3
      vertex 153.353 60.074 31.3
    endloop
  endfacet
  facet normal 0 0 1
    outer loop
      vertex 154.334 50.7459 31.3
      vertex 154.043 50.7655 31.3
      vertex 154.251 50.6506 31.3
    endloop
  endfacet
  facet normal 0 0 1
    outer loop
      vertex 154.04 50.6447 31.3
      vertex 154.251 50.6506 31.3
      vertex 154.043 50.7655 31.3
    endloop
  endfacet
  facet normal 0 0 1
    outer loop
      vertex 154.251 50.6506 31.3
      vertex 154.04 50.6447 31.3
      vertex 154.173 50.5425 31.3
    endloop
  endfacet
  facet normal 0 0 1
    outer loop
      vertex 154.034 50.5248 31.3
      vertex 154.173 50.5425 31.3
      vertex 154.04 50.6447 31.3
    endloop
  endfacet
  facet normal 0 0 1
    outer loop
      vertex 154.173 50.5425 31.3
      vertex 154.034 50.5248 31.3
      vertex 154.1 50.4216 31.3
    endloop
  endfacet
  facet normal 0 0 1
    outer loop
      vertex 154.028 50.4059 31.3
      vertex 154.1 50.4216 31.3
      vertex 154.034 50.5248 31.3
    endloop
  endfacet
  facet normal 0 0 1
    outer loop
      vertex 154.1 50.4216 31.3
      vertex 154.028 50.4059 31.3
      vertex 154.033 50.2878 31.3
    endloop
  endfacet
  facet normal 0 0 1
    outer loop
      vertex 154.033 50.2878 31.3
      vertex 154.028 50.4059 31.3
      vertex 154.019 50.2878 31.3
    endloop
  endfacet
  facet normal -0 0 1
    outer loop
      vertex 131.071 49.0435 31.3
      vertex 131.559 48.8638 31.3
      vertex 131.559 49.0503 31.3
    endloop
  endfacet
  facet normal 0 0 1
    outer loop
      vertex 131.559 48.8638 31.3
      vertex 131.071 49.0435 31.3
      vertex 131.556 48.7842 31.3
    endloop
  endfacet
  facet normal 0 0 1
    outer loop
      vertex 131.556 48.7842 31.3
      vertex 131.071 49.0435 31.3
      vertex 131.548 48.7061 31.3
    endloop
  endfacet
  facet normal 0 0 1
    outer loop
      vertex 131.548 48.7061 31.3
      vertex 131.071 49.0435 31.3
      vertex 131.533 48.6294 31.3
    endloop
  endfacet
  facet normal 0 0 1
    outer loop
      vertex 131.533 48.6294 31.3
      vertex 131.071 49.0435 31.3
      vertex 131.512 48.5541 31.3
    endloop
  endfacet
  facet normal 0 0 1
    outer loop
      vertex 131.512 48.5541 31.3
      vertex 131.071 49.0435 31.3
      vertex 131.486 48.4802 31.3
    endloop
  endfacet
  facet normal 0 0 1
    outer loop
      vertex 131.486 48.4802 31.3
      vertex 131.071 49.0435 31.3
      vertex 131.454 48.4078 31.3
    endloop
  endfacet
  facet normal -0 0 1
    outer loop
      vertex 130.966 49.0377 31.3
      vertex 131.454 48.4078 31.3
      vertex 131.071 49.0435 31.3
    endloop
  endfacet
  facet normal 0 0 1
    outer loop
      vertex 131.454 48.4078 31.3
      vertex 130.966 49.0377 31.3
      vertex 131.417 48.3386 31.3
    endloop
  endfacet
  facet normal 0 0 1
    outer loop
      vertex 131.417 48.3386 31.3
      vertex 130.966 49.0377 31.3
      vertex 131.375 48.2746 31.3
    endloop
  endfacet
  facet normal 0 0 1
    outer loop
      vertex 131.375 48.2746 31.3
      vertex 130.966 49.0377 31.3
      vertex 131.329 48.2158 31.3
    endloop
  endfacet
  facet normal -0 0 1
    outer loop
      vertex 130.871 49.0294 31.3
      vertex 131.329 48.2158 31.3
      vertex 130.966 49.0377 31.3
    endloop
  endfacet
  facet normal 0 0 1
    outer loop
      vertex 131.329 48.2158 31.3
      vertex 130.871 49.0294 31.3
      vertex 131.279 48.1621 31.3
    endloop
  endfacet
  facet normal 0 0 1
    outer loop
      vertex 131.279 48.1621 31.3
      vertex 130.871 49.0294 31.3
      vertex 131.224 48.1137 31.3
    endloop
  endfacet
  facet normal -0 0 1
    outer loop
      vertex 130.787 49.0185 31.3
      vertex 131.224 48.1137 31.3
      vertex 130.871 49.0294 31.3
    endloop
  endfacet
  facet normal 0 0 1
    outer loop
      vertex 131.224 48.1137 31.3
      vertex 130.787 49.0185 31.3
      vertex 131.164 48.0704 31.3
    endloop
  endfacet
  facet normal 0 0 1
    outer loop
      vertex 131.164 48.0704 31.3
      vertex 130.787 49.0185 31.3
      vertex 131.102 48.0331 31.3
    endloop
  endfacet
  facet normal 0 0 1
    outer loop
      vertex 131.102 48.0331 31.3
      vertex 130.787 49.0185 31.3
      vertex 131.037 48.0026 31.3
    endloop
  endfacet
  facet normal -0 0 1
    outer loop
      vertex 130.317 48.5293 31.3
      vertex 131.037 48.0026 31.3
      vertex 130.787 49.0185 31.3
    endloop
  endfacet
  facet normal 0 0 1
    outer loop
      vertex 131.037 48.0026 31.3
      vertex 130.317 48.5293 31.3
      vertex 130.97 47.9788 31.3
    endloop
  endfacet
  facet normal -0 0 1
    outer loop
      vertex 130.315 48.4637 31.3
      vertex 130.97 47.9788 31.3
      vertex 130.317 48.5293 31.3
    endloop
  endfacet
  facet normal 0 0 1
    outer loop
      vertex 130.97 47.9788 31.3
      vertex 130.315 48.4637 31.3
      vertex 130.9 47.9619 31.3
    endloop
  endfacet
  facet normal 0 0 1
    outer loop
      vertex 130.317 48.5293 31.3
      vertex 130.787 49.0185 31.3
      vertex 130.714 49.005 31.3
    endloop
  endfacet
  facet normal 0 0 1
    outer loop
      vertex 130.9 47.9619 31.3
      vertex 130.318 48.3804 31.3
      vertex 130.829 47.9517 31.3
    endloop
  endfacet
  facet normal 0 0 1
    outer loop
      vertex 130.323 48.5903 31.3
      vertex 130.714 49.005 31.3
      vertex 130.651 48.9891 31.3
    endloop
  endfacet
  facet normal 0 0 1
    outer loop
      vertex 130.829 47.9517 31.3
      vertex 130.318 48.3804 31.3
      vertex 130.756 47.9483 31.3
    endloop
  endfacet
  facet normal 0 0 1
    outer loop
      vertex 130.333 48.6468 31.3
      vertex 130.651 48.9891 31.3
      vertex 130.6 48.9706 31.3
    endloop
  endfacet
  facet normal -0 -0 1
    outer loop
      vertex 130.328 48.3045 31.3
      vertex 130.756 47.9483 31.3
      vertex 130.318 48.3804 31.3
    endloop
  endfacet
  facet normal 0 0 1
    outer loop
      vertex 130.333 48.6468 31.3
      vertex 130.6 48.9706 31.3
      vertex 130.555 48.9491 31.3
    endloop
  endfacet
  facet normal 0 0 1
    outer loop
      vertex 130.756 47.9483 31.3
      vertex 130.328 48.3045 31.3
      vertex 130.691 47.9519 31.3
    endloop
  endfacet
  facet normal 0 0 1
    outer loop
      vertex 130.347 48.6988 31.3
      vertex 130.555 48.9491 31.3
      vertex 130.514 48.9241 31.3
    endloop
  endfacet
  facet normal -0 -0 1
    outer loop
      vertex 130.345 48.2361 31.3
      vertex 130.691 47.9519 31.3
      vertex 130.328 48.3045 31.3
    endloop
  endfacet
  facet normal 0 0 1
    outer loop
      vertex 130.347 48.6988 31.3
      vertex 130.514 48.9241 31.3
      vertex 130.477 48.8956 31.3
    endloop
  endfacet
  facet normal 0 0 1
    outer loop
      vertex 130.347 48.6988 31.3
      vertex 130.477 48.8956 31.3
      vertex 130.444 48.8636 31.3
    endloop
  endfacet
  facet normal 0 0 1
    outer loop
      vertex 130.691 47.9519 31.3
      vertex 130.345 48.2361 31.3
      vertex 130.631 47.9625 31.3
    endloop
  endfacet
  facet normal 0 0 1
    outer loop
      vertex 130.347 48.6988 31.3
      vertex 130.444 48.8636 31.3
      vertex 130.414 48.8281 31.3
    endloop
  endfacet
  facet normal 0 0 1
    outer loop
      vertex 130.631 47.9625 31.3
      vertex 130.345 48.2361 31.3
      vertex 130.575 47.9801 31.3
    endloop
  endfacet
  facet normal 0 0 1
    outer loop
      vertex 130.347 48.6988 31.3
      vertex 130.414 48.8281 31.3
      vertex 130.388 48.7892 31.3
    endloop
  endfacet
  facet normal -0 -0 1
    outer loop
      vertex 130.368 48.1751 31.3
      vertex 130.575 47.9801 31.3
      vertex 130.345 48.2361 31.3
    endloop
  endfacet
  facet normal 0 0 1
    outer loop
      vertex 130.347 48.6988 31.3
      vertex 130.388 48.7892 31.3
      vertex 130.365 48.7462 31.3
    endloop
  endfacet
  facet normal 0 0 1
    outer loop
      vertex 130.555 48.9491 31.3
      vertex 130.347 48.6988 31.3
      vertex 130.333 48.6468 31.3
    endloop
  endfacet
  facet normal 0 0 1
    outer loop
      vertex 130.575 47.9801 31.3
      vertex 130.368 48.1751 31.3
      vertex 130.524 48.0048 31.3
    endloop
  endfacet
  facet normal 0 0 1
    outer loop
      vertex 130.651 48.9891 31.3
      vertex 130.333 48.6468 31.3
      vertex 130.323 48.5903 31.3
    endloop
  endfacet
  facet normal 0 0 1
    outer loop
      vertex 130.714 49.005 31.3
      vertex 130.323 48.5903 31.3
      vertex 130.317 48.5293 31.3
    endloop
  endfacet
  facet normal -0 -0 1
    outer loop
      vertex 130.318 48.3804 31.3
      vertex 130.9 47.9619 31.3
      vertex 130.315 48.4637 31.3
    endloop
  endfacet
  facet normal 0 0 1
    outer loop
      vertex 130.435 48.0755 31.3
      vertex 130.368 48.1751 31.3
      vertex 130.398 48.1216 31.3
    endloop
  endfacet
  facet normal 0 0 1
    outer loop
      vertex 130.524 48.0048 31.3
      vertex 130.368 48.1751 31.3
      vertex 130.478 48.0366 31.3
    endloop
  endfacet
  facet normal 0 0 1
    outer loop
      vertex 130.478 48.0366 31.3
      vertex 130.368 48.1751 31.3
      vertex 130.435 48.0755 31.3
    endloop
  endfacet
  facet normal -0 0 1
    outer loop
      vertex 144.76 49.0435 31.3
      vertex 145.248 48.8638 31.3
      vertex 145.248 49.0503 31.3
    endloop
  endfacet
  facet normal 0 0 1
    outer loop
      vertex 145.248 48.8638 31.3
      vertex 144.76 49.0435 31.3
      vertex 145.245 48.7842 31.3
    endloop
  endfacet
  facet normal 0 0 1
    outer loop
      vertex 145.245 48.7842 31.3
      vertex 144.76 49.0435 31.3
      vertex 145.237 48.7061 31.3
    endloop
  endfacet
  facet normal 0 0 1
    outer loop
      vertex 145.237 48.7061 31.3
      vertex 144.76 49.0435 31.3
      vertex 145.222 48.6294 31.3
    endloop
  endfacet
  facet normal 0 0 1
    outer loop
      vertex 145.222 48.6294 31.3
      vertex 144.76 49.0435 31.3
      vertex 145.202 48.5541 31.3
    endloop
  endfacet
  facet normal 0 0 1
    outer loop
      vertex 145.202 48.5541 31.3
      vertex 144.76 49.0435 31.3
      vertex 145.175 48.4802 31.3
    endloop
  endfacet
  facet normal 0 0 1
    outer loop
      vertex 145.175 48.4802 31.3
      vertex 144.76 49.0435 31.3
      vertex 145.143 48.4078 31.3
    endloop
  endfacet
  facet normal -0 0 1
    outer loop
      vertex 144.655 49.0377 31.3
      vertex 145.143 48.4078 31.3
      vertex 144.76 49.0435 31.3
    endloop
  endfacet
  facet normal 0 0 1
    outer loop
      vertex 145.143 48.4078 31.3
      vertex 144.655 49.0377 31.3
      vertex 145.106 48.3386 31.3
    endloop
  endfacet
  facet normal 0 0 1
    outer loop
      vertex 145.106 48.3386 31.3
      vertex 144.655 49.0377 31.3
      vertex 145.064 48.2746 31.3
    endloop
  endfacet
  facet normal 0 0 1
    outer loop
      vertex 145.064 48.2746 31.3
      vertex 144.655 49.0377 31.3
      vertex 145.018 48.2158 31.3
    endloop
  endfacet
  facet normal -0 0 1
    outer loop
      vertex 144.56 49.0294 31.3
      vertex 145.018 48.2158 31.3
      vertex 144.655 49.0377 31.3
    endloop
  endfacet
  facet normal 0 0 1
    outer loop
      vertex 145.018 48.2158 31.3
      vertex 144.56 49.0294 31.3
      vertex 144.968 48.1621 31.3
    endloop
  endfacet
  facet normal 0 0 1
    outer loop
      vertex 144.968 48.1621 31.3
      vertex 144.56 49.0294 31.3
      vertex 144.913 48.1137 31.3
    endloop
  endfacet
  facet normal -0 0 1
    outer loop
      vertex 144.476 49.0185 31.3
      vertex 144.913 48.1137 31.3
      vertex 144.56 49.0294 31.3
    endloop
  endfacet
  facet normal 0 0 1
    outer loop
      vertex 144.913 48.1137 31.3
      vertex 144.476 49.0185 31.3
      vertex 144.853 48.0704 31.3
    endloop
  endfacet
  facet normal 0 0 1
    outer loop
      vertex 144.853 48.0704 31.3
      vertex 144.476 49.0185 31.3
      vertex 144.791 48.0331 31.3
    endloop
  endfacet
  facet normal 0 0 1
    outer loop
      vertex 144.791 48.0331 31.3
      vertex 144.476 49.0185 31.3
      vertex 144.726 48.0026 31.3
    endloop
  endfacet
  facet normal -0 0 1
    outer loop
      vertex 144.006 48.5293 31.3
      vertex 144.726 48.0026 31.3
      vertex 144.476 49.0185 31.3
    endloop
  endfacet
  facet normal 0 0 1
    outer loop
      vertex 144.726 48.0026 31.3
      vertex 144.006 48.5293 31.3
      vertex 144.659 47.9788 31.3
    endloop
  endfacet
  facet normal -0 0 1
    outer loop
      vertex 144.004 48.4637 31.3
      vertex 144.659 47.9788 31.3
      vertex 144.006 48.5293 31.3
    endloop
  endfacet
  facet normal 0 0 1
    outer loop
      vertex 144.659 47.9788 31.3
      vertex 144.004 48.4637 31.3
      vertex 144.59 47.9619 31.3
    endloop
  endfacet
  facet normal 0 0 1
    outer loop
      vertex 144.006 48.5293 31.3
      vertex 144.476 49.0185 31.3
      vertex 144.403 49.005 31.3
    endloop
  endfacet
  facet normal 0 0 1
    outer loop
      vertex 144.59 47.9619 31.3
      vertex 144.007 48.3804 31.3
      vertex 144.518 47.9517 31.3
    endloop
  endfacet
  facet normal 0 0 1
    outer loop
      vertex 144.012 48.5903 31.3
      vertex 144.403 49.005 31.3
      vertex 144.341 48.9891 31.3
    endloop
  endfacet
  facet normal 0 0 1
    outer loop
      vertex 144.518 47.9517 31.3
      vertex 144.007 48.3804 31.3
      vertex 144.445 47.9483 31.3
    endloop
  endfacet
  facet normal 0 0 1
    outer loop
      vertex 144.022 48.6468 31.3
      vertex 144.341 48.9891 31.3
      vertex 144.289 48.9706 31.3
    endloop
  endfacet
  facet normal -0 -0 1
    outer loop
      vertex 144.017 48.3045 31.3
      vertex 144.445 47.9483 31.3
      vertex 144.007 48.3804 31.3
    endloop
  endfacet
  facet normal 0 0 1
    outer loop
      vertex 144.022 48.6468 31.3
      vertex 144.289 48.9706 31.3
      vertex 144.244 48.9491 31.3
    endloop
  endfacet
  facet normal 0 0 1
    outer loop
      vertex 144.445 47.9483 31.3
      vertex 144.017 48.3045 31.3
      vertex 144.38 47.9519 31.3
    endloop
  endfacet
  facet normal 0 0 1
    outer loop
      vertex 144.036 48.6988 31.3
      vertex 144.244 48.9491 31.3
      vertex 144.204 48.9241 31.3
    endloop
  endfacet
  facet normal -0 -0 1
    outer loop
      vertex 144.034 48.2361 31.3
      vertex 144.38 47.9519 31.3
      vertex 144.017 48.3045 31.3
    endloop
  endfacet
  facet normal 0 0 1
    outer loop
      vertex 144.036 48.6988 31.3
      vertex 144.204 48.9241 31.3
      vertex 144.166 48.8956 31.3
    endloop
  endfacet
  facet normal 0 0 1
    outer loop
      vertex 144.036 48.6988 31.3
      vertex 144.166 48.8956 31.3
      vertex 144.133 48.8636 31.3
    endloop
  endfacet
  facet normal 0 0 1
    outer loop
      vertex 144.38 47.9519 31.3
      vertex 144.034 48.2361 31.3
      vertex 144.32 47.9625 31.3
    endloop
  endfacet
  facet normal 0 0 1
    outer loop
      vertex 144.036 48.6988 31.3
      vertex 144.133 48.8636 31.3
      vertex 144.103 48.8281 31.3
    endloop
  endfacet
  facet normal 0 0 1
    outer loop
      vertex 144.32 47.9625 31.3
      vertex 144.034 48.2361 31.3
      vertex 144.265 47.9801 31.3
    endloop
  endfacet
  facet normal 0 0 1
    outer loop
      vertex 144.036 48.6988 31.3
      vertex 144.103 48.8281 31.3
      vertex 144.077 48.7892 31.3
    endloop
  endfacet
  facet normal -0 -0 1
    outer loop
      vertex 144.058 48.1751 31.3
      vertex 144.265 47.9801 31.3
      vertex 144.034 48.2361 31.3
    endloop
  endfacet
  facet normal 0 0 1
    outer loop
      vertex 144.036 48.6988 31.3
      vertex 144.077 48.7892 31.3
      vertex 144.055 48.7462 31.3
    endloop
  endfacet
  facet normal 0 0 1
    outer loop
      vertex 144.244 48.9491 31.3
      vertex 144.036 48.6988 31.3
      vertex 144.022 48.6468 31.3
    endloop
  endfacet
  facet normal 0 0 1
    outer loop
      vertex 144.265 47.9801 31.3
      vertex 144.058 48.1751 31.3
      vertex 144.214 48.0048 31.3
    endloop
  endfacet
  facet normal 0 0 1
    outer loop
      vertex 144.341 48.9891 31.3
      vertex 144.022 48.6468 31.3
      vertex 144.012 48.5903 31.3
    endloop
  endfacet
  facet normal 0 0 1
    outer loop
      vertex 144.403 49.005 31.3
      vertex 144.012 48.5903 31.3
      vertex 144.006 48.5293 31.3
    endloop
  endfacet
  facet normal -0 -0 1
    outer loop
      vertex 144.007 48.3804 31.3
      vertex 144.59 47.9619 31.3
      vertex 144.004 48.4637 31.3
    endloop
  endfacet
  facet normal 0 0 1
    outer loop
      vertex 144.124 48.0755 31.3
      vertex 144.058 48.1751 31.3
      vertex 144.088 48.1216 31.3
    endloop
  endfacet
  facet normal 0 0 1
    outer loop
      vertex 144.214 48.0048 31.3
      vertex 144.058 48.1751 31.3
      vertex 144.167 48.0366 31.3
    endloop
  endfacet
  facet normal 0 0 1
    outer loop
      vertex 144.167 48.0366 31.3
      vertex 144.058 48.1751 31.3
      vertex 144.124 48.0755 31.3
    endloop
  endfacet
  facet normal 0.647341 -0.7622 0
    outer loop
      vertex 185.355 38.5042 22.1
      vertex 185.499 38.6265 31.3
      vertex 185.355 38.5042 31.3
    endloop
  endfacet
  facet normal 0.647341 -0.7622 0
    outer loop
      vertex 185.499 38.6265 31.3
      vertex 185.355 38.5042 22.1
      vertex 185.499 38.6265 22.1
    endloop
  endfacet
  facet normal 0.853479 -0.521127 0
    outer loop
      vertex 185.621 38.7697 31.3
      vertex 185.719 38.9302 22.1
      vertex 185.719 38.9302 31.3
    endloop
  endfacet
  facet normal 0.853479 -0.521127 0
    outer loop
      vertex 185.719 38.9302 22.1
      vertex 185.621 38.7697 31.3
      vertex 185.621 38.7697 22.1
    endloop
  endfacet
  facet normal 0.924017 0.382352 0
    outer loop
      vertex 185.791 88.8958 31.3
      vertex 185.719 89.0698 22.1
      vertex 185.719 89.0698 31.3
    endloop
  endfacet
  facet normal 0.924017 0.382352 0
    outer loop
      vertex 185.719 89.0698 22.1
      vertex 185.791 88.8958 31.3
      vertex 185.791 88.8958 22.1
    endloop
  endfacet
  facet normal 0.996822 -0.0796608 0
    outer loop
      vertex 185.835 39.2873 31.3
      vertex 185.85 39.475 22.1
      vertex 185.85 39.475 31.3
    endloop
  endfacet
  facet normal 0.996822 -0.0796608 0
    outer loop
      vertex 185.85 39.475 22.1
      vertex 185.835 39.2873 31.3
      vertex 185.835 39.2873 22.1
    endloop
  endfacet
  facet normal 0.996822 0.0796608 0
    outer loop
      vertex 185.85 88.525 31.3
      vertex 185.835 88.7127 22.1
      vertex 185.835 88.7127 31.3
    endloop
  endfacet
  facet normal 0.996822 0.0796608 0
    outer loop
      vertex 185.835 88.7127 22.1
      vertex 185.85 88.525 31.3
      vertex 185.85 88.525 22.1
    endloop
  endfacet
  facet normal 0 0 -1
    outer loop
      vertex 183.85 40.275 22.1
      vertex 185.85 39.475 22.1
      vertex 185.835 39.2873 22.1
    endloop
  endfacet
  facet normal 0 0 -1
    outer loop
      vertex 185.85 39.475 22.1
      vertex 183.85 40.275 22.1
      vertex 185.85 88.525 22.1
    endloop
  endfacet
  facet normal 0 0 -1
    outer loop
      vertex 183.85 40.275 22.1
      vertex 185.835 39.2873 22.1
      vertex 185.791 39.1042 22.1
    endloop
  endfacet
  facet normal 0 0 -1
    outer loop
      vertex 183.85 87.725 22.1
      vertex 185.85 88.525 22.1
      vertex 183.85 40.275 22.1
    endloop
  endfacet
  facet normal 0 0 -1
    outer loop
      vertex 183.85 40.275 22.1
      vertex 185.791 39.1042 22.1
      vertex 185.719 38.9302 22.1
    endloop
  endfacet
  facet normal -0 0 -1
    outer loop
      vertex 185.85 88.525 22.1
      vertex 183.85 87.725 22.1
      vertex 185.835 88.7127 22.1
    endloop
  endfacet
  facet normal 0 0 -1
    outer loop
      vertex 183.85 40.275 22.1
      vertex 185.719 38.9302 22.1
      vertex 185.621 38.7697 22.1
    endloop
  endfacet
  facet normal -0 0 -1
    outer loop
      vertex 185.835 88.7127 22.1
      vertex 183.85 87.725 22.1
      vertex 185.791 88.8958 22.1
    endloop
  endfacet
  facet normal 0 0 -1
    outer loop
      vertex 183.85 40.275 22.1
      vertex 185.621 38.7697 22.1
      vertex 185.499 38.6265 22.1
    endloop
  endfacet
  facet normal -0 0 -1
    outer loop
      vertex 185.791 88.8958 22.1
      vertex 183.85 87.725 22.1
      vertex 185.719 89.0698 22.1
    endloop
  endfacet
  facet normal 0 0 -1
    outer loop
      vertex 183.85 40.275 22.1
      vertex 185.499 38.6265 22.1
      vertex 185.355 38.5042 22.1
    endloop
  endfacet
  facet normal -0 0 -1
    outer loop
      vertex 185.719 89.0698 22.1
      vertex 183.85 87.725 22.1
      vertex 185.621 89.2303 22.1
    endloop
  endfacet
  facet normal 0 0 -1
    outer loop
      vertex 183.85 40.275 22.1
      vertex 185.355 38.5042 22.1
      vertex 185.195 38.4058 22.1
    endloop
  endfacet
  facet normal -0 0 -1
    outer loop
      vertex 185.621 89.2303 22.1
      vertex 183.85 87.725 22.1
      vertex 185.499 89.3735 22.1
    endloop
  endfacet
  facet normal 0 0 -1
    outer loop
      vertex 183.85 40.275 22.1
      vertex 185.195 38.4058 22.1
      vertex 185.021 38.3337 22.1
    endloop
  endfacet
  facet normal -0 0 -1
    outer loop
      vertex 185.499 89.3735 22.1
      vertex 183.85 87.725 22.1
      vertex 185.355 89.4958 22.1
    endloop
  endfacet
  facet normal 0 0 -1
    outer loop
      vertex 183.85 40.275 22.1
      vertex 185.021 38.3337 22.1
      vertex 184.838 38.2898 22.1
    endloop
  endfacet
  facet normal -0 0 -1
    outer loop
      vertex 185.355 89.4958 22.1
      vertex 183.85 87.725 22.1
      vertex 185.195 89.5942 22.1
    endloop
  endfacet
  facet normal 0 0 -1
    outer loop
      vertex 183.85 40.275 22.1
      vertex 184.838 38.2898 22.1
      vertex 184.65 38.275 22.1
    endloop
  endfacet
  facet normal -0 0 -1
    outer loop
      vertex 185.195 89.5942 22.1
      vertex 183.85 87.725 22.1
      vertex 185.021 89.6663 22.1
    endloop
  endfacet
  facet normal -0 0 -1
    outer loop
      vertex 185.021 89.6663 22.1
      vertex 183.85 87.725 22.1
      vertex 184.838 89.7102 22.1
    endloop
  endfacet
  facet normal 0 0 -1
    outer loop
      vertex 105.58 38.275 22.1
      vertex 183.85 40.275 22.1
      vertex 184.65 38.275 22.1
    endloop
  endfacet
  facet normal 0 0 -1
    outer loop
      vertex 104.38 39.475 22.1
      vertex 105.58 38.275 22.1
      vertex 105.392 38.2898 22.1
    endloop
  endfacet
  facet normal 0 0 -1
    outer loop
      vertex 104.38 39.475 22.1
      vertex 105.392 38.2898 22.1
      vertex 105.209 38.3337 22.1
    endloop
  endfacet
  facet normal 0 0 -1
    outer loop
      vertex 104.38 39.475 22.1
      vertex 105.209 38.3337 22.1
      vertex 105.035 38.4058 22.1
    endloop
  endfacet
  facet normal 0 0 -1
    outer loop
      vertex 104.38 39.475 22.1
      vertex 105.035 38.4058 22.1
      vertex 104.875 38.5042 22.1
    endloop
  endfacet
  facet normal 0 0 -1
    outer loop
      vertex 104.38 39.475 22.1
      vertex 104.875 38.5042 22.1
      vertex 104.731 38.6265 22.1
    endloop
  endfacet
  facet normal 0 0 -1
    outer loop
      vertex 104.38 39.475 22.1
      vertex 104.731 38.6265 22.1
      vertex 104.609 38.7697 22.1
    endloop
  endfacet
  facet normal 0 0 -1
    outer loop
      vertex 104.38 39.475 22.1
      vertex 104.609 38.7697 22.1
      vertex 104.511 38.9302 22.1
    endloop
  endfacet
  facet normal 0 0 -1
    outer loop
      vertex 104.38 39.475 22.1
      vertex 104.511 38.9302 22.1
      vertex 104.439 39.1042 22.1
    endloop
  endfacet
  facet normal 0 0 -1
    outer loop
      vertex 104.38 39.475 22.1
      vertex 104.439 39.1042 22.1
      vertex 104.395 39.2873 22.1
    endloop
  endfacet
  facet normal 0 0 -1
    outer loop
      vertex 105.58 38.275 22.1
      vertex 104.38 39.475 22.1
      vertex 104.38 40.275 22.1
    endloop
  endfacet
  facet normal 0 0 -1
    outer loop
      vertex 105.58 38.275 22.1
      vertex 104.38 40.275 22.1
      vertex 183.85 40.275 22.1
    endloop
  endfacet
  facet normal -0 0 -1
    outer loop
      vertex 184.838 89.7102 22.1
      vertex 183.85 87.725 22.1
      vertex 184.65 89.725 22.1
    endloop
  endfacet
  facet normal 0 0 -1
    outer loop
      vertex 183.85 87.725 22.1
      vertex 105.58 89.725 22.1
      vertex 184.65 89.725 22.1
    endloop
  endfacet
  facet normal 0 0 -1
    outer loop
      vertex 104.38 87.725 22.1
      vertex 105.58 89.725 22.1
      vertex 183.85 87.725 22.1
    endloop
  endfacet
  facet normal 0 0 -1
    outer loop
      vertex 104.38 88.525 22.1
      vertex 105.58 89.725 22.1
      vertex 104.38 87.725 22.1
    endloop
  endfacet
  facet normal 0 0 -1
    outer loop
      vertex 105.58 89.725 22.1
      vertex 104.38 88.525 22.1
      vertex 105.392 89.7102 22.1
    endloop
  endfacet
  facet normal 0 0 -1
    outer loop
      vertex 105.392 89.7102 22.1
      vertex 104.38 88.525 22.1
      vertex 105.209 89.6663 22.1
    endloop
  endfacet
  facet normal 0 0 -1
    outer loop
      vertex 105.209 89.6663 22.1
      vertex 104.38 88.525 22.1
      vertex 105.035 89.5942 22.1
    endloop
  endfacet
  facet normal 0 0 -1
    outer loop
      vertex 105.035 89.5942 22.1
      vertex 104.38 88.525 22.1
      vertex 104.875 89.4958 22.1
    endloop
  endfacet
  facet normal 0 0 -1
    outer loop
      vertex 104.875 89.4958 22.1
      vertex 104.38 88.525 22.1
      vertex 104.731 89.3735 22.1
    endloop
  endfacet
  facet normal 0 0 -1
    outer loop
      vertex 104.731 89.3735 22.1
      vertex 104.38 88.525 22.1
      vertex 104.609 89.2303 22.1
    endloop
  endfacet
  facet normal 0 0 -1
    outer loop
      vertex 104.609 89.2303 22.1
      vertex 104.38 88.525 22.1
      vertex 104.511 89.0698 22.1
    endloop
  endfacet
  facet normal 0 0 -1
    outer loop
      vertex 104.511 89.0698 22.1
      vertex 104.38 88.525 22.1
      vertex 104.439 88.8958 22.1
    endloop
  endfacet
  facet normal 0 0 -1
    outer loop
      vertex 104.439 88.8958 22.1
      vertex 104.38 88.525 22.1
      vertex 104.395 88.7127 22.1
    endloop
  endfacet
  facet normal 0.382805 -0.923829 0
    outer loop
      vertex 185.021 38.3337 22.1
      vertex 185.195 38.4058 31.3
      vertex 185.021 38.3337 31.3
    endloop
  endfacet
  facet normal 0.382805 -0.923829 0
    outer loop
      vertex 185.195 38.4058 31.3
      vertex 185.021 38.3337 22.1
      vertex 185.195 38.4058 22.1
    endloop
  endfacet
  facet normal 0.761204 0.648512 0
    outer loop
      vertex 185.621 89.2303 31.3
      vertex 185.499 89.3735 22.1
      vertex 185.499 89.3735 31.3
    endloop
  endfacet
  facet normal 0.761204 0.648512 0
    outer loop
      vertex 185.499 89.3735 22.1
      vertex 185.621 89.2303 31.3
      vertex 185.621 89.2303 22.1
    endloop
  endfacet
  facet normal 0.647341 0.7622 -0
    outer loop
      vertex 185.499 89.3735 22.1
      vertex 185.355 89.4958 31.3
      vertex 185.499 89.3735 31.3
    endloop
  endfacet
  facet normal 0.647341 0.7622 0
    outer loop
      vertex 185.355 89.4958 31.3
      vertex 185.499 89.3735 22.1
      vertex 185.355 89.4958 22.1
    endloop
  endfacet
  facet normal 0.97232 -0.233654 0
    outer loop
      vertex 185.791 39.1042 31.3
      vertex 185.835 39.2873 22.1
      vertex 185.835 39.2873 31.3
    endloop
  endfacet
  facet normal 0.97232 -0.233654 0
    outer loop
      vertex 185.835 39.2873 22.1
      vertex 185.791 39.1042 31.3
      vertex 185.791 39.1042 22.1
    endloop
  endfacet
  facet normal -1 0 0
    outer loop
      vertex 183.85 40.275 22.1
      vertex 183.85 87.725 28.9
      vertex 183.85 87.725 22.1
    endloop
  endfacet
  facet normal -1 -0 0
    outer loop
      vertex 183.85 87.725 28.9
      vertex 183.85 40.275 22.1
      vertex 183.85 40.275 28.9
    endloop
  endfacet
  facet normal 0 0 -1
    outer loop
      vertex 128.331 59.0019 28.9
      vertex 132.649 60.7775 28.9
      vertex 128.519 58.6942 28.9
    endloop
  endfacet
  facet normal 0 0 -1
    outer loop
      vertex 132.55 73.775 28.9
      vertex 128.742 76.9752 28.9
      vertex 128.77 77.335 28.9
    endloop
  endfacet
  facet normal -0 0 -1
    outer loop
      vertex 132.649 60.7775 28.9
      vertex 128.331 59.0019 28.9
      vertex 132.55 61.275 28.9
    endloop
  endfacet
  facet normal 0 0 -1
    outer loop
      vertex 132.55 73.775 28.9
      vertex 128.657 76.6243 28.9
      vertex 128.742 76.9752 28.9
    endloop
  endfacet
  facet normal 0 0 -1
    outer loop
      vertex 128.096 59.2763 28.9
      vertex 132.55 61.275 28.9
      vertex 128.331 59.0019 28.9
    endloop
  endfacet
  facet normal 0 0 -1
    outer loop
      vertex 132.55 73.775 28.9
      vertex 128.519 76.2908 28.9
      vertex 128.657 76.6243 28.9
    endloop
  endfacet
  facet normal 0 0 -1
    outer loop
      vertex 127.822 59.5107 28.9
      vertex 132.55 61.275 28.9
      vertex 128.096 59.2763 28.9
    endloop
  endfacet
  facet normal 0 0 -1
    outer loop
      vertex 132.55 73.775 28.9
      vertex 128.331 75.9831 28.9
      vertex 128.519 76.2908 28.9
    endloop
  endfacet
  facet normal 0 0 -1
    outer loop
      vertex 127.514 59.6993 28.9
      vertex 132.55 61.275 28.9
      vertex 127.822 59.5107 28.9
    endloop
  endfacet
  facet normal 0 0 -1
    outer loop
      vertex 132.55 73.775 28.9
      vertex 128.096 75.7087 28.9
      vertex 128.331 75.9831 28.9
    endloop
  endfacet
  facet normal 0 0 -1
    outer loop
      vertex 127.181 59.8374 28.9
      vertex 132.55 61.275 28.9
      vertex 127.514 59.6993 28.9
    endloop
  endfacet
  facet normal 0 0 -1
    outer loop
      vertex 132.55 73.775 28.9
      vertex 127.822 75.4743 28.9
      vertex 128.096 75.7087 28.9
    endloop
  endfacet
  facet normal 0 0 -1
    outer loop
      vertex 126.83 59.9217 28.9
      vertex 132.55 61.275 28.9
      vertex 127.181 59.8374 28.9
    endloop
  endfacet
  facet normal 0 0 -1
    outer loop
      vertex 132.55 73.775 28.9
      vertex 127.514 75.2857 28.9
      vertex 127.822 75.4743 28.9
    endloop
  endfacet
  facet normal 0 0 -1
    outer loop
      vertex 126.83 75.0633 28.9
      vertex 132.55 61.275 28.9
      vertex 126.83 59.9217 28.9
    endloop
  endfacet
  facet normal 0 0 -1
    outer loop
      vertex 132.55 73.775 28.9
      vertex 127.181 75.1476 28.9
      vertex 127.514 75.2857 28.9
    endloop
  endfacet
  facet normal 0 0 -1
    outer loop
      vertex 132.55 61.275 28.9
      vertex 126.83 75.0633 28.9
      vertex 132.55 73.775 28.9
    endloop
  endfacet
  facet normal 0 0 -1
    outer loop
      vertex 132.55 73.775 28.9
      vertex 126.83 75.0633 28.9
      vertex 127.181 75.1476 28.9
    endloop
  endfacet
  facet normal 0 0 -1
    outer loop
      vertex 126.47 59.95 28.9
      vertex 126.83 75.0633 28.9
      vertex 126.83 59.9217 28.9
    endloop
  endfacet
  facet normal 0 0 -1
    outer loop
      vertex 126.47 59.95 28.9
      vertex 126.47 75.035 28.9
      vertex 126.83 75.0633 28.9
    endloop
  endfacet
  facet normal 0 0 -1
    outer loop
      vertex 126.11 59.9217 28.9
      vertex 126.47 75.035 28.9
      vertex 126.47 59.95 28.9
    endloop
  endfacet
  facet normal 0 0 -1
    outer loop
      vertex 126.11 59.9217 28.9
      vertex 126.11 75.0633 28.9
      vertex 126.47 75.035 28.9
    endloop
  endfacet
  facet normal 0 0 -1
    outer loop
      vertex 125.759 59.8374 28.9
      vertex 126.11 75.0633 28.9
      vertex 126.11 59.9217 28.9
    endloop
  endfacet
  facet normal 0 0 -1
    outer loop
      vertex 125.759 59.8374 28.9
      vertex 125.759 75.1476 28.9
      vertex 126.11 75.0633 28.9
    endloop
  endfacet
  facet normal 0 0 -1
    outer loop
      vertex 125.426 59.6993 28.9
      vertex 125.759 75.1476 28.9
      vertex 125.759 59.8374 28.9
    endloop
  endfacet
  facet normal 0 0 -1
    outer loop
      vertex 125.426 59.6993 28.9
      vertex 125.426 75.2857 28.9
      vertex 125.759 75.1476 28.9
    endloop
  endfacet
  facet normal 0 0 -1
    outer loop
      vertex 125.118 59.5107 28.9
      vertex 125.426 75.2857 28.9
      vertex 125.426 59.6993 28.9
    endloop
  endfacet
  facet normal 0 0 -1
    outer loop
      vertex 125.118 59.5107 28.9
      vertex 125.118 75.4743 28.9
      vertex 125.426 75.2857 28.9
    endloop
  endfacet
  facet normal 0 0 -1
    outer loop
      vertex 124.844 59.2763 28.9
      vertex 125.118 75.4743 28.9
      vertex 125.118 59.5107 28.9
    endloop
  endfacet
  facet normal 0 0 -1
    outer loop
      vertex 124.844 59.2763 28.9
      vertex 124.844 75.7087 28.9
      vertex 125.118 75.4743 28.9
    endloop
  endfacet
  facet normal 0 0 -1
    outer loop
      vertex 114.88 56.317 28.9
      vertex 124.844 59.2763 28.9
      vertex 124.609 59.0019 28.9
    endloop
  endfacet
  facet normal -0 0 -1
    outer loop
      vertex 124.844 59.2763 28.9
      vertex 114.88 56.317 28.9
      vertex 124.844 75.7087 28.9
    endloop
  endfacet
  facet normal 0 0 -1
    outer loop
      vertex 114.88 56.317 28.9
      vertex 124.609 59.0019 28.9
      vertex 124.421 58.6942 28.9
    endloop
  endfacet
  facet normal -0 0 -1
    outer loop
      vertex 124.844 75.7087 28.9
      vertex 114.88 56.317 28.9
      vertex 124.609 75.9831 28.9
    endloop
  endfacet
  facet normal 0 0 -1
    outer loop
      vertex 114.88 56.317 28.9
      vertex 124.421 58.6942 28.9
      vertex 124.283 58.3607 28.9
    endloop
  endfacet
  facet normal -0 0 -1
    outer loop
      vertex 124.609 75.9831 28.9
      vertex 114.88 56.317 28.9
      vertex 124.421 76.2908 28.9
    endloop
  endfacet
  facet normal 0 0 -1
    outer loop
      vertex 114.88 56.317 28.9
      vertex 124.283 58.3607 28.9
      vertex 124.198 58.0098 28.9
    endloop
  endfacet
  facet normal 0 0 -1
    outer loop
      vertex 114.88 84.375 28.9
      vertex 124.421 76.2908 28.9
      vertex 114.88 56.317 28.9
    endloop
  endfacet
  facet normal 0 0 -1
    outer loop
      vertex 114.88 56.317 28.9
      vertex 124.198 58.0098 28.9
      vertex 124.17 57.65 28.9
    endloop
  endfacet
  facet normal 0 0 -1
    outer loop
      vertex 124.421 76.2908 28.9
      vertex 114.88 84.375 28.9
      vertex 124.283 76.6243 28.9
    endloop
  endfacet
  facet normal 0 0 -1
    outer loop
      vertex 169.297 58.3607 28.9
      vertex 183.85 87.725 28.9
      vertex 169.382 58.0098 28.9
    endloop
  endfacet
  facet normal 0 0 -1
    outer loop
      vertex 183.85 87.725 28.9
      vertex 169.382 76.9752 28.9
      vertex 169.41 77.335 28.9
    endloop
  endfacet
  facet normal 0 0 -1
    outer loop
      vertex 169.159 58.6942 28.9
      vertex 183.85 87.725 28.9
      vertex 169.297 58.3607 28.9
    endloop
  endfacet
  facet normal 0 0 -1
    outer loop
      vertex 183.85 87.725 28.9
      vertex 169.297 76.6243 28.9
      vertex 169.382 76.9752 28.9
    endloop
  endfacet
  facet normal 0 0 -1
    outer loop
      vertex 169.159 76.2908 28.9
      vertex 183.85 87.725 28.9
      vertex 169.159 58.6942 28.9
    endloop
  endfacet
  facet normal 0 0 -1
    outer loop
      vertex 183.85 87.725 28.9
      vertex 169.159 76.2908 28.9
      vertex 169.297 76.6243 28.9
    endloop
  endfacet
  facet normal 0 0 -1
    outer loop
      vertex 168.971 59.0019 28.9
      vertex 169.159 76.2908 28.9
      vertex 169.159 58.6942 28.9
    endloop
  endfacet
  facet normal 0 0 -1
    outer loop
      vertex 168.971 59.0019 28.9
      vertex 168.971 75.9831 28.9
      vertex 169.159 76.2908 28.9
    endloop
  endfacet
  facet normal 0 0 -1
    outer loop
      vertex 168.736 59.2763 28.9
      vertex 168.971 75.9831 28.9
      vertex 168.971 59.0019 28.9
    endloop
  endfacet
  facet normal 0 0 -1
    outer loop
      vertex 168.736 59.2763 28.9
      vertex 168.736 75.7087 28.9
      vertex 168.971 75.9831 28.9
    endloop
  endfacet
  facet normal 0 0 -1
    outer loop
      vertex 168.462 59.5107 28.9
      vertex 168.736 75.7087 28.9
      vertex 168.736 59.2763 28.9
    endloop
  endfacet
  facet normal 0 0 -1
    outer loop
      vertex 168.462 59.5107 28.9
      vertex 168.462 75.4743 28.9
      vertex 168.736 75.7087 28.9
    endloop
  endfacet
  facet normal 0 0 -1
    outer loop
      vertex 168.154 59.6993 28.9
      vertex 168.462 75.4743 28.9
      vertex 168.462 59.5107 28.9
    endloop
  endfacet
  facet normal 0 0 -1
    outer loop
      vertex 168.154 59.6993 28.9
      vertex 168.154 75.2857 28.9
      vertex 168.462 75.4743 28.9
    endloop
  endfacet
  facet normal 0 0 -1
    outer loop
      vertex 167.821 59.8374 28.9
      vertex 168.154 75.2857 28.9
      vertex 168.154 59.6993 28.9
    endloop
  endfacet
  facet normal 0 0 -1
    outer loop
      vertex 167.821 59.8374 28.9
      vertex 167.821 75.1476 28.9
      vertex 168.154 75.2857 28.9
    endloop
  endfacet
  facet normal 0 0 -1
    outer loop
      vertex 165.15 61.275 28.9
      vertex 167.821 59.8374 28.9
      vertex 167.47 59.9217 28.9
    endloop
  endfacet
  facet normal 0 0 -1
    outer loop
      vertex 167.821 59.8374 28.9
      vertex 165.15 61.275 28.9
      vertex 167.821 75.1476 28.9
    endloop
  endfacet
  facet normal 0 0 -1
    outer loop
      vertex 165.15 61.275 28.9
      vertex 167.47 59.9217 28.9
      vertex 167.11 59.95 28.9
    endloop
  endfacet
  facet normal 0 0 -1
    outer loop
      vertex 165.15 73.775 28.9
      vertex 167.821 75.1476 28.9
      vertex 165.15 61.275 28.9
    endloop
  endfacet
  facet normal 0 0 -1
    outer loop
      vertex 165.15 61.275 28.9
      vertex 167.11 59.95 28.9
      vertex 166.75 59.9217 28.9
    endloop
  endfacet
  facet normal 0 0 -1
    outer loop
      vertex 167.821 75.1476 28.9
      vertex 165.15 73.775 28.9
      vertex 167.47 75.0633 28.9
    endloop
  endfacet
  facet normal 0 0 -1
    outer loop
      vertex 165.15 61.275 28.9
      vertex 166.75 59.9217 28.9
      vertex 166.399 59.8374 28.9
    endloop
  endfacet
  facet normal 0 0 -1
    outer loop
      vertex 167.47 75.0633 28.9
      vertex 165.15 73.775 28.9
      vertex 167.11 75.035 28.9
    endloop
  endfacet
  facet normal 0 0 -1
    outer loop
      vertex 165.051 60.7775 28.9
      vertex 166.399 59.8374 28.9
      vertex 166.066 59.6993 28.9
    endloop
  endfacet
  facet normal -0 0 -1
    outer loop
      vertex 167.11 75.035 28.9
      vertex 165.15 73.775 28.9
      vertex 166.75 75.0633 28.9
    endloop
  endfacet
  facet normal 0 0 -1
    outer loop
      vertex 165.051 60.7775 28.9
      vertex 166.066 59.6993 28.9
      vertex 165.758 59.5107 28.9
    endloop
  endfacet
  facet normal -0 0 -1
    outer loop
      vertex 166.75 75.0633 28.9
      vertex 165.15 73.775 28.9
      vertex 166.399 75.1476 28.9
    endloop
  endfacet
  facet normal 0 0 -1
    outer loop
      vertex 164.769 60.3558 28.9
      vertex 165.758 59.5107 28.9
      vertex 165.484 59.2763 28.9
    endloop
  endfacet
  facet normal 0 0 -1
    outer loop
      vertex 165.051 74.2725 28.9
      vertex 166.399 75.1476 28.9
      vertex 165.15 73.775 28.9
    endloop
  endfacet
  facet normal 0 0 -1
    outer loop
      vertex 164.347 60.074 28.9
      vertex 165.484 59.2763 28.9
      vertex 165.249 59.0019 28.9
    endloop
  endfacet
  facet normal -0 0 -1
    outer loop
      vertex 166.399 75.1476 28.9
      vertex 165.051 74.2725 28.9
      vertex 166.066 75.2857 28.9
    endloop
  endfacet
  facet normal -0 0 -1
    outer loop
      vertex 166.066 75.2857 28.9
      vertex 165.051 74.2725 28.9
      vertex 165.758 75.4743 28.9
    endloop
  endfacet
  facet normal 0 0 -1
    outer loop
      vertex 164.347 60.074 28.9
      vertex 165.249 59.0019 28.9
      vertex 165.061 58.6942 28.9
    endloop
  endfacet
  facet normal 0 0 -1
    outer loop
      vertex 166.399 59.8374 28.9
      vertex 165.051 60.7775 28.9
      vertex 165.15 61.275 28.9
    endloop
  endfacet
  facet normal 0 0 -1
    outer loop
      vertex 163.85 59.975 28.9
      vertex 165.061 58.6942 28.9
      vertex 164.923 58.3607 28.9
    endloop
  endfacet
  facet normal 0 0 -1
    outer loop
      vertex 163.85 59.975 28.9
      vertex 164.923 58.3607 28.9
      vertex 164.838 58.0098 28.9
    endloop
  endfacet
  facet normal 0 0 -1
    outer loop
      vertex 163.353 60.074 28.9
      vertex 164.838 58.0098 28.9
      vertex 164.81 57.65 28.9
    endloop
  endfacet
  facet normal 0 0 -1
    outer loop
      vertex 165.758 59.5107 28.9
      vertex 164.769 60.3558 28.9
      vertex 165.051 60.7775 28.9
    endloop
  endfacet
  facet normal 0 0 -1
    outer loop
      vertex 169.382 58.0098 28.9
      vertex 183.85 40.275 28.9
      vertex 169.41 57.65 28.9
    endloop
  endfacet
  facet normal 0 0 -1
    outer loop
      vertex 183.85 40.275 28.9
      vertex 169.382 57.2902 28.9
      vertex 169.41 57.65 28.9
    endloop
  endfacet
  facet normal 0 0 -1
    outer loop
      vertex 183.85 40.275 28.9
      vertex 169.297 56.9393 28.9
      vertex 169.382 57.2902 28.9
    endloop
  endfacet
  facet normal 0 0 -1
    outer loop
      vertex 183.85 40.275 28.9
      vertex 169.159 56.6058 28.9
      vertex 169.297 56.9393 28.9
    endloop
  endfacet
  facet normal 0 0 -1
    outer loop
      vertex 183.85 40.275 28.9
      vertex 168.971 56.2981 28.9
      vertex 169.159 56.6058 28.9
    endloop
  endfacet
  facet normal 0 0 -1
    outer loop
      vertex 183.85 40.275 28.9
      vertex 168.736 56.0237 28.9
      vertex 168.971 56.2981 28.9
    endloop
  endfacet
  facet normal 0 0 -1
    outer loop
      vertex 183.85 40.275 28.9
      vertex 168.462 55.7893 28.9
      vertex 168.736 56.0237 28.9
    endloop
  endfacet
  facet normal 0 0 -1
    outer loop
      vertex 183.85 40.275 28.9
      vertex 168.154 55.6007 28.9
      vertex 168.462 55.7893 28.9
    endloop
  endfacet
  facet normal 0 0 -1
    outer loop
      vertex 183.85 40.275 28.9
      vertex 167.821 55.4626 28.9
      vertex 168.154 55.6007 28.9
    endloop
  endfacet
  facet normal 0 0 -1
    outer loop
      vertex 183.85 40.275 28.9
      vertex 167.47 55.3783 28.9
      vertex 167.821 55.4626 28.9
    endloop
  endfacet
  facet normal 0 0 -1
    outer loop
      vertex 183.85 40.275 28.9
      vertex 167.11 55.35 28.9
      vertex 167.47 55.3783 28.9
    endloop
  endfacet
  facet normal 0 0 -1
    outer loop
      vertex 183.85 40.275 28.9
      vertex 166.75 55.3783 28.9
      vertex 167.11 55.35 28.9
    endloop
  endfacet
  facet normal 0 0 -1
    outer loop
      vertex 183.85 40.275 28.9
      vertex 166.399 55.4626 28.9
      vertex 166.75 55.3783 28.9
    endloop
  endfacet
  facet normal 0 0 -1
    outer loop
      vertex 183.85 40.275 28.9
      vertex 166.066 55.6007 28.9
      vertex 166.399 55.4626 28.9
    endloop
  endfacet
  facet normal 0 0 -1
    outer loop
      vertex 148.85 59.975 28.9
      vertex 166.066 55.6007 28.9
      vertex 183.85 40.275 28.9
    endloop
  endfacet
  facet normal 0 0 -1
    outer loop
      vertex 166.066 55.6007 28.9
      vertex 148.85 59.975 28.9
      vertex 165.758 55.7893 28.9
    endloop
  endfacet
  facet normal 0 0 -1
    outer loop
      vertex 165.484 59.2763 28.9
      vertex 164.347 60.074 28.9
      vertex 164.769 60.3558 28.9
    endloop
  endfacet
  facet normal 0 0 -1
    outer loop
      vertex 163.353 60.074 28.9
      vertex 164.81 57.65 28.9
      vertex 164.838 57.2902 28.9
    endloop
  endfacet
  facet normal 0 0 -1
    outer loop
      vertex 165.061 58.6942 28.9
      vertex 163.85 59.975 28.9
      vertex 164.347 60.074 28.9
    endloop
  endfacet
  facet normal 0 0 -1
    outer loop
      vertex 159.347 60.074 28.9
      vertex 164.838 57.2902 28.9
      vertex 164.923 56.9393 28.9
    endloop
  endfacet
  facet normal 0 0 -1
    outer loop
      vertex 164.838 58.0098 28.9
      vertex 163.353 60.074 28.9
      vertex 163.85 59.975 28.9
    endloop
  endfacet
  facet normal 0 0 -1
    outer loop
      vertex 158.85 59.975 28.9
      vertex 164.923 56.9393 28.9
      vertex 165.061 56.6058 28.9
    endloop
  endfacet
  facet normal 0 0 -1
    outer loop
      vertex 164.838 57.2902 28.9
      vertex 159.347 60.074 28.9
      vertex 163.353 60.074 28.9
    endloop
  endfacet
  facet normal 0 0 -1
    outer loop
      vertex 163.353 60.074 28.9
      vertex 159.347 60.074 28.9
      vertex 162.931 60.3558 28.9
    endloop
  endfacet
  facet normal 0 0 -1
    outer loop
      vertex 162.55 61.275 28.9
      vertex 160.15 61.275 28.9
      vertex 162.55 73.775 28.9
    endloop
  endfacet
  facet normal 0 0 -1
    outer loop
      vertex 162.649 60.7775 28.9
      vertex 160.15 61.275 28.9
      vertex 162.55 61.275 28.9
    endloop
  endfacet
  facet normal 0 0 -1
    outer loop
      vertex 162.931 60.3558 28.9
      vertex 159.769 60.3558 28.9
      vertex 162.649 60.7775 28.9
    endloop
  endfacet
  facet normal 0 0 -1
    outer loop
      vertex 158.85 59.975 28.9
      vertex 165.061 56.6058 28.9
      vertex 165.249 56.2981 28.9
    endloop
  endfacet
  facet normal 0 0 -1
    outer loop
      vertex 158.85 59.975 28.9
      vertex 165.249 56.2981 28.9
      vertex 165.484 56.0237 28.9
    endloop
  endfacet
  facet normal 0 0 -1
    outer loop
      vertex 162.649 60.7775 28.9
      vertex 160.051 60.7775 28.9
      vertex 160.15 61.275 28.9
    endloop
  endfacet
  facet normal -0 0 -1
    outer loop
      vertex 162.649 60.7775 28.9
      vertex 159.769 60.3558 28.9
      vertex 160.051 60.7775 28.9
    endloop
  endfacet
  facet normal -0 -0 -1
    outer loop
      vertex 153.85 59.975 28.9
      vertex 165.758 55.7893 28.9
      vertex 148.85 59.975 28.9
    endloop
  endfacet
  facet normal -0 0 -1
    outer loop
      vertex 162.931 60.3558 28.9
      vertex 159.347 60.074 28.9
      vertex 159.769 60.3558 28.9
    endloop
  endfacet
  facet normal 0 0 -1
    outer loop
      vertex 164.923 56.9393 28.9
      vertex 158.85 59.975 28.9
      vertex 159.347 60.074 28.9
    endloop
  endfacet
  facet normal 0 0 -1
    outer loop
      vertex 165.484 56.0237 28.9
      vertex 153.85 59.975 28.9
      vertex 158.85 59.975 28.9
    endloop
  endfacet
  facet normal 0 0 -1
    outer loop
      vertex 158.85 59.975 28.9
      vertex 153.85 59.975 28.9
      vertex 158.353 60.074 28.9
    endloop
  endfacet
  facet normal 0 0 -1
    outer loop
      vertex 157.55 61.275 28.9
      vertex 155.15 61.275 28.9
      vertex 157.55 73.775 28.9
    endloop
  endfacet
  facet normal 0 0 -1
    outer loop
      vertex 157.649 60.7775 28.9
      vertex 155.15 61.275 28.9
      vertex 157.55 61.275 28.9
    endloop
  endfacet
  facet normal 0 0 -1
    outer loop
      vertex 155.051 60.7775 28.9
      vertex 157.649 60.7775 28.9
      vertex 157.931 60.3558 28.9
    endloop
  endfacet
  facet normal 0 -0 -1
    outer loop
      vertex 154.347 60.074 28.9
      vertex 158.353 60.074 28.9
      vertex 153.85 59.975 28.9
    endloop
  endfacet
  facet normal 0 0 -1
    outer loop
      vertex 157.649 60.7775 28.9
      vertex 155.051 60.7775 28.9
      vertex 155.15 61.275 28.9
    endloop
  endfacet
  facet normal 0 0 -1
    outer loop
      vertex 157.931 60.3558 28.9
      vertex 154.769 60.3558 28.9
      vertex 155.051 60.7775 28.9
    endloop
  endfacet
  facet normal -0 0 -1
    outer loop
      vertex 157.931 60.3558 28.9
      vertex 154.347 60.074 28.9
      vertex 154.769 60.3558 28.9
    endloop
  endfacet
  facet normal 0 0 -1
    outer loop
      vertex 158.353 60.074 28.9
      vertex 154.347 60.074 28.9
      vertex 157.931 60.3558 28.9
    endloop
  endfacet
  facet normal 0 0 -1
    outer loop
      vertex 165.758 55.7893 28.9
      vertex 153.85 59.975 28.9
      vertex 165.484 56.0237 28.9
    endloop
  endfacet
  facet normal 0 0 -1
    outer loop
      vertex 152.55 61.275 28.9
      vertex 150.15 61.275 28.9
      vertex 152.55 73.775 28.9
    endloop
  endfacet
  facet normal 0 0 -1
    outer loop
      vertex 152.649 60.7775 28.9
      vertex 150.15 61.275 28.9
      vertex 152.55 61.275 28.9
    endloop
  endfacet
  facet normal 0 0 -1
    outer loop
      vertex 150.051 60.7775 28.9
      vertex 152.649 60.7775 28.9
      vertex 152.931 60.3558 28.9
    endloop
  endfacet
  facet normal 0 0 -1
    outer loop
      vertex 149.769 60.3558 28.9
      vertex 152.931 60.3558 28.9
      vertex 153.353 60.074 28.9
    endloop
  endfacet
  facet normal 0 0 -1
    outer loop
      vertex 153.85 59.975 28.9
      vertex 148.85 59.975 28.9
      vertex 153.353 60.074 28.9
    endloop
  endfacet
  facet normal 0 0 -1
    outer loop
      vertex 152.649 60.7775 28.9
      vertex 150.051 60.7775 28.9
      vertex 150.15 61.275 28.9
    endloop
  endfacet
  facet normal 0 0 -1
    outer loop
      vertex 152.931 60.3558 28.9
      vertex 149.769 60.3558 28.9
      vertex 150.051 60.7775 28.9
    endloop
  endfacet
  facet normal 0 0 -1
    outer loop
      vertex 153.353 60.074 28.9
      vertex 149.347 60.074 28.9
      vertex 149.769 60.3558 28.9
    endloop
  endfacet
  facet normal -0 0 -1
    outer loop
      vertex 153.353 60.074 28.9
      vertex 148.85 59.975 28.9
      vertex 149.347 60.074 28.9
    endloop
  endfacet
  facet normal 0 0 -1
    outer loop
      vertex 127.514 55.6007 28.9
      vertex 148.85 59.975 28.9
      vertex 183.85 40.275 28.9
    endloop
  endfacet
  facet normal 0 0 -1
    outer loop
      vertex 147.55 61.275 28.9
      vertex 145.15 61.275 28.9
      vertex 147.55 73.775 28.9
    endloop
  endfacet
  facet normal 0 0 -1
    outer loop
      vertex 147.649 60.7775 28.9
      vertex 145.15 61.275 28.9
      vertex 147.55 61.275 28.9
    endloop
  endfacet
  facet normal 0 0 -1
    outer loop
      vertex 145.051 60.7775 28.9
      vertex 147.649 60.7775 28.9
      vertex 147.931 60.3558 28.9
    endloop
  endfacet
  facet normal 0 0 -1
    outer loop
      vertex 144.769 60.3558 28.9
      vertex 147.931 60.3558 28.9
      vertex 148.353 60.074 28.9
    endloop
  endfacet
  facet normal 0 0 -1
    outer loop
      vertex 148.85 59.975 28.9
      vertex 143.85 59.975 28.9
      vertex 148.353 60.074 28.9
    endloop
  endfacet
  facet normal 0 0 -1
    outer loop
      vertex 147.649 60.7775 28.9
      vertex 145.051 60.7775 28.9
      vertex 145.15 61.275 28.9
    endloop
  endfacet
  facet normal 0 0 -1
    outer loop
      vertex 147.931 60.3558 28.9
      vertex 144.769 60.3558 28.9
      vertex 145.051 60.7775 28.9
    endloop
  endfacet
  facet normal 0 0 -1
    outer loop
      vertex 148.353 60.074 28.9
      vertex 144.347 60.074 28.9
      vertex 144.769 60.3558 28.9
    endloop
  endfacet
  facet normal -0 0 -1
    outer loop
      vertex 148.353 60.074 28.9
      vertex 143.85 59.975 28.9
      vertex 144.347 60.074 28.9
    endloop
  endfacet
  facet normal -0 0 -1
    outer loop
      vertex 148.85 59.975 28.9
      vertex 127.514 55.6007 28.9
      vertex 143.85 59.975 28.9
    endloop
  endfacet
  facet normal 0 0 -1
    outer loop
      vertex 142.55 61.275 28.9
      vertex 140.15 61.275 28.9
      vertex 142.55 73.775 28.9
    endloop
  endfacet
  facet normal 0 0 -1
    outer loop
      vertex 142.649 60.7775 28.9
      vertex 140.15 61.275 28.9
      vertex 142.55 61.275 28.9
    endloop
  endfacet
  facet normal 0 0 -1
    outer loop
      vertex 140.051 60.7775 28.9
      vertex 142.649 60.7775 28.9
      vertex 142.931 60.3558 28.9
    endloop
  endfacet
  facet normal 0 0 -1
    outer loop
      vertex 139.769 60.3558 28.9
      vertex 142.931 60.3558 28.9
      vertex 143.353 60.074 28.9
    endloop
  endfacet
  facet normal 0 -0 -1
    outer loop
      vertex 127.822 55.7893 28.9
      vertex 143.85 59.975 28.9
      vertex 127.514 55.6007 28.9
    endloop
  endfacet
  facet normal 0 0 -1
    outer loop
      vertex 142.649 60.7775 28.9
      vertex 140.051 60.7775 28.9
      vertex 140.15 61.275 28.9
    endloop
  endfacet
  facet normal 0 0 -1
    outer loop
      vertex 142.931 60.3558 28.9
      vertex 139.769 60.3558 28.9
      vertex 140.051 60.7775 28.9
    endloop
  endfacet
  facet normal 0 0 -1
    outer loop
      vertex 143.353 60.074 28.9
      vertex 139.347 60.074 28.9
      vertex 139.769 60.3558 28.9
    endloop
  endfacet
  facet normal 0 -0 -1
    outer loop
      vertex 138.85 59.975 28.9
      vertex 143.85 59.975 28.9
      vertex 127.822 55.7893 28.9
    endloop
  endfacet
  facet normal -0 0 -1
    outer loop
      vertex 143.353 60.074 28.9
      vertex 138.85 59.975 28.9
      vertex 139.347 60.074 28.9
    endloop
  endfacet
  facet normal 0 0 -1
    outer loop
      vertex 137.55 61.275 28.9
      vertex 135.15 61.275 28.9
      vertex 137.55 73.775 28.9
    endloop
  endfacet
  facet normal 0 0 -1
    outer loop
      vertex 137.649 60.7775 28.9
      vertex 135.15 61.275 28.9
      vertex 137.55 61.275 28.9
    endloop
  endfacet
  facet normal 0 0 -1
    outer loop
      vertex 135.051 60.7775 28.9
      vertex 137.649 60.7775 28.9
      vertex 137.931 60.3558 28.9
    endloop
  endfacet
  facet normal 0 0 -1
    outer loop
      vertex 134.769 60.3558 28.9
      vertex 137.931 60.3558 28.9
      vertex 138.353 60.074 28.9
    endloop
  endfacet
  facet normal 0 0 -1
    outer loop
      vertex 143.85 59.975 28.9
      vertex 138.85 59.975 28.9
      vertex 143.353 60.074 28.9
    endloop
  endfacet
  facet normal 0 0 -1
    outer loop
      vertex 137.649 60.7775 28.9
      vertex 135.051 60.7775 28.9
      vertex 135.15 61.275 28.9
    endloop
  endfacet
  facet normal 0 0 -1
    outer loop
      vertex 137.931 60.3558 28.9
      vertex 134.769 60.3558 28.9
      vertex 135.051 60.7775 28.9
    endloop
  endfacet
  facet normal 0 0 -1
    outer loop
      vertex 138.353 60.074 28.9
      vertex 134.347 60.074 28.9
      vertex 134.769 60.3558 28.9
    endloop
  endfacet
  facet normal 0 -0 -1
    outer loop
      vertex 128.331 56.2981 28.9
      vertex 138.85 59.975 28.9
      vertex 128.096 56.0237 28.9
    endloop
  endfacet
  facet normal -0 0 -1
    outer loop
      vertex 138.353 60.074 28.9
      vertex 128.331 56.2981 28.9
      vertex 134.347 60.074 28.9
    endloop
  endfacet
  facet normal -0 0 -1
    outer loop
      vertex 132.931 60.3558 28.9
      vertex 128.657 58.3607 28.9
      vertex 132.649 60.7775 28.9
    endloop
  endfacet
  facet normal 0 0 -1
    outer loop
      vertex 128.657 58.3607 28.9
      vertex 132.931 60.3558 28.9
      vertex 128.742 58.0098 28.9
    endloop
  endfacet
  facet normal 0 0 -1
    outer loop
      vertex 128.742 58.0098 28.9
      vertex 132.931 60.3558 28.9
      vertex 128.77 57.65 28.9
    endloop
  endfacet
  facet normal -0 0 -1
    outer loop
      vertex 133.353 60.074 28.9
      vertex 128.77 57.65 28.9
      vertex 132.931 60.3558 28.9
    endloop
  endfacet
  facet normal 0 0 -1
    outer loop
      vertex 134.347 60.074 28.9
      vertex 128.331 56.2981 28.9
      vertex 133.85 59.975 28.9
    endloop
  endfacet
  facet normal 0 0 -1
    outer loop
      vertex 133.353 60.074 28.9
      vertex 128.742 57.2902 28.9
      vertex 128.77 57.65 28.9
    endloop
  endfacet
  facet normal 0 0 -1
    outer loop
      vertex 133.353 60.074 28.9
      vertex 128.657 56.9393 28.9
      vertex 128.742 57.2902 28.9
    endloop
  endfacet
  facet normal -0 0 -1
    outer loop
      vertex 133.85 59.975 28.9
      vertex 128.657 56.9393 28.9
      vertex 133.353 60.074 28.9
    endloop
  endfacet
  facet normal 0 -0 -1
    outer loop
      vertex 128.657 56.9393 28.9
      vertex 133.85 59.975 28.9
      vertex 128.519 56.6058 28.9
    endloop
  endfacet
  facet normal 0 -0 -1
    outer loop
      vertex 128.519 56.6058 28.9
      vertex 133.85 59.975 28.9
      vertex 128.331 56.2981 28.9
    endloop
  endfacet
  facet normal -0 0 -1
    outer loop
      vertex 138.85 59.975 28.9
      vertex 128.331 56.2981 28.9
      vertex 138.353 60.074 28.9
    endloop
  endfacet
  facet normal 0 -0 -1
    outer loop
      vertex 128.096 56.0237 28.9
      vertex 138.85 59.975 28.9
      vertex 127.822 55.7893 28.9
    endloop
  endfacet
  facet normal 0 0 -1
    outer loop
      vertex 183.85 40.275 28.9
      vertex 127.181 55.4626 28.9
      vertex 127.514 55.6007 28.9
    endloop
  endfacet
  facet normal 0 0 -1
    outer loop
      vertex 104.38 40.275 28.9
      vertex 127.181 55.4626 28.9
      vertex 183.85 40.275 28.9
    endloop
  endfacet
  facet normal 0 0 -1
    outer loop
      vertex 127.181 55.4626 28.9
      vertex 104.38 40.275 28.9
      vertex 126.83 55.3783 28.9
    endloop
  endfacet
  facet normal 0 0 -1
    outer loop
      vertex 126.83 55.3783 28.9
      vertex 104.38 40.275 28.9
      vertex 126.47 55.35 28.9
    endloop
  endfacet
  facet normal -0 0 -1
    outer loop
      vertex 126.47 55.35 28.9
      vertex 104.38 40.275 28.9
      vertex 126.11 55.3783 28.9
    endloop
  endfacet
  facet normal 0 0 -1
    outer loop
      vertex 124.283 76.6243 28.9
      vertex 114.88 84.375 28.9
      vertex 124.198 76.9752 28.9
    endloop
  endfacet
  facet normal -0 0 -1
    outer loop
      vertex 124.198 57.2902 28.9
      vertex 114.88 56.317 28.9
      vertex 124.17 57.65 28.9
    endloop
  endfacet
  facet normal -0 0 -1
    outer loop
      vertex 124.283 56.9393 28.9
      vertex 114.88 56.317 28.9
      vertex 124.198 57.2902 28.9
    endloop
  endfacet
  facet normal -0 0 -1
    outer loop
      vertex 124.421 56.6058 28.9
      vertex 114.88 56.317 28.9
      vertex 124.283 56.9393 28.9
    endloop
  endfacet
  facet normal 0 0 -1
    outer loop
      vertex 124.609 56.2981 28.9
      vertex 114.88 56.317 28.9
      vertex 124.421 56.6058 28.9
    endloop
  endfacet
  facet normal 0 0 -1
    outer loop
      vertex 124.844 56.0237 28.9
      vertex 114.88 56.317 28.9
      vertex 124.609 56.2981 28.9
    endloop
  endfacet
  facet normal 0 0 -1
    outer loop
      vertex 125.118 55.7893 28.9
      vertex 114.88 56.317 28.9
      vertex 124.844 56.0237 28.9
    endloop
  endfacet
  facet normal 0 0 -1
    outer loop
      vertex 125.426 55.6007 28.9
      vertex 114.88 56.317 28.9
      vertex 125.118 55.7893 28.9
    endloop
  endfacet
  facet normal 0 0 -1
    outer loop
      vertex 104.38 40.275 28.9
      vertex 125.426 55.6007 28.9
      vertex 125.759 55.4626 28.9
    endloop
  endfacet
  facet normal -0 0 -1
    outer loop
      vertex 126.11 55.3783 28.9
      vertex 104.38 40.275 28.9
      vertex 125.759 55.4626 28.9
    endloop
  endfacet
  facet normal -0 0 -1
    outer loop
      vertex 125.426 55.6007 28.9
      vertex 104.38 40.275 28.9
      vertex 114.88 56.317 28.9
    endloop
  endfacet
  facet normal 0 0 -1
    outer loop
      vertex 104.38 87.725 28.9
      vertex 104.88 56.317 28.9
      vertex 104.38 40.275 28.9
    endloop
  endfacet
  facet normal -0 0 -1
    outer loop
      vertex 114.88 56.317 28.9
      vertex 104.38 40.275 28.9
      vertex 104.88 56.317 28.9
    endloop
  endfacet
  facet normal 0 0 -1
    outer loop
      vertex 183.85 40.275 28.9
      vertex 169.382 58.0098 28.9
      vertex 183.85 87.725 28.9
    endloop
  endfacet
  facet normal 0 0 -1
    outer loop
      vertex 169.382 77.6948 28.9
      vertex 183.85 87.725 28.9
      vertex 169.41 77.335 28.9
    endloop
  endfacet
  facet normal 0 0 -1
    outer loop
      vertex 169.297 78.0457 28.9
      vertex 183.85 87.725 28.9
      vertex 169.382 77.6948 28.9
    endloop
  endfacet
  facet normal 0 0 -1
    outer loop
      vertex 169.159 78.3792 28.9
      vertex 183.85 87.725 28.9
      vertex 169.297 78.0457 28.9
    endloop
  endfacet
  facet normal 0 0 -1
    outer loop
      vertex 168.971 78.6869 28.9
      vertex 183.85 87.725 28.9
      vertex 169.159 78.3792 28.9
    endloop
  endfacet
  facet normal 0 0 -1
    outer loop
      vertex 168.736 78.9613 28.9
      vertex 183.85 87.725 28.9
      vertex 168.971 78.6869 28.9
    endloop
  endfacet
  facet normal 0 0 -1
    outer loop
      vertex 168.462 79.1957 28.9
      vertex 183.85 87.725 28.9
      vertex 168.736 78.9613 28.9
    endloop
  endfacet
  facet normal 0 0 -1
    outer loop
      vertex 168.154 79.3843 28.9
      vertex 183.85 87.725 28.9
      vertex 168.462 79.1957 28.9
    endloop
  endfacet
  facet normal 0 0 -1
    outer loop
      vertex 167.821 79.5224 28.9
      vertex 183.85 87.725 28.9
      vertex 168.154 79.3843 28.9
    endloop
  endfacet
  facet normal 0 0 -1
    outer loop
      vertex 167.47 79.6067 28.9
      vertex 183.85 87.725 28.9
      vertex 167.821 79.5224 28.9
    endloop
  endfacet
  facet normal 0 0 -1
    outer loop
      vertex 167.11 79.635 28.9
      vertex 183.85 87.725 28.9
      vertex 167.47 79.6067 28.9
    endloop
  endfacet
  facet normal 0 0 -1
    outer loop
      vertex 166.75 79.6067 28.9
      vertex 183.85 87.725 28.9
      vertex 167.11 79.635 28.9
    endloop
  endfacet
  facet normal 0 0 -1
    outer loop
      vertex 166.399 79.5224 28.9
      vertex 183.85 87.725 28.9
      vertex 166.75 79.6067 28.9
    endloop
  endfacet
  facet normal 0 0 -1
    outer loop
      vertex 127.181 79.5224 28.9
      vertex 166.399 79.5224 28.9
      vertex 166.066 79.3843 28.9
    endloop
  endfacet
  facet normal -0 0 -1
    outer loop
      vertex 164.923 76.6243 28.9
      vertex 163.85 75.075 28.9
      vertex 164.838 76.9752 28.9
    endloop
  endfacet
  facet normal 0 0 -1
    outer loop
      vertex 163.353 74.976 28.9
      vertex 164.838 76.9752 28.9
      vertex 163.85 75.075 28.9
    endloop
  endfacet
  facet normal -0 0 -1
    outer loop
      vertex 164.838 76.9752 28.9
      vertex 163.353 74.976 28.9
      vertex 164.81 77.335 28.9
    endloop
  endfacet
  facet normal -0 0 -1
    outer loop
      vertex 164.81 77.335 28.9
      vertex 163.353 74.976 28.9
      vertex 164.838 77.6948 28.9
    endloop
  endfacet
  facet normal 0 0 -1
    outer loop
      vertex 159.347 74.976 28.9
      vertex 164.838 77.6948 28.9
      vertex 163.353 74.976 28.9
    endloop
  endfacet
  facet normal -0 0 -1
    outer loop
      vertex 164.838 77.6948 28.9
      vertex 159.347 74.976 28.9
      vertex 164.923 78.0457 28.9
    endloop
  endfacet
  facet normal 0 0 -1
    outer loop
      vertex 159.347 74.976 28.9
      vertex 163.353 74.976 28.9
      vertex 162.931 74.6942 28.9
    endloop
  endfacet
  facet normal 0 0 -1
    outer loop
      vertex 159.769 74.6942 28.9
      vertex 162.931 74.6942 28.9
      vertex 162.649 74.2725 28.9
    endloop
  endfacet
  facet normal 0 0 -1
    outer loop
      vertex 160.15 73.775 28.9
      vertex 162.55 73.775 28.9
      vertex 160.15 61.275 28.9
    endloop
  endfacet
  facet normal 0 0 -1
    outer loop
      vertex 160.15 73.775 28.9
      vertex 162.649 74.2725 28.9
      vertex 162.55 73.775 28.9
    endloop
  endfacet
  facet normal 0 0 -1
    outer loop
      vertex 160.051 74.2725 28.9
      vertex 162.649 74.2725 28.9
      vertex 160.15 73.775 28.9
    endloop
  endfacet
  facet normal 0 0 -1
    outer loop
      vertex 159.769 74.6942 28.9
      vertex 162.649 74.2725 28.9
      vertex 160.051 74.2725 28.9
    endloop
  endfacet
  facet normal 0 0 -1
    outer loop
      vertex 159.347 74.976 28.9
      vertex 162.931 74.6942 28.9
      vertex 159.769 74.6942 28.9
    endloop
  endfacet
  facet normal 0 0 -1
    outer loop
      vertex 158.85 75.075 28.9
      vertex 164.923 78.0457 28.9
      vertex 159.347 74.976 28.9
    endloop
  endfacet
  facet normal -0 0 -1
    outer loop
      vertex 164.923 78.0457 28.9
      vertex 158.85 75.075 28.9
      vertex 165.061 78.3792 28.9
    endloop
  endfacet
  facet normal -0 0 -1
    outer loop
      vertex 165.061 78.3792 28.9
      vertex 158.85 75.075 28.9
      vertex 165.249 78.6869 28.9
    endloop
  endfacet
  facet normal -0 0 -1
    outer loop
      vertex 165.249 78.6869 28.9
      vertex 158.85 75.075 28.9
      vertex 165.484 78.9613 28.9
    endloop
  endfacet
  facet normal 0 0 -1
    outer loop
      vertex 153.85 75.075 28.9
      vertex 165.484 78.9613 28.9
      vertex 158.85 75.075 28.9
    endloop
  endfacet
  facet normal -0 0 -1
    outer loop
      vertex 165.484 78.9613 28.9
      vertex 153.85 75.075 28.9
      vertex 165.758 79.1957 28.9
    endloop
  endfacet
  facet normal 0 0 -1
    outer loop
      vertex 153.85 75.075 28.9
      vertex 158.85 75.075 28.9
      vertex 158.353 74.976 28.9
    endloop
  endfacet
  facet normal 0 0 -1
    outer loop
      vertex 155.15 73.775 28.9
      vertex 157.55 73.775 28.9
      vertex 155.15 61.275 28.9
    endloop
  endfacet
  facet normal 0 0 -1
    outer loop
      vertex 155.15 73.775 28.9
      vertex 157.649 74.2725 28.9
      vertex 157.55 73.775 28.9
    endloop
  endfacet
  facet normal 0 0 -1
    outer loop
      vertex 155.051 74.2725 28.9
      vertex 157.649 74.2725 28.9
      vertex 155.15 73.775 28.9
    endloop
  endfacet
  facet normal 0 0 -1
    outer loop
      vertex 157.649 74.2725 28.9
      vertex 155.051 74.2725 28.9
      vertex 157.931 74.6942 28.9
    endloop
  endfacet
  facet normal 0 0 -1
    outer loop
      vertex 154.769 74.6942 28.9
      vertex 157.931 74.6942 28.9
      vertex 155.051 74.2725 28.9
    endloop
  endfacet
  facet normal 0 0 -1
    outer loop
      vertex 157.931 74.6942 28.9
      vertex 154.769 74.6942 28.9
      vertex 158.353 74.976 28.9
    endloop
  endfacet
  facet normal 0 0 -1
    outer loop
      vertex 154.347 74.976 28.9
      vertex 158.353 74.976 28.9
      vertex 154.769 74.6942 28.9
    endloop
  endfacet
  facet normal 0 0 -1
    outer loop
      vertex 153.85 75.075 28.9
      vertex 158.353 74.976 28.9
      vertex 154.347 74.976 28.9
    endloop
  endfacet
  facet normal 0 0 -1
    outer loop
      vertex 148.85 75.075 28.9
      vertex 165.758 79.1957 28.9
      vertex 153.85 75.075 28.9
    endloop
  endfacet
  facet normal -0 0 -1
    outer loop
      vertex 165.758 79.1957 28.9
      vertex 148.85 75.075 28.9
      vertex 166.066 79.3843 28.9
    endloop
  endfacet
  facet normal 0 0 -1
    outer loop
      vertex 148.85 75.075 28.9
      vertex 153.85 75.075 28.9
      vertex 153.353 74.976 28.9
    endloop
  endfacet
  facet normal 0 0 -1
    outer loop
      vertex 150.15 73.775 28.9
      vertex 152.55 73.775 28.9
      vertex 150.15 61.275 28.9
    endloop
  endfacet
  facet normal 0 0 -1
    outer loop
      vertex 150.15 73.775 28.9
      vertex 152.649 74.2725 28.9
      vertex 152.55 73.775 28.9
    endloop
  endfacet
  facet normal 0 0 -1
    outer loop
      vertex 150.051 74.2725 28.9
      vertex 152.649 74.2725 28.9
      vertex 150.15 73.775 28.9
    endloop
  endfacet
  facet normal 0 0 -1
    outer loop
      vertex 152.649 74.2725 28.9
      vertex 150.051 74.2725 28.9
      vertex 152.931 74.6942 28.9
    endloop
  endfacet
  facet normal 0 0 -1
    outer loop
      vertex 149.769 74.6942 28.9
      vertex 152.931 74.6942 28.9
      vertex 150.051 74.2725 28.9
    endloop
  endfacet
  facet normal 0 0 -1
    outer loop
      vertex 152.931 74.6942 28.9
      vertex 149.769 74.6942 28.9
      vertex 153.353 74.976 28.9
    endloop
  endfacet
  facet normal 0 0 -1
    outer loop
      vertex 149.347 74.976 28.9
      vertex 153.353 74.976 28.9
      vertex 149.769 74.6942 28.9
    endloop
  endfacet
  facet normal 0 0 -1
    outer loop
      vertex 148.85 75.075 28.9
      vertex 153.353 74.976 28.9
      vertex 149.347 74.976 28.9
    endloop
  endfacet
  facet normal 0 0 -1
    outer loop
      vertex 127.514 79.3843 28.9
      vertex 166.066 79.3843 28.9
      vertex 148.85 75.075 28.9
    endloop
  endfacet
  facet normal 0 0 -1
    outer loop
      vertex 143.85 75.075 28.9
      vertex 148.85 75.075 28.9
      vertex 148.353 74.976 28.9
    endloop
  endfacet
  facet normal 0 0 -1
    outer loop
      vertex 145.15 73.775 28.9
      vertex 147.55 73.775 28.9
      vertex 145.15 61.275 28.9
    endloop
  endfacet
  facet normal 0 0 -1
    outer loop
      vertex 145.15 73.775 28.9
      vertex 147.649 74.2725 28.9
      vertex 147.55 73.775 28.9
    endloop
  endfacet
  facet normal 0 0 -1
    outer loop
      vertex 145.051 74.2725 28.9
      vertex 147.649 74.2725 28.9
      vertex 145.15 73.775 28.9
    endloop
  endfacet
  facet normal 0 0 -1
    outer loop
      vertex 147.649 74.2725 28.9
      vertex 145.051 74.2725 28.9
      vertex 147.931 74.6942 28.9
    endloop
  endfacet
  facet normal 0 0 -1
    outer loop
      vertex 144.769 74.6942 28.9
      vertex 147.931 74.6942 28.9
      vertex 145.051 74.2725 28.9
    endloop
  endfacet
  facet normal 0 0 -1
    outer loop
      vertex 147.931 74.6942 28.9
      vertex 144.769 74.6942 28.9
      vertex 148.353 74.976 28.9
    endloop
  endfacet
  facet normal 0 0 -1
    outer loop
      vertex 144.347 74.976 28.9
      vertex 148.353 74.976 28.9
      vertex 144.769 74.6942 28.9
    endloop
  endfacet
  facet normal 0 0 -1
    outer loop
      vertex 143.85 75.075 28.9
      vertex 148.353 74.976 28.9
      vertex 144.347 74.976 28.9
    endloop
  endfacet
  facet normal 0 0 -1
    outer loop
      vertex 148.85 75.075 28.9
      vertex 143.85 75.075 28.9
      vertex 127.514 79.3843 28.9
    endloop
  endfacet
  facet normal 0 0 -1
    outer loop
      vertex 138.85 75.075 28.9
      vertex 143.85 75.075 28.9
      vertex 143.353 74.976 28.9
    endloop
  endfacet
  facet normal 0 0 -1
    outer loop
      vertex 140.15 73.775 28.9
      vertex 142.55 73.775 28.9
      vertex 140.15 61.275 28.9
    endloop
  endfacet
  facet normal 0 0 -1
    outer loop
      vertex 140.15 73.775 28.9
      vertex 142.649 74.2725 28.9
      vertex 142.55 73.775 28.9
    endloop
  endfacet
  facet normal 0 0 -1
    outer loop
      vertex 140.051 74.2725 28.9
      vertex 142.649 74.2725 28.9
      vertex 140.15 73.775 28.9
    endloop
  endfacet
  facet normal 0 0 -1
    outer loop
      vertex 142.649 74.2725 28.9
      vertex 140.051 74.2725 28.9
      vertex 142.931 74.6942 28.9
    endloop
  endfacet
  facet normal 0 0 -1
    outer loop
      vertex 139.769 74.6942 28.9
      vertex 142.931 74.6942 28.9
      vertex 140.051 74.2725 28.9
    endloop
  endfacet
  facet normal 0 0 -1
    outer loop
      vertex 142.931 74.6942 28.9
      vertex 139.769 74.6942 28.9
      vertex 143.353 74.976 28.9
    endloop
  endfacet
  facet normal 0 0 -1
    outer loop
      vertex 139.347 74.976 28.9
      vertex 143.353 74.976 28.9
      vertex 139.769 74.6942 28.9
    endloop
  endfacet
  facet normal 0 0 -1
    outer loop
      vertex 138.85 75.075 28.9
      vertex 143.353 74.976 28.9
      vertex 139.347 74.976 28.9
    endloop
  endfacet
  facet normal 0 0 -1
    outer loop
      vertex 143.85 75.075 28.9
      vertex 138.85 75.075 28.9
      vertex 127.822 79.1957 28.9
    endloop
  endfacet
  facet normal 0 0 -1
    outer loop
      vertex 128.331 78.6869 28.9
      vertex 138.85 75.075 28.9
      vertex 138.353 74.976 28.9
    endloop
  endfacet
  facet normal 0 0 -1
    outer loop
      vertex 135.15 73.775 28.9
      vertex 137.55 73.775 28.9
      vertex 135.15 61.275 28.9
    endloop
  endfacet
  facet normal 0 0 -1
    outer loop
      vertex 135.15 73.775 28.9
      vertex 137.649 74.2725 28.9
      vertex 137.55 73.775 28.9
    endloop
  endfacet
  facet normal 0 0 -1
    outer loop
      vertex 135.051 74.2725 28.9
      vertex 137.649 74.2725 28.9
      vertex 135.15 73.775 28.9
    endloop
  endfacet
  facet normal 0 0 -1
    outer loop
      vertex 137.649 74.2725 28.9
      vertex 135.051 74.2725 28.9
      vertex 137.931 74.6942 28.9
    endloop
  endfacet
  facet normal 0 0 -1
    outer loop
      vertex 134.769 74.6942 28.9
      vertex 137.931 74.6942 28.9
      vertex 135.051 74.2725 28.9
    endloop
  endfacet
  facet normal 0 0 -1
    outer loop
      vertex 137.931 74.6942 28.9
      vertex 134.769 74.6942 28.9
      vertex 138.353 74.976 28.9
    endloop
  endfacet
  facet normal 0 0 -1
    outer loop
      vertex 134.347 74.976 28.9
      vertex 138.353 74.976 28.9
      vertex 134.769 74.6942 28.9
    endloop
  endfacet
  facet normal 0 0 -1
    outer loop
      vertex 128.331 78.6869 28.9
      vertex 138.353 74.976 28.9
      vertex 134.347 74.976 28.9
    endloop
  endfacet
  facet normal 0 0 -1
    outer loop
      vertex 128.331 78.6869 28.9
      vertex 134.347 74.976 28.9
      vertex 133.85 75.075 28.9
    endloop
  endfacet
  facet normal 0 0 -1
    outer loop
      vertex 128.657 78.0457 28.9
      vertex 133.85 75.075 28.9
      vertex 133.353 74.976 28.9
    endloop
  endfacet
  facet normal 0 0 -1
    outer loop
      vertex 128.519 58.6942 28.9
      vertex 132.649 60.7775 28.9
      vertex 128.657 58.3607 28.9
    endloop
  endfacet
  facet normal 0 0 -1
    outer loop
      vertex 132.55 73.775 28.9
      vertex 128.77 77.335 28.9
      vertex 132.649 74.2725 28.9
    endloop
  endfacet
  facet normal 0 0 -1
    outer loop
      vertex 128.77 77.335 28.9
      vertex 132.931 74.6942 28.9
      vertex 132.649 74.2725 28.9
    endloop
  endfacet
  facet normal 0 0 -1
    outer loop
      vertex 128.77 77.335 28.9
      vertex 133.353 74.976 28.9
      vertex 132.931 74.6942 28.9
    endloop
  endfacet
  facet normal 0 0 -1
    outer loop
      vertex 128.742 77.6948 28.9
      vertex 133.353 74.976 28.9
      vertex 128.77 77.335 28.9
    endloop
  endfacet
  facet normal 0 0 -1
    outer loop
      vertex 128.657 78.0457 28.9
      vertex 133.353 74.976 28.9
      vertex 128.742 77.6948 28.9
    endloop
  endfacet
  facet normal 0 0 -1
    outer loop
      vertex 133.85 75.075 28.9
      vertex 128.657 78.0457 28.9
      vertex 128.519 78.3792 28.9
    endloop
  endfacet
  facet normal 0 0 -1
    outer loop
      vertex 133.85 75.075 28.9
      vertex 128.519 78.3792 28.9
      vertex 128.331 78.6869 28.9
    endloop
  endfacet
  facet normal 0 0 -1
    outer loop
      vertex 138.85 75.075 28.9
      vertex 128.331 78.6869 28.9
      vertex 128.096 78.9613 28.9
    endloop
  endfacet
  facet normal 0 0 -1
    outer loop
      vertex 138.85 75.075 28.9
      vertex 128.096 78.9613 28.9
      vertex 127.822 79.1957 28.9
    endloop
  endfacet
  facet normal 0 0 -1
    outer loop
      vertex 143.85 75.075 28.9
      vertex 127.822 79.1957 28.9
      vertex 127.514 79.3843 28.9
    endloop
  endfacet
  facet normal 0 0 -1
    outer loop
      vertex 127.181 79.5224 28.9
      vertex 166.066 79.3843 28.9
      vertex 127.514 79.3843 28.9
    endloop
  endfacet
  facet normal 0 0 -1
    outer loop
      vertex 166.399 79.5224 28.9
      vertex 127.181 79.5224 28.9
      vertex 183.85 87.725 28.9
    endloop
  endfacet
  facet normal 0 0 -1
    outer loop
      vertex 114.88 84.375 28.9
      vertex 127.181 79.5224 28.9
      vertex 126.83 79.6067 28.9
    endloop
  endfacet
  facet normal 0 0 -1
    outer loop
      vertex 114.88 84.375 28.9
      vertex 126.83 79.6067 28.9
      vertex 126.47 79.635 28.9
    endloop
  endfacet
  facet normal 0 0 -1
    outer loop
      vertex 114.88 84.375 28.9
      vertex 126.47 79.635 28.9
      vertex 126.11 79.6067 28.9
    endloop
  endfacet
  facet normal 0 0 -1
    outer loop
      vertex 124.198 76.9752 28.9
      vertex 114.88 84.375 28.9
      vertex 124.17 77.335 28.9
    endloop
  endfacet
  facet normal 0 0 -1
    outer loop
      vertex 124.17 77.335 28.9
      vertex 114.88 84.375 28.9
      vertex 124.198 77.6948 28.9
    endloop
  endfacet
  facet normal 0 0 -1
    outer loop
      vertex 124.198 77.6948 28.9
      vertex 114.88 84.375 28.9
      vertex 124.283 78.0457 28.9
    endloop
  endfacet
  facet normal 0 0 -1
    outer loop
      vertex 124.283 78.0457 28.9
      vertex 114.88 84.375 28.9
      vertex 124.421 78.3792 28.9
    endloop
  endfacet
  facet normal 0 0 -1
    outer loop
      vertex 114.88 84.375 28.9
      vertex 124.609 78.6869 28.9
      vertex 124.421 78.3792 28.9
    endloop
  endfacet
  facet normal 0 0 -1
    outer loop
      vertex 114.88 84.375 28.9
      vertex 124.844 78.9613 28.9
      vertex 124.609 78.6869 28.9
    endloop
  endfacet
  facet normal 0 0 -1
    outer loop
      vertex 114.88 84.375 28.9
      vertex 125.118 79.1957 28.9
      vertex 124.844 78.9613 28.9
    endloop
  endfacet
  facet normal 0 0 -1
    outer loop
      vertex 114.88 84.375 28.9
      vertex 125.426 79.3843 28.9
      vertex 125.118 79.1957 28.9
    endloop
  endfacet
  facet normal 0 0 -1
    outer loop
      vertex 114.88 84.375 28.9
      vertex 125.759 79.5224 28.9
      vertex 125.426 79.3843 28.9
    endloop
  endfacet
  facet normal 0 0 -1
    outer loop
      vertex 114.88 84.375 28.9
      vertex 126.11 79.6067 28.9
      vertex 125.759 79.5224 28.9
    endloop
  endfacet
  facet normal 0 0 -1
    outer loop
      vertex 127.181 79.5224 28.9
      vertex 114.88 84.375 28.9
      vertex 183.85 87.725 28.9
    endloop
  endfacet
  facet normal 0 0 -1
    outer loop
      vertex 104.38 87.725 28.9
      vertex 114.88 84.375 28.9
      vertex 104.88 84.375 28.9
    endloop
  endfacet
  facet normal 0 0 -1
    outer loop
      vertex 114.88 84.375 28.9
      vertex 104.38 87.725 28.9
      vertex 183.85 87.725 28.9
    endloop
  endfacet
  facet normal 0 0 -1
    outer loop
      vertex 104.88 56.317 28.9
      vertex 104.38 87.725 28.9
      vertex 104.88 84.375 28.9
    endloop
  endfacet
  facet normal 0 0 -1
    outer loop
      vertex 164.769 74.6942 28.9
      vertex 165.758 75.4743 28.9
      vertex 165.051 74.2725 28.9
    endloop
  endfacet
  facet normal -0 0 -1
    outer loop
      vertex 165.758 75.4743 28.9
      vertex 164.769 74.6942 28.9
      vertex 165.484 75.7087 28.9
    endloop
  endfacet
  facet normal 0 0 -1
    outer loop
      vertex 164.347 74.976 28.9
      vertex 165.484 75.7087 28.9
      vertex 164.769 74.6942 28.9
    endloop
  endfacet
  facet normal -0 0 -1
    outer loop
      vertex 165.484 75.7087 28.9
      vertex 164.347 74.976 28.9
      vertex 165.249 75.9831 28.9
    endloop
  endfacet
  facet normal -0 0 -1
    outer loop
      vertex 165.249 75.9831 28.9
      vertex 164.347 74.976 28.9
      vertex 165.061 76.2908 28.9
    endloop
  endfacet
  facet normal 0 0 -1
    outer loop
      vertex 163.85 75.075 28.9
      vertex 165.061 76.2908 28.9
      vertex 164.347 74.976 28.9
    endloop
  endfacet
  facet normal -0 0 -1
    outer loop
      vertex 165.061 76.2908 28.9
      vertex 163.85 75.075 28.9
      vertex 164.923 76.6243 28.9
    endloop
  endfacet
  facet normal 0 -1 0
    outer loop
      vertex 104.38 87.725 22.1
      vertex 183.85 87.725 28.9
      vertex 104.38 87.725 28.9
    endloop
  endfacet
  facet normal 0 -1 -0
    outer loop
      vertex 183.85 87.725 28.9
      vertex 104.38 87.725 22.1
      vertex 183.85 87.725 22.1
    endloop
  endfacet
  facet normal 0 1 -0
    outer loop
      vertex 183.85 40.275 22.1
      vertex 104.38 40.275 28.9
      vertex 183.85 40.275 28.9
    endloop
  endfacet
  facet normal 0 1 0
    outer loop
      vertex 104.38 40.275 28.9
      vertex 183.85 40.275 22.1
      vertex 104.38 40.275 22.1
    endloop
  endfacet
  facet normal 0.23353 -0.97235 0
    outer loop
      vertex 126.83 55.3783 17.1
      vertex 127.181 55.4626 28.9
      vertex 126.83 55.3783 28.9
    endloop
  endfacet
  facet normal 0.23353 -0.97235 0
    outer loop
      vertex 127.181 55.4626 28.9
      vertex 126.83 55.3783 17.1
      vertex 127.181 55.4626 17.1
    endloop
  endfacet
  facet normal 0.971892 0.235426 0
    outer loop
      vertex 128.742 58.0098 28.9
      vertex 128.657 58.3607 17.1
      vertex 128.657 58.3607 28.9
    endloop
  endfacet
  facet normal 0.971892 0.235426 0
    outer loop
      vertex 128.657 58.3607 17.1
      vertex 128.742 58.0098 28.9
      vertex 128.742 58.0098 17.1
    endloop
  endfacet
  facet normal 0.996986 0.0775864 0
    outer loop
      vertex 128.77 57.65 28.9
      vertex 128.742 58.0098 17.1
      vertex 128.742 58.0098 28.9
    endloop
  endfacet
  facet normal 0.996986 0.0775864 0
    outer loop
      vertex 128.742 58.0098 17.1
      vertex 128.77 57.65 28.9
      vertex 128.77 57.65 17.1
    endloop
  endfacet
  facet normal 0.924017 0.382352 0
    outer loop
      vertex 128.657 58.3607 28.9
      vertex 128.519 58.6942 17.1
      vertex 128.519 58.6942 28.9
    endloop
  endfacet
  facet normal 0.924017 0.382352 0
    outer loop
      vertex 128.519 58.6942 17.1
      vertex 128.657 58.3607 28.9
      vertex 128.657 58.3607 17.1
    endloop
  endfacet
  facet normal 0.996986 -0.0775864 0
    outer loop
      vertex 128.742 57.2902 28.9
      vertex 128.77 57.65 17.1
      vertex 128.77 57.65 28.9
    endloop
  endfacet
  facet normal 0.996986 -0.0775864 0
    outer loop
      vertex 128.77 57.65 17.1
      vertex 128.742 57.2902 28.9
      vertex 128.742 57.2902 17.1
    endloop
  endfacet
  facet normal 0.522211 -0.852816 0
    outer loop
      vertex 127.514 55.6007 17.1
      vertex 127.822 55.7893 28.9
      vertex 127.514 55.6007 28.9
    endloop
  endfacet
  facet normal 0.522211 -0.852816 0
    outer loop
      vertex 127.822 55.7893 28.9
      vertex 127.514 55.6007 17.1
      vertex 127.822 55.7893 17.1
    endloop
  endfacet
  facet normal 0 0 -1
    outer loop
      vertex 127.57 57.65 17.1
      vertex 128.77 57.65 17.1
      vertex 128.742 57.2902 17.1
    endloop
  endfacet
  facet normal 0 0 -1
    outer loop
      vertex 127.556 57.4779 17.1
      vertex 128.742 57.2902 17.1
      vertex 128.657 56.9393 17.1
    endloop
  endfacet
  facet normal 0 0 -1
    outer loop
      vertex 128.77 57.65 17.1
      vertex 127.57 57.65 17.1
      vertex 128.742 58.0098 17.1
    endloop
  endfacet
  facet normal 0 0 -1
    outer loop
      vertex 127.516 57.3101 17.1
      vertex 128.657 56.9393 17.1
      vertex 128.519 56.6058 17.1
    endloop
  endfacet
  facet normal 0 0 -1
    outer loop
      vertex 127.556 57.8221 17.1
      vertex 128.742 58.0098 17.1
      vertex 127.57 57.65 17.1
    endloop
  endfacet
  facet normal 0 0 -1
    outer loop
      vertex 127.45 57.1506 17.1
      vertex 128.519 56.6058 17.1
      vertex 128.331 56.2981 17.1
    endloop
  endfacet
  facet normal -0 0 -1
    outer loop
      vertex 128.742 58.0098 17.1
      vertex 127.556 57.8221 17.1
      vertex 128.657 58.3607 17.1
    endloop
  endfacet
  facet normal 0 0 -1
    outer loop
      vertex 127.36 57.0034 17.1
      vertex 128.331 56.2981 17.1
      vertex 128.096 56.0237 17.1
    endloop
  endfacet
  facet normal 0 0 -1
    outer loop
      vertex 127.516 57.9899 17.1
      vertex 128.657 58.3607 17.1
      vertex 127.556 57.8221 17.1
    endloop
  endfacet
  facet normal 0 0 -1
    outer loop
      vertex 127.248 56.8722 17.1
      vertex 128.096 56.0237 17.1
      vertex 127.822 55.7893 17.1
    endloop
  endfacet
  facet normal -0 0 -1
    outer loop
      vertex 128.657 58.3607 17.1
      vertex 127.516 57.9899 17.1
      vertex 128.519 58.6942 17.1
    endloop
  endfacet
  facet normal 0 0 -1
    outer loop
      vertex 127.45 58.1494 17.1
      vertex 128.519 58.6942 17.1
      vertex 127.516 57.9899 17.1
    endloop
  endfacet
  facet normal 0 0 -1
    outer loop
      vertex 128.742 57.2902 17.1
      vertex 127.556 57.4779 17.1
      vertex 127.57 57.65 17.1
    endloop
  endfacet
  facet normal 0 0 -1
    outer loop
      vertex 128.657 56.9393 17.1
      vertex 127.516 57.3101 17.1
      vertex 127.556 57.4779 17.1
    endloop
  endfacet
  facet normal 0 0 -1
    outer loop
      vertex 127.117 56.7601 17.1
      vertex 127.822 55.7893 17.1
      vertex 127.514 55.6007 17.1
    endloop
  endfacet
  facet normal 0 0 -1
    outer loop
      vertex 128.519 56.6058 17.1
      vertex 127.45 57.1506 17.1
      vertex 127.516 57.3101 17.1
    endloop
  endfacet
  facet normal 0 0 -1
    outer loop
      vertex 128.331 56.2981 17.1
      vertex 127.36 57.0034 17.1
      vertex 127.45 57.1506 17.1
    endloop
  endfacet
  facet normal 0 0 -1
    outer loop
      vertex 128.096 56.0237 17.1
      vertex 127.248 56.8722 17.1
      vertex 127.36 57.0034 17.1
    endloop
  endfacet
  facet normal 0 0 -1
    outer loop
      vertex 126.969 56.6699 17.1
      vertex 127.514 55.6007 17.1
      vertex 127.181 55.4626 17.1
    endloop
  endfacet
  facet normal 0 0 -1
    outer loop
      vertex 127.822 55.7893 17.1
      vertex 127.117 56.7601 17.1
      vertex 127.248 56.8722 17.1
    endloop
  endfacet
  facet normal 0 0 -1
    outer loop
      vertex 127.514 55.6007 17.1
      vertex 126.969 56.6699 17.1
      vertex 127.117 56.7601 17.1
    endloop
  endfacet
  facet normal 0 0 -1
    outer loop
      vertex 126.81 56.6038 17.1
      vertex 127.181 55.4626 17.1
      vertex 126.83 55.3783 17.1
    endloop
  endfacet
  facet normal 0 0 -1
    outer loop
      vertex 127.181 55.4626 17.1
      vertex 126.81 56.6038 17.1
      vertex 126.969 56.6699 17.1
    endloop
  endfacet
  facet normal 0 0 -1
    outer loop
      vertex 126.83 55.3783 17.1
      vertex 126.642 56.5635 17.1
      vertex 126.81 56.6038 17.1
    endloop
  endfacet
  facet normal 0 0 -1
    outer loop
      vertex 126.47 55.35 17.1
      vertex 126.642 56.5635 17.1
      vertex 126.83 55.3783 17.1
    endloop
  endfacet
  facet normal 0 0 -1
    outer loop
      vertex 126.47 55.35 17.1
      vertex 126.47 56.55 17.1
      vertex 126.642 56.5635 17.1
    endloop
  endfacet
  facet normal 0 0 -1
    outer loop
      vertex 126.47 55.35 17.1
      vertex 126.298 56.5635 17.1
      vertex 126.47 56.55 17.1
    endloop
  endfacet
  facet normal 0 0 -1
    outer loop
      vertex 126.11 55.3783 17.1
      vertex 126.298 56.5635 17.1
      vertex 126.47 55.35 17.1
    endloop
  endfacet
  facet normal -0 0 -1
    outer loop
      vertex 126.298 56.5635 17.1
      vertex 126.11 55.3783 17.1
      vertex 126.13 56.6038 17.1
    endloop
  endfacet
  facet normal 0 0 -1
    outer loop
      vertex 125.759 55.4626 17.1
      vertex 126.13 56.6038 17.1
      vertex 126.11 55.3783 17.1
    endloop
  endfacet
  facet normal -0 0 -1
    outer loop
      vertex 126.13 56.6038 17.1
      vertex 125.759 55.4626 17.1
      vertex 125.971 56.6699 17.1
    endloop
  endfacet
  facet normal 0 0 -1
    outer loop
      vertex 125.426 55.6007 17.1
      vertex 125.971 56.6699 17.1
      vertex 125.759 55.4626 17.1
    endloop
  endfacet
  facet normal -0 0 -1
    outer loop
      vertex 125.971 56.6699 17.1
      vertex 125.426 55.6007 17.1
      vertex 125.823 56.7601 17.1
    endloop
  endfacet
  facet normal 0 0 -1
    outer loop
      vertex 125.118 55.7893 17.1
      vertex 125.823 56.7601 17.1
      vertex 125.426 55.6007 17.1
    endloop
  endfacet
  facet normal -0 0 -1
    outer loop
      vertex 125.823 56.7601 17.1
      vertex 125.118 55.7893 17.1
      vertex 125.692 56.8722 17.1
    endloop
  endfacet
  facet normal 0 0 -1
    outer loop
      vertex 124.844 56.0237 17.1
      vertex 125.692 56.8722 17.1
      vertex 125.118 55.7893 17.1
    endloop
  endfacet
  facet normal -0 0 -1
    outer loop
      vertex 125.692 56.8722 17.1
      vertex 124.844 56.0237 17.1
      vertex 125.58 57.0034 17.1
    endloop
  endfacet
  facet normal 0 0 -1
    outer loop
      vertex 124.609 56.2981 17.1
      vertex 125.58 57.0034 17.1
      vertex 124.844 56.0237 17.1
    endloop
  endfacet
  facet normal -0 0 -1
    outer loop
      vertex 125.58 57.0034 17.1
      vertex 124.609 56.2981 17.1
      vertex 125.49 57.1506 17.1
    endloop
  endfacet
  facet normal 0 0 -1
    outer loop
      vertex 124.421 56.6058 17.1
      vertex 125.49 57.1506 17.1
      vertex 124.609 56.2981 17.1
    endloop
  endfacet
  facet normal -0 0 -1
    outer loop
      vertex 128.519 58.6942 17.1
      vertex 127.45 58.1494 17.1
      vertex 128.331 59.0019 17.1
    endloop
  endfacet
  facet normal 0 0 -1
    outer loop
      vertex 127.36 58.2966 17.1
      vertex 128.331 59.0019 17.1
      vertex 127.45 58.1494 17.1
    endloop
  endfacet
  facet normal -0 0 -1
    outer loop
      vertex 128.331 59.0019 17.1
      vertex 127.36 58.2966 17.1
      vertex 128.096 59.2763 17.1
    endloop
  endfacet
  facet normal 0 0 -1
    outer loop
      vertex 127.248 58.4278 17.1
      vertex 128.096 59.2763 17.1
      vertex 127.36 58.2966 17.1
    endloop
  endfacet
  facet normal -0 0 -1
    outer loop
      vertex 128.096 59.2763 17.1
      vertex 127.248 58.4278 17.1
      vertex 127.822 59.5107 17.1
    endloop
  endfacet
  facet normal 0 0 -1
    outer loop
      vertex 127.117 58.5399 17.1
      vertex 127.822 59.5107 17.1
      vertex 127.248 58.4278 17.1
    endloop
  endfacet
  facet normal -0 0 -1
    outer loop
      vertex 127.822 59.5107 17.1
      vertex 127.117 58.5399 17.1
      vertex 127.514 59.6993 17.1
    endloop
  endfacet
  facet normal 0 0 -1
    outer loop
      vertex 126.969 58.6301 17.1
      vertex 127.514 59.6993 17.1
      vertex 127.117 58.5399 17.1
    endloop
  endfacet
  facet normal -0 0 -1
    outer loop
      vertex 127.514 59.6993 17.1
      vertex 126.969 58.6301 17.1
      vertex 127.181 59.8374 17.1
    endloop
  endfacet
  facet normal 0 0 -1
    outer loop
      vertex 126.81 58.6962 17.1
      vertex 127.181 59.8374 17.1
      vertex 126.969 58.6301 17.1
    endloop
  endfacet
  facet normal -0 0 -1
    outer loop
      vertex 127.181 59.8374 17.1
      vertex 126.81 58.6962 17.1
      vertex 126.83 59.9217 17.1
    endloop
  endfacet
  facet normal 0 0 -1
    outer loop
      vertex 126.642 58.7365 17.1
      vertex 126.83 59.9217 17.1
      vertex 126.81 58.6962 17.1
    endloop
  endfacet
  facet normal 0 0 -1
    outer loop
      vertex 126.47 58.75 17.1
      vertex 126.83 59.9217 17.1
      vertex 126.642 58.7365 17.1
    endloop
  endfacet
  facet normal 0 0 -1
    outer loop
      vertex 126.47 58.75 17.1
      vertex 126.47 59.95 17.1
      vertex 126.83 59.9217 17.1
    endloop
  endfacet
  facet normal 0 0 -1
    outer loop
      vertex 126.298 58.7365 17.1
      vertex 126.47 59.95 17.1
      vertex 126.47 58.75 17.1
    endloop
  endfacet
  facet normal 0 0 -1
    outer loop
      vertex 126.11 59.9217 17.1
      vertex 126.298 58.7365 17.1
      vertex 126.13 58.6962 17.1
    endloop
  endfacet
  facet normal 0 0 -1
    outer loop
      vertex 126.298 58.7365 17.1
      vertex 126.11 59.9217 17.1
      vertex 126.47 59.95 17.1
    endloop
  endfacet
  facet normal 0 0 -1
    outer loop
      vertex 125.759 59.8374 17.1
      vertex 126.13 58.6962 17.1
      vertex 125.971 58.6301 17.1
    endloop
  endfacet
  facet normal 0 0 -1
    outer loop
      vertex 125.426 59.6993 17.1
      vertex 125.971 58.6301 17.1
      vertex 125.823 58.5399 17.1
    endloop
  endfacet
  facet normal 0 0 -1
    outer loop
      vertex 126.13 58.6962 17.1
      vertex 125.759 59.8374 17.1
      vertex 126.11 59.9217 17.1
    endloop
  endfacet
  facet normal 0 0 -1
    outer loop
      vertex 125.118 59.5107 17.1
      vertex 125.823 58.5399 17.1
      vertex 125.692 58.4278 17.1
    endloop
  endfacet
  facet normal 0 0 -1
    outer loop
      vertex 124.844 59.2763 17.1
      vertex 125.692 58.4278 17.1
      vertex 125.58 58.2966 17.1
    endloop
  endfacet
  facet normal 0 0 -1
    outer loop
      vertex 124.609 59.0019 17.1
      vertex 125.58 58.2966 17.1
      vertex 125.49 58.1494 17.1
    endloop
  endfacet
  facet normal 0 0 -1
    outer loop
      vertex 125.971 58.6301 17.1
      vertex 125.426 59.6993 17.1
      vertex 125.759 59.8374 17.1
    endloop
  endfacet
  facet normal 0 0 -1
    outer loop
      vertex 124.421 58.6942 17.1
      vertex 125.49 58.1494 17.1
      vertex 125.424 57.9899 17.1
    endloop
  endfacet
  facet normal 0 0 -1
    outer loop
      vertex 124.283 58.3607 17.1
      vertex 125.424 57.9899 17.1
      vertex 125.384 57.8221 17.1
    endloop
  endfacet
  facet normal 0 0 -1
    outer loop
      vertex 124.198 58.0098 17.1
      vertex 125.384 57.8221 17.1
      vertex 125.37 57.65 17.1
    endloop
  endfacet
  facet normal -0 0 -1
    outer loop
      vertex 125.49 57.1506 17.1
      vertex 124.421 56.6058 17.1
      vertex 125.424 57.3101 17.1
    endloop
  endfacet
  facet normal 0 0 -1
    outer loop
      vertex 125.823 58.5399 17.1
      vertex 125.118 59.5107 17.1
      vertex 125.426 59.6993 17.1
    endloop
  endfacet
  facet normal 0 0 -1
    outer loop
      vertex 124.283 56.9393 17.1
      vertex 125.424 57.3101 17.1
      vertex 124.421 56.6058 17.1
    endloop
  endfacet
  facet normal 0 0 -1
    outer loop
      vertex 125.692 58.4278 17.1
      vertex 124.844 59.2763 17.1
      vertex 125.118 59.5107 17.1
    endloop
  endfacet
  facet normal -0 0 -1
    outer loop
      vertex 125.424 57.3101 17.1
      vertex 124.283 56.9393 17.1
      vertex 125.384 57.4779 17.1
    endloop
  endfacet
  facet normal 0 0 -1
    outer loop
      vertex 125.58 58.2966 17.1
      vertex 124.609 59.0019 17.1
      vertex 124.844 59.2763 17.1
    endloop
  endfacet
  facet normal 0 0 -1
    outer loop
      vertex 124.198 57.2902 17.1
      vertex 125.384 57.4779 17.1
      vertex 124.283 56.9393 17.1
    endloop
  endfacet
  facet normal 0 0 -1
    outer loop
      vertex 125.49 58.1494 17.1
      vertex 124.421 58.6942 17.1
      vertex 124.609 59.0019 17.1
    endloop
  endfacet
  facet normal -0 0 -1
    outer loop
      vertex 125.384 57.4779 17.1
      vertex 124.198 57.2902 17.1
      vertex 125.37 57.65 17.1
    endloop
  endfacet
  facet normal 0 0 -1
    outer loop
      vertex 125.424 57.9899 17.1
      vertex 124.283 58.3607 17.1
      vertex 124.421 58.6942 17.1
    endloop
  endfacet
  facet normal 0 0 -1
    outer loop
      vertex 124.17 57.65 17.1
      vertex 125.37 57.65 17.1
      vertex 124.198 57.2902 17.1
    endloop
  endfacet
  facet normal 0 0 -1
    outer loop
      vertex 125.384 57.8221 17.1
      vertex 124.198 58.0098 17.1
      vertex 124.283 58.3607 17.1
    endloop
  endfacet
  facet normal 0 0 -1
    outer loop
      vertex 125.37 57.65 17.1
      vertex 124.17 57.65 17.1
      vertex 124.198 58.0098 17.1
    endloop
  endfacet
  facet normal -0.971892 -0.235426 0
    outer loop
      vertex 124.283 56.9393 17.1
      vertex 124.198 57.2902 28.9
      vertex 124.198 57.2902 17.1
    endloop
  endfacet
  facet normal -0.971892 -0.235426 0
    outer loop
      vertex 124.198 57.2902 28.9
      vertex 124.283 56.9393 17.1
      vertex 124.283 56.9393 28.9
    endloop
  endfacet
  facet normal 0.383079 -0.923716 0
    outer loop
      vertex 127.181 55.4626 17.1
      vertex 127.514 55.6007 28.9
      vertex 127.181 55.4626 28.9
    endloop
  endfacet
  facet normal 0.383079 -0.923716 0
    outer loop
      vertex 127.514 55.6007 28.9
      vertex 127.181 55.4626 17.1
      vertex 127.514 55.6007 17.1
    endloop
  endfacet
  facet normal 0.383079 0.923716 -0
    outer loop
      vertex 127.514 59.6993 17.1
      vertex 127.181 59.8374 28.9
      vertex 127.514 59.6993 28.9
    endloop
  endfacet
  facet normal 0.383079 0.923716 0
    outer loop
      vertex 127.181 59.8374 28.9
      vertex 127.514 59.6993 17.1
      vertex 127.181 59.8374 17.1
    endloop
  endfacet
  facet normal 0.65006 -0.759883 0
    outer loop
      vertex 127.822 55.7893 17.1
      vertex 128.096 56.0237 28.9
      vertex 127.822 55.7893 28.9
    endloop
  endfacet
  facet normal 0.65006 -0.759883 0
    outer loop
      vertex 128.096 56.0237 28.9
      vertex 127.822 55.7893 17.1
      vertex 128.096 56.0237 17.1
    endloop
  endfacet
  facet normal 0.85333 0.521371 0
    outer loop
      vertex 128.519 58.6942 28.9
      vertex 128.331 59.0019 17.1
      vertex 128.331 59.0019 28.9
    endloop
  endfacet
  facet normal 0.85333 0.521371 0
    outer loop
      vertex 128.331 59.0019 17.1
      vertex 128.519 58.6942 28.9
      vertex 128.519 58.6942 17.1
    endloop
  endfacet
  facet normal 0.65006 0.759883 -0
    outer loop
      vertex 128.096 59.2763 17.1
      vertex 127.822 59.5107 28.9
      vertex 128.096 59.2763 28.9
    endloop
  endfacet
  facet normal 0.65006 0.759883 0
    outer loop
      vertex 127.822 59.5107 28.9
      vertex 128.096 59.2763 17.1
      vertex 127.822 59.5107 17.1
    endloop
  endfacet
  facet normal 0.924017 -0.382352 0
    outer loop
      vertex 128.519 56.6058 28.9
      vertex 128.657 56.9393 17.1
      vertex 128.657 56.9393 28.9
    endloop
  endfacet
  facet normal 0.924017 -0.382352 0
    outer loop
      vertex 128.657 56.9393 17.1
      vertex 128.519 56.6058 28.9
      vertex 128.519 56.6058 17.1
    endloop
  endfacet
  facet normal -0.996986 -0.0775864 0
    outer loop
      vertex 124.198 57.2902 17.1
      vertex 124.17 57.65 28.9
      vertex 124.17 57.65 17.1
    endloop
  endfacet
  facet normal -0.996986 -0.0775864 0
    outer loop
      vertex 124.17 57.65 28.9
      vertex 124.198 57.2902 17.1
      vertex 124.198 57.2902 28.9
    endloop
  endfacet
  facet normal -0.383079 -0.923716 0
    outer loop
      vertex 125.426 55.6007 17.1
      vertex 125.759 55.4626 28.9
      vertex 125.426 55.6007 28.9
    endloop
  endfacet
  facet normal -0.383079 -0.923716 -0
    outer loop
      vertex 125.759 55.4626 28.9
      vertex 125.426 55.6007 17.1
      vertex 125.759 55.4626 17.1
    endloop
  endfacet
  facet normal -0.23353 -0.97235 0
    outer loop
      vertex 125.759 55.4626 17.1
      vertex 126.11 55.3783 28.9
      vertex 125.759 55.4626 28.9
    endloop
  endfacet
  facet normal -0.23353 -0.97235 -0
    outer loop
      vertex 126.11 55.3783 28.9
      vertex 125.759 55.4626 17.1
      vertex 126.11 55.3783 17.1
    endloop
  endfacet
  facet normal 0.23353 0.97235 -0
    outer loop
      vertex 127.181 59.8374 17.1
      vertex 126.83 59.9217 28.9
      vertex 127.181 59.8374 28.9
    endloop
  endfacet
  facet normal 0.23353 0.97235 0
    outer loop
      vertex 126.83 59.9217 28.9
      vertex 127.181 59.8374 17.1
      vertex 126.83 59.9217 17.1
    endloop
  endfacet
  facet normal 0.85333 -0.521371 0
    outer loop
      vertex 128.331 56.2981 28.9
      vertex 128.519 56.6058 17.1
      vertex 128.519 56.6058 28.9
    endloop
  endfacet
  facet normal 0.85333 -0.521371 0
    outer loop
      vertex 128.519 56.6058 17.1
      vertex 128.331 56.2981 28.9
      vertex 128.331 56.2981 17.1
    endloop
  endfacet
  facet normal -0.0783693 0.996924 0
    outer loop
      vertex 126.47 59.95 17.1
      vertex 126.11 59.9217 28.9
      vertex 126.47 59.95 28.9
    endloop
  endfacet
  facet normal -0.0783693 0.996924 0
    outer loop
      vertex 126.11 59.9217 28.9
      vertex 126.47 59.95 17.1
      vertex 126.11 59.9217 17.1
    endloop
  endfacet
  facet normal 0.0783693 0.996924 -0
    outer loop
      vertex 126.83 59.9217 17.1
      vertex 126.47 59.95 28.9
      vertex 126.83 59.9217 28.9
    endloop
  endfacet
  facet normal 0.0783693 0.996924 0
    outer loop
      vertex 126.47 59.95 28.9
      vertex 126.83 59.9217 17.1
      vertex 126.47 59.95 17.1
    endloop
  endfacet
  facet normal -0.383079 0.923716 0
    outer loop
      vertex 125.759 59.8374 17.1
      vertex 125.426 59.6993 28.9
      vertex 125.759 59.8374 28.9
    endloop
  endfacet
  facet normal -0.383079 0.923716 0
    outer loop
      vertex 125.426 59.6993 28.9
      vertex 125.759 59.8374 17.1
      vertex 125.426 59.6993 17.1
    endloop
  endfacet
  facet normal -0.65006 0.759883 0
    outer loop
      vertex 125.118 59.5107 17.1
      vertex 124.844 59.2763 28.9
      vertex 125.118 59.5107 28.9
    endloop
  endfacet
  facet normal -0.65006 0.759883 0
    outer loop
      vertex 124.844 59.2763 28.9
      vertex 125.118 59.5107 17.1
      vertex 124.844 59.2763 17.1
    endloop
  endfacet
  facet normal -0.85333 -0.521371 0
    outer loop
      vertex 124.609 56.2981 17.1
      vertex 124.421 56.6058 28.9
      vertex 124.421 56.6058 17.1
    endloop
  endfacet
  facet normal -0.85333 -0.521371 0
    outer loop
      vertex 124.421 56.6058 28.9
      vertex 124.609 56.2981 17.1
      vertex 124.609 56.2981 28.9
    endloop
  endfacet
  facet normal -0.522211 0.852816 0
    outer loop
      vertex 125.426 59.6993 17.1
      vertex 125.118 59.5107 28.9
      vertex 125.426 59.6993 28.9
    endloop
  endfacet
  facet normal -0.522211 0.852816 0
    outer loop
      vertex 125.118 59.5107 28.9
      vertex 125.426 59.6993 17.1
      vertex 125.118 59.5107 17.1
    endloop
  endfacet
  facet normal -0.23353 0.97235 0
    outer loop
      vertex 126.11 59.9217 17.1
      vertex 125.759 59.8374 28.9
      vertex 126.11 59.9217 28.9
    endloop
  endfacet
  facet normal -0.23353 0.97235 0
    outer loop
      vertex 125.759 59.8374 28.9
      vertex 126.11 59.9217 17.1
      vertex 125.759 59.8374 17.1
    endloop
  endfacet
  facet normal 0.75953 0.650472 0
    outer loop
      vertex 128.331 59.0019 28.9
      vertex 128.096 59.2763 17.1
      vertex 128.096 59.2763 28.9
    endloop
  endfacet
  facet normal 0.75953 0.650472 0
    outer loop
      vertex 128.096 59.2763 17.1
      vertex 128.331 59.0019 28.9
      vertex 128.331 59.0019 17.1
    endloop
  endfacet
  facet normal -0.85333 0.521371 0
    outer loop
      vertex 124.421 58.6942 17.1
      vertex 124.609 59.0019 28.9
      vertex 124.609 59.0019 17.1
    endloop
  endfacet
  facet normal -0.85333 0.521371 0
    outer loop
      vertex 124.609 59.0019 28.9
      vertex 124.421 58.6942 17.1
      vertex 124.421 58.6942 28.9
    endloop
  endfacet
  facet normal -0.971892 0.235426 0
    outer loop
      vertex 124.198 58.0098 17.1
      vertex 124.283 58.3607 28.9
      vertex 124.283 58.3607 17.1
    endloop
  endfacet
  facet normal -0.971892 0.235426 0
    outer loop
      vertex 124.283 58.3607 28.9
      vertex 124.198 58.0098 17.1
      vertex 124.198 58.0098 28.9
    endloop
  endfacet
  facet normal 0.522211 0.852816 -0
    outer loop
      vertex 127.822 59.5107 17.1
      vertex 127.514 59.6993 28.9
      vertex 127.822 59.5107 28.9
    endloop
  endfacet
  facet normal 0.522211 0.852816 0
    outer loop
      vertex 127.514 59.6993 28.9
      vertex 127.822 59.5107 17.1
      vertex 127.514 59.6993 17.1
    endloop
  endfacet
  facet normal 0.0783693 -0.996924 0
    outer loop
      vertex 126.47 55.35 17.1
      vertex 126.83 55.3783 28.9
      vertex 126.47 55.35 28.9
    endloop
  endfacet
  facet normal 0.0783693 -0.996924 0
    outer loop
      vertex 126.83 55.3783 28.9
      vertex 126.47 55.35 17.1
      vertex 126.83 55.3783 17.1
    endloop
  endfacet
  facet normal 0.75953 -0.650472 0
    outer loop
      vertex 128.096 56.0237 28.9
      vertex 128.331 56.2981 17.1
      vertex 128.331 56.2981 28.9
    endloop
  endfacet
  facet normal 0.75953 -0.650472 0
    outer loop
      vertex 128.331 56.2981 17.1
      vertex 128.096 56.0237 28.9
      vertex 128.096 56.0237 17.1
    endloop
  endfacet
  facet normal -0.522211 -0.852816 0
    outer loop
      vertex 125.118 55.7893 17.1
      vertex 125.426 55.6007 28.9
      vertex 125.118 55.7893 28.9
    endloop
  endfacet
  facet normal -0.522211 -0.852816 -0
    outer loop
      vertex 125.426 55.6007 28.9
      vertex 125.118 55.7893 17.1
      vertex 125.426 55.6007 17.1
    endloop
  endfacet
  facet normal -0.996986 0.0775864 0
    outer loop
      vertex 124.17 57.65 17.1
      vertex 124.198 58.0098 28.9
      vertex 124.198 58.0098 17.1
    endloop
  endfacet
  facet normal -0.996986 0.0775864 0
    outer loop
      vertex 124.198 58.0098 28.9
      vertex 124.17 57.65 17.1
      vertex 124.17 57.65 28.9
    endloop
  endfacet
  facet normal -0.75953 -0.650472 0
    outer loop
      vertex 124.844 56.0237 17.1
      vertex 124.609 56.2981 28.9
      vertex 124.609 56.2981 17.1
    endloop
  endfacet
  facet normal -0.75953 -0.650472 0
    outer loop
      vertex 124.609 56.2981 28.9
      vertex 124.844 56.0237 17.1
      vertex 124.844 56.0237 28.9
    endloop
  endfacet
  facet normal -0.75953 0.650472 0
    outer loop
      vertex 124.609 59.0019 17.1
      vertex 124.844 59.2763 28.9
      vertex 124.844 59.2763 17.1
    endloop
  endfacet
  facet normal -0.75953 0.650472 0
    outer loop
      vertex 124.844 59.2763 28.9
      vertex 124.609 59.0019 17.1
      vertex 124.609 59.0019 28.9
    endloop
  endfacet
  facet normal -0.924017 0.382352 0
    outer loop
      vertex 124.283 58.3607 17.1
      vertex 124.421 58.6942 28.9
      vertex 124.421 58.6942 17.1
    endloop
  endfacet
  facet normal -0.924017 0.382352 0
    outer loop
      vertex 124.421 58.6942 28.9
      vertex 124.283 58.3607 17.1
      vertex 124.283 58.3607 28.9
    endloop
  endfacet
  facet normal -0.65006 -0.759883 0
    outer loop
      vertex 124.844 56.0237 17.1
      vertex 125.118 55.7893 28.9
      vertex 124.844 56.0237 28.9
    endloop
  endfacet
  facet normal -0.65006 -0.759883 -0
    outer loop
      vertex 125.118 55.7893 28.9
      vertex 124.844 56.0237 17.1
      vertex 125.118 55.7893 17.1
    endloop
  endfacet
  facet normal 0.971892 -0.235426 0
    outer loop
      vertex 128.657 56.9393 28.9
      vertex 128.742 57.2902 17.1
      vertex 128.742 57.2902 28.9
    endloop
  endfacet
  facet normal 0.971892 -0.235426 0
    outer loop
      vertex 128.742 57.2902 17.1
      vertex 128.657 56.9393 28.9
      vertex 128.657 56.9393 17.1
    endloop
  endfacet
  facet normal -0.0783693 -0.996924 0
    outer loop
      vertex 126.11 55.3783 17.1
      vertex 126.47 55.35 28.9
      vertex 126.11 55.3783 28.9
    endloop
  endfacet
  facet normal -0.0783693 -0.996924 -0
    outer loop
      vertex 126.47 55.35 28.9
      vertex 126.11 55.3783 17.1
      vertex 126.47 55.35 17.1
    endloop
  endfacet
  facet normal -0.924017 -0.382352 0
    outer loop
      vertex 124.421 56.6058 17.1
      vertex 124.283 56.9393 28.9
      vertex 124.283 56.9393 17.1
    endloop
  endfacet
  facet normal -0.924017 -0.382352 0
    outer loop
      vertex 124.283 56.9393 28.9
      vertex 124.421 56.6058 17.1
      vertex 124.421 56.6058 28.9
    endloop
  endfacet
  facet normal 0.0783693 -0.996924 0
    outer loop
      vertex 126.47 75.035 17.1
      vertex 126.83 75.0633 28.9
      vertex 126.47 75.035 28.9
    endloop
  endfacet
  facet normal 0.0783693 -0.996924 0
    outer loop
      vertex 126.83 75.0633 28.9
      vertex 126.47 75.035 17.1
      vertex 126.83 75.0633 17.1
    endloop
  endfacet
  facet normal 0.971892 0.235426 0
    outer loop
      vertex 128.742 77.6948 28.9
      vertex 128.657 78.0457 17.1
      vertex 128.657 78.0457 28.9
    endloop
  endfacet
  facet normal 0.971892 0.235426 0
    outer loop
      vertex 128.657 78.0457 17.1
      vertex 128.742 77.6948 28.9
      vertex 128.742 77.6948 17.1
    endloop
  endfacet
  facet normal 0.996986 0.0775864 0
    outer loop
      vertex 128.77 77.335 28.9
      vertex 128.742 77.6948 17.1
      vertex 128.742 77.6948 28.9
    endloop
  endfacet
  facet normal 0.996986 0.0775864 0
    outer loop
      vertex 128.742 77.6948 17.1
      vertex 128.77 77.335 28.9
      vertex 128.77 77.335 17.1
    endloop
  endfacet
  facet normal 0.75953 -0.650472 0
    outer loop
      vertex 128.096 75.7087 28.9
      vertex 128.331 75.9831 17.1
      vertex 128.331 75.9831 28.9
    endloop
  endfacet
  facet normal 0.75953 -0.650472 0
    outer loop
      vertex 128.331 75.9831 17.1
      vertex 128.096 75.7087 28.9
      vertex 128.096 75.7087 17.1
    endloop
  endfacet
  facet normal -0.23353 -0.97235 0
    outer loop
      vertex 125.759 75.1476 17.1
      vertex 126.11 75.0633 28.9
      vertex 125.759 75.1476 28.9
    endloop
  endfacet
  facet normal -0.23353 -0.97235 -0
    outer loop
      vertex 126.11 75.0633 28.9
      vertex 125.759 75.1476 17.1
      vertex 126.11 75.0633 17.1
    endloop
  endfacet
  facet normal 0.75953 0.650472 0
    outer loop
      vertex 128.331 78.6869 28.9
      vertex 128.096 78.9613 17.1
      vertex 128.096 78.9613 28.9
    endloop
  endfacet
  facet normal 0.75953 0.650472 0
    outer loop
      vertex 128.096 78.9613 17.1
      vertex 128.331 78.6869 28.9
      vertex 128.331 78.6869 17.1
    endloop
  endfacet
  facet normal 0.971892 -0.235426 0
    outer loop
      vertex 128.657 76.6243 28.9
      vertex 128.742 76.9752 17.1
      vertex 128.742 76.9752 28.9
    endloop
  endfacet
  facet normal 0.971892 -0.235426 0
    outer loop
      vertex 128.742 76.9752 17.1
      vertex 128.657 76.6243 28.9
      vertex 128.657 76.6243 17.1
    endloop
  endfacet
  facet normal 0.85333 0.521371 0
    outer loop
      vertex 128.519 78.3792 28.9
      vertex 128.331 78.6869 17.1
      vertex 128.331 78.6869 28.9
    endloop
  endfacet
  facet normal 0.85333 0.521371 0
    outer loop
      vertex 128.331 78.6869 17.1
      vertex 128.519 78.3792 28.9
      vertex 128.519 78.3792 17.1
    endloop
  endfacet
  facet normal 0.65006 0.759883 -0
    outer loop
      vertex 128.096 78.9613 17.1
      vertex 127.822 79.1957 28.9
      vertex 128.096 78.9613 28.9
    endloop
  endfacet
  facet normal 0.65006 0.759883 0
    outer loop
      vertex 127.822 79.1957 28.9
      vertex 128.096 78.9613 17.1
      vertex 127.822 79.1957 17.1
    endloop
  endfacet
  facet normal 0.924017 -0.382352 0
    outer loop
      vertex 128.519 76.2908 28.9
      vertex 128.657 76.6243 17.1
      vertex 128.657 76.6243 28.9
    endloop
  endfacet
  facet normal 0.924017 -0.382352 0
    outer loop
      vertex 128.657 76.6243 17.1
      vertex 128.519 76.2908 28.9
      vertex 128.519 76.2908 17.1
    endloop
  endfacet
  facet normal 0.522211 -0.852816 0
    outer loop
      vertex 127.514 75.2857 17.1
      vertex 127.822 75.4743 28.9
      vertex 127.514 75.2857 28.9
    endloop
  endfacet
  facet normal 0.522211 -0.852816 0
    outer loop
      vertex 127.822 75.4743 28.9
      vertex 127.514 75.2857 17.1
      vertex 127.822 75.4743 17.1
    endloop
  endfacet
  facet normal -0.522211 -0.852816 0
    outer loop
      vertex 125.118 75.4743 17.1
      vertex 125.426 75.2857 28.9
      vertex 125.118 75.4743 28.9
    endloop
  endfacet
  facet normal -0.522211 -0.852816 -0
    outer loop
      vertex 125.426 75.2857 28.9
      vertex 125.118 75.4743 17.1
      vertex 125.426 75.2857 17.1
    endloop
  endfacet
  facet normal -0.522211 0.852816 0
    outer loop
      vertex 125.426 79.3843 17.1
      vertex 125.118 79.1957 28.9
      vertex 125.426 79.3843 28.9
    endloop
  endfacet
  facet normal -0.522211 0.852816 0
    outer loop
      vertex 125.118 79.1957 28.9
      vertex 125.426 79.3843 17.1
      vertex 125.118 79.1957 17.1
    endloop
  endfacet
  facet normal -0.0783693 -0.996924 0
    outer loop
      vertex 126.11 75.0633 17.1
      vertex 126.47 75.035 28.9
      vertex 126.11 75.0633 28.9
    endloop
  endfacet
  facet normal -0.0783693 -0.996924 -0
    outer loop
      vertex 126.47 75.035 28.9
      vertex 126.11 75.0633 17.1
      vertex 126.47 75.035 17.1
    endloop
  endfacet
  facet normal 0.522211 0.852816 -0
    outer loop
      vertex 127.822 79.1957 17.1
      vertex 127.514 79.3843 28.9
      vertex 127.822 79.1957 28.9
    endloop
  endfacet
  facet normal 0.522211 0.852816 0
    outer loop
      vertex 127.514 79.3843 28.9
      vertex 127.822 79.1957 17.1
      vertex 127.514 79.3843 17.1
    endloop
  endfacet
  facet normal 0.23353 -0.97235 0
    outer loop
      vertex 126.83 75.0633 17.1
      vertex 127.181 75.1476 28.9
      vertex 126.83 75.0633 28.9
    endloop
  endfacet
  facet normal 0.23353 -0.97235 0
    outer loop
      vertex 127.181 75.1476 28.9
      vertex 126.83 75.0633 17.1
      vertex 127.181 75.1476 17.1
    endloop
  endfacet
  facet normal 0.383079 0.923716 -0
    outer loop
      vertex 127.514 79.3843 17.1
      vertex 127.181 79.5224 28.9
      vertex 127.514 79.3843 28.9
    endloop
  endfacet
  facet normal 0.383079 0.923716 0
    outer loop
      vertex 127.181 79.5224 28.9
      vertex 127.514 79.3843 17.1
      vertex 127.181 79.5224 17.1
    endloop
  endfacet
  facet normal -0.383079 0.923716 0
    outer loop
      vertex 125.759 79.5224 17.1
      vertex 125.426 79.3843 28.9
      vertex 125.759 79.5224 28.9
    endloop
  endfacet
  facet normal -0.383079 0.923716 0
    outer loop
      vertex 125.426 79.3843 28.9
      vertex 125.759 79.5224 17.1
      vertex 125.426 79.3843 17.1
    endloop
  endfacet
  facet normal -0.75953 -0.650472 0
    outer loop
      vertex 124.844 75.7087 17.1
      vertex 124.609 75.9831 28.9
      vertex 124.609 75.9831 17.1
    endloop
  endfacet
  facet normal -0.75953 -0.650472 0
    outer loop
      vertex 124.609 75.9831 28.9
      vertex 124.844 75.7087 17.1
      vertex 124.844 75.7087 28.9
    endloop
  endfacet
  facet normal -0.0783693 0.996924 0
    outer loop
      vertex 126.47 79.635 17.1
      vertex 126.11 79.6067 28.9
      vertex 126.47 79.635 28.9
    endloop
  endfacet
  facet normal -0.0783693 0.996924 0
    outer loop
      vertex 126.11 79.6067 28.9
      vertex 126.47 79.635 17.1
      vertex 126.11 79.6067 17.1
    endloop
  endfacet
  facet normal -0.924017 0.382352 0
    outer loop
      vertex 124.283 78.0457 17.1
      vertex 124.421 78.3792 28.9
      vertex 124.421 78.3792 17.1
    endloop
  endfacet
  facet normal -0.924017 0.382352 0
    outer loop
      vertex 124.421 78.3792 28.9
      vertex 124.283 78.0457 17.1
      vertex 124.283 78.0457 28.9
    endloop
  endfacet
  facet normal -0.65006 -0.759883 0
    outer loop
      vertex 124.844 75.7087 17.1
      vertex 125.118 75.4743 28.9
      vertex 124.844 75.7087 28.9
    endloop
  endfacet
  facet normal -0.65006 -0.759883 -0
    outer loop
      vertex 125.118 75.4743 28.9
      vertex 124.844 75.7087 17.1
      vertex 125.118 75.4743 17.1
    endloop
  endfacet
  facet normal -0.75953 0.650472 0
    outer loop
      vertex 124.609 78.6869 17.1
      vertex 124.844 78.9613 28.9
      vertex 124.844 78.9613 17.1
    endloop
  endfacet
  facet normal -0.75953 0.650472 0
    outer loop
      vertex 124.844 78.9613 28.9
      vertex 124.609 78.6869 17.1
      vertex 124.609 78.6869 28.9
    endloop
  endfacet
  facet normal 0.65006 -0.759883 0
    outer loop
      vertex 127.822 75.4743 17.1
      vertex 128.096 75.7087 28.9
      vertex 127.822 75.4743 28.9
    endloop
  endfacet
  facet normal 0.65006 -0.759883 0
    outer loop
      vertex 128.096 75.7087 28.9
      vertex 127.822 75.4743 17.1
      vertex 128.096 75.7087 17.1
    endloop
  endfacet
  facet normal 0.0783693 0.996924 -0
    outer loop
      vertex 126.83 79.6067 17.1
      vertex 126.47 79.635 28.9
      vertex 126.83 79.6067 28.9
    endloop
  endfacet
  facet normal 0.0783693 0.996924 0
    outer loop
      vertex 126.47 79.635 28.9
      vertex 126.83 79.6067 17.1
      vertex 126.47 79.635 17.1
    endloop
  endfacet
  facet normal -0.971892 -0.235426 0
    outer loop
      vertex 124.283 76.6243 17.1
      vertex 124.198 76.9752 28.9
      vertex 124.198 76.9752 17.1
    endloop
  endfacet
  facet normal -0.971892 -0.235426 0
    outer loop
      vertex 124.198 76.9752 28.9
      vertex 124.283 76.6243 17.1
      vertex 124.283 76.6243 28.9
    endloop
  endfacet
  facet normal 0.23353 0.97235 -0
    outer loop
      vertex 127.181 79.5224 17.1
      vertex 126.83 79.6067 28.9
      vertex 127.181 79.5224 28.9
    endloop
  endfacet
  facet normal 0.23353 0.97235 0
    outer loop
      vertex 126.83 79.6067 28.9
      vertex 127.181 79.5224 17.1
      vertex 126.83 79.6067 17.1
    endloop
  endfacet
  facet normal -0.85333 0.521371 0
    outer loop
      vertex 124.421 78.3792 17.1
      vertex 124.609 78.6869 28.9
      vertex 124.609 78.6869 17.1
    endloop
  endfacet
  facet normal -0.85333 0.521371 0
    outer loop
      vertex 124.609 78.6869 28.9
      vertex 124.421 78.3792 17.1
      vertex 124.421 78.3792 28.9
    endloop
  endfacet
  facet normal 0.996986 -0.0775864 0
    outer loop
      vertex 128.742 76.9752 28.9
      vertex 128.77 77.335 17.1
      vertex 128.77 77.335 28.9
    endloop
  endfacet
  facet normal 0.996986 -0.0775864 0
    outer loop
      vertex 128.77 77.335 17.1
      vertex 128.742 76.9752 28.9
      vertex 128.742 76.9752 17.1
    endloop
  endfacet
  facet normal 0.383079 -0.923716 0
    outer loop
      vertex 127.181 75.1476 17.1
      vertex 127.514 75.2857 28.9
      vertex 127.181 75.1476 28.9
    endloop
  endfacet
  facet normal 0.383079 -0.923716 0
    outer loop
      vertex 127.514 75.2857 28.9
      vertex 127.181 75.1476 17.1
      vertex 127.514 75.2857 17.1
    endloop
  endfacet
  facet normal 0.85333 -0.521371 0
    outer loop
      vertex 128.331 75.9831 28.9
      vertex 128.519 76.2908 17.1
      vertex 128.519 76.2908 28.9
    endloop
  endfacet
  facet normal 0.85333 -0.521371 0
    outer loop
      vertex 128.519 76.2908 17.1
      vertex 128.331 75.9831 28.9
      vertex 128.331 75.9831 17.1
    endloop
  endfacet
  facet normal -0.23353 0.97235 0
    outer loop
      vertex 126.11 79.6067 17.1
      vertex 125.759 79.5224 28.9
      vertex 126.11 79.6067 28.9
    endloop
  endfacet
  facet normal -0.23353 0.97235 0
    outer loop
      vertex 125.759 79.5224 28.9
      vertex 126.11 79.6067 17.1
      vertex 125.759 79.5224 17.1
    endloop
  endfacet
  facet normal -0.85333 -0.521371 0
    outer loop
      vertex 124.609 75.9831 17.1
      vertex 124.421 76.2908 28.9
      vertex 124.421 76.2908 17.1
    endloop
  endfacet
  facet normal -0.85333 -0.521371 0
    outer loop
      vertex 124.421 76.2908 28.9
      vertex 124.609 75.9831 17.1
      vertex 124.609 75.9831 28.9
    endloop
  endfacet
  facet normal -0.924017 -0.382352 0
    outer loop
      vertex 124.421 76.2908 17.1
      vertex 124.283 76.6243 28.9
      vertex 124.283 76.6243 17.1
    endloop
  endfacet
  facet normal -0.924017 -0.382352 0
    outer loop
      vertex 124.283 76.6243 28.9
      vertex 124.421 76.2908 17.1
      vertex 124.421 76.2908 28.9
    endloop
  endfacet
  facet normal -0.996986 -0.0775864 0
    outer loop
      vertex 124.198 76.9752 17.1
      vertex 124.17 77.335 28.9
      vertex 124.17 77.335 17.1
    endloop
  endfacet
  facet normal -0.996986 -0.0775864 0
    outer loop
      vertex 124.17 77.335 28.9
      vertex 124.198 76.9752 17.1
      vertex 124.198 76.9752 28.9
    endloop
  endfacet
  facet normal -0.971892 0.235426 0
    outer loop
      vertex 124.198 77.6948 17.1
      vertex 124.283 78.0457 28.9
      vertex 124.283 78.0457 17.1
    endloop
  endfacet
  facet normal -0.971892 0.235426 0
    outer loop
      vertex 124.283 78.0457 28.9
      vertex 124.198 77.6948 17.1
      vertex 124.198 77.6948 28.9
    endloop
  endfacet
  facet normal -0.996986 0.0775864 0
    outer loop
      vertex 124.17 77.335 17.1
      vertex 124.198 77.6948 28.9
      vertex 124.198 77.6948 17.1
    endloop
  endfacet
  facet normal -0.996986 0.0775864 0
    outer loop
      vertex 124.198 77.6948 28.9
      vertex 124.17 77.335 17.1
      vertex 124.17 77.335 28.9
    endloop
  endfacet
  facet normal 0.924017 0.382352 0
    outer loop
      vertex 128.657 78.0457 28.9
      vertex 128.519 78.3792 17.1
      vertex 128.519 78.3792 28.9
    endloop
  endfacet
  facet normal 0.924017 0.382352 0
    outer loop
      vertex 128.519 78.3792 17.1
      vertex 128.657 78.0457 28.9
      vertex 128.657 78.0457 17.1
    endloop
  endfacet
  facet normal -0.65006 0.759883 0
    outer loop
      vertex 125.118 79.1957 17.1
      vertex 124.844 78.9613 28.9
      vertex 125.118 79.1957 28.9
    endloop
  endfacet
  facet normal -0.65006 0.759883 0
    outer loop
      vertex 124.844 78.9613 28.9
      vertex 125.118 79.1957 17.1
      vertex 124.844 78.9613 17.1
    endloop
  endfacet
  facet normal 0 0 -1
    outer loop
      vertex 127.57 77.335 17.1
      vertex 128.77 77.335 17.1
      vertex 128.742 76.9752 17.1
    endloop
  endfacet
  facet normal 0 0 -1
    outer loop
      vertex 127.556 77.1629 17.1
      vertex 128.742 76.9752 17.1
      vertex 128.657 76.6243 17.1
    endloop
  endfacet
  facet normal 0 0 -1
    outer loop
      vertex 128.77 77.335 17.1
      vertex 127.57 77.335 17.1
      vertex 128.742 77.6948 17.1
    endloop
  endfacet
  facet normal 0 0 -1
    outer loop
      vertex 127.516 76.9951 17.1
      vertex 128.657 76.6243 17.1
      vertex 128.519 76.2908 17.1
    endloop
  endfacet
  facet normal 0 0 -1
    outer loop
      vertex 127.556 77.5071 17.1
      vertex 128.742 77.6948 17.1
      vertex 127.57 77.335 17.1
    endloop
  endfacet
  facet normal 0 0 -1
    outer loop
      vertex 127.45 76.8356 17.1
      vertex 128.519 76.2908 17.1
      vertex 128.331 75.9831 17.1
    endloop
  endfacet
  facet normal -0 0 -1
    outer loop
      vertex 128.742 77.6948 17.1
      vertex 127.556 77.5071 17.1
      vertex 128.657 78.0457 17.1
    endloop
  endfacet
  facet normal 0 0 -1
    outer loop
      vertex 127.36 76.6884 17.1
      vertex 128.331 75.9831 17.1
      vertex 128.096 75.7087 17.1
    endloop
  endfacet
  facet normal 0 0 -1
    outer loop
      vertex 127.516 77.6749 17.1
      vertex 128.657 78.0457 17.1
      vertex 127.556 77.5071 17.1
    endloop
  endfacet
  facet normal 0 0 -1
    outer loop
      vertex 127.248 76.5572 17.1
      vertex 128.096 75.7087 17.1
      vertex 127.822 75.4743 17.1
    endloop
  endfacet
  facet normal -0 0 -1
    outer loop
      vertex 128.657 78.0457 17.1
      vertex 127.516 77.6749 17.1
      vertex 128.519 78.3792 17.1
    endloop
  endfacet
  facet normal 0 0 -1
    outer loop
      vertex 127.45 77.8344 17.1
      vertex 128.519 78.3792 17.1
      vertex 127.516 77.6749 17.1
    endloop
  endfacet
  facet normal 0 0 -1
    outer loop
      vertex 128.742 76.9752 17.1
      vertex 127.556 77.1629 17.1
      vertex 127.57 77.335 17.1
    endloop
  endfacet
  facet normal 0 0 -1
    outer loop
      vertex 128.657 76.6243 17.1
      vertex 127.516 76.9951 17.1
      vertex 127.556 77.1629 17.1
    endloop
  endfacet
  facet normal 0 0 -1
    outer loop
      vertex 127.117 76.4451 17.1
      vertex 127.822 75.4743 17.1
      vertex 127.514 75.2857 17.1
    endloop
  endfacet
  facet normal 0 0 -1
    outer loop
      vertex 128.519 76.2908 17.1
      vertex 127.45 76.8356 17.1
      vertex 127.516 76.9951 17.1
    endloop
  endfacet
  facet normal 0 0 -1
    outer loop
      vertex 128.331 75.9831 17.1
      vertex 127.36 76.6884 17.1
      vertex 127.45 76.8356 17.1
    endloop
  endfacet
  facet normal 0 0 -1
    outer loop
      vertex 128.096 75.7087 17.1
      vertex 127.248 76.5572 17.1
      vertex 127.36 76.6884 17.1
    endloop
  endfacet
  facet normal 0 0 -1
    outer loop
      vertex 126.969 76.3549 17.1
      vertex 127.514 75.2857 17.1
      vertex 127.181 75.1476 17.1
    endloop
  endfacet
  facet normal 0 0 -1
    outer loop
      vertex 127.822 75.4743 17.1
      vertex 127.117 76.4451 17.1
      vertex 127.248 76.5572 17.1
    endloop
  endfacet
  facet normal 0 0 -1
    outer loop
      vertex 127.514 75.2857 17.1
      vertex 126.969 76.3549 17.1
      vertex 127.117 76.4451 17.1
    endloop
  endfacet
  facet normal 0 0 -1
    outer loop
      vertex 126.81 76.2888 17.1
      vertex 127.181 75.1476 17.1
      vertex 126.83 75.0633 17.1
    endloop
  endfacet
  facet normal 0 0 -1
    outer loop
      vertex 127.181 75.1476 17.1
      vertex 126.81 76.2888 17.1
      vertex 126.969 76.3549 17.1
    endloop
  endfacet
  facet normal 0 0 -1
    outer loop
      vertex 126.83 75.0633 17.1
      vertex 126.642 76.2485 17.1
      vertex 126.81 76.2888 17.1
    endloop
  endfacet
  facet normal 0 0 -1
    outer loop
      vertex 126.47 75.035 17.1
      vertex 126.642 76.2485 17.1
      vertex 126.83 75.0633 17.1
    endloop
  endfacet
  facet normal 0 0 -1
    outer loop
      vertex 126.47 75.035 17.1
      vertex 126.47 76.235 17.1
      vertex 126.642 76.2485 17.1
    endloop
  endfacet
  facet normal 0 0 -1
    outer loop
      vertex 126.47 75.035 17.1
      vertex 126.298 76.2485 17.1
      vertex 126.47 76.235 17.1
    endloop
  endfacet
  facet normal 0 0 -1
    outer loop
      vertex 126.11 75.0633 17.1
      vertex 126.298 76.2485 17.1
      vertex 126.47 75.035 17.1
    endloop
  endfacet
  facet normal -0 0 -1
    outer loop
      vertex 126.298 76.2485 17.1
      vertex 126.11 75.0633 17.1
      vertex 126.13 76.2888 17.1
    endloop
  endfacet
  facet normal 0 0 -1
    outer loop
      vertex 125.759 75.1476 17.1
      vertex 126.13 76.2888 17.1
      vertex 126.11 75.0633 17.1
    endloop
  endfacet
  facet normal -0 0 -1
    outer loop
      vertex 126.13 76.2888 17.1
      vertex 125.759 75.1476 17.1
      vertex 125.971 76.3549 17.1
    endloop
  endfacet
  facet normal 0 0 -1
    outer loop
      vertex 125.426 75.2857 17.1
      vertex 125.971 76.3549 17.1
      vertex 125.759 75.1476 17.1
    endloop
  endfacet
  facet normal -0 0 -1
    outer loop
      vertex 125.971 76.3549 17.1
      vertex 125.426 75.2857 17.1
      vertex 125.823 76.4451 17.1
    endloop
  endfacet
  facet normal 0 0 -1
    outer loop
      vertex 125.118 75.4743 17.1
      vertex 125.823 76.4451 17.1
      vertex 125.426 75.2857 17.1
    endloop
  endfacet
  facet normal -0 0 -1
    outer loop
      vertex 125.823 76.4451 17.1
      vertex 125.118 75.4743 17.1
      vertex 125.692 76.5572 17.1
    endloop
  endfacet
  facet normal 0 0 -1
    outer loop
      vertex 124.844 75.7087 17.1
      vertex 125.692 76.5572 17.1
      vertex 125.118 75.4743 17.1
    endloop
  endfacet
  facet normal -0 0 -1
    outer loop
      vertex 125.692 76.5572 17.1
      vertex 124.844 75.7087 17.1
      vertex 125.58 76.6884 17.1
    endloop
  endfacet
  facet normal 0 0 -1
    outer loop
      vertex 124.609 75.9831 17.1
      vertex 125.58 76.6884 17.1
      vertex 124.844 75.7087 17.1
    endloop
  endfacet
  facet normal -0 0 -1
    outer loop
      vertex 125.58 76.6884 17.1
      vertex 124.609 75.9831 17.1
      vertex 125.49 76.8356 17.1
    endloop
  endfacet
  facet normal 0 0 -1
    outer loop
      vertex 124.421 76.2908 17.1
      vertex 125.49 76.8356 17.1
      vertex 124.609 75.9831 17.1
    endloop
  endfacet
  facet normal -0 0 -1
    outer loop
      vertex 128.519 78.3792 17.1
      vertex 127.45 77.8344 17.1
      vertex 128.331 78.6869 17.1
    endloop
  endfacet
  facet normal 0 0 -1
    outer loop
      vertex 127.36 77.9816 17.1
      vertex 128.331 78.6869 17.1
      vertex 127.45 77.8344 17.1
    endloop
  endfacet
  facet normal -0 0 -1
    outer loop
      vertex 128.331 78.6869 17.1
      vertex 127.36 77.9816 17.1
      vertex 128.096 78.9613 17.1
    endloop
  endfacet
  facet normal 0 0 -1
    outer loop
      vertex 127.248 78.1128 17.1
      vertex 128.096 78.9613 17.1
      vertex 127.36 77.9816 17.1
    endloop
  endfacet
  facet normal -0 0 -1
    outer loop
      vertex 128.096 78.9613 17.1
      vertex 127.248 78.1128 17.1
      vertex 127.822 79.1957 17.1
    endloop
  endfacet
  facet normal 0 0 -1
    outer loop
      vertex 127.117 78.2249 17.1
      vertex 127.822 79.1957 17.1
      vertex 127.248 78.1128 17.1
    endloop
  endfacet
  facet normal -0 0 -1
    outer loop
      vertex 127.822 79.1957 17.1
      vertex 127.117 78.2249 17.1
      vertex 127.514 79.3843 17.1
    endloop
  endfacet
  facet normal 0 0 -1
    outer loop
      vertex 126.969 78.3151 17.1
      vertex 127.514 79.3843 17.1
      vertex 127.117 78.2249 17.1
    endloop
  endfacet
  facet normal -0 0 -1
    outer loop
      vertex 127.514 79.3843 17.1
      vertex 126.969 78.3151 17.1
      vertex 127.181 79.5224 17.1
    endloop
  endfacet
  facet normal 0 0 -1
    outer loop
      vertex 126.81 78.3812 17.1
      vertex 127.181 79.5224 17.1
      vertex 126.969 78.3151 17.1
    endloop
  endfacet
  facet normal -0 0 -1
    outer loop
      vertex 127.181 79.5224 17.1
      vertex 126.81 78.3812 17.1
      vertex 126.83 79.6067 17.1
    endloop
  endfacet
  facet normal 0 0 -1
    outer loop
      vertex 126.642 78.4215 17.1
      vertex 126.83 79.6067 17.1
      vertex 126.81 78.3812 17.1
    endloop
  endfacet
  facet normal 0 0 -1
    outer loop
      vertex 126.47 78.435 17.1
      vertex 126.83 79.6067 17.1
      vertex 126.642 78.4215 17.1
    endloop
  endfacet
  facet normal 0 0 -1
    outer loop
      vertex 126.47 78.435 17.1
      vertex 126.47 79.635 17.1
      vertex 126.83 79.6067 17.1
    endloop
  endfacet
  facet normal 0 0 -1
    outer loop
      vertex 126.298 78.4215 17.1
      vertex 126.47 79.635 17.1
      vertex 126.47 78.435 17.1
    endloop
  endfacet
  facet normal 0 0 -1
    outer loop
      vertex 126.11 79.6067 17.1
      vertex 126.298 78.4215 17.1
      vertex 126.13 78.3812 17.1
    endloop
  endfacet
  facet normal 0 0 -1
    outer loop
      vertex 126.298 78.4215 17.1
      vertex 126.11 79.6067 17.1
      vertex 126.47 79.635 17.1
    endloop
  endfacet
  facet normal 0 0 -1
    outer loop
      vertex 125.759 79.5224 17.1
      vertex 126.13 78.3812 17.1
      vertex 125.971 78.3151 17.1
    endloop
  endfacet
  facet normal 0 0 -1
    outer loop
      vertex 125.426 79.3843 17.1
      vertex 125.971 78.3151 17.1
      vertex 125.823 78.2249 17.1
    endloop
  endfacet
  facet normal 0 0 -1
    outer loop
      vertex 126.13 78.3812 17.1
      vertex 125.759 79.5224 17.1
      vertex 126.11 79.6067 17.1
    endloop
  endfacet
  facet normal 0 0 -1
    outer loop
      vertex 125.118 79.1957 17.1
      vertex 125.823 78.2249 17.1
      vertex 125.692 78.1128 17.1
    endloop
  endfacet
  facet normal 0 0 -1
    outer loop
      vertex 124.844 78.9613 17.1
      vertex 125.692 78.1128 17.1
      vertex 125.58 77.9816 17.1
    endloop
  endfacet
  facet normal 0 0 -1
    outer loop
      vertex 124.609 78.6869 17.1
      vertex 125.58 77.9816 17.1
      vertex 125.49 77.8344 17.1
    endloop
  endfacet
  facet normal 0 0 -1
    outer loop
      vertex 125.971 78.3151 17.1
      vertex 125.426 79.3843 17.1
      vertex 125.759 79.5224 17.1
    endloop
  endfacet
  facet normal 0 0 -1
    outer loop
      vertex 124.421 78.3792 17.1
      vertex 125.49 77.8344 17.1
      vertex 125.424 77.6749 17.1
    endloop
  endfacet
  facet normal 0 0 -1
    outer loop
      vertex 124.283 78.0457 17.1
      vertex 125.424 77.6749 17.1
      vertex 125.384 77.5071 17.1
    endloop
  endfacet
  facet normal 0 0 -1
    outer loop
      vertex 124.198 77.6948 17.1
      vertex 125.384 77.5071 17.1
      vertex 125.37 77.335 17.1
    endloop
  endfacet
  facet normal -0 0 -1
    outer loop
      vertex 125.49 76.8356 17.1
      vertex 124.421 76.2908 17.1
      vertex 125.424 76.9951 17.1
    endloop
  endfacet
  facet normal 0 0 -1
    outer loop
      vertex 125.823 78.2249 17.1
      vertex 125.118 79.1957 17.1
      vertex 125.426 79.3843 17.1
    endloop
  endfacet
  facet normal 0 0 -1
    outer loop
      vertex 124.283 76.6243 17.1
      vertex 125.424 76.9951 17.1
      vertex 124.421 76.2908 17.1
    endloop
  endfacet
  facet normal 0 0 -1
    outer loop
      vertex 125.692 78.1128 17.1
      vertex 124.844 78.9613 17.1
      vertex 125.118 79.1957 17.1
    endloop
  endfacet
  facet normal -0 0 -1
    outer loop
      vertex 125.424 76.9951 17.1
      vertex 124.283 76.6243 17.1
      vertex 125.384 77.1629 17.1
    endloop
  endfacet
  facet normal 0 0 -1
    outer loop
      vertex 125.58 77.9816 17.1
      vertex 124.609 78.6869 17.1
      vertex 124.844 78.9613 17.1
    endloop
  endfacet
  facet normal 0 0 -1
    outer loop
      vertex 124.198 76.9752 17.1
      vertex 125.384 77.1629 17.1
      vertex 124.283 76.6243 17.1
    endloop
  endfacet
  facet normal 0 0 -1
    outer loop
      vertex 125.49 77.8344 17.1
      vertex 124.421 78.3792 17.1
      vertex 124.609 78.6869 17.1
    endloop
  endfacet
  facet normal -0 0 -1
    outer loop
      vertex 125.384 77.1629 17.1
      vertex 124.198 76.9752 17.1
      vertex 125.37 77.335 17.1
    endloop
  endfacet
  facet normal 0 0 -1
    outer loop
      vertex 125.424 77.6749 17.1
      vertex 124.283 78.0457 17.1
      vertex 124.421 78.3792 17.1
    endloop
  endfacet
  facet normal 0 0 -1
    outer loop
      vertex 124.17 77.335 17.1
      vertex 125.37 77.335 17.1
      vertex 124.198 76.9752 17.1
    endloop
  endfacet
  facet normal 0 0 -1
    outer loop
      vertex 125.384 77.5071 17.1
      vertex 124.198 77.6948 17.1
      vertex 124.283 78.0457 17.1
    endloop
  endfacet
  facet normal 0 0 -1
    outer loop
      vertex 125.37 77.335 17.1
      vertex 124.17 77.335 17.1
      vertex 124.198 77.6948 17.1
    endloop
  endfacet
  facet normal -0.383079 -0.923716 0
    outer loop
      vertex 125.426 75.2857 17.1
      vertex 125.759 75.1476 28.9
      vertex 125.426 75.2857 28.9
    endloop
  endfacet
  facet normal -0.383079 -0.923716 -0
    outer loop
      vertex 125.759 75.1476 28.9
      vertex 125.426 75.2857 17.1
      vertex 125.759 75.1476 17.1
    endloop
  endfacet
  facet normal -0.23353 -0.97235 0
    outer loop
      vertex 166.399 55.4626 17.1
      vertex 166.75 55.3783 28.9
      vertex 166.399 55.4626 28.9
    endloop
  endfacet
  facet normal -0.23353 -0.97235 -0
    outer loop
      vertex 166.75 55.3783 28.9
      vertex 166.399 55.4626 17.1
      vertex 166.75 55.3783 17.1
    endloop
  endfacet
  facet normal -0.522211 -0.852816 0
    outer loop
      vertex 165.758 55.7893 17.1
      vertex 166.066 55.6007 28.9
      vertex 165.758 55.7893 28.9
    endloop
  endfacet
  facet normal -0.522211 -0.852816 -0
    outer loop
      vertex 166.066 55.6007 28.9
      vertex 165.758 55.7893 17.1
      vertex 166.066 55.6007 17.1
    endloop
  endfacet
  facet normal 0.971892 0.235426 0
    outer loop
      vertex 169.382 58.0098 28.9
      vertex 169.297 58.3607 17.1
      vertex 169.297 58.3607 28.9
    endloop
  endfacet
  facet normal 0.971892 0.235426 0
    outer loop
      vertex 169.297 58.3607 17.1
      vertex 169.382 58.0098 28.9
      vertex 169.382 58.0098 17.1
    endloop
  endfacet
  facet normal 0.996986 0.0775864 0
    outer loop
      vertex 169.41 57.65 28.9
      vertex 169.382 58.0098 17.1
      vertex 169.382 58.0098 28.9
    endloop
  endfacet
  facet normal 0.996986 0.0775864 0
    outer loop
      vertex 169.382 58.0098 17.1
      vertex 169.41 57.65 28.9
      vertex 169.41 57.65 17.1
    endloop
  endfacet
  facet normal 0.924017 0.382352 0
    outer loop
      vertex 169.297 58.3607 28.9
      vertex 169.159 58.6942 17.1
      vertex 169.159 58.6942 28.9
    endloop
  endfacet
  facet normal 0.924017 0.382352 0
    outer loop
      vertex 169.159 58.6942 17.1
      vertex 169.297 58.3607 28.9
      vertex 169.297 58.3607 17.1
    endloop
  endfacet
  facet normal 0.23353 -0.97235 0
    outer loop
      vertex 167.47 55.3783 17.1
      vertex 167.821 55.4626 28.9
      vertex 167.47 55.3783 28.9
    endloop
  endfacet
  facet normal 0.23353 -0.97235 0
    outer loop
      vertex 167.821 55.4626 28.9
      vertex 167.47 55.3783 17.1
      vertex 167.821 55.4626 17.1
    endloop
  endfacet
  facet normal 0.75953 0.650472 0
    outer loop
      vertex 168.971 59.0019 28.9
      vertex 168.736 59.2763 17.1
      vertex 168.736 59.2763 28.9
    endloop
  endfacet
  facet normal 0.75953 0.650472 0
    outer loop
      vertex 168.736 59.2763 17.1
      vertex 168.971 59.0019 28.9
      vertex 168.971 59.0019 17.1
    endloop
  endfacet
  facet normal 0.23353 0.97235 -0
    outer loop
      vertex 167.821 59.8374 17.1
      vertex 167.47 59.9217 28.9
      vertex 167.821 59.8374 28.9
    endloop
  endfacet
  facet normal 0.23353 0.97235 0
    outer loop
      vertex 167.47 59.9217 28.9
      vertex 167.821 59.8374 17.1
      vertex 167.47 59.9217 17.1
    endloop
  endfacet
  facet normal -0.522211 0.852816 0
    outer loop
      vertex 166.066 59.6993 17.1
      vertex 165.758 59.5107 28.9
      vertex 166.066 59.6993 28.9
    endloop
  endfacet
  facet normal -0.522211 0.852816 0
    outer loop
      vertex 165.758 59.5107 28.9
      vertex 166.066 59.6993 17.1
      vertex 165.758 59.5107 17.1
    endloop
  endfacet
  facet normal 0.996986 -0.0775864 0
    outer loop
      vertex 169.382 57.2902 28.9
      vertex 169.41 57.65 17.1
      vertex 169.41 57.65 28.9
    endloop
  endfacet
  facet normal 0.996986 -0.0775864 0
    outer loop
      vertex 169.41 57.65 17.1
      vertex 169.382 57.2902 28.9
      vertex 169.382 57.2902 17.1
    endloop
  endfacet
  facet normal 0.522211 0.852816 -0
    outer loop
      vertex 168.462 59.5107 17.1
      vertex 168.154 59.6993 28.9
      vertex 168.462 59.5107 28.9
    endloop
  endfacet
  facet normal 0.522211 0.852816 0
    outer loop
      vertex 168.154 59.6993 28.9
      vertex 168.462 59.5107 17.1
      vertex 168.154 59.6993 17.1
    endloop
  endfacet
  facet normal -0.971892 -0.235426 0
    outer loop
      vertex 164.923 56.9393 17.1
      vertex 164.838 57.2902 28.9
      vertex 164.838 57.2902 17.1
    endloop
  endfacet
  facet normal -0.971892 -0.235426 0
    outer loop
      vertex 164.838 57.2902 28.9
      vertex 164.923 56.9393 17.1
      vertex 164.923 56.9393 28.9
    endloop
  endfacet
  facet normal 0.924017 -0.382352 0
    outer loop
      vertex 169.159 56.6058 28.9
      vertex 169.297 56.9393 17.1
      vertex 169.297 56.9393 28.9
    endloop
  endfacet
  facet normal 0.924017 -0.382352 0
    outer loop
      vertex 169.297 56.9393 17.1
      vertex 169.159 56.6058 28.9
      vertex 169.159 56.6058 17.1
    endloop
  endfacet
  facet normal 0.85333 -0.521371 0
    outer loop
      vertex 168.971 56.2981 28.9
      vertex 169.159 56.6058 17.1
      vertex 169.159 56.6058 28.9
    endloop
  endfacet
  facet normal 0.85333 -0.521371 0
    outer loop
      vertex 169.159 56.6058 17.1
      vertex 168.971 56.2981 28.9
      vertex 168.971 56.2981 17.1
    endloop
  endfacet
  facet normal -0.75953 -0.650472 0
    outer loop
      vertex 165.484 56.0237 17.1
      vertex 165.249 56.2981 28.9
      vertex 165.249 56.2981 17.1
    endloop
  endfacet
  facet normal -0.75953 -0.650472 0
    outer loop
      vertex 165.249 56.2981 28.9
      vertex 165.484 56.0237 17.1
      vertex 165.484 56.0237 28.9
    endloop
  endfacet
  facet normal 0.0783693 -0.996924 0
    outer loop
      vertex 167.11 55.35 17.1
      vertex 167.47 55.3783 28.9
      vertex 167.11 55.35 28.9
    endloop
  endfacet
  facet normal 0.0783693 -0.996924 0
    outer loop
      vertex 167.47 55.3783 28.9
      vertex 167.11 55.35 17.1
      vertex 167.47 55.3783 17.1
    endloop
  endfacet
  facet normal 0.971892 -0.235426 0
    outer loop
      vertex 169.297 56.9393 28.9
      vertex 169.382 57.2902 17.1
      vertex 169.382 57.2902 28.9
    endloop
  endfacet
  facet normal 0.971892 -0.235426 0
    outer loop
      vertex 169.382 57.2902 17.1
      vertex 169.297 56.9393 28.9
      vertex 169.297 56.9393 17.1
    endloop
  endfacet
  facet normal -0.65006 0.759883 0
    outer loop
      vertex 165.758 59.5107 17.1
      vertex 165.484 59.2763 28.9
      vertex 165.758 59.5107 28.9
    endloop
  endfacet
  facet normal -0.65006 0.759883 0
    outer loop
      vertex 165.484 59.2763 28.9
      vertex 165.758 59.5107 17.1
      vertex 165.484 59.2763 17.1
    endloop
  endfacet
  facet normal -0.23353 0.97235 0
    outer loop
      vertex 166.75 59.9217 17.1
      vertex 166.399 59.8374 28.9
      vertex 166.75 59.9217 28.9
    endloop
  endfacet
  facet normal -0.23353 0.97235 0
    outer loop
      vertex 166.399 59.8374 28.9
      vertex 166.75 59.9217 17.1
      vertex 166.399 59.8374 17.1
    endloop
  endfacet
  facet normal 0.85333 0.521371 0
    outer loop
      vertex 169.159 58.6942 28.9
      vertex 168.971 59.0019 17.1
      vertex 168.971 59.0019 28.9
    endloop
  endfacet
  facet normal 0.85333 0.521371 0
    outer loop
      vertex 168.971 59.0019 17.1
      vertex 169.159 58.6942 28.9
      vertex 169.159 58.6942 17.1
    endloop
  endfacet
  facet normal -0.85333 -0.521371 0
    outer loop
      vertex 165.249 56.2981 17.1
      vertex 165.061 56.6058 28.9
      vertex 165.061 56.6058 17.1
    endloop
  endfacet
  facet normal -0.85333 -0.521371 0
    outer loop
      vertex 165.061 56.6058 28.9
      vertex 165.249 56.2981 17.1
      vertex 165.249 56.2981 28.9
    endloop
  endfacet
  facet normal -0.0783693 -0.996924 0
    outer loop
      vertex 166.75 55.3783 17.1
      vertex 167.11 55.35 28.9
      vertex 166.75 55.3783 28.9
    endloop
  endfacet
  facet normal -0.0783693 -0.996924 -0
    outer loop
      vertex 167.11 55.35 28.9
      vertex 166.75 55.3783 17.1
      vertex 167.11 55.35 17.1
    endloop
  endfacet
  facet normal -0.971892 0.235426 0
    outer loop
      vertex 164.838 58.0098 17.1
      vertex 164.923 58.3607 28.9
      vertex 164.923 58.3607 17.1
    endloop
  endfacet
  facet normal -0.971892 0.235426 0
    outer loop
      vertex 164.923 58.3607 28.9
      vertex 164.838 58.0098 17.1
      vertex 164.838 58.0098 28.9
    endloop
  endfacet
  facet normal -0.924017 0.382352 0
    outer loop
      vertex 164.923 58.3607 17.1
      vertex 165.061 58.6942 28.9
      vertex 165.061 58.6942 17.1
    endloop
  endfacet
  facet normal -0.924017 0.382352 0
    outer loop
      vertex 165.061 58.6942 28.9
      vertex 164.923 58.3607 17.1
      vertex 164.923 58.3607 28.9
    endloop
  endfacet
  facet normal 0.75953 -0.650472 0
    outer loop
      vertex 168.736 56.0237 28.9
      vertex 168.971 56.2981 17.1
      vertex 168.971 56.2981 28.9
    endloop
  endfacet
  facet normal 0.75953 -0.650472 0
    outer loop
      vertex 168.971 56.2981 17.1
      vertex 168.736 56.0237 28.9
      vertex 168.736 56.0237 17.1
    endloop
  endfacet
  facet normal -0.85333 0.521371 0
    outer loop
      vertex 165.061 58.6942 17.1
      vertex 165.249 59.0019 28.9
      vertex 165.249 59.0019 17.1
    endloop
  endfacet
  facet normal -0.85333 0.521371 0
    outer loop
      vertex 165.249 59.0019 28.9
      vertex 165.061 58.6942 17.1
      vertex 165.061 58.6942 28.9
    endloop
  endfacet
  facet normal 0.65006 0.759883 -0
    outer loop
      vertex 168.736 59.2763 17.1
      vertex 168.462 59.5107 28.9
      vertex 168.736 59.2763 28.9
    endloop
  endfacet
  facet normal 0.65006 0.759883 0
    outer loop
      vertex 168.462 59.5107 28.9
      vertex 168.736 59.2763 17.1
      vertex 168.462 59.5107 17.1
    endloop
  endfacet
  facet normal -0.996986 0.0775864 0
    outer loop
      vertex 164.81 57.65 17.1
      vertex 164.838 58.0098 28.9
      vertex 164.838 58.0098 17.1
    endloop
  endfacet
  facet normal -0.996986 0.0775864 0
    outer loop
      vertex 164.838 58.0098 28.9
      vertex 164.81 57.65 17.1
      vertex 164.81 57.65 28.9
    endloop
  endfacet
  facet normal 0.0783693 0.996924 -0
    outer loop
      vertex 167.47 59.9217 17.1
      vertex 167.11 59.95 28.9
      vertex 167.47 59.9217 28.9
    endloop
  endfacet
  facet normal 0.0783693 0.996924 0
    outer loop
      vertex 167.11 59.95 28.9
      vertex 167.47 59.9217 17.1
      vertex 167.11 59.95 17.1
    endloop
  endfacet
  facet normal -0.65006 -0.759883 0
    outer loop
      vertex 165.484 56.0237 17.1
      vertex 165.758 55.7893 28.9
      vertex 165.484 56.0237 28.9
    endloop
  endfacet
  facet normal -0.65006 -0.759883 -0
    outer loop
      vertex 165.758 55.7893 28.9
      vertex 165.484 56.0237 17.1
      vertex 165.758 55.7893 17.1
    endloop
  endfacet
  facet normal -0.75953 0.650472 0
    outer loop
      vertex 165.249 59.0019 17.1
      vertex 165.484 59.2763 28.9
      vertex 165.484 59.2763 17.1
    endloop
  endfacet
  facet normal -0.75953 0.650472 0
    outer loop
      vertex 165.484 59.2763 28.9
      vertex 165.249 59.0019 17.1
      vertex 165.249 59.0019 28.9
    endloop
  endfacet
  facet normal 0.522211 -0.852816 0
    outer loop
      vertex 168.154 55.6007 17.1
      vertex 168.462 55.7893 28.9
      vertex 168.154 55.6007 28.9
    endloop
  endfacet
  facet normal 0.522211 -0.852816 0
    outer loop
      vertex 168.462 55.7893 28.9
      vertex 168.154 55.6007 17.1
      vertex 168.462 55.7893 17.1
    endloop
  endfacet
  facet normal 0.65006 -0.759883 0
    outer loop
      vertex 168.462 55.7893 17.1
      vertex 168.736 56.0237 28.9
      vertex 168.462 55.7893 28.9
    endloop
  endfacet
  facet normal 0.65006 -0.759883 0
    outer loop
      vertex 168.736 56.0237 28.9
      vertex 168.462 55.7893 17.1
      vertex 168.736 56.0237 17.1
    endloop
  endfacet
  facet normal 0.383079 -0.923716 0
    outer loop
      vertex 167.821 55.4626 17.1
      vertex 168.154 55.6007 28.9
      vertex 167.821 55.4626 28.9
    endloop
  endfacet
  facet normal 0.383079 -0.923716 0
    outer loop
      vertex 168.154 55.6007 28.9
      vertex 167.821 55.4626 17.1
      vertex 168.154 55.6007 17.1
    endloop
  endfacet
  facet normal -0.383079 0.923716 0
    outer loop
      vertex 166.399 59.8374 17.1
      vertex 166.066 59.6993 28.9
      vertex 166.399 59.8374 28.9
    endloop
  endfacet
  facet normal -0.383079 0.923716 0
    outer loop
      vertex 166.066 59.6993 28.9
      vertex 166.399 59.8374 17.1
      vertex 166.066 59.6993 17.1
    endloop
  endfacet
  facet normal -0.0783693 0.996924 0
    outer loop
      vertex 167.11 59.95 17.1
      vertex 166.75 59.9217 28.9
      vertex 167.11 59.95 28.9
    endloop
  endfacet
  facet normal -0.0783693 0.996924 0
    outer loop
      vertex 166.75 59.9217 28.9
      vertex 167.11 59.95 17.1
      vertex 166.75 59.9217 17.1
    endloop
  endfacet
  facet normal -0.924017 -0.382352 0
    outer loop
      vertex 165.061 56.6058 17.1
      vertex 164.923 56.9393 28.9
      vertex 164.923 56.9393 17.1
    endloop
  endfacet
  facet normal -0.924017 -0.382352 0
    outer loop
      vertex 164.923 56.9393 28.9
      vertex 165.061 56.6058 17.1
      vertex 165.061 56.6058 28.9
    endloop
  endfacet
  facet normal 0.383079 0.923716 -0
    outer loop
      vertex 168.154 59.6993 17.1
      vertex 167.821 59.8374 28.9
      vertex 168.154 59.6993 28.9
    endloop
  endfacet
  facet normal 0.383079 0.923716 0
    outer loop
      vertex 167.821 59.8374 28.9
      vertex 168.154 59.6993 17.1
      vertex 167.821 59.8374 17.1
    endloop
  endfacet
  facet normal 0 0 -1
    outer loop
      vertex 168.21 57.65 17.1
      vertex 169.41 57.65 17.1
      vertex 169.382 57.2902 17.1
    endloop
  endfacet
  facet normal 0 0 -1
    outer loop
      vertex 168.196 57.4779 17.1
      vertex 169.382 57.2902 17.1
      vertex 169.297 56.9393 17.1
    endloop
  endfacet
  facet normal 0 0 -1
    outer loop
      vertex 169.41 57.65 17.1
      vertex 168.21 57.65 17.1
      vertex 169.382 58.0098 17.1
    endloop
  endfacet
  facet normal 0 0 -1
    outer loop
      vertex 168.156 57.3101 17.1
      vertex 169.297 56.9393 17.1
      vertex 169.159 56.6058 17.1
    endloop
  endfacet
  facet normal 0 0 -1
    outer loop
      vertex 168.196 57.8221 17.1
      vertex 169.382 58.0098 17.1
      vertex 168.21 57.65 17.1
    endloop
  endfacet
  facet normal 0 0 -1
    outer loop
      vertex 168.09 57.1506 17.1
      vertex 169.159 56.6058 17.1
      vertex 168.971 56.2981 17.1
    endloop
  endfacet
  facet normal -0 0 -1
    outer loop
      vertex 169.382 58.0098 17.1
      vertex 168.196 57.8221 17.1
      vertex 169.297 58.3607 17.1
    endloop
  endfacet
  facet normal 0 0 -1
    outer loop
      vertex 168 57.0034 17.1
      vertex 168.971 56.2981 17.1
      vertex 168.736 56.0237 17.1
    endloop
  endfacet
  facet normal 0 0 -1
    outer loop
      vertex 168.156 57.9899 17.1
      vertex 169.297 58.3607 17.1
      vertex 168.196 57.8221 17.1
    endloop
  endfacet
  facet normal 0 0 -1
    outer loop
      vertex 167.888 56.8722 17.1
      vertex 168.736 56.0237 17.1
      vertex 168.462 55.7893 17.1
    endloop
  endfacet
  facet normal -0 0 -1
    outer loop
      vertex 169.297 58.3607 17.1
      vertex 168.156 57.9899 17.1
      vertex 169.159 58.6942 17.1
    endloop
  endfacet
  facet normal 0 0 -1
    outer loop
      vertex 168.09 58.1494 17.1
      vertex 169.159 58.6942 17.1
      vertex 168.156 57.9899 17.1
    endloop
  endfacet
  facet normal 0 0 -1
    outer loop
      vertex 169.382 57.2902 17.1
      vertex 168.196 57.4779 17.1
      vertex 168.21 57.65 17.1
    endloop
  endfacet
  facet normal 0 0 -1
    outer loop
      vertex 169.297 56.9393 17.1
      vertex 168.156 57.3101 17.1
      vertex 168.196 57.4779 17.1
    endloop
  endfacet
  facet normal 0 0 -1
    outer loop
      vertex 167.757 56.7601 17.1
      vertex 168.462 55.7893 17.1
      vertex 168.154 55.6007 17.1
    endloop
  endfacet
  facet normal 0 0 -1
    outer loop
      vertex 169.159 56.6058 17.1
      vertex 168.09 57.1506 17.1
      vertex 168.156 57.3101 17.1
    endloop
  endfacet
  facet normal 0 0 -1
    outer loop
      vertex 168.971 56.2981 17.1
      vertex 168 57.0034 17.1
      vertex 168.09 57.1506 17.1
    endloop
  endfacet
  facet normal 0 0 -1
    outer loop
      vertex 168.736 56.0237 17.1
      vertex 167.888 56.8722 17.1
      vertex 168 57.0034 17.1
    endloop
  endfacet
  facet normal 0 0 -1
    outer loop
      vertex 167.609 56.6699 17.1
      vertex 168.154 55.6007 17.1
      vertex 167.821 55.4626 17.1
    endloop
  endfacet
  facet normal 0 0 -1
    outer loop
      vertex 168.462 55.7893 17.1
      vertex 167.757 56.7601 17.1
      vertex 167.888 56.8722 17.1
    endloop
  endfacet
  facet normal 0 0 -1
    outer loop
      vertex 168.154 55.6007 17.1
      vertex 167.609 56.6699 17.1
      vertex 167.757 56.7601 17.1
    endloop
  endfacet
  facet normal 0 0 -1
    outer loop
      vertex 167.45 56.6038 17.1
      vertex 167.821 55.4626 17.1
      vertex 167.47 55.3783 17.1
    endloop
  endfacet
  facet normal 0 0 -1
    outer loop
      vertex 167.821 55.4626 17.1
      vertex 167.45 56.6038 17.1
      vertex 167.609 56.6699 17.1
    endloop
  endfacet
  facet normal 0 0 -1
    outer loop
      vertex 167.47 55.3783 17.1
      vertex 167.282 56.5635 17.1
      vertex 167.45 56.6038 17.1
    endloop
  endfacet
  facet normal 0 0 -1
    outer loop
      vertex 167.11 55.35 17.1
      vertex 167.282 56.5635 17.1
      vertex 167.47 55.3783 17.1
    endloop
  endfacet
  facet normal 0 0 -1
    outer loop
      vertex 167.11 55.35 17.1
      vertex 167.11 56.55 17.1
      vertex 167.282 56.5635 17.1
    endloop
  endfacet
  facet normal 0 0 -1
    outer loop
      vertex 167.11 55.35 17.1
      vertex 166.938 56.5635 17.1
      vertex 167.11 56.55 17.1
    endloop
  endfacet
  facet normal 0 0 -1
    outer loop
      vertex 166.75 55.3783 17.1
      vertex 166.938 56.5635 17.1
      vertex 167.11 55.35 17.1
    endloop
  endfacet
  facet normal -0 0 -1
    outer loop
      vertex 166.938 56.5635 17.1
      vertex 166.75 55.3783 17.1
      vertex 166.77 56.6038 17.1
    endloop
  endfacet
  facet normal 0 0 -1
    outer loop
      vertex 166.399 55.4626 17.1
      vertex 166.77 56.6038 17.1
      vertex 166.75 55.3783 17.1
    endloop
  endfacet
  facet normal -0 0 -1
    outer loop
      vertex 166.77 56.6038 17.1
      vertex 166.399 55.4626 17.1
      vertex 166.611 56.6699 17.1
    endloop
  endfacet
  facet normal 0 0 -1
    outer loop
      vertex 166.066 55.6007 17.1
      vertex 166.611 56.6699 17.1
      vertex 166.399 55.4626 17.1
    endloop
  endfacet
  facet normal -0 0 -1
    outer loop
      vertex 166.611 56.6699 17.1
      vertex 166.066 55.6007 17.1
      vertex 166.463 56.7601 17.1
    endloop
  endfacet
  facet normal 0 0 -1
    outer loop
      vertex 165.758 55.7893 17.1
      vertex 166.463 56.7601 17.1
      vertex 166.066 55.6007 17.1
    endloop
  endfacet
  facet normal -0 0 -1
    outer loop
      vertex 166.463 56.7601 17.1
      vertex 165.758 55.7893 17.1
      vertex 166.332 56.8722 17.1
    endloop
  endfacet
  facet normal 0 0 -1
    outer loop
      vertex 165.484 56.0237 17.1
      vertex 166.332 56.8722 17.1
      vertex 165.758 55.7893 17.1
    endloop
  endfacet
  facet normal -0 0 -1
    outer loop
      vertex 166.332 56.8722 17.1
      vertex 165.484 56.0237 17.1
      vertex 166.22 57.0034 17.1
    endloop
  endfacet
  facet normal 0 0 -1
    outer loop
      vertex 165.249 56.2981 17.1
      vertex 166.22 57.0034 17.1
      vertex 165.484 56.0237 17.1
    endloop
  endfacet
  facet normal -0 0 -1
    outer loop
      vertex 166.22 57.0034 17.1
      vertex 165.249 56.2981 17.1
      vertex 166.13 57.1506 17.1
    endloop
  endfacet
  facet normal 0 0 -1
    outer loop
      vertex 165.061 56.6058 17.1
      vertex 166.13 57.1506 17.1
      vertex 165.249 56.2981 17.1
    endloop
  endfacet
  facet normal -0 0 -1
    outer loop
      vertex 169.159 58.6942 17.1
      vertex 168.09 58.1494 17.1
      vertex 168.971 59.0019 17.1
    endloop
  endfacet
  facet normal 0 0 -1
    outer loop
      vertex 168 58.2966 17.1
      vertex 168.971 59.0019 17.1
      vertex 168.09 58.1494 17.1
    endloop
  endfacet
  facet normal -0 0 -1
    outer loop
      vertex 168.971 59.0019 17.1
      vertex 168 58.2966 17.1
      vertex 168.736 59.2763 17.1
    endloop
  endfacet
  facet normal 0 0 -1
    outer loop
      vertex 167.888 58.4278 17.1
      vertex 168.736 59.2763 17.1
      vertex 168 58.2966 17.1
    endloop
  endfacet
  facet normal -0 0 -1
    outer loop
      vertex 168.736 59.2763 17.1
      vertex 167.888 58.4278 17.1
      vertex 168.462 59.5107 17.1
    endloop
  endfacet
  facet normal 0 0 -1
    outer loop
      vertex 167.757 58.5399 17.1
      vertex 168.462 59.5107 17.1
      vertex 167.888 58.4278 17.1
    endloop
  endfacet
  facet normal -0 0 -1
    outer loop
      vertex 168.462 59.5107 17.1
      vertex 167.757 58.5399 17.1
      vertex 168.154 59.6993 17.1
    endloop
  endfacet
  facet normal 0 0 -1
    outer loop
      vertex 167.609 58.6301 17.1
      vertex 168.154 59.6993 17.1
      vertex 167.757 58.5399 17.1
    endloop
  endfacet
  facet normal -0 0 -1
    outer loop
      vertex 168.154 59.6993 17.1
      vertex 167.609 58.6301 17.1
      vertex 167.821 59.8374 17.1
    endloop
  endfacet
  facet normal 0 0 -1
    outer loop
      vertex 167.45 58.6962 17.1
      vertex 167.821 59.8374 17.1
      vertex 167.609 58.6301 17.1
    endloop
  endfacet
  facet normal -0 0 -1
    outer loop
      vertex 167.821 59.8374 17.1
      vertex 167.45 58.6962 17.1
      vertex 167.47 59.9217 17.1
    endloop
  endfacet
  facet normal 0 0 -1
    outer loop
      vertex 167.282 58.7365 17.1
      vertex 167.47 59.9217 17.1
      vertex 167.45 58.6962 17.1
    endloop
  endfacet
  facet normal 0 0 -1
    outer loop
      vertex 167.11 58.75 17.1
      vertex 167.47 59.9217 17.1
      vertex 167.282 58.7365 17.1
    endloop
  endfacet
  facet normal 0 0 -1
    outer loop
      vertex 167.11 58.75 17.1
      vertex 167.11 59.95 17.1
      vertex 167.47 59.9217 17.1
    endloop
  endfacet
  facet normal 0 0 -1
    outer loop
      vertex 166.938 58.7365 17.1
      vertex 167.11 59.95 17.1
      vertex 167.11 58.75 17.1
    endloop
  endfacet
  facet normal 0 0 -1
    outer loop
      vertex 166.75 59.9217 17.1
      vertex 166.938 58.7365 17.1
      vertex 166.77 58.6962 17.1
    endloop
  endfacet
  facet normal 0 0 -1
    outer loop
      vertex 166.938 58.7365 17.1
      vertex 166.75 59.9217 17.1
      vertex 167.11 59.95 17.1
    endloop
  endfacet
  facet normal 0 0 -1
    outer loop
      vertex 166.399 59.8374 17.1
      vertex 166.77 58.6962 17.1
      vertex 166.611 58.6301 17.1
    endloop
  endfacet
  facet normal 0 0 -1
    outer loop
      vertex 166.066 59.6993 17.1
      vertex 166.611 58.6301 17.1
      vertex 166.463 58.5399 17.1
    endloop
  endfacet
  facet normal 0 0 -1
    outer loop
      vertex 166.77 58.6962 17.1
      vertex 166.399 59.8374 17.1
      vertex 166.75 59.9217 17.1
    endloop
  endfacet
  facet normal 0 0 -1
    outer loop
      vertex 165.758 59.5107 17.1
      vertex 166.463 58.5399 17.1
      vertex 166.332 58.4278 17.1
    endloop
  endfacet
  facet normal 0 0 -1
    outer loop
      vertex 165.484 59.2763 17.1
      vertex 166.332 58.4278 17.1
      vertex 166.22 58.2966 17.1
    endloop
  endfacet
  facet normal 0 0 -1
    outer loop
      vertex 165.249 59.0019 17.1
      vertex 166.22 58.2966 17.1
      vertex 166.13 58.1494 17.1
    endloop
  endfacet
  facet normal 0 0 -1
    outer loop
      vertex 166.611 58.6301 17.1
      vertex 166.066 59.6993 17.1
      vertex 166.399 59.8374 17.1
    endloop
  endfacet
  facet normal 0 0 -1
    outer loop
      vertex 165.061 58.6942 17.1
      vertex 166.13 58.1494 17.1
      vertex 166.064 57.9899 17.1
    endloop
  endfacet
  facet normal 0 0 -1
    outer loop
      vertex 164.923 58.3607 17.1
      vertex 166.064 57.9899 17.1
      vertex 166.024 57.8221 17.1
    endloop
  endfacet
  facet normal 0 0 -1
    outer loop
      vertex 164.838 58.0098 17.1
      vertex 166.024 57.8221 17.1
      vertex 166.01 57.65 17.1
    endloop
  endfacet
  facet normal -0 0 -1
    outer loop
      vertex 166.13 57.1506 17.1
      vertex 165.061 56.6058 17.1
      vertex 166.064 57.3101 17.1
    endloop
  endfacet
  facet normal 0 0 -1
    outer loop
      vertex 166.463 58.5399 17.1
      vertex 165.758 59.5107 17.1
      vertex 166.066 59.6993 17.1
    endloop
  endfacet
  facet normal 0 0 -1
    outer loop
      vertex 164.923 56.9393 17.1
      vertex 166.064 57.3101 17.1
      vertex 165.061 56.6058 17.1
    endloop
  endfacet
  facet normal 0 0 -1
    outer loop
      vertex 166.332 58.4278 17.1
      vertex 165.484 59.2763 17.1
      vertex 165.758 59.5107 17.1
    endloop
  endfacet
  facet normal -0 0 -1
    outer loop
      vertex 166.064 57.3101 17.1
      vertex 164.923 56.9393 17.1
      vertex 166.024 57.4779 17.1
    endloop
  endfacet
  facet normal 0 0 -1
    outer loop
      vertex 166.22 58.2966 17.1
      vertex 165.249 59.0019 17.1
      vertex 165.484 59.2763 17.1
    endloop
  endfacet
  facet normal 0 0 -1
    outer loop
      vertex 164.838 57.2902 17.1
      vertex 166.024 57.4779 17.1
      vertex 164.923 56.9393 17.1
    endloop
  endfacet
  facet normal 0 0 -1
    outer loop
      vertex 166.13 58.1494 17.1
      vertex 165.061 58.6942 17.1
      vertex 165.249 59.0019 17.1
    endloop
  endfacet
  facet normal -0 0 -1
    outer loop
      vertex 166.024 57.4779 17.1
      vertex 164.838 57.2902 17.1
      vertex 166.01 57.65 17.1
    endloop
  endfacet
  facet normal 0 0 -1
    outer loop
      vertex 166.064 57.9899 17.1
      vertex 164.923 58.3607 17.1
      vertex 165.061 58.6942 17.1
    endloop
  endfacet
  facet normal 0 0 -1
    outer loop
      vertex 164.81 57.65 17.1
      vertex 166.01 57.65 17.1
      vertex 164.838 57.2902 17.1
    endloop
  endfacet
  facet normal 0 0 -1
    outer loop
      vertex 166.024 57.8221 17.1
      vertex 164.838 58.0098 17.1
      vertex 164.923 58.3607 17.1
    endloop
  endfacet
  facet normal 0 0 -1
    outer loop
      vertex 166.01 57.65 17.1
      vertex 164.81 57.65 17.1
      vertex 164.838 58.0098 17.1
    endloop
  endfacet
  facet normal -0.996986 -0.0775864 0
    outer loop
      vertex 164.838 57.2902 17.1
      vertex 164.81 57.65 28.9
      vertex 164.81 57.65 17.1
    endloop
  endfacet
  facet normal -0.996986 -0.0775864 0
    outer loop
      vertex 164.81 57.65 28.9
      vertex 164.838 57.2902 17.1
      vertex 164.838 57.2902 28.9
    endloop
  endfacet
  facet normal -0.383079 -0.923716 0
    outer loop
      vertex 166.066 55.6007 17.1
      vertex 166.399 55.4626 28.9
      vertex 166.066 55.6007 28.9
    endloop
  endfacet
  facet normal -0.383079 -0.923716 -0
    outer loop
      vertex 166.399 55.4626 28.9
      vertex 166.066 55.6007 17.1
      vertex 166.399 55.4626 17.1
    endloop
  endfacet
  facet normal 0.971892 0.235426 0
    outer loop
      vertex 169.382 77.6948 28.9
      vertex 169.297 78.0457 17.1
      vertex 169.297 78.0457 28.9
    endloop
  endfacet
  facet normal 0.971892 0.235426 0
    outer loop
      vertex 169.297 78.0457 17.1
      vertex 169.382 77.6948 28.9
      vertex 169.382 77.6948 17.1
    endloop
  endfacet
  facet normal 0.996986 0.0775864 0
    outer loop
      vertex 169.41 77.335 28.9
      vertex 169.382 77.6948 17.1
      vertex 169.382 77.6948 28.9
    endloop
  endfacet
  facet normal 0.996986 0.0775864 0
    outer loop
      vertex 169.382 77.6948 17.1
      vertex 169.41 77.335 28.9
      vertex 169.41 77.335 17.1
    endloop
  endfacet
  facet normal 0.383079 -0.923716 0
    outer loop
      vertex 167.821 75.1476 17.1
      vertex 168.154 75.2857 28.9
      vertex 167.821 75.1476 28.9
    endloop
  endfacet
  facet normal 0.383079 -0.923716 0
    outer loop
      vertex 168.154 75.2857 28.9
      vertex 167.821 75.1476 17.1
      vertex 168.154 75.2857 17.1
    endloop
  endfacet
  facet normal -0.924017 -0.382352 0
    outer loop
      vertex 165.061 76.2908 17.1
      vertex 164.923 76.6243 28.9
      vertex 164.923 76.6243 17.1
    endloop
  endfacet
  facet normal -0.924017 -0.382352 0
    outer loop
      vertex 164.923 76.6243 28.9
      vertex 165.061 76.2908 17.1
      vertex 165.061 76.2908 28.9
    endloop
  endfacet
  facet normal -0.75953 0.650472 0
    outer loop
      vertex 165.249 78.6869 17.1
      vertex 165.484 78.9613 28.9
      vertex 165.484 78.9613 17.1
    endloop
  endfacet
  facet normal -0.75953 0.650472 0
    outer loop
      vertex 165.484 78.9613 28.9
      vertex 165.249 78.6869 17.1
      vertex 165.249 78.6869 28.9
    endloop
  endfacet
  facet normal -0.522211 0.852816 0
    outer loop
      vertex 166.066 79.3843 17.1
      vertex 165.758 79.1957 28.9
      vertex 166.066 79.3843 28.9
    endloop
  endfacet
  facet normal -0.522211 0.852816 0
    outer loop
      vertex 165.758 79.1957 28.9
      vertex 166.066 79.3843 17.1
      vertex 165.758 79.1957 17.1
    endloop
  endfacet
  facet normal 0.996986 -0.0775864 0
    outer loop
      vertex 169.382 76.9752 28.9
      vertex 169.41 77.335 17.1
      vertex 169.41 77.335 28.9
    endloop
  endfacet
  facet normal 0.996986 -0.0775864 0
    outer loop
      vertex 169.41 77.335 17.1
      vertex 169.382 76.9752 28.9
      vertex 169.382 76.9752 17.1
    endloop
  endfacet
  facet normal -0.971892 -0.235426 0
    outer loop
      vertex 164.923 76.6243 17.1
      vertex 164.838 76.9752 28.9
      vertex 164.838 76.9752 17.1
    endloop
  endfacet
  facet normal -0.971892 -0.235426 0
    outer loop
      vertex 164.838 76.9752 28.9
      vertex 164.923 76.6243 17.1
      vertex 164.923 76.6243 28.9
    endloop
  endfacet
  facet normal -0.65006 -0.759883 0
    outer loop
      vertex 165.484 75.7087 17.1
      vertex 165.758 75.4743 28.9
      vertex 165.484 75.7087 28.9
    endloop
  endfacet
  facet normal -0.65006 -0.759883 -0
    outer loop
      vertex 165.758 75.4743 28.9
      vertex 165.484 75.7087 17.1
      vertex 165.758 75.4743 17.1
    endloop
  endfacet
  facet normal 0.65006 0.759883 -0
    outer loop
      vertex 168.736 78.9613 17.1
      vertex 168.462 79.1957 28.9
      vertex 168.736 78.9613 28.9
    endloop
  endfacet
  facet normal 0.65006 0.759883 0
    outer loop
      vertex 168.462 79.1957 28.9
      vertex 168.736 78.9613 17.1
      vertex 168.462 79.1957 17.1
    endloop
  endfacet
  facet normal 0.0783693 0.996924 -0
    outer loop
      vertex 167.47 79.6067 17.1
      vertex 167.11 79.635 28.9
      vertex 167.47 79.6067 28.9
    endloop
  endfacet
  facet normal 0.0783693 0.996924 0
    outer loop
      vertex 167.11 79.635 28.9
      vertex 167.47 79.6067 17.1
      vertex 167.11 79.635 17.1
    endloop
  endfacet
  facet normal -0.85333 0.521371 0
    outer loop
      vertex 165.061 78.3792 17.1
      vertex 165.249 78.6869 28.9
      vertex 165.249 78.6869 17.1
    endloop
  endfacet
  facet normal -0.85333 0.521371 0
    outer loop
      vertex 165.249 78.6869 28.9
      vertex 165.061 78.3792 17.1
      vertex 165.061 78.3792 28.9
    endloop
  endfacet
  facet normal 0.0783693 -0.996924 0
    outer loop
      vertex 167.11 75.035 17.1
      vertex 167.47 75.0633 28.9
      vertex 167.11 75.035 28.9
    endloop
  endfacet
  facet normal 0.0783693 -0.996924 0
    outer loop
      vertex 167.47 75.0633 28.9
      vertex 167.11 75.035 17.1
      vertex 167.47 75.0633 17.1
    endloop
  endfacet
  facet normal 0.924017 -0.382352 0
    outer loop
      vertex 169.159 76.2908 28.9
      vertex 169.297 76.6243 17.1
      vertex 169.297 76.6243 28.9
    endloop
  endfacet
  facet normal 0.924017 -0.382352 0
    outer loop
      vertex 169.297 76.6243 17.1
      vertex 169.159 76.2908 28.9
      vertex 169.159 76.2908 17.1
    endloop
  endfacet
  facet normal -0.23353 0.97235 0
    outer loop
      vertex 166.75 79.6067 17.1
      vertex 166.399 79.5224 28.9
      vertex 166.75 79.6067 28.9
    endloop
  endfacet
  facet normal -0.23353 0.97235 0
    outer loop
      vertex 166.399 79.5224 28.9
      vertex 166.75 79.6067 17.1
      vertex 166.399 79.5224 17.1
    endloop
  endfacet
  facet normal -0.65006 0.759883 0
    outer loop
      vertex 165.758 79.1957 17.1
      vertex 165.484 78.9613 28.9
      vertex 165.758 79.1957 28.9
    endloop
  endfacet
  facet normal -0.65006 0.759883 0
    outer loop
      vertex 165.484 78.9613 28.9
      vertex 165.758 79.1957 17.1
      vertex 165.484 78.9613 17.1
    endloop
  endfacet
  facet normal 0.75953 0.650472 0
    outer loop
      vertex 168.971 78.6869 28.9
      vertex 168.736 78.9613 17.1
      vertex 168.736 78.9613 28.9
    endloop
  endfacet
  facet normal 0.75953 0.650472 0
    outer loop
      vertex 168.736 78.9613 17.1
      vertex 168.971 78.6869 28.9
      vertex 168.971 78.6869 17.1
    endloop
  endfacet
  facet normal 0.383079 0.923716 -0
    outer loop
      vertex 168.154 79.3843 17.1
      vertex 167.821 79.5224 28.9
      vertex 168.154 79.3843 28.9
    endloop
  endfacet
  facet normal 0.383079 0.923716 0
    outer loop
      vertex 167.821 79.5224 28.9
      vertex 168.154 79.3843 17.1
      vertex 167.821 79.5224 17.1
    endloop
  endfacet
  facet normal -0.0783693 0.996924 0
    outer loop
      vertex 167.11 79.635 17.1
      vertex 166.75 79.6067 28.9
      vertex 167.11 79.635 28.9
    endloop
  endfacet
  facet normal -0.0783693 0.996924 0
    outer loop
      vertex 166.75 79.6067 28.9
      vertex 167.11 79.635 17.1
      vertex 166.75 79.6067 17.1
    endloop
  endfacet
  facet normal -0.996986 0.0775864 0
    outer loop
      vertex 164.81 77.335 17.1
      vertex 164.838 77.6948 28.9
      vertex 164.838 77.6948 17.1
    endloop
  endfacet
  facet normal -0.996986 0.0775864 0
    outer loop
      vertex 164.838 77.6948 28.9
      vertex 164.81 77.335 17.1
      vertex 164.81 77.335 28.9
    endloop
  endfacet
  facet normal 0.522211 -0.852816 0
    outer loop
      vertex 168.154 75.2857 17.1
      vertex 168.462 75.4743 28.9
      vertex 168.154 75.2857 28.9
    endloop
  endfacet
  facet normal 0.522211 -0.852816 0
    outer loop
      vertex 168.462 75.4743 28.9
      vertex 168.154 75.2857 17.1
      vertex 168.462 75.4743 17.1
    endloop
  endfacet
  facet normal 0.85333 -0.521371 0
    outer loop
      vertex 168.971 75.9831 28.9
      vertex 169.159 76.2908 17.1
      vertex 169.159 76.2908 28.9
    endloop
  endfacet
  facet normal 0.85333 -0.521371 0
    outer loop
      vertex 169.159 76.2908 17.1
      vertex 168.971 75.9831 28.9
      vertex 168.971 75.9831 17.1
    endloop
  endfacet
  facet normal 0.522211 0.852816 -0
    outer loop
      vertex 168.462 79.1957 17.1
      vertex 168.154 79.3843 28.9
      vertex 168.462 79.1957 28.9
    endloop
  endfacet
  facet normal 0.522211 0.852816 0
    outer loop
      vertex 168.154 79.3843 28.9
      vertex 168.462 79.1957 17.1
      vertex 168.154 79.3843 17.1
    endloop
  endfacet
  facet normal 0.971892 -0.235426 0
    outer loop
      vertex 169.297 76.6243 28.9
      vertex 169.382 76.9752 17.1
      vertex 169.382 76.9752 28.9
    endloop
  endfacet
  facet normal 0.971892 -0.235426 0
    outer loop
      vertex 169.382 76.9752 17.1
      vertex 169.297 76.6243 28.9
      vertex 169.297 76.6243 17.1
    endloop
  endfacet
  facet normal 0.75953 -0.650472 0
    outer loop
      vertex 168.736 75.7087 28.9
      vertex 168.971 75.9831 17.1
      vertex 168.971 75.9831 28.9
    endloop
  endfacet
  facet normal 0.75953 -0.650472 0
    outer loop
      vertex 168.971 75.9831 17.1
      vertex 168.736 75.7087 28.9
      vertex 168.736 75.7087 17.1
    endloop
  endfacet
  facet normal -0.383079 0.923716 0
    outer loop
      vertex 166.399 79.5224 17.1
      vertex 166.066 79.3843 28.9
      vertex 166.399 79.5224 28.9
    endloop
  endfacet
  facet normal -0.383079 0.923716 0
    outer loop
      vertex 166.066 79.3843 28.9
      vertex 166.399 79.5224 17.1
      vertex 166.066 79.3843 17.1
    endloop
  endfacet
  facet normal -0.996986 -0.0775864 0
    outer loop
      vertex 164.838 76.9752 17.1
      vertex 164.81 77.335 28.9
      vertex 164.81 77.335 17.1
    endloop
  endfacet
  facet normal -0.996986 -0.0775864 0
    outer loop
      vertex 164.81 77.335 28.9
      vertex 164.838 76.9752 17.1
      vertex 164.838 76.9752 28.9
    endloop
  endfacet
  facet normal -0.85333 -0.521371 0
    outer loop
      vertex 165.249 75.9831 17.1
      vertex 165.061 76.2908 28.9
      vertex 165.061 76.2908 17.1
    endloop
  endfacet
  facet normal -0.85333 -0.521371 0
    outer loop
      vertex 165.061 76.2908 28.9
      vertex 165.249 75.9831 17.1
      vertex 165.249 75.9831 28.9
    endloop
  endfacet
  facet normal -0.75953 -0.650472 0
    outer loop
      vertex 165.484 75.7087 17.1
      vertex 165.249 75.9831 28.9
      vertex 165.249 75.9831 17.1
    endloop
  endfacet
  facet normal -0.75953 -0.650472 0
    outer loop
      vertex 165.249 75.9831 28.9
      vertex 165.484 75.7087 17.1
      vertex 165.484 75.7087 28.9
    endloop
  endfacet
  facet normal 0.23353 -0.97235 0
    outer loop
      vertex 167.47 75.0633 17.1
      vertex 167.821 75.1476 28.9
      vertex 167.47 75.0633 28.9
    endloop
  endfacet
  facet normal 0.23353 -0.97235 0
    outer loop
      vertex 167.821 75.1476 28.9
      vertex 167.47 75.0633 17.1
      vertex 167.821 75.1476 17.1
    endloop
  endfacet
  facet normal 0.85333 0.521371 0
    outer loop
      vertex 169.159 78.3792 28.9
      vertex 168.971 78.6869 17.1
      vertex 168.971 78.6869 28.9
    endloop
  endfacet
  facet normal 0.85333 0.521371 0
    outer loop
      vertex 168.971 78.6869 17.1
      vertex 169.159 78.3792 28.9
      vertex 169.159 78.3792 17.1
    endloop
  endfacet
  facet normal -0.971892 0.235426 0
    outer loop
      vertex 164.838 77.6948 17.1
      vertex 164.923 78.0457 28.9
      vertex 164.923 78.0457 17.1
    endloop
  endfacet
  facet normal -0.971892 0.235426 0
    outer loop
      vertex 164.923 78.0457 28.9
      vertex 164.838 77.6948 17.1
      vertex 164.838 77.6948 28.9
    endloop
  endfacet
  facet normal -0.924017 0.382352 0
    outer loop
      vertex 164.923 78.0457 17.1
      vertex 165.061 78.3792 28.9
      vertex 165.061 78.3792 17.1
    endloop
  endfacet
  facet normal -0.924017 0.382352 0
    outer loop
      vertex 165.061 78.3792 28.9
      vertex 164.923 78.0457 17.1
      vertex 164.923 78.0457 28.9
    endloop
  endfacet
  facet normal 0.23353 0.97235 -0
    outer loop
      vertex 167.821 79.5224 17.1
      vertex 167.47 79.6067 28.9
      vertex 167.821 79.5224 28.9
    endloop
  endfacet
  facet normal 0.23353 0.97235 0
    outer loop
      vertex 167.47 79.6067 28.9
      vertex 167.821 79.5224 17.1
      vertex 167.47 79.6067 17.1
    endloop
  endfacet
  facet normal -0.383079 -0.923716 0
    outer loop
      vertex 166.066 75.2857 17.1
      vertex 166.399 75.1476 28.9
      vertex 166.066 75.2857 28.9
    endloop
  endfacet
  facet normal -0.383079 -0.923716 -0
    outer loop
      vertex 166.399 75.1476 28.9
      vertex 166.066 75.2857 17.1
      vertex 166.399 75.1476 17.1
    endloop
  endfacet
  facet normal 0.924017 0.382352 0
    outer loop
      vertex 169.297 78.0457 28.9
      vertex 169.159 78.3792 17.1
      vertex 169.159 78.3792 28.9
    endloop
  endfacet
  facet normal 0.924017 0.382352 0
    outer loop
      vertex 169.159 78.3792 17.1
      vertex 169.297 78.0457 28.9
      vertex 169.297 78.0457 17.1
    endloop
  endfacet
  facet normal -0.522211 -0.852816 0
    outer loop
      vertex 165.758 75.4743 17.1
      vertex 166.066 75.2857 28.9
      vertex 165.758 75.4743 28.9
    endloop
  endfacet
  facet normal -0.522211 -0.852816 -0
    outer loop
      vertex 166.066 75.2857 28.9
      vertex 165.758 75.4743 17.1
      vertex 166.066 75.2857 17.1
    endloop
  endfacet
  facet normal -0.0783693 -0.996924 0
    outer loop
      vertex 166.75 75.0633 17.1
      vertex 167.11 75.035 28.9
      vertex 166.75 75.0633 28.9
    endloop
  endfacet
  facet normal -0.0783693 -0.996924 -0
    outer loop
      vertex 167.11 75.035 28.9
      vertex 166.75 75.0633 17.1
      vertex 167.11 75.035 17.1
    endloop
  endfacet
  facet normal -0.23353 -0.97235 0
    outer loop
      vertex 166.399 75.1476 17.1
      vertex 166.75 75.0633 28.9
      vertex 166.399 75.1476 28.9
    endloop
  endfacet
  facet normal -0.23353 -0.97235 -0
    outer loop
      vertex 166.75 75.0633 28.9
      vertex 166.399 75.1476 17.1
      vertex 166.75 75.0633 17.1
    endloop
  endfacet
  facet normal 0.65006 -0.759883 0
    outer loop
      vertex 168.462 75.4743 17.1
      vertex 168.736 75.7087 28.9
      vertex 168.462 75.4743 28.9
    endloop
  endfacet
  facet normal 0.65006 -0.759883 0
    outer loop
      vertex 168.736 75.7087 28.9
      vertex 168.462 75.4743 17.1
      vertex 168.736 75.7087 17.1
    endloop
  endfacet
  facet normal 0 0 -1
    outer loop
      vertex 168.21 77.335 17.1
      vertex 169.41 77.335 17.1
      vertex 169.382 76.9752 17.1
    endloop
  endfacet
  facet normal 0 0 -1
    outer loop
      vertex 168.196 77.1629 17.1
      vertex 169.382 76.9752 17.1
      vertex 169.297 76.6243 17.1
    endloop
  endfacet
  facet normal 0 0 -1
    outer loop
      vertex 169.41 77.335 17.1
      vertex 168.21 77.335 17.1
      vertex 169.382 77.6948 17.1
    endloop
  endfacet
  facet normal 0 0 -1
    outer loop
      vertex 168.156 76.9951 17.1
      vertex 169.297 76.6243 17.1
      vertex 169.159 76.2908 17.1
    endloop
  endfacet
  facet normal 0 0 -1
    outer loop
      vertex 168.196 77.5071 17.1
      vertex 169.382 77.6948 17.1
      vertex 168.21 77.335 17.1
    endloop
  endfacet
  facet normal 0 0 -1
    outer loop
      vertex 168.09 76.8356 17.1
      vertex 169.159 76.2908 17.1
      vertex 168.971 75.9831 17.1
    endloop
  endfacet
  facet normal -0 0 -1
    outer loop
      vertex 169.382 77.6948 17.1
      vertex 168.196 77.5071 17.1
      vertex 169.297 78.0457 17.1
    endloop
  endfacet
  facet normal 0 0 -1
    outer loop
      vertex 168 76.6884 17.1
      vertex 168.971 75.9831 17.1
      vertex 168.736 75.7087 17.1
    endloop
  endfacet
  facet normal 0 0 -1
    outer loop
      vertex 168.156 77.6749 17.1
      vertex 169.297 78.0457 17.1
      vertex 168.196 77.5071 17.1
    endloop
  endfacet
  facet normal 0 0 -1
    outer loop
      vertex 167.888 76.5572 17.1
      vertex 168.736 75.7087 17.1
      vertex 168.462 75.4743 17.1
    endloop
  endfacet
  facet normal -0 0 -1
    outer loop
      vertex 169.297 78.0457 17.1
      vertex 168.156 77.6749 17.1
      vertex 169.159 78.3792 17.1
    endloop
  endfacet
  facet normal 0 0 -1
    outer loop
      vertex 168.09 77.8344 17.1
      vertex 169.159 78.3792 17.1
      vertex 168.156 77.6749 17.1
    endloop
  endfacet
  facet normal 0 0 -1
    outer loop
      vertex 169.382 76.9752 17.1
      vertex 168.196 77.1629 17.1
      vertex 168.21 77.335 17.1
    endloop
  endfacet
  facet normal 0 0 -1
    outer loop
      vertex 169.297 76.6243 17.1
      vertex 168.156 76.9951 17.1
      vertex 168.196 77.1629 17.1
    endloop
  endfacet
  facet normal 0 0 -1
    outer loop
      vertex 167.757 76.4451 17.1
      vertex 168.462 75.4743 17.1
      vertex 168.154 75.2857 17.1
    endloop
  endfacet
  facet normal 0 0 -1
    outer loop
      vertex 169.159 76.2908 17.1
      vertex 168.09 76.8356 17.1
      vertex 168.156 76.9951 17.1
    endloop
  endfacet
  facet normal 0 0 -1
    outer loop
      vertex 168.971 75.9831 17.1
      vertex 168 76.6884 17.1
      vertex 168.09 76.8356 17.1
    endloop
  endfacet
  facet normal 0 0 -1
    outer loop
      vertex 168.736 75.7087 17.1
      vertex 167.888 76.5572 17.1
      vertex 168 76.6884 17.1
    endloop
  endfacet
  facet normal 0 0 -1
    outer loop
      vertex 167.609 76.3549 17.1
      vertex 168.154 75.2857 17.1
      vertex 167.821 75.1476 17.1
    endloop
  endfacet
  facet normal 0 0 -1
    outer loop
      vertex 168.462 75.4743 17.1
      vertex 167.757 76.4451 17.1
      vertex 167.888 76.5572 17.1
    endloop
  endfacet
  facet normal 0 0 -1
    outer loop
      vertex 168.154 75.2857 17.1
      vertex 167.609 76.3549 17.1
      vertex 167.757 76.4451 17.1
    endloop
  endfacet
  facet normal 0 0 -1
    outer loop
      vertex 167.45 76.2888 17.1
      vertex 167.821 75.1476 17.1
      vertex 167.47 75.0633 17.1
    endloop
  endfacet
  facet normal 0 0 -1
    outer loop
      vertex 167.821 75.1476 17.1
      vertex 167.45 76.2888 17.1
      vertex 167.609 76.3549 17.1
    endloop
  endfacet
  facet normal 0 0 -1
    outer loop
      vertex 167.47 75.0633 17.1
      vertex 167.282 76.2485 17.1
      vertex 167.45 76.2888 17.1
    endloop
  endfacet
  facet normal 0 0 -1
    outer loop
      vertex 167.11 75.035 17.1
      vertex 167.282 76.2485 17.1
      vertex 167.47 75.0633 17.1
    endloop
  endfacet
  facet normal 0 0 -1
    outer loop
      vertex 167.11 75.035 17.1
      vertex 167.11 76.235 17.1
      vertex 167.282 76.2485 17.1
    endloop
  endfacet
  facet normal 0 0 -1
    outer loop
      vertex 167.11 75.035 17.1
      vertex 166.938 76.2485 17.1
      vertex 167.11 76.235 17.1
    endloop
  endfacet
  facet normal 0 0 -1
    outer loop
      vertex 166.75 75.0633 17.1
      vertex 166.938 76.2485 17.1
      vertex 167.11 75.035 17.1
    endloop
  endfacet
  facet normal -0 0 -1
    outer loop
      vertex 166.938 76.2485 17.1
      vertex 166.75 75.0633 17.1
      vertex 166.77 76.2888 17.1
    endloop
  endfacet
  facet normal 0 0 -1
    outer loop
      vertex 166.399 75.1476 17.1
      vertex 166.77 76.2888 17.1
      vertex 166.75 75.0633 17.1
    endloop
  endfacet
  facet normal -0 0 -1
    outer loop
      vertex 166.77 76.2888 17.1
      vertex 166.399 75.1476 17.1
      vertex 166.611 76.3549 17.1
    endloop
  endfacet
  facet normal 0 0 -1
    outer loop
      vertex 166.066 75.2857 17.1
      vertex 166.611 76.3549 17.1
      vertex 166.399 75.1476 17.1
    endloop
  endfacet
  facet normal -0 0 -1
    outer loop
      vertex 166.611 76.3549 17.1
      vertex 166.066 75.2857 17.1
      vertex 166.463 76.4451 17.1
    endloop
  endfacet
  facet normal 0 0 -1
    outer loop
      vertex 165.758 75.4743 17.1
      vertex 166.463 76.4451 17.1
      vertex 166.066 75.2857 17.1
    endloop
  endfacet
  facet normal -0 0 -1
    outer loop
      vertex 166.463 76.4451 17.1
      vertex 165.758 75.4743 17.1
      vertex 166.332 76.5572 17.1
    endloop
  endfacet
  facet normal 0 0 -1
    outer loop
      vertex 165.484 75.7087 17.1
      vertex 166.332 76.5572 17.1
      vertex 165.758 75.4743 17.1
    endloop
  endfacet
  facet normal -0 0 -1
    outer loop
      vertex 166.332 76.5572 17.1
      vertex 165.484 75.7087 17.1
      vertex 166.22 76.6884 17.1
    endloop
  endfacet
  facet normal 0 0 -1
    outer loop
      vertex 165.249 75.9831 17.1
      vertex 166.22 76.6884 17.1
      vertex 165.484 75.7087 17.1
    endloop
  endfacet
  facet normal -0 0 -1
    outer loop
      vertex 166.22 76.6884 17.1
      vertex 165.249 75.9831 17.1
      vertex 166.13 76.8356 17.1
    endloop
  endfacet
  facet normal 0 0 -1
    outer loop
      vertex 165.061 76.2908 17.1
      vertex 166.13 76.8356 17.1
      vertex 165.249 75.9831 17.1
    endloop
  endfacet
  facet normal -0 0 -1
    outer loop
      vertex 169.159 78.3792 17.1
      vertex 168.09 77.8344 17.1
      vertex 168.971 78.6869 17.1
    endloop
  endfacet
  facet normal 0 0 -1
    outer loop
      vertex 168 77.9816 17.1
      vertex 168.971 78.6869 17.1
      vertex 168.09 77.8344 17.1
    endloop
  endfacet
  facet normal -0 0 -1
    outer loop
      vertex 168.971 78.6869 17.1
      vertex 168 77.9816 17.1
      vertex 168.736 78.9613 17.1
    endloop
  endfacet
  facet normal 0 0 -1
    outer loop
      vertex 167.888 78.1128 17.1
      vertex 168.736 78.9613 17.1
      vertex 168 77.9816 17.1
    endloop
  endfacet
  facet normal -0 0 -1
    outer loop
      vertex 168.736 78.9613 17.1
      vertex 167.888 78.1128 17.1
      vertex 168.462 79.1957 17.1
    endloop
  endfacet
  facet normal 0 0 -1
    outer loop
      vertex 167.757 78.2249 17.1
      vertex 168.462 79.1957 17.1
      vertex 167.888 78.1128 17.1
    endloop
  endfacet
  facet normal -0 0 -1
    outer loop
      vertex 168.462 79.1957 17.1
      vertex 167.757 78.2249 17.1
      vertex 168.154 79.3843 17.1
    endloop
  endfacet
  facet normal 0 0 -1
    outer loop
      vertex 167.609 78.3151 17.1
      vertex 168.154 79.3843 17.1
      vertex 167.757 78.2249 17.1
    endloop
  endfacet
  facet normal -0 0 -1
    outer loop
      vertex 168.154 79.3843 17.1
      vertex 167.609 78.3151 17.1
      vertex 167.821 79.5224 17.1
    endloop
  endfacet
  facet normal 0 0 -1
    outer loop
      vertex 167.45 78.3812 17.1
      vertex 167.821 79.5224 17.1
      vertex 167.609 78.3151 17.1
    endloop
  endfacet
  facet normal -0 0 -1
    outer loop
      vertex 167.821 79.5224 17.1
      vertex 167.45 78.3812 17.1
      vertex 167.47 79.6067 17.1
    endloop
  endfacet
  facet normal 0 0 -1
    outer loop
      vertex 167.282 78.4215 17.1
      vertex 167.47 79.6067 17.1
      vertex 167.45 78.3812 17.1
    endloop
  endfacet
  facet normal 0 0 -1
    outer loop
      vertex 167.11 78.435 17.1
      vertex 167.47 79.6067 17.1
      vertex 167.282 78.4215 17.1
    endloop
  endfacet
  facet normal 0 0 -1
    outer loop
      vertex 167.11 78.435 17.1
      vertex 167.11 79.635 17.1
      vertex 167.47 79.6067 17.1
    endloop
  endfacet
  facet normal 0 0 -1
    outer loop
      vertex 166.938 78.4215 17.1
      vertex 167.11 79.635 17.1
      vertex 167.11 78.435 17.1
    endloop
  endfacet
  facet normal 0 0 -1
    outer loop
      vertex 166.75 79.6067 17.1
      vertex 166.938 78.4215 17.1
      vertex 166.77 78.3812 17.1
    endloop
  endfacet
  facet normal 0 0 -1
    outer loop
      vertex 166.938 78.4215 17.1
      vertex 166.75 79.6067 17.1
      vertex 167.11 79.635 17.1
    endloop
  endfacet
  facet normal 0 0 -1
    outer loop
      vertex 166.399 79.5224 17.1
      vertex 166.77 78.3812 17.1
      vertex 166.611 78.3151 17.1
    endloop
  endfacet
  facet normal 0 0 -1
    outer loop
      vertex 166.066 79.3843 17.1
      vertex 166.611 78.3151 17.1
      vertex 166.463 78.2249 17.1
    endloop
  endfacet
  facet normal 0 0 -1
    outer loop
      vertex 166.77 78.3812 17.1
      vertex 166.399 79.5224 17.1
      vertex 166.75 79.6067 17.1
    endloop
  endfacet
  facet normal 0 0 -1
    outer loop
      vertex 165.758 79.1957 17.1
      vertex 166.463 78.2249 17.1
      vertex 166.332 78.1128 17.1
    endloop
  endfacet
  facet normal 0 0 -1
    outer loop
      vertex 165.484 78.9613 17.1
      vertex 166.332 78.1128 17.1
      vertex 166.22 77.9816 17.1
    endloop
  endfacet
  facet normal 0 0 -1
    outer loop
      vertex 165.249 78.6869 17.1
      vertex 166.22 77.9816 17.1
      vertex 166.13 77.8344 17.1
    endloop
  endfacet
  facet normal 0 0 -1
    outer loop
      vertex 166.611 78.3151 17.1
      vertex 166.066 79.3843 17.1
      vertex 166.399 79.5224 17.1
    endloop
  endfacet
  facet normal 0 0 -1
    outer loop
      vertex 165.061 78.3792 17.1
      vertex 166.13 77.8344 17.1
      vertex 166.064 77.6749 17.1
    endloop
  endfacet
  facet normal 0 0 -1
    outer loop
      vertex 164.923 78.0457 17.1
      vertex 166.064 77.6749 17.1
      vertex 166.024 77.5071 17.1
    endloop
  endfacet
  facet normal 0 0 -1
    outer loop
      vertex 164.838 77.6948 17.1
      vertex 166.024 77.5071 17.1
      vertex 166.01 77.335 17.1
    endloop
  endfacet
  facet normal -0 0 -1
    outer loop
      vertex 166.13 76.8356 17.1
      vertex 165.061 76.2908 17.1
      vertex 166.064 76.9951 17.1
    endloop
  endfacet
  facet normal 0 0 -1
    outer loop
      vertex 166.463 78.2249 17.1
      vertex 165.758 79.1957 17.1
      vertex 166.066 79.3843 17.1
    endloop
  endfacet
  facet normal 0 0 -1
    outer loop
      vertex 164.923 76.6243 17.1
      vertex 166.064 76.9951 17.1
      vertex 165.061 76.2908 17.1
    endloop
  endfacet
  facet normal 0 0 -1
    outer loop
      vertex 166.332 78.1128 17.1
      vertex 165.484 78.9613 17.1
      vertex 165.758 79.1957 17.1
    endloop
  endfacet
  facet normal -0 0 -1
    outer loop
      vertex 166.064 76.9951 17.1
      vertex 164.923 76.6243 17.1
      vertex 166.024 77.1629 17.1
    endloop
  endfacet
  facet normal 0 0 -1
    outer loop
      vertex 166.22 77.9816 17.1
      vertex 165.249 78.6869 17.1
      vertex 165.484 78.9613 17.1
    endloop
  endfacet
  facet normal 0 0 -1
    outer loop
      vertex 164.838 76.9752 17.1
      vertex 166.024 77.1629 17.1
      vertex 164.923 76.6243 17.1
    endloop
  endfacet
  facet normal 0 0 -1
    outer loop
      vertex 166.13 77.8344 17.1
      vertex 165.061 78.3792 17.1
      vertex 165.249 78.6869 17.1
    endloop
  endfacet
  facet normal -0 0 -1
    outer loop
      vertex 166.024 77.1629 17.1
      vertex 164.838 76.9752 17.1
      vertex 166.01 77.335 17.1
    endloop
  endfacet
  facet normal 0 0 -1
    outer loop
      vertex 166.064 77.6749 17.1
      vertex 164.923 78.0457 17.1
      vertex 165.061 78.3792 17.1
    endloop
  endfacet
  facet normal 0 0 -1
    outer loop
      vertex 164.81 77.335 17.1
      vertex 166.01 77.335 17.1
      vertex 164.838 76.9752 17.1
    endloop
  endfacet
  facet normal 0 0 -1
    outer loop
      vertex 166.024 77.5071 17.1
      vertex 164.838 77.6948 17.1
      vertex 164.923 78.0457 17.1
    endloop
  endfacet
  facet normal 0 0 -1
    outer loop
      vertex 166.01 77.335 17.1
      vertex 164.81 77.335 17.1
      vertex 164.838 77.6948 17.1
    endloop
  endfacet
  facet normal 1 0 0
    outer loop
      vertex 114.88 82.175 23.4
      vertex 114.88 84.375 28.9
      vertex 114.88 82.175 28.5
    endloop
  endfacet
  facet normal 1 0 0
    outer loop
      vertex 114.88 84.375 28.9
      vertex 114.88 77.575 28.5
      vertex 114.88 82.175 28.5
    endloop
  endfacet
  facet normal 1 0 0
    outer loop
      vertex 114.88 77.575 28.5
      vertex 114.88 72.396 28.5
      vertex 114.88 77.575 23.4
    endloop
  endfacet
  facet normal 1 0 0
    outer loop
      vertex 114.88 84.375 28.9
      vertex 114.88 72.396 28.5
      vertex 114.88 77.575 28.5
    endloop
  endfacet
  facet normal 1 0 0
    outer loop
      vertex 114.88 84.375 28.9
      vertex 114.88 67.796 28.5
      vertex 114.88 72.396 28.5
    endloop
  endfacet
  facet normal 1 0 0
    outer loop
      vertex 114.88 67.796 28.5
      vertex 114.88 62.617 28.5
      vertex 114.88 67.796 23.4
    endloop
  endfacet
  facet normal 1 -0 0
    outer loop
      vertex 114.88 56.317 28.9
      vertex 114.88 67.796 28.5
      vertex 114.88 84.375 28.9
    endloop
  endfacet
  facet normal 1 0 0
    outer loop
      vertex 114.88 67.796 28.5
      vertex 114.88 56.317 28.9
      vertex 114.88 62.617 28.5
    endloop
  endfacet
  facet normal 1 0 0
    outer loop
      vertex 114.88 58.017 28.5
      vertex 114.88 56.317 28.9
      vertex 114.88 58.017 23.4
    endloop
  endfacet
  facet normal 1 0 0
    outer loop
      vertex 114.88 62.617 28.5
      vertex 114.88 56.317 28.9
      vertex 114.88 58.017 28.5
    endloop
  endfacet
  facet normal 1 0 0
    outer loop
      vertex 114.88 84.375 28.9
      vertex 114.88 82.175 23.4
      vertex 114.88 84.375 21.8
    endloop
  endfacet
  facet normal 1 -0 0
    outer loop
      vertex 114.88 77.575 23.4
      vertex 114.88 84.375 21.8
      vertex 114.88 82.175 23.4
    endloop
  endfacet
  facet normal 1 0 0
    outer loop
      vertex 114.88 72.396 23.4
      vertex 114.88 77.575 23.4
      vertex 114.88 72.396 28.5
    endloop
  endfacet
  facet normal 1 -0 0
    outer loop
      vertex 114.88 72.396 23.4
      vertex 114.88 84.375 21.8
      vertex 114.88 77.575 23.4
    endloop
  endfacet
  facet normal 1 -0 0
    outer loop
      vertex 114.88 67.796 23.4
      vertex 114.88 84.375 21.8
      vertex 114.88 72.396 23.4
    endloop
  endfacet
  facet normal 1 0 0
    outer loop
      vertex 114.88 62.617 23.4
      vertex 114.88 67.796 23.4
      vertex 114.88 62.617 28.5
    endloop
  endfacet
  facet normal 1 0 0
    outer loop
      vertex 114.88 56.317 21.8
      vertex 114.88 67.796 23.4
      vertex 114.88 62.617 23.4
    endloop
  endfacet
  facet normal 1 0 0
    outer loop
      vertex 114.88 56.317 21.8
      vertex 114.88 62.617 23.4
      vertex 114.88 58.017 23.4
    endloop
  endfacet
  facet normal 1 0 0
    outer loop
      vertex 114.88 67.796 23.4
      vertex 114.88 56.317 21.8
      vertex 114.88 84.375 21.8
    endloop
  endfacet
  facet normal 1 0 0
    outer loop
      vertex 114.88 56.317 21.8
      vertex 114.88 58.017 23.4
      vertex 114.88 56.317 28.9
    endloop
  endfacet
  facet normal 0 0 -1
    outer loop
      vertex 104.88 56.317 21.8
      vertex 114.88 84.375 21.8
      vertex 114.88 56.317 21.8
    endloop
  endfacet
  facet normal -0 0 -1
    outer loop
      vertex 114.88 84.375 21.8
      vertex 104.88 56.317 21.8
      vertex 104.88 84.375 21.8
    endloop
  endfacet
  facet normal -1 0 0
    outer loop
      vertex 104.88 84.375 21.8
      vertex 104.88 82.175 23.4
      vertex 104.88 84.375 28.9
    endloop
  endfacet
  facet normal -1 0 0
    outer loop
      vertex 104.88 84.375 21.8
      vertex 104.88 77.575 23.4
      vertex 104.88 82.175 23.4
    endloop
  endfacet
  facet normal -1 0 0
    outer loop
      vertex 104.88 77.575 23.4
      vertex 104.88 72.396 23.4
      vertex 104.88 77.575 28.5
    endloop
  endfacet
  facet normal -1 0 0
    outer loop
      vertex 104.88 84.375 21.8
      vertex 104.88 72.396 23.4
      vertex 104.88 77.575 23.4
    endloop
  endfacet
  facet normal -1 0 0
    outer loop
      vertex 104.88 84.375 21.8
      vertex 104.88 67.796 23.4
      vertex 104.88 72.396 23.4
    endloop
  endfacet
  facet normal -1 0 0
    outer loop
      vertex 104.88 67.796 23.4
      vertex 104.88 62.617 23.4
      vertex 104.88 67.796 28.5
    endloop
  endfacet
  facet normal -1 0 0
    outer loop
      vertex 104.88 56.317 21.8
      vertex 104.88 67.796 23.4
      vertex 104.88 84.375 21.8
    endloop
  endfacet
  facet normal -1 -0 0
    outer loop
      vertex 104.88 67.796 23.4
      vertex 104.88 56.317 21.8
      vertex 104.88 62.617 23.4
    endloop
  endfacet
  facet normal -1 0 0
    outer loop
      vertex 104.88 56.317 28.9
      vertex 104.88 58.017 23.4
      vertex 104.88 56.317 21.8
    endloop
  endfacet
  facet normal -1 -0 0
    outer loop
      vertex 104.88 62.617 23.4
      vertex 104.88 56.317 21.8
      vertex 104.88 58.017 23.4
    endloop
  endfacet
  facet normal -1 0 0
    outer loop
      vertex 104.88 82.175 28.5
      vertex 104.88 84.375 28.9
      vertex 104.88 82.175 23.4
    endloop
  endfacet
  facet normal -1 0 0
    outer loop
      vertex 104.88 77.575 28.5
      vertex 104.88 84.375 28.9
      vertex 104.88 82.175 28.5
    endloop
  endfacet
  facet normal -1 0 0
    outer loop
      vertex 104.88 72.396 28.5
      vertex 104.88 77.575 28.5
      vertex 104.88 72.396 23.4
    endloop
  endfacet
  facet normal -1 0 0
    outer loop
      vertex 104.88 72.396 28.5
      vertex 104.88 84.375 28.9
      vertex 104.88 77.575 28.5
    endloop
  endfacet
  facet normal -1 0 0
    outer loop
      vertex 104.88 67.796 28.5
      vertex 104.88 84.375 28.9
      vertex 104.88 72.396 28.5
    endloop
  endfacet
  facet normal -1 0 0
    outer loop
      vertex 104.88 62.617 28.5
      vertex 104.88 67.796 28.5
      vertex 104.88 62.617 23.4
    endloop
  endfacet
  facet normal -1 0 0
    outer loop
      vertex 104.88 56.317 28.9
      vertex 104.88 67.796 28.5
      vertex 104.88 62.617 28.5
    endloop
  endfacet
  facet normal -1 0 0
    outer loop
      vertex 104.88 56.317 28.9
      vertex 104.88 62.617 28.5
      vertex 104.88 58.017 28.5
    endloop
  endfacet
  facet normal -1 0 0
    outer loop
      vertex 104.88 67.796 28.5
      vertex 104.88 56.317 28.9
      vertex 104.88 84.375 28.9
    endloop
  endfacet
  facet normal -1 0 0
    outer loop
      vertex 104.88 58.017 23.4
      vertex 104.88 56.317 28.9
      vertex 104.88 58.017 28.5
    endloop
  endfacet
  facet normal 0 1 -0
    outer loop
      vertex 114.88 84.375 21.8
      vertex 104.88 84.375 28.9
      vertex 114.88 84.375 28.9
    endloop
  endfacet
  facet normal 0 1 0
    outer loop
      vertex 104.88 84.375 28.9
      vertex 114.88 84.375 21.8
      vertex 104.88 84.375 21.8
    endloop
  endfacet
  facet normal 0 -1 0
    outer loop
      vertex 104.88 56.317 21.8
      vertex 114.88 56.317 28.9
      vertex 104.88 56.317 28.9
    endloop
  endfacet
  facet normal 0 -1 -0
    outer loop
      vertex 114.88 56.317 28.9
      vertex 104.88 56.317 21.8
      vertex 114.88 56.317 21.8
    endloop
  endfacet
  facet normal -0.972744 -0.231882 0
    outer loop
      vertex 127.556 57.8221 17.1
      vertex 127.516 57.9899 25.1
      vertex 127.516 57.9899 17.1
    endloop
  endfacet
  facet normal -0.972744 -0.231882 0
    outer loop
      vertex 127.516 57.9899 25.1
      vertex 127.556 57.8221 17.1
      vertex 127.556 57.8221 25.1
    endloop
  endfacet
  facet normal -0.996708 -0.0810802 0
    outer loop
      vertex 127.57 57.65 17.1
      vertex 127.556 57.8221 25.1
      vertex 127.556 57.8221 17.1
    endloop
  endfacet
  facet normal -0.996708 -0.0810802 0
    outer loop
      vertex 127.556 57.8221 25.1
      vertex 127.57 57.65 17.1
      vertex 127.57 57.65 25.1
    endloop
  endfacet
  facet normal -0.233263 0.972414 0
    outer loop
      vertex 126.81 56.6038 17.1
      vertex 126.642 56.5635 25.1
      vertex 126.81 56.6038 25.1
    endloop
  endfacet
  facet normal -0.233263 0.972414 0
    outer loop
      vertex 126.642 56.5635 25.1
      vertex 126.81 56.6038 17.1
      vertex 126.642 56.5635 17.1
    endloop
  endfacet
  facet normal -0.383873 0.923386 0
    outer loop
      vertex 126.969 56.6699 17.1
      vertex 126.81 56.6038 25.1
      vertex 126.969 56.6699 25.1
    endloop
  endfacet
  facet normal -0.383873 0.923386 0
    outer loop
      vertex 126.81 56.6038 25.1
      vertex 126.969 56.6699 17.1
      vertex 126.81 56.6038 17.1
    endloop
  endfacet
  facet normal 0.972744 0.231882 0
    outer loop
      vertex 125.424 57.3101 25.1
      vertex 125.384 57.4779 17.1
      vertex 125.384 57.4779 25.1
    endloop
  endfacet
  facet normal 0.972744 0.231882 0
    outer loop
      vertex 125.384 57.4779 17.1
      vertex 125.424 57.3101 25.1
      vertex 125.424 57.3101 17.1
    endloop
  endfacet
  facet normal 0.996708 -0.0810802 0
    outer loop
      vertex 125.37 57.65 25.1
      vertex 125.384 57.8221 17.1
      vertex 125.384 57.8221 25.1
    endloop
  endfacet
  facet normal 0.996708 -0.0810802 0
    outer loop
      vertex 125.384 57.8221 17.1
      vertex 125.37 57.65 25.1
      vertex 125.37 57.65 17.1
    endloop
  endfacet
  facet normal 0.760565 -0.649262 0
    outer loop
      vertex 125.58 58.2966 25.1
      vertex 125.692 58.4278 17.1
      vertex 125.692 58.4278 25.1
    endloop
  endfacet
  facet normal 0.760565 -0.649262 0
    outer loop
      vertex 125.692 58.4278 17.1
      vertex 125.58 58.2966 25.1
      vertex 125.58 58.2966 17.1
    endloop
  endfacet
  facet normal 0.853167 -0.521638 0
    outer loop
      vertex 125.49 58.1494 25.1
      vertex 125.58 58.2966 17.1
      vertex 125.58 58.2966 25.1
    endloop
  endfacet
  facet normal 0.853167 -0.521638 0
    outer loop
      vertex 125.58 58.2966 17.1
      vertex 125.49 58.1494 25.1
      vertex 125.49 58.1494 17.1
    endloop
  endfacet
  facet normal 0.924017 -0.382352 0
    outer loop
      vertex 125.424 57.9899 25.1
      vertex 125.49 58.1494 17.1
      vertex 125.49 58.1494 25.1
    endloop
  endfacet
  facet normal 0.924017 -0.382352 0
    outer loop
      vertex 125.49 58.1494 17.1
      vertex 125.424 57.9899 25.1
      vertex 125.424 57.9899 17.1
    endloop
  endfacet
  facet normal 0.383873 -0.923386 0
    outer loop
      vertex 125.971 58.6301 17.1
      vertex 126.13 58.6962 25.1
      vertex 125.971 58.6301 25.1
    endloop
  endfacet
  facet normal 0.383873 -0.923386 0
    outer loop
      vertex 126.13 58.6962 25.1
      vertex 125.971 58.6301 17.1
      vertex 126.13 58.6962 17.1
    endloop
  endfacet
  facet normal 0.924017 0.382352 0
    outer loop
      vertex 125.49 57.1506 25.1
      vertex 125.424 57.3101 17.1
      vertex 125.424 57.3101 25.1
    endloop
  endfacet
  facet normal 0.924017 0.382352 0
    outer loop
      vertex 125.424 57.3101 17.1
      vertex 125.49 57.1506 25.1
      vertex 125.49 57.1506 17.1
    endloop
  endfacet
  facet normal -0.0782477 -0.996934 0
    outer loop
      vertex 126.47 58.75 17.1
      vertex 126.642 58.7365 25.1
      vertex 126.47 58.75 25.1
    endloop
  endfacet
  facet normal -0.0782477 -0.996934 -0
    outer loop
      vertex 126.642 58.7365 25.1
      vertex 126.47 58.75 17.1
      vertex 126.642 58.7365 17.1
    endloop
  endfacet
  facet normal 0.996708 0.0810802 0
    outer loop
      vertex 125.384 57.4779 25.1
      vertex 125.37 57.65 17.1
      vertex 125.37 57.65 25.1
    endloop
  endfacet
  facet normal 0.996708 0.0810802 0
    outer loop
      vertex 125.37 57.65 17.1
      vertex 125.384 57.4779 25.1
      vertex 125.384 57.4779 17.1
    endloop
  endfacet
  facet normal -0.65017 -0.759789 0
    outer loop
      vertex 127.117 58.5399 17.1
      vertex 127.248 58.4278 25.1
      vertex 127.117 58.5399 25.1
    endloop
  endfacet
  facet normal -0.65017 -0.759789 -0
    outer loop
      vertex 127.248 58.4278 25.1
      vertex 127.117 58.5399 17.1
      vertex 127.248 58.4278 17.1
    endloop
  endfacet
  facet normal -0.972744 0.231882 0
    outer loop
      vertex 127.516 57.3101 17.1
      vertex 127.556 57.4779 25.1
      vertex 127.556 57.4779 17.1
    endloop
  endfacet
  facet normal -0.972744 0.231882 0
    outer loop
      vertex 127.556 57.4779 25.1
      vertex 127.516 57.3101 17.1
      vertex 127.516 57.3101 25.1
    endloop
  endfacet
  facet normal -0.924017 0.382352 0
    outer loop
      vertex 127.45 57.1506 17.1
      vertex 127.516 57.3101 25.1
      vertex 127.516 57.3101 17.1
    endloop
  endfacet
  facet normal -0.924017 0.382352 0
    outer loop
      vertex 127.516 57.3101 25.1
      vertex 127.45 57.1506 17.1
      vertex 127.45 57.1506 25.1
    endloop
  endfacet
  facet normal 0.0782477 0.996934 -0
    outer loop
      vertex 126.47 56.55 17.1
      vertex 126.298 56.5635 25.1
      vertex 126.47 56.55 25.1
    endloop
  endfacet
  facet normal 0.0782477 0.996934 0
    outer loop
      vertex 126.298 56.5635 25.1
      vertex 126.47 56.55 17.1
      vertex 126.298 56.5635 17.1
    endloop
  endfacet
  facet normal 0.65017 0.759789 -0
    outer loop
      vertex 125.823 56.7601 17.1
      vertex 125.692 56.8722 25.1
      vertex 125.823 56.7601 25.1
    endloop
  endfacet
  facet normal 0.65017 0.759789 0
    outer loop
      vertex 125.692 56.8722 25.1
      vertex 125.823 56.7601 17.1
      vertex 125.692 56.8722 17.1
    endloop
  endfacet
  facet normal 0.383873 0.923386 -0
    outer loop
      vertex 126.13 56.6038 17.1
      vertex 125.971 56.6699 25.1
      vertex 126.13 56.6038 25.1
    endloop
  endfacet
  facet normal 0.383873 0.923386 0
    outer loop
      vertex 125.971 56.6699 25.1
      vertex 126.13 56.6038 17.1
      vertex 125.971 56.6699 17.1
    endloop
  endfacet
  facet normal 0.0782477 -0.996934 0
    outer loop
      vertex 126.298 58.7365 17.1
      vertex 126.47 58.75 25.1
      vertex 126.298 58.7365 25.1
    endloop
  endfacet
  facet normal 0.0782477 -0.996934 0
    outer loop
      vertex 126.47 58.75 25.1
      vertex 126.298 58.7365 17.1
      vertex 126.47 58.75 17.1
    endloop
  endfacet
  facet normal -0.996708 0.0810802 0
    outer loop
      vertex 127.556 57.4779 17.1
      vertex 127.57 57.65 25.1
      vertex 127.57 57.65 17.1
    endloop
  endfacet
  facet normal -0.996708 0.0810802 0
    outer loop
      vertex 127.57 57.65 25.1
      vertex 127.556 57.4779 17.1
      vertex 127.556 57.4779 25.1
    endloop
  endfacet
  facet normal 0.65017 -0.759789 0
    outer loop
      vertex 125.692 58.4278 17.1
      vertex 125.823 58.5399 25.1
      vertex 125.692 58.4278 25.1
    endloop
  endfacet
  facet normal 0.65017 -0.759789 0
    outer loop
      vertex 125.823 58.5399 25.1
      vertex 125.692 58.4278 17.1
      vertex 125.823 58.5399 17.1
    endloop
  endfacet
  facet normal 0.972744 -0.231882 0
    outer loop
      vertex 125.384 57.8221 25.1
      vertex 125.424 57.9899 17.1
      vertex 125.424 57.9899 25.1
    endloop
  endfacet
  facet normal 0.972744 -0.231882 0
    outer loop
      vertex 125.424 57.9899 17.1
      vertex 125.384 57.8221 25.1
      vertex 125.384 57.8221 17.1
    endloop
  endfacet
  facet normal -0.760565 -0.649262 0
    outer loop
      vertex 127.36 58.2966 17.1
      vertex 127.248 58.4278 25.1
      vertex 127.248 58.4278 17.1
    endloop
  endfacet
  facet normal -0.760565 -0.649262 0
    outer loop
      vertex 127.248 58.4278 25.1
      vertex 127.36 58.2966 17.1
      vertex 127.36 58.2966 25.1
    endloop
  endfacet
  facet normal -0.383873 -0.923386 0
    outer loop
      vertex 126.81 58.6962 17.1
      vertex 126.969 58.6301 25.1
      vertex 126.81 58.6962 25.1
    endloop
  endfacet
  facet normal -0.383873 -0.923386 -0
    outer loop
      vertex 126.969 58.6301 25.1
      vertex 126.81 58.6962 17.1
      vertex 126.969 58.6301 17.1
    endloop
  endfacet
  facet normal 0.853167 0.521638 0
    outer loop
      vertex 125.58 57.0034 25.1
      vertex 125.49 57.1506 17.1
      vertex 125.49 57.1506 25.1
    endloop
  endfacet
  facet normal 0.853167 0.521638 0
    outer loop
      vertex 125.49 57.1506 17.1
      vertex 125.58 57.0034 25.1
      vertex 125.58 57.0034 17.1
    endloop
  endfacet
  facet normal -0.65017 0.759789 0
    outer loop
      vertex 127.248 56.8722 17.1
      vertex 127.117 56.7601 25.1
      vertex 127.248 56.8722 25.1
    endloop
  endfacet
  facet normal -0.65017 0.759789 0
    outer loop
      vertex 127.117 56.7601 25.1
      vertex 127.248 56.8722 17.1
      vertex 127.117 56.7601 17.1
    endloop
  endfacet
  facet normal -0.520423 0.853909 0
    outer loop
      vertex 127.117 56.7601 17.1
      vertex 126.969 56.6699 25.1
      vertex 127.117 56.7601 25.1
    endloop
  endfacet
  facet normal -0.520423 0.853909 0
    outer loop
      vertex 126.969 56.6699 25.1
      vertex 127.117 56.7601 17.1
      vertex 126.969 56.6699 17.1
    endloop
  endfacet
  facet normal -0.853167 0.521638 0
    outer loop
      vertex 127.36 57.0034 17.1
      vertex 127.45 57.1506 25.1
      vertex 127.45 57.1506 17.1
    endloop
  endfacet
  facet normal -0.853167 0.521638 0
    outer loop
      vertex 127.45 57.1506 25.1
      vertex 127.36 57.0034 17.1
      vertex 127.36 57.0034 25.1
    endloop
  endfacet
  facet normal -0.520423 -0.853909 0
    outer loop
      vertex 126.969 58.6301 17.1
      vertex 127.117 58.5399 25.1
      vertex 126.969 58.6301 25.1
    endloop
  endfacet
  facet normal -0.520423 -0.853909 -0
    outer loop
      vertex 127.117 58.5399 25.1
      vertex 126.969 58.6301 17.1
      vertex 127.117 58.5399 17.1
    endloop
  endfacet
  facet normal 0.233263 0.972414 -0
    outer loop
      vertex 126.298 56.5635 17.1
      vertex 126.13 56.6038 25.1
      vertex 126.298 56.5635 25.1
    endloop
  endfacet
  facet normal 0.233263 0.972414 0
    outer loop
      vertex 126.13 56.6038 25.1
      vertex 126.298 56.5635 17.1
      vertex 126.13 56.6038 17.1
    endloop
  endfacet
  facet normal -0.0782477 0.996934 0
    outer loop
      vertex 126.642 56.5635 17.1
      vertex 126.47 56.55 25.1
      vertex 126.642 56.5635 25.1
    endloop
  endfacet
  facet normal -0.0782477 0.996934 0
    outer loop
      vertex 126.47 56.55 25.1
      vertex 126.642 56.5635 17.1
      vertex 126.47 56.55 17.1
    endloop
  endfacet
  facet normal 0.233263 -0.972414 0
    outer loop
      vertex 126.13 58.6962 17.1
      vertex 126.298 58.7365 25.1
      vertex 126.13 58.6962 25.1
    endloop
  endfacet
  facet normal 0.233263 -0.972414 0
    outer loop
      vertex 126.298 58.7365 25.1
      vertex 126.13 58.6962 17.1
      vertex 126.298 58.7365 17.1
    endloop
  endfacet
  facet normal 0.760565 0.649262 0
    outer loop
      vertex 125.692 56.8722 25.1
      vertex 125.58 57.0034 17.1
      vertex 125.58 57.0034 25.1
    endloop
  endfacet
  facet normal 0.760565 0.649262 0
    outer loop
      vertex 125.58 57.0034 17.1
      vertex 125.692 56.8722 25.1
      vertex 125.692 56.8722 17.1
    endloop
  endfacet
  facet normal -0.853167 -0.521638 0
    outer loop
      vertex 127.45 58.1494 17.1
      vertex 127.36 58.2966 25.1
      vertex 127.36 58.2966 17.1
    endloop
  endfacet
  facet normal -0.853167 -0.521638 0
    outer loop
      vertex 127.36 58.2966 25.1
      vertex 127.45 58.1494 17.1
      vertex 127.45 58.1494 25.1
    endloop
  endfacet
  facet normal -0.233263 -0.972414 0
    outer loop
      vertex 126.642 58.7365 17.1
      vertex 126.81 58.6962 25.1
      vertex 126.642 58.7365 25.1
    endloop
  endfacet
  facet normal -0.233263 -0.972414 -0
    outer loop
      vertex 126.81 58.6962 25.1
      vertex 126.642 58.7365 17.1
      vertex 126.81 58.6962 17.1
    endloop
  endfacet
  facet normal -0.760565 0.649262 0
    outer loop
      vertex 127.248 56.8722 17.1
      vertex 127.36 57.0034 25.1
      vertex 127.36 57.0034 17.1
    endloop
  endfacet
  facet normal -0.760565 0.649262 0
    outer loop
      vertex 127.36 57.0034 25.1
      vertex 127.248 56.8722 17.1
      vertex 127.248 56.8722 25.1
    endloop
  endfacet
  facet normal -0.924017 -0.382352 0
    outer loop
      vertex 127.516 57.9899 17.1
      vertex 127.45 58.1494 25.1
      vertex 127.45 58.1494 17.1
    endloop
  endfacet
  facet normal -0.924017 -0.382352 0
    outer loop
      vertex 127.45 58.1494 25.1
      vertex 127.516 57.9899 17.1
      vertex 127.516 57.9899 25.1
    endloop
  endfacet
  facet normal 0.520423 -0.853909 0
    outer loop
      vertex 125.823 58.5399 17.1
      vertex 125.971 58.6301 25.1
      vertex 125.823 58.5399 25.1
    endloop
  endfacet
  facet normal 0.520423 -0.853909 0
    outer loop
      vertex 125.971 58.6301 25.1
      vertex 125.823 58.5399 17.1
      vertex 125.971 58.6301 17.1
    endloop
  endfacet
  facet normal 0.520423 0.853909 -0
    outer loop
      vertex 125.971 56.6699 17.1
      vertex 125.823 56.7601 25.1
      vertex 125.971 56.6699 25.1
    endloop
  endfacet
  facet normal 0.520423 0.853909 0
    outer loop
      vertex 125.823 56.7601 25.1
      vertex 125.971 56.6699 17.1
      vertex 125.823 56.7601 17.1
    endloop
  endfacet
  facet normal 0 0 -1
    outer loop
      vertex 127.556 57.4779 25.1
      vertex 127.556 57.8221 25.1
      vertex 127.57 57.65 25.1
    endloop
  endfacet
  facet normal 0 0 -1
    outer loop
      vertex 127.516 57.3101 25.1
      vertex 127.556 57.8221 25.1
      vertex 127.556 57.4779 25.1
    endloop
  endfacet
  facet normal 0 0 -1
    outer loop
      vertex 127.516 57.3101 25.1
      vertex 127.516 57.9899 25.1
      vertex 127.556 57.8221 25.1
    endloop
  endfacet
  facet normal 0 0 -1
    outer loop
      vertex 127.45 57.1506 25.1
      vertex 127.516 57.9899 25.1
      vertex 127.516 57.3101 25.1
    endloop
  endfacet
  facet normal 0 0 -1
    outer loop
      vertex 127.45 57.1506 25.1
      vertex 127.45 58.1494 25.1
      vertex 127.516 57.9899 25.1
    endloop
  endfacet
  facet normal 0 0 -1
    outer loop
      vertex 127.36 57.0034 25.1
      vertex 127.45 58.1494 25.1
      vertex 127.45 57.1506 25.1
    endloop
  endfacet
  facet normal 0 0 -1
    outer loop
      vertex 127.36 57.0034 25.1
      vertex 127.36 58.2966 25.1
      vertex 127.45 58.1494 25.1
    endloop
  endfacet
  facet normal 0 0 -1
    outer loop
      vertex 127.248 56.8722 25.1
      vertex 127.36 58.2966 25.1
      vertex 127.36 57.0034 25.1
    endloop
  endfacet
  facet normal 0 0 -1
    outer loop
      vertex 127.248 56.8722 25.1
      vertex 127.248 58.4278 25.1
      vertex 127.36 58.2966 25.1
    endloop
  endfacet
  facet normal 0 0 -1
    outer loop
      vertex 127.117 56.7601 25.1
      vertex 127.248 58.4278 25.1
      vertex 127.248 56.8722 25.1
    endloop
  endfacet
  facet normal 0 0 -1
    outer loop
      vertex 127.117 56.7601 25.1
      vertex 127.117 58.5399 25.1
      vertex 127.248 58.4278 25.1
    endloop
  endfacet
  facet normal 0 0 -1
    outer loop
      vertex 126.969 56.6699 25.1
      vertex 127.117 58.5399 25.1
      vertex 127.117 56.7601 25.1
    endloop
  endfacet
  facet normal 0 0 -1
    outer loop
      vertex 126.969 56.6699 25.1
      vertex 126.969 58.6301 25.1
      vertex 127.117 58.5399 25.1
    endloop
  endfacet
  facet normal 0 0 -1
    outer loop
      vertex 126.81 56.6038 25.1
      vertex 126.969 58.6301 25.1
      vertex 126.969 56.6699 25.1
    endloop
  endfacet
  facet normal 0 0 -1
    outer loop
      vertex 126.81 56.6038 25.1
      vertex 126.81 58.6962 25.1
      vertex 126.969 58.6301 25.1
    endloop
  endfacet
  facet normal 0 0 -1
    outer loop
      vertex 126.642 56.5635 25.1
      vertex 126.81 58.6962 25.1
      vertex 126.81 56.6038 25.1
    endloop
  endfacet
  facet normal 0 0 -1
    outer loop
      vertex 126.642 56.5635 25.1
      vertex 126.642 58.7365 25.1
      vertex 126.81 58.6962 25.1
    endloop
  endfacet
  facet normal 0 0 -1
    outer loop
      vertex 126.47 56.55 25.1
      vertex 126.642 58.7365 25.1
      vertex 126.642 56.5635 25.1
    endloop
  endfacet
  facet normal 0 0 -1
    outer loop
      vertex 126.47 56.55 25.1
      vertex 126.47 58.75 25.1
      vertex 126.642 58.7365 25.1
    endloop
  endfacet
  facet normal 0 0 -1
    outer loop
      vertex 126.298 56.5635 25.1
      vertex 126.47 58.75 25.1
      vertex 126.47 56.55 25.1
    endloop
  endfacet
  facet normal 0 0 -1
    outer loop
      vertex 126.298 56.5635 25.1
      vertex 126.298 58.7365 25.1
      vertex 126.47 58.75 25.1
    endloop
  endfacet
  facet normal 0 0 -1
    outer loop
      vertex 126.13 56.6038 25.1
      vertex 126.298 58.7365 25.1
      vertex 126.298 56.5635 25.1
    endloop
  endfacet
  facet normal 0 0 -1
    outer loop
      vertex 126.13 56.6038 25.1
      vertex 126.13 58.6962 25.1
      vertex 126.298 58.7365 25.1
    endloop
  endfacet
  facet normal 0 0 -1
    outer loop
      vertex 125.971 56.6699 25.1
      vertex 126.13 58.6962 25.1
      vertex 126.13 56.6038 25.1
    endloop
  endfacet
  facet normal 0 0 -1
    outer loop
      vertex 125.971 56.6699 25.1
      vertex 125.971 58.6301 25.1
      vertex 126.13 58.6962 25.1
    endloop
  endfacet
  facet normal 0 0 -1
    outer loop
      vertex 125.823 56.7601 25.1
      vertex 125.971 58.6301 25.1
      vertex 125.971 56.6699 25.1
    endloop
  endfacet
  facet normal 0 0 -1
    outer loop
      vertex 125.823 56.7601 25.1
      vertex 125.823 58.5399 25.1
      vertex 125.971 58.6301 25.1
    endloop
  endfacet
  facet normal 0 0 -1
    outer loop
      vertex 125.692 56.8722 25.1
      vertex 125.823 58.5399 25.1
      vertex 125.823 56.7601 25.1
    endloop
  endfacet
  facet normal 0 0 -1
    outer loop
      vertex 125.692 56.8722 25.1
      vertex 125.692 58.4278 25.1
      vertex 125.823 58.5399 25.1
    endloop
  endfacet
  facet normal 0 0 -1
    outer loop
      vertex 125.58 57.0034 25.1
      vertex 125.692 58.4278 25.1
      vertex 125.692 56.8722 25.1
    endloop
  endfacet
  facet normal 0 0 -1
    outer loop
      vertex 125.58 57.0034 25.1
      vertex 125.58 58.2966 25.1
      vertex 125.692 58.4278 25.1
    endloop
  endfacet
  facet normal 0 0 -1
    outer loop
      vertex 125.49 57.1506 25.1
      vertex 125.58 58.2966 25.1
      vertex 125.58 57.0034 25.1
    endloop
  endfacet
  facet normal 0 0 -1
    outer loop
      vertex 125.49 57.1506 25.1
      vertex 125.49 58.1494 25.1
      vertex 125.58 58.2966 25.1
    endloop
  endfacet
  facet normal 0 0 -1
    outer loop
      vertex 125.424 57.3101 25.1
      vertex 125.49 58.1494 25.1
      vertex 125.49 57.1506 25.1
    endloop
  endfacet
  facet normal 0 0 -1
    outer loop
      vertex 125.424 57.3101 25.1
      vertex 125.424 57.9899 25.1
      vertex 125.49 58.1494 25.1
    endloop
  endfacet
  facet normal 0 0 -1
    outer loop
      vertex 125.384 57.4779 25.1
      vertex 125.424 57.9899 25.1
      vertex 125.424 57.3101 25.1
    endloop
  endfacet
  facet normal 0 0 -1
    outer loop
      vertex 125.384 57.4779 25.1
      vertex 125.384 57.8221 25.1
      vertex 125.424 57.9899 25.1
    endloop
  endfacet
  facet normal 0 -0 -1
    outer loop
      vertex 125.384 57.8221 25.1
      vertex 125.384 57.4779 25.1
      vertex 125.37 57.65 25.1
    endloop
  endfacet
  facet normal -0.0782477 0.996934 0
    outer loop
      vertex 126.642 76.2485 17.1
      vertex 126.47 76.235 25.1
      vertex 126.642 76.2485 25.1
    endloop
  endfacet
  facet normal -0.0782477 0.996934 0
    outer loop
      vertex 126.47 76.235 25.1
      vertex 126.642 76.2485 17.1
      vertex 126.47 76.235 17.1
    endloop
  endfacet
  facet normal -0.972744 -0.231882 0
    outer loop
      vertex 127.556 77.5071 17.1
      vertex 127.516 77.6749 25.1
      vertex 127.516 77.6749 17.1
    endloop
  endfacet
  facet normal -0.972744 -0.231882 0
    outer loop
      vertex 127.516 77.6749 25.1
      vertex 127.556 77.5071 17.1
      vertex 127.556 77.5071 25.1
    endloop
  endfacet
  facet normal -0.996708 -0.0810802 0
    outer loop
      vertex 127.57 77.335 17.1
      vertex 127.556 77.5071 25.1
      vertex 127.556 77.5071 17.1
    endloop
  endfacet
  facet normal -0.996708 -0.0810802 0
    outer loop
      vertex 127.556 77.5071 25.1
      vertex 127.57 77.335 17.1
      vertex 127.57 77.335 25.1
    endloop
  endfacet
  facet normal -0.924017 -0.382352 0
    outer loop
      vertex 127.516 77.6749 17.1
      vertex 127.45 77.8344 25.1
      vertex 127.45 77.8344 17.1
    endloop
  endfacet
  facet normal -0.924017 -0.382352 0
    outer loop
      vertex 127.45 77.8344 25.1
      vertex 127.516 77.6749 17.1
      vertex 127.516 77.6749 25.1
    endloop
  endfacet
  facet normal 0.924017 0.382352 0
    outer loop
      vertex 125.49 76.8356 25.1
      vertex 125.424 76.9951 17.1
      vertex 125.424 76.9951 25.1
    endloop
  endfacet
  facet normal 0.924017 0.382352 0
    outer loop
      vertex 125.424 76.9951 17.1
      vertex 125.49 76.8356 25.1
      vertex 125.49 76.8356 17.1
    endloop
  endfacet
  facet normal 0.520423 -0.853909 0
    outer loop
      vertex 125.823 78.2249 17.1
      vertex 125.971 78.3151 25.1
      vertex 125.823 78.2249 25.1
    endloop
  endfacet
  facet normal 0.520423 -0.853909 0
    outer loop
      vertex 125.971 78.3151 25.1
      vertex 125.823 78.2249 17.1
      vertex 125.971 78.3151 17.1
    endloop
  endfacet
  facet normal -0.853167 0.521638 0
    outer loop
      vertex 127.36 76.6884 17.1
      vertex 127.45 76.8356 25.1
      vertex 127.45 76.8356 17.1
    endloop
  endfacet
  facet normal -0.853167 0.521638 0
    outer loop
      vertex 127.45 76.8356 25.1
      vertex 127.36 76.6884 17.1
      vertex 127.36 76.6884 25.1
    endloop
  endfacet
  facet normal -0.972744 0.231882 0
    outer loop
      vertex 127.516 76.9951 17.1
      vertex 127.556 77.1629 25.1
      vertex 127.556 77.1629 17.1
    endloop
  endfacet
  facet normal -0.972744 0.231882 0
    outer loop
      vertex 127.556 77.1629 25.1
      vertex 127.516 76.9951 17.1
      vertex 127.516 76.9951 25.1
    endloop
  endfacet
  facet normal 0.972744 -0.231882 0
    outer loop
      vertex 125.384 77.5071 25.1
      vertex 125.424 77.6749 17.1
      vertex 125.424 77.6749 25.1
    endloop
  endfacet
  facet normal 0.972744 -0.231882 0
    outer loop
      vertex 125.424 77.6749 17.1
      vertex 125.384 77.5071 25.1
      vertex 125.384 77.5071 17.1
    endloop
  endfacet
  facet normal -0.760565 -0.649262 0
    outer loop
      vertex 127.36 77.9816 17.1
      vertex 127.248 78.1128 25.1
      vertex 127.248 78.1128 17.1
    endloop
  endfacet
  facet normal -0.760565 -0.649262 0
    outer loop
      vertex 127.248 78.1128 25.1
      vertex 127.36 77.9816 17.1
      vertex 127.36 77.9816 25.1
    endloop
  endfacet
  facet normal 0.996708 0.0810802 0
    outer loop
      vertex 125.384 77.1629 25.1
      vertex 125.37 77.335 17.1
      vertex 125.37 77.335 25.1
    endloop
  endfacet
  facet normal 0.996708 0.0810802 0
    outer loop
      vertex 125.37 77.335 17.1
      vertex 125.384 77.1629 25.1
      vertex 125.384 77.1629 17.1
    endloop
  endfacet
  facet normal -0.760565 0.649262 0
    outer loop
      vertex 127.248 76.5572 17.1
      vertex 127.36 76.6884 25.1
      vertex 127.36 76.6884 17.1
    endloop
  endfacet
  facet normal -0.760565 0.649262 0
    outer loop
      vertex 127.36 76.6884 25.1
      vertex 127.248 76.5572 17.1
      vertex 127.248 76.5572 25.1
    endloop
  endfacet
  facet normal 0.972744 0.231882 0
    outer loop
      vertex 125.424 76.9951 25.1
      vertex 125.384 77.1629 17.1
      vertex 125.384 77.1629 25.1
    endloop
  endfacet
  facet normal 0.972744 0.231882 0
    outer loop
      vertex 125.384 77.1629 17.1
      vertex 125.424 76.9951 25.1
      vertex 125.424 76.9951 17.1
    endloop
  endfacet
  facet normal -0.520423 -0.853909 0
    outer loop
      vertex 126.969 78.3151 17.1
      vertex 127.117 78.2249 25.1
      vertex 126.969 78.3151 25.1
    endloop
  endfacet
  facet normal -0.520423 -0.853909 -0
    outer loop
      vertex 127.117 78.2249 25.1
      vertex 126.969 78.3151 17.1
      vertex 127.117 78.2249 17.1
    endloop
  endfacet
  facet normal 0.65017 0.759789 -0
    outer loop
      vertex 125.823 76.4451 17.1
      vertex 125.692 76.5572 25.1
      vertex 125.823 76.4451 25.1
    endloop
  endfacet
  facet normal 0.65017 0.759789 0
    outer loop
      vertex 125.692 76.5572 25.1
      vertex 125.823 76.4451 17.1
      vertex 125.692 76.5572 17.1
    endloop
  endfacet
  facet normal -0.383873 0.923386 0
    outer loop
      vertex 126.969 76.3549 17.1
      vertex 126.81 76.2888 25.1
      vertex 126.969 76.3549 25.1
    endloop
  endfacet
  facet normal -0.383873 0.923386 0
    outer loop
      vertex 126.81 76.2888 25.1
      vertex 126.969 76.3549 17.1
      vertex 126.81 76.2888 17.1
    endloop
  endfacet
  facet normal -0.924017 0.382352 0
    outer loop
      vertex 127.45 76.8356 17.1
      vertex 127.516 76.9951 25.1
      vertex 127.516 76.9951 17.1
    endloop
  endfacet
  facet normal -0.924017 0.382352 0
    outer loop
      vertex 127.516 76.9951 25.1
      vertex 127.45 76.8356 17.1
      vertex 127.45 76.8356 25.1
    endloop
  endfacet
  facet normal 0.383873 -0.923386 0
    outer loop
      vertex 125.971 78.3151 17.1
      vertex 126.13 78.3812 25.1
      vertex 125.971 78.3151 25.1
    endloop
  endfacet
  facet normal 0.383873 -0.923386 0
    outer loop
      vertex 126.13 78.3812 25.1
      vertex 125.971 78.3151 17.1
      vertex 126.13 78.3812 17.1
    endloop
  endfacet
  facet normal -0.0782477 -0.996934 0
    outer loop
      vertex 126.47 78.435 17.1
      vertex 126.642 78.4215 25.1
      vertex 126.47 78.435 25.1
    endloop
  endfacet
  facet normal -0.0782477 -0.996934 -0
    outer loop
      vertex 126.642 78.4215 25.1
      vertex 126.47 78.435 17.1
      vertex 126.642 78.4215 17.1
    endloop
  endfacet
  facet normal 0.520423 0.853909 -0
    outer loop
      vertex 125.971 76.3549 17.1
      vertex 125.823 76.4451 25.1
      vertex 125.971 76.3549 25.1
    endloop
  endfacet
  facet normal 0.520423 0.853909 0
    outer loop
      vertex 125.823 76.4451 25.1
      vertex 125.971 76.3549 17.1
      vertex 125.823 76.4451 17.1
    endloop
  endfacet
  facet normal -0.853167 -0.521638 0
    outer loop
      vertex 127.45 77.8344 17.1
      vertex 127.36 77.9816 25.1
      vertex 127.36 77.9816 17.1
    endloop
  endfacet
  facet normal -0.853167 -0.521638 0
    outer loop
      vertex 127.36 77.9816 25.1
      vertex 127.45 77.8344 17.1
      vertex 127.45 77.8344 25.1
    endloop
  endfacet
  facet normal 0.65017 -0.759789 0
    outer loop
      vertex 125.692 78.1128 17.1
      vertex 125.823 78.2249 25.1
      vertex 125.692 78.1128 25.1
    endloop
  endfacet
  facet normal 0.65017 -0.759789 0
    outer loop
      vertex 125.823 78.2249 25.1
      vertex 125.692 78.1128 17.1
      vertex 125.823 78.2249 17.1
    endloop
  endfacet
  facet normal -0.996708 0.0810802 0
    outer loop
      vertex 127.556 77.1629 17.1
      vertex 127.57 77.335 25.1
      vertex 127.57 77.335 17.1
    endloop
  endfacet
  facet normal -0.996708 0.0810802 0
    outer loop
      vertex 127.57 77.335 25.1
      vertex 127.556 77.1629 17.1
      vertex 127.556 77.1629 25.1
    endloop
  endfacet
  facet normal -0.65017 -0.759789 0
    outer loop
      vertex 127.117 78.2249 17.1
      vertex 127.248 78.1128 25.1
      vertex 127.117 78.2249 25.1
    endloop
  endfacet
  facet normal -0.65017 -0.759789 -0
    outer loop
      vertex 127.248 78.1128 25.1
      vertex 127.117 78.2249 17.1
      vertex 127.248 78.1128 17.1
    endloop
  endfacet
  facet normal 0.853167 -0.521638 0
    outer loop
      vertex 125.49 77.8344 25.1
      vertex 125.58 77.9816 17.1
      vertex 125.58 77.9816 25.1
    endloop
  endfacet
  facet normal 0.853167 -0.521638 0
    outer loop
      vertex 125.58 77.9816 17.1
      vertex 125.49 77.8344 25.1
      vertex 125.49 77.8344 17.1
    endloop
  endfacet
  facet normal 0.233263 -0.972414 0
    outer loop
      vertex 126.13 78.3812 17.1
      vertex 126.298 78.4215 25.1
      vertex 126.13 78.3812 25.1
    endloop
  endfacet
  facet normal 0.233263 -0.972414 0
    outer loop
      vertex 126.298 78.4215 25.1
      vertex 126.13 78.3812 17.1
      vertex 126.298 78.4215 17.1
    endloop
  endfacet
  facet normal 0.0782477 -0.996934 0
    outer loop
      vertex 126.298 78.4215 17.1
      vertex 126.47 78.435 25.1
      vertex 126.298 78.4215 25.1
    endloop
  endfacet
  facet normal 0.0782477 -0.996934 0
    outer loop
      vertex 126.47 78.435 25.1
      vertex 126.298 78.4215 17.1
      vertex 126.47 78.435 17.1
    endloop
  endfacet
  facet normal 0 0 -1
    outer loop
      vertex 127.556 77.1629 25.1
      vertex 127.556 77.5071 25.1
      vertex 127.57 77.335 25.1
    endloop
  endfacet
  facet normal 0 0 -1
    outer loop
      vertex 127.516 76.9951 25.1
      vertex 127.556 77.5071 25.1
      vertex 127.556 77.1629 25.1
    endloop
  endfacet
  facet normal 0 0 -1
    outer loop
      vertex 127.516 76.9951 25.1
      vertex 127.516 77.6749 25.1
      vertex 127.556 77.5071 25.1
    endloop
  endfacet
  facet normal 0 0 -1
    outer loop
      vertex 127.45 76.8356 25.1
      vertex 127.516 77.6749 25.1
      vertex 127.516 76.9951 25.1
    endloop
  endfacet
  facet normal 0 0 -1
    outer loop
      vertex 127.45 76.8356 25.1
      vertex 127.45 77.8344 25.1
      vertex 127.516 77.6749 25.1
    endloop
  endfacet
  facet normal 0 0 -1
    outer loop
      vertex 127.36 76.6884 25.1
      vertex 127.45 77.8344 25.1
      vertex 127.45 76.8356 25.1
    endloop
  endfacet
  facet normal 0 0 -1
    outer loop
      vertex 127.36 76.6884 25.1
      vertex 127.36 77.9816 25.1
      vertex 127.45 77.8344 25.1
    endloop
  endfacet
  facet normal 0 0 -1
    outer loop
      vertex 127.248 76.5572 25.1
      vertex 127.36 77.9816 25.1
      vertex 127.36 76.6884 25.1
    endloop
  endfacet
  facet normal 0 0 -1
    outer loop
      vertex 127.248 76.5572 25.1
      vertex 127.248 78.1128 25.1
      vertex 127.36 77.9816 25.1
    endloop
  endfacet
  facet normal 0 0 -1
    outer loop
      vertex 127.117 76.4451 25.1
      vertex 127.248 78.1128 25.1
      vertex 127.248 76.5572 25.1
    endloop
  endfacet
  facet normal 0 0 -1
    outer loop
      vertex 127.117 76.4451 25.1
      vertex 127.117 78.2249 25.1
      vertex 127.248 78.1128 25.1
    endloop
  endfacet
  facet normal 0 0 -1
    outer loop
      vertex 126.969 76.3549 25.1
      vertex 127.117 78.2249 25.1
      vertex 127.117 76.4451 25.1
    endloop
  endfacet
  facet normal 0 0 -1
    outer loop
      vertex 126.969 76.3549 25.1
      vertex 126.969 78.3151 25.1
      vertex 127.117 78.2249 25.1
    endloop
  endfacet
  facet normal 0 0 -1
    outer loop
      vertex 126.81 76.2888 25.1
      vertex 126.969 78.3151 25.1
      vertex 126.969 76.3549 25.1
    endloop
  endfacet
  facet normal 0 0 -1
    outer loop
      vertex 126.81 76.2888 25.1
      vertex 126.81 78.3812 25.1
      vertex 126.969 78.3151 25.1
    endloop
  endfacet
  facet normal 0 0 -1
    outer loop
      vertex 126.642 76.2485 25.1
      vertex 126.81 78.3812 25.1
      vertex 126.81 76.2888 25.1
    endloop
  endfacet
  facet normal 0 0 -1
    outer loop
      vertex 126.642 76.2485 25.1
      vertex 126.642 78.4215 25.1
      vertex 126.81 78.3812 25.1
    endloop
  endfacet
  facet normal 0 0 -1
    outer loop
      vertex 126.47 76.235 25.1
      vertex 126.642 78.4215 25.1
      vertex 126.642 76.2485 25.1
    endloop
  endfacet
  facet normal 0 0 -1
    outer loop
      vertex 126.47 76.235 25.1
      vertex 126.47 78.435 25.1
      vertex 126.642 78.4215 25.1
    endloop
  endfacet
  facet normal 0 0 -1
    outer loop
      vertex 126.298 76.2485 25.1
      vertex 126.47 78.435 25.1
      vertex 126.47 76.235 25.1
    endloop
  endfacet
  facet normal 0 0 -1
    outer loop
      vertex 126.298 76.2485 25.1
      vertex 126.298 78.4215 25.1
      vertex 126.47 78.435 25.1
    endloop
  endfacet
  facet normal 0 0 -1
    outer loop
      vertex 126.13 76.2888 25.1
      vertex 126.298 78.4215 25.1
      vertex 126.298 76.2485 25.1
    endloop
  endfacet
  facet normal 0 0 -1
    outer loop
      vertex 126.13 76.2888 25.1
      vertex 126.13 78.3812 25.1
      vertex 126.298 78.4215 25.1
    endloop
  endfacet
  facet normal 0 0 -1
    outer loop
      vertex 125.971 76.3549 25.1
      vertex 126.13 78.3812 25.1
      vertex 126.13 76.2888 25.1
    endloop
  endfacet
  facet normal 0 0 -1
    outer loop
      vertex 125.971 76.3549 25.1
      vertex 125.971 78.3151 25.1
      vertex 126.13 78.3812 25.1
    endloop
  endfacet
  facet normal 0 0 -1
    outer loop
      vertex 125.823 76.4451 25.1
      vertex 125.971 78.3151 25.1
      vertex 125.971 76.3549 25.1
    endloop
  endfacet
  facet normal 0 0 -1
    outer loop
      vertex 125.823 76.4451 25.1
      vertex 125.823 78.2249 25.1
      vertex 125.971 78.3151 25.1
    endloop
  endfacet
  facet normal 0 0 -1
    outer loop
      vertex 125.692 76.5572 25.1
      vertex 125.823 78.2249 25.1
      vertex 125.823 76.4451 25.1
    endloop
  endfacet
  facet normal 0 0 -1
    outer loop
      vertex 125.692 76.5572 25.1
      vertex 125.692 78.1128 25.1
      vertex 125.823 78.2249 25.1
    endloop
  endfacet
  facet normal 0 0 -1
    outer loop
      vertex 125.58 76.6884 25.1
      vertex 125.692 78.1128 25.1
      vertex 125.692 76.5572 25.1
    endloop
  endfacet
  facet normal 0 0 -1
    outer loop
      vertex 125.58 76.6884 25.1
      vertex 125.58 77.9816 25.1
      vertex 125.692 78.1128 25.1
    endloop
  endfacet
  facet normal 0 0 -1
    outer loop
      vertex 125.49 76.8356 25.1
      vertex 125.58 77.9816 25.1
      vertex 125.58 76.6884 25.1
    endloop
  endfacet
  facet normal 0 0 -1
    outer loop
      vertex 125.49 76.8356 25.1
      vertex 125.49 77.8344 25.1
      vertex 125.58 77.9816 25.1
    endloop
  endfacet
  facet normal 0 0 -1
    outer loop
      vertex 125.424 76.9951 25.1
      vertex 125.49 77.8344 25.1
      vertex 125.49 76.8356 25.1
    endloop
  endfacet
  facet normal 0 0 -1
    outer loop
      vertex 125.424 76.9951 25.1
      vertex 125.424 77.6749 25.1
      vertex 125.49 77.8344 25.1
    endloop
  endfacet
  facet normal 0 0 -1
    outer loop
      vertex 125.384 77.1629 25.1
      vertex 125.424 77.6749 25.1
      vertex 125.424 76.9951 25.1
    endloop
  endfacet
  facet normal 0 0 -1
    outer loop
      vertex 125.384 77.1629 25.1
      vertex 125.384 77.5071 25.1
      vertex 125.424 77.6749 25.1
    endloop
  endfacet
  facet normal 0 -0 -1
    outer loop
      vertex 125.384 77.5071 25.1
      vertex 125.384 77.1629 25.1
      vertex 125.37 77.335 25.1
    endloop
  endfacet
  facet normal -0.383873 -0.923386 0
    outer loop
      vertex 126.81 78.3812 17.1
      vertex 126.969 78.3151 25.1
      vertex 126.81 78.3812 25.1
    endloop
  endfacet
  facet normal -0.383873 -0.923386 -0
    outer loop
      vertex 126.969 78.3151 25.1
      vertex 126.81 78.3812 17.1
      vertex 126.969 78.3151 17.1
    endloop
  endfacet
  facet normal 0.924017 -0.382352 0
    outer loop
      vertex 125.424 77.6749 25.1
      vertex 125.49 77.8344 17.1
      vertex 125.49 77.8344 25.1
    endloop
  endfacet
  facet normal 0.924017 -0.382352 0
    outer loop
      vertex 125.49 77.8344 17.1
      vertex 125.424 77.6749 25.1
      vertex 125.424 77.6749 17.1
    endloop
  endfacet
  facet normal 0.760565 0.649262 0
    outer loop
      vertex 125.692 76.5572 25.1
      vertex 125.58 76.6884 17.1
      vertex 125.58 76.6884 25.1
    endloop
  endfacet
  facet normal 0.760565 0.649262 0
    outer loop
      vertex 125.58 76.6884 17.1
      vertex 125.692 76.5572 25.1
      vertex 125.692 76.5572 17.1
    endloop
  endfacet
  facet normal -0.65017 0.759789 0
    outer loop
      vertex 127.248 76.5572 17.1
      vertex 127.117 76.4451 25.1
      vertex 127.248 76.5572 25.1
    endloop
  endfacet
  facet normal -0.65017 0.759789 0
    outer loop
      vertex 127.117 76.4451 25.1
      vertex 127.248 76.5572 17.1
      vertex 127.117 76.4451 17.1
    endloop
  endfacet
  facet normal -0.520423 0.853909 0
    outer loop
      vertex 127.117 76.4451 17.1
      vertex 126.969 76.3549 25.1
      vertex 127.117 76.4451 25.1
    endloop
  endfacet
  facet normal -0.520423 0.853909 0
    outer loop
      vertex 126.969 76.3549 25.1
      vertex 127.117 76.4451 17.1
      vertex 126.969 76.3549 17.1
    endloop
  endfacet
  facet normal 0.996708 -0.0810802 0
    outer loop
      vertex 125.37 77.335 25.1
      vertex 125.384 77.5071 17.1
      vertex 125.384 77.5071 25.1
    endloop
  endfacet
  facet normal 0.996708 -0.0810802 0
    outer loop
      vertex 125.384 77.5071 17.1
      vertex 125.37 77.335 25.1
      vertex 125.37 77.335 17.1
    endloop
  endfacet
  facet normal 0.760565 -0.649262 0
    outer loop
      vertex 125.58 77.9816 25.1
      vertex 125.692 78.1128 17.1
      vertex 125.692 78.1128 25.1
    endloop
  endfacet
  facet normal 0.760565 -0.649262 0
    outer loop
      vertex 125.692 78.1128 17.1
      vertex 125.58 77.9816 25.1
      vertex 125.58 77.9816 17.1
    endloop
  endfacet
  facet normal -0.233263 -0.972414 0
    outer loop
      vertex 126.642 78.4215 17.1
      vertex 126.81 78.3812 25.1
      vertex 126.642 78.4215 25.1
    endloop
  endfacet
  facet normal -0.233263 -0.972414 -0
    outer loop
      vertex 126.81 78.3812 25.1
      vertex 126.642 78.4215 17.1
      vertex 126.81 78.3812 17.1
    endloop
  endfacet
  facet normal 0.0782477 0.996934 -0
    outer loop
      vertex 126.47 76.235 17.1
      vertex 126.298 76.2485 25.1
      vertex 126.47 76.235 25.1
    endloop
  endfacet
  facet normal 0.0782477 0.996934 0
    outer loop
      vertex 126.298 76.2485 25.1
      vertex 126.47 76.235 17.1
      vertex 126.298 76.2485 17.1
    endloop
  endfacet
  facet normal 0.853167 0.521638 0
    outer loop
      vertex 125.58 76.6884 25.1
      vertex 125.49 76.8356 17.1
      vertex 125.49 76.8356 25.1
    endloop
  endfacet
  facet normal 0.853167 0.521638 0
    outer loop
      vertex 125.49 76.8356 17.1
      vertex 125.58 76.6884 25.1
      vertex 125.58 76.6884 17.1
    endloop
  endfacet
  facet normal -0.233263 0.972414 0
    outer loop
      vertex 126.81 76.2888 17.1
      vertex 126.642 76.2485 25.1
      vertex 126.81 76.2888 25.1
    endloop
  endfacet
  facet normal -0.233263 0.972414 0
    outer loop
      vertex 126.642 76.2485 25.1
      vertex 126.81 76.2888 17.1
      vertex 126.642 76.2485 17.1
    endloop
  endfacet
  facet normal 0.383873 0.923386 -0
    outer loop
      vertex 126.13 76.2888 17.1
      vertex 125.971 76.3549 25.1
      vertex 126.13 76.2888 25.1
    endloop
  endfacet
  facet normal 0.383873 0.923386 0
    outer loop
      vertex 125.971 76.3549 25.1
      vertex 126.13 76.2888 17.1
      vertex 125.971 76.3549 17.1
    endloop
  endfacet
  facet normal 0.233263 0.972414 -0
    outer loop
      vertex 126.298 76.2485 17.1
      vertex 126.13 76.2888 25.1
      vertex 126.298 76.2485 25.1
    endloop
  endfacet
  facet normal 0.233263 0.972414 0
    outer loop
      vertex 126.13 76.2888 25.1
      vertex 126.298 76.2485 17.1
      vertex 126.13 76.2888 17.1
    endloop
  endfacet
  facet normal 0.760565 0.649262 0
    outer loop
      vertex 166.332 56.8722 25.1
      vertex 166.22 57.0034 17.1
      vertex 166.22 57.0034 25.1
    endloop
  endfacet
  facet normal 0.760565 0.649262 0
    outer loop
      vertex 166.22 57.0034 17.1
      vertex 166.332 56.8722 25.1
      vertex 166.332 56.8722 17.1
    endloop
  endfacet
  facet normal -0.972744 -0.231882 0
    outer loop
      vertex 168.196 57.8221 17.1
      vertex 168.156 57.9899 25.1
      vertex 168.156 57.9899 17.1
    endloop
  endfacet
  facet normal -0.972744 -0.231882 0
    outer loop
      vertex 168.156 57.9899 25.1
      vertex 168.196 57.8221 17.1
      vertex 168.196 57.8221 25.1
    endloop
  endfacet
  facet normal -0.996708 -0.0810802 0
    outer loop
      vertex 168.21 57.65 17.1
      vertex 168.196 57.8221 25.1
      vertex 168.196 57.8221 17.1
    endloop
  endfacet
  facet normal -0.996708 -0.0810802 0
    outer loop
      vertex 168.196 57.8221 25.1
      vertex 168.21 57.65 17.1
      vertex 168.21 57.65 25.1
    endloop
  endfacet
  facet normal 0.924017 -0.382352 0
    outer loop
      vertex 166.064 57.9899 25.1
      vertex 166.13 58.1494 17.1
      vertex 166.13 58.1494 25.1
    endloop
  endfacet
  facet normal 0.924017 -0.382352 0
    outer loop
      vertex 166.13 58.1494 17.1
      vertex 166.064 57.9899 25.1
      vertex 166.064 57.9899 17.1
    endloop
  endfacet
  facet normal 0.0782477 0.996934 -0
    outer loop
      vertex 167.11 56.55 17.1
      vertex 166.938 56.5635 25.1
      vertex 167.11 56.55 25.1
    endloop
  endfacet
  facet normal 0.0782477 0.996934 0
    outer loop
      vertex 166.938 56.5635 25.1
      vertex 167.11 56.55 17.1
      vertex 166.938 56.5635 17.1
    endloop
  endfacet
  facet normal 0.233263 -0.972414 0
    outer loop
      vertex 166.77 58.6962 17.1
      vertex 166.938 58.7365 25.1
      vertex 166.77 58.6962 25.1
    endloop
  endfacet
  facet normal 0.233263 -0.972414 0
    outer loop
      vertex 166.938 58.7365 25.1
      vertex 166.77 58.6962 17.1
      vertex 166.938 58.7365 17.1
    endloop
  endfacet
  facet normal 0.520423 -0.853909 0
    outer loop
      vertex 166.463 58.5399 17.1
      vertex 166.611 58.6301 25.1
      vertex 166.463 58.5399 25.1
    endloop
  endfacet
  facet normal 0.520423 -0.853909 0
    outer loop
      vertex 166.611 58.6301 25.1
      vertex 166.463 58.5399 17.1
      vertex 166.611 58.6301 17.1
    endloop
  endfacet
  facet normal 0.853167 0.521638 0
    outer loop
      vertex 166.22 57.0034 25.1
      vertex 166.13 57.1506 17.1
      vertex 166.13 57.1506 25.1
    endloop
  endfacet
  facet normal 0.853167 0.521638 0
    outer loop
      vertex 166.13 57.1506 17.1
      vertex 166.22 57.0034 25.1
      vertex 166.22 57.0034 17.1
    endloop
  endfacet
  facet normal -0.233263 -0.972414 0
    outer loop
      vertex 167.282 58.7365 17.1
      vertex 167.45 58.6962 25.1
      vertex 167.282 58.7365 25.1
    endloop
  endfacet
  facet normal -0.233263 -0.972414 -0
    outer loop
      vertex 167.45 58.6962 25.1
      vertex 167.282 58.7365 17.1
      vertex 167.45 58.6962 17.1
    endloop
  endfacet
  facet normal -0.996708 0.0810802 0
    outer loop
      vertex 168.196 57.4779 17.1
      vertex 168.21 57.65 25.1
      vertex 168.21 57.65 17.1
    endloop
  endfacet
  facet normal -0.996708 0.0810802 0
    outer loop
      vertex 168.21 57.65 25.1
      vertex 168.196 57.4779 17.1
      vertex 168.196 57.4779 25.1
    endloop
  endfacet
  facet normal -0.383873 0.923386 0
    outer loop
      vertex 167.609 56.6699 17.1
      vertex 167.45 56.6038 25.1
      vertex 167.609 56.6699 25.1
    endloop
  endfacet
  facet normal -0.383873 0.923386 0
    outer loop
      vertex 167.45 56.6038 25.1
      vertex 167.609 56.6699 17.1
      vertex 167.45 56.6038 17.1
    endloop
  endfacet
  facet normal -0.383873 -0.923386 0
    outer loop
      vertex 167.45 58.6962 17.1
      vertex 167.609 58.6301 25.1
      vertex 167.45 58.6962 25.1
    endloop
  endfacet
  facet normal -0.383873 -0.923386 -0
    outer loop
      vertex 167.609 58.6301 25.1
      vertex 167.45 58.6962 17.1
      vertex 167.609 58.6301 17.1
    endloop
  endfacet
  facet normal -0.853167 0.521638 0
    outer loop
      vertex 168 57.0034 17.1
      vertex 168.09 57.1506 25.1
      vertex 168.09 57.1506 17.1
    endloop
  endfacet
  facet normal -0.853167 0.521638 0
    outer loop
      vertex 168.09 57.1506 25.1
      vertex 168 57.0034 17.1
      vertex 168 57.0034 25.1
    endloop
  endfacet
  facet normal 0.924017 0.382352 0
    outer loop
      vertex 166.13 57.1506 25.1
      vertex 166.064 57.3101 17.1
      vertex 166.064 57.3101 25.1
    endloop
  endfacet
  facet normal 0.924017 0.382352 0
    outer loop
      vertex 166.064 57.3101 17.1
      vertex 166.13 57.1506 25.1
      vertex 166.13 57.1506 17.1
    endloop
  endfacet
  facet normal -0.0782477 0.996934 0
    outer loop
      vertex 167.282 56.5635 17.1
      vertex 167.11 56.55 25.1
      vertex 167.282 56.5635 25.1
    endloop
  endfacet
  facet normal -0.0782477 0.996934 0
    outer loop
      vertex 167.11 56.55 25.1
      vertex 167.282 56.5635 17.1
      vertex 167.11 56.55 17.1
    endloop
  endfacet
  facet normal -0.233263 0.972414 0
    outer loop
      vertex 167.45 56.6038 17.1
      vertex 167.282 56.5635 25.1
      vertex 167.45 56.6038 25.1
    endloop
  endfacet
  facet normal -0.233263 0.972414 0
    outer loop
      vertex 167.282 56.5635 25.1
      vertex 167.45 56.6038 17.1
      vertex 167.282 56.5635 17.1
    endloop
  endfacet
  facet normal -0.65017 0.759789 0
    outer loop
      vertex 167.888 56.8722 17.1
      vertex 167.757 56.7601 25.1
      vertex 167.888 56.8722 25.1
    endloop
  endfacet
  facet normal -0.65017 0.759789 0
    outer loop
      vertex 167.757 56.7601 25.1
      vertex 167.888 56.8722 17.1
      vertex 167.757 56.7601 17.1
    endloop
  endfacet
  facet normal 0.65017 -0.759789 0
    outer loop
      vertex 166.332 58.4278 17.1
      vertex 166.463 58.5399 25.1
      vertex 166.332 58.4278 25.1
    endloop
  endfacet
  facet normal 0.65017 -0.759789 0
    outer loop
      vertex 166.463 58.5399 25.1
      vertex 166.332 58.4278 17.1
      vertex 166.463 58.5399 17.1
    endloop
  endfacet
  facet normal -0.760565 -0.649262 0
    outer loop
      vertex 168 58.2966 17.1
      vertex 167.888 58.4278 25.1
      vertex 167.888 58.4278 17.1
    endloop
  endfacet
  facet normal -0.760565 -0.649262 0
    outer loop
      vertex 167.888 58.4278 25.1
      vertex 168 58.2966 17.1
      vertex 168 58.2966 25.1
    endloop
  endfacet
  facet normal -0.972744 0.231882 0
    outer loop
      vertex 168.156 57.3101 17.1
      vertex 168.196 57.4779 25.1
      vertex 168.196 57.4779 17.1
    endloop
  endfacet
  facet normal -0.972744 0.231882 0
    outer loop
      vertex 168.196 57.4779 25.1
      vertex 168.156 57.3101 17.1
      vertex 168.156 57.3101 25.1
    endloop
  endfacet
  facet normal -0.924017 0.382352 0
    outer loop
      vertex 168.09 57.1506 17.1
      vertex 168.156 57.3101 25.1
      vertex 168.156 57.3101 17.1
    endloop
  endfacet
  facet normal -0.924017 0.382352 0
    outer loop
      vertex 168.156 57.3101 25.1
      vertex 168.09 57.1506 17.1
      vertex 168.09 57.1506 25.1
    endloop
  endfacet
  facet normal -0.65017 -0.759789 0
    outer loop
      vertex 167.757 58.5399 17.1
      vertex 167.888 58.4278 25.1
      vertex 167.757 58.5399 25.1
    endloop
  endfacet
  facet normal -0.65017 -0.759789 -0
    outer loop
      vertex 167.888 58.4278 25.1
      vertex 167.757 58.5399 17.1
      vertex 167.888 58.4278 17.1
    endloop
  endfacet
  facet normal 0.972744 -0.231882 0
    outer loop
      vertex 166.024 57.8221 25.1
      vertex 166.064 57.9899 17.1
      vertex 166.064 57.9899 25.1
    endloop
  endfacet
  facet normal 0.972744 -0.231882 0
    outer loop
      vertex 166.064 57.9899 17.1
      vertex 166.024 57.8221 25.1
      vertex 166.024 57.8221 17.1
    endloop
  endfacet
  facet normal -0.0782477 -0.996934 0
    outer loop
      vertex 167.11 58.75 17.1
      vertex 167.282 58.7365 25.1
      vertex 167.11 58.75 25.1
    endloop
  endfacet
  facet normal -0.0782477 -0.996934 -0
    outer loop
      vertex 167.282 58.7365 25.1
      vertex 167.11 58.75 17.1
      vertex 167.282 58.7365 17.1
    endloop
  endfacet
  facet normal -0.520423 -0.853909 0
    outer loop
      vertex 167.609 58.6301 17.1
      vertex 167.757 58.5399 25.1
      vertex 167.609 58.6301 25.1
    endloop
  endfacet
  facet normal -0.520423 -0.853909 -0
    outer loop
      vertex 167.757 58.5399 25.1
      vertex 167.609 58.6301 17.1
      vertex 167.757 58.5399 17.1
    endloop
  endfacet
  facet normal 0.233263 0.972414 -0
    outer loop
      vertex 166.938 56.5635 17.1
      vertex 166.77 56.6038 25.1
      vertex 166.938 56.5635 25.1
    endloop
  endfacet
  facet normal 0.233263 0.972414 0
    outer loop
      vertex 166.77 56.6038 25.1
      vertex 166.938 56.5635 17.1
      vertex 166.77 56.6038 17.1
    endloop
  endfacet
  facet normal -0.520423 0.853909 0
    outer loop
      vertex 167.757 56.7601 17.1
      vertex 167.609 56.6699 25.1
      vertex 167.757 56.7601 25.1
    endloop
  endfacet
  facet normal -0.520423 0.853909 0
    outer loop
      vertex 167.609 56.6699 25.1
      vertex 167.757 56.7601 17.1
      vertex 167.609 56.6699 17.1
    endloop
  endfacet
  facet normal -0.760565 0.649262 0
    outer loop
      vertex 167.888 56.8722 17.1
      vertex 168 57.0034 25.1
      vertex 168 57.0034 17.1
    endloop
  endfacet
  facet normal -0.760565 0.649262 0
    outer loop
      vertex 168 57.0034 25.1
      vertex 167.888 56.8722 17.1
      vertex 167.888 56.8722 25.1
    endloop
  endfacet
  facet normal 0.65017 0.759789 -0
    outer loop
      vertex 166.463 56.7601 17.1
      vertex 166.332 56.8722 25.1
      vertex 166.463 56.7601 25.1
    endloop
  endfacet
  facet normal 0.65017 0.759789 0
    outer loop
      vertex 166.332 56.8722 25.1
      vertex 166.463 56.7601 17.1
      vertex 166.332 56.8722 17.1
    endloop
  endfacet
  facet normal 0.972744 0.231882 0
    outer loop
      vertex 166.064 57.3101 25.1
      vertex 166.024 57.4779 17.1
      vertex 166.024 57.4779 25.1
    endloop
  endfacet
  facet normal 0.972744 0.231882 0
    outer loop
      vertex 166.024 57.4779 17.1
      vertex 166.064 57.3101 25.1
      vertex 166.064 57.3101 17.1
    endloop
  endfacet
  facet normal 0.760565 -0.649262 0
    outer loop
      vertex 166.22 58.2966 25.1
      vertex 166.332 58.4278 17.1
      vertex 166.332 58.4278 25.1
    endloop
  endfacet
  facet normal 0.760565 -0.649262 0
    outer loop
      vertex 166.332 58.4278 17.1
      vertex 166.22 58.2966 25.1
      vertex 166.22 58.2966 17.1
    endloop
  endfacet
  facet normal 0.996708 0.0810802 0
    outer loop
      vertex 166.024 57.4779 25.1
      vertex 166.01 57.65 17.1
      vertex 166.01 57.65 25.1
    endloop
  endfacet
  facet normal 0.996708 0.0810802 0
    outer loop
      vertex 166.01 57.65 17.1
      vertex 166.024 57.4779 25.1
      vertex 166.024 57.4779 17.1
    endloop
  endfacet
  facet normal -0.853167 -0.521638 0
    outer loop
      vertex 168.09 58.1494 17.1
      vertex 168 58.2966 25.1
      vertex 168 58.2966 17.1
    endloop
  endfacet
  facet normal -0.853167 -0.521638 0
    outer loop
      vertex 168 58.2966 25.1
      vertex 168.09 58.1494 17.1
      vertex 168.09 58.1494 25.1
    endloop
  endfacet
  facet normal 0.0782477 -0.996934 0
    outer loop
      vertex 166.938 58.7365 17.1
      vertex 167.11 58.75 25.1
      vertex 166.938 58.7365 25.1
    endloop
  endfacet
  facet normal 0.0782477 -0.996934 0
    outer loop
      vertex 167.11 58.75 25.1
      vertex 166.938 58.7365 17.1
      vertex 167.11 58.75 17.1
    endloop
  endfacet
  facet normal 0.996708 -0.0810802 0
    outer loop
      vertex 166.01 57.65 25.1
      vertex 166.024 57.8221 17.1
      vertex 166.024 57.8221 25.1
    endloop
  endfacet
  facet normal 0.996708 -0.0810802 0
    outer loop
      vertex 166.024 57.8221 17.1
      vertex 166.01 57.65 25.1
      vertex 166.01 57.65 17.1
    endloop
  endfacet
  facet normal 0.383873 -0.923386 0
    outer loop
      vertex 166.611 58.6301 17.1
      vertex 166.77 58.6962 25.1
      vertex 166.611 58.6301 25.1
    endloop
  endfacet
  facet normal 0.383873 -0.923386 0
    outer loop
      vertex 166.77 58.6962 25.1
      vertex 166.611 58.6301 17.1
      vertex 166.77 58.6962 17.1
    endloop
  endfacet
  facet normal -0.924017 -0.382352 0
    outer loop
      vertex 168.156 57.9899 17.1
      vertex 168.09 58.1494 25.1
      vertex 168.09 58.1494 17.1
    endloop
  endfacet
  facet normal -0.924017 -0.382352 0
    outer loop
      vertex 168.09 58.1494 25.1
      vertex 168.156 57.9899 17.1
      vertex 168.156 57.9899 25.1
    endloop
  endfacet
  facet normal 0.383873 0.923386 -0
    outer loop
      vertex 166.77 56.6038 17.1
      vertex 166.611 56.6699 25.1
      vertex 166.77 56.6038 25.1
    endloop
  endfacet
  facet normal 0.383873 0.923386 0
    outer loop
      vertex 166.611 56.6699 25.1
      vertex 166.77 56.6038 17.1
      vertex 166.611 56.6699 17.1
    endloop
  endfacet
  facet normal 0 0 -1
    outer loop
      vertex 168.196 57.4779 25.1
      vertex 168.196 57.8221 25.1
      vertex 168.21 57.65 25.1
    endloop
  endfacet
  facet normal 0 0 -1
    outer loop
      vertex 168.156 57.3101 25.1
      vertex 168.196 57.8221 25.1
      vertex 168.196 57.4779 25.1
    endloop
  endfacet
  facet normal 0 0 -1
    outer loop
      vertex 168.156 57.3101 25.1
      vertex 168.156 57.9899 25.1
      vertex 168.196 57.8221 25.1
    endloop
  endfacet
  facet normal 0 0 -1
    outer loop
      vertex 168.09 57.1506 25.1
      vertex 168.156 57.9899 25.1
      vertex 168.156 57.3101 25.1
    endloop
  endfacet
  facet normal 0 0 -1
    outer loop
      vertex 168.09 57.1506 25.1
      vertex 168.09 58.1494 25.1
      vertex 168.156 57.9899 25.1
    endloop
  endfacet
  facet normal 0 0 -1
    outer loop
      vertex 168 57.0034 25.1
      vertex 168.09 58.1494 25.1
      vertex 168.09 57.1506 25.1
    endloop
  endfacet
  facet normal 0 0 -1
    outer loop
      vertex 168 57.0034 25.1
      vertex 168 58.2966 25.1
      vertex 168.09 58.1494 25.1
    endloop
  endfacet
  facet normal 0 0 -1
    outer loop
      vertex 167.888 56.8722 25.1
      vertex 168 58.2966 25.1
      vertex 168 57.0034 25.1
    endloop
  endfacet
  facet normal 0 0 -1
    outer loop
      vertex 167.888 56.8722 25.1
      vertex 167.888 58.4278 25.1
      vertex 168 58.2966 25.1
    endloop
  endfacet
  facet normal 0 0 -1
    outer loop
      vertex 167.757 56.7601 25.1
      vertex 167.888 58.4278 25.1
      vertex 167.888 56.8722 25.1
    endloop
  endfacet
  facet normal 0 0 -1
    outer loop
      vertex 167.757 56.7601 25.1
      vertex 167.757 58.5399 25.1
      vertex 167.888 58.4278 25.1
    endloop
  endfacet
  facet normal 0 0 -1
    outer loop
      vertex 167.609 56.6699 25.1
      vertex 167.757 58.5399 25.1
      vertex 167.757 56.7601 25.1
    endloop
  endfacet
  facet normal 0 0 -1
    outer loop
      vertex 167.609 56.6699 25.1
      vertex 167.609 58.6301 25.1
      vertex 167.757 58.5399 25.1
    endloop
  endfacet
  facet normal 0 0 -1
    outer loop
      vertex 167.45 56.6038 25.1
      vertex 167.609 58.6301 25.1
      vertex 167.609 56.6699 25.1
    endloop
  endfacet
  facet normal 0 0 -1
    outer loop
      vertex 167.45 56.6038 25.1
      vertex 167.45 58.6962 25.1
      vertex 167.609 58.6301 25.1
    endloop
  endfacet
  facet normal 0 0 -1
    outer loop
      vertex 167.282 56.5635 25.1
      vertex 167.45 58.6962 25.1
      vertex 167.45 56.6038 25.1
    endloop
  endfacet
  facet normal 0 0 -1
    outer loop
      vertex 167.282 56.5635 25.1
      vertex 167.282 58.7365 25.1
      vertex 167.45 58.6962 25.1
    endloop
  endfacet
  facet normal 0 0 -1
    outer loop
      vertex 167.11 56.55 25.1
      vertex 167.282 58.7365 25.1
      vertex 167.282 56.5635 25.1
    endloop
  endfacet
  facet normal 0 0 -1
    outer loop
      vertex 167.11 56.55 25.1
      vertex 167.11 58.75 25.1
      vertex 167.282 58.7365 25.1
    endloop
  endfacet
  facet normal 0 0 -1
    outer loop
      vertex 166.938 56.5635 25.1
      vertex 167.11 58.75 25.1
      vertex 167.11 56.55 25.1
    endloop
  endfacet
  facet normal 0 0 -1
    outer loop
      vertex 166.938 56.5635 25.1
      vertex 166.938 58.7365 25.1
      vertex 167.11 58.75 25.1
    endloop
  endfacet
  facet normal 0 0 -1
    outer loop
      vertex 166.77 56.6038 25.1
      vertex 166.938 58.7365 25.1
      vertex 166.938 56.5635 25.1
    endloop
  endfacet
  facet normal 0 0 -1
    outer loop
      vertex 166.77 56.6038 25.1
      vertex 166.77 58.6962 25.1
      vertex 166.938 58.7365 25.1
    endloop
  endfacet
  facet normal 0 0 -1
    outer loop
      vertex 166.611 56.6699 25.1
      vertex 166.77 58.6962 25.1
      vertex 166.77 56.6038 25.1
    endloop
  endfacet
  facet normal 0 0 -1
    outer loop
      vertex 166.611 56.6699 25.1
      vertex 166.611 58.6301 25.1
      vertex 166.77 58.6962 25.1
    endloop
  endfacet
  facet normal 0 0 -1
    outer loop
      vertex 166.463 56.7601 25.1
      vertex 166.611 58.6301 25.1
      vertex 166.611 56.6699 25.1
    endloop
  endfacet
  facet normal 0 0 -1
    outer loop
      vertex 166.463 56.7601 25.1
      vertex 166.463 58.5399 25.1
      vertex 166.611 58.6301 25.1
    endloop
  endfacet
  facet normal 0 0 -1
    outer loop
      vertex 166.332 56.8722 25.1
      vertex 166.463 58.5399 25.1
      vertex 166.463 56.7601 25.1
    endloop
  endfacet
  facet normal 0 0 -1
    outer loop
      vertex 166.332 56.8722 25.1
      vertex 166.332 58.4278 25.1
      vertex 166.463 58.5399 25.1
    endloop
  endfacet
  facet normal 0 0 -1
    outer loop
      vertex 166.22 57.0034 25.1
      vertex 166.332 58.4278 25.1
      vertex 166.332 56.8722 25.1
    endloop
  endfacet
  facet normal 0 0 -1
    outer loop
      vertex 166.22 57.0034 25.1
      vertex 166.22 58.2966 25.1
      vertex 166.332 58.4278 25.1
    endloop
  endfacet
  facet normal 0 0 -1
    outer loop
      vertex 166.13 57.1506 25.1
      vertex 166.22 58.2966 25.1
      vertex 166.22 57.0034 25.1
    endloop
  endfacet
  facet normal 0 0 -1
    outer loop
      vertex 166.13 57.1506 25.1
      vertex 166.13 58.1494 25.1
      vertex 166.22 58.2966 25.1
    endloop
  endfacet
  facet normal 0 0 -1
    outer loop
      vertex 166.064 57.3101 25.1
      vertex 166.13 58.1494 25.1
      vertex 166.13 57.1506 25.1
    endloop
  endfacet
  facet normal 0 0 -1
    outer loop
      vertex 166.064 57.3101 25.1
      vertex 166.064 57.9899 25.1
      vertex 166.13 58.1494 25.1
    endloop
  endfacet
  facet normal 0 0 -1
    outer loop
      vertex 166.024 57.4779 25.1
      vertex 166.064 57.9899 25.1
      vertex 166.064 57.3101 25.1
    endloop
  endfacet
  facet normal 0 0 -1
    outer loop
      vertex 166.024 57.4779 25.1
      vertex 166.024 57.8221 25.1
      vertex 166.064 57.9899 25.1
    endloop
  endfacet
  facet normal 0 -0 -1
    outer loop
      vertex 166.024 57.8221 25.1
      vertex 166.024 57.4779 25.1
      vertex 166.01 57.65 25.1
    endloop
  endfacet
  facet normal 0.520423 0.853909 -0
    outer loop
      vertex 166.611 56.6699 17.1
      vertex 166.463 56.7601 25.1
      vertex 166.611 56.6699 25.1
    endloop
  endfacet
  facet normal 0.520423 0.853909 0
    outer loop
      vertex 166.463 56.7601 25.1
      vertex 166.611 56.6699 17.1
      vertex 166.463 56.7601 17.1
    endloop
  endfacet
  facet normal 0.853167 -0.521638 0
    outer loop
      vertex 166.13 58.1494 25.1
      vertex 166.22 58.2966 17.1
      vertex 166.22 58.2966 25.1
    endloop
  endfacet
  facet normal 0.853167 -0.521638 0
    outer loop
      vertex 166.22 58.2966 17.1
      vertex 166.13 58.1494 25.1
      vertex 166.13 58.1494 17.1
    endloop
  endfacet
  facet normal 0.996708 -0.0810802 0
    outer loop
      vertex 166.01 77.335 25.1
      vertex 166.024 77.5071 17.1
      vertex 166.024 77.5071 25.1
    endloop
  endfacet
  facet normal 0.996708 -0.0810802 0
    outer loop
      vertex 166.024 77.5071 17.1
      vertex 166.01 77.335 25.1
      vertex 166.01 77.335 17.1
    endloop
  endfacet
  facet normal -0.972744 -0.231882 0
    outer loop
      vertex 168.196 77.5071 17.1
      vertex 168.156 77.6749 25.1
      vertex 168.156 77.6749 17.1
    endloop
  endfacet
  facet normal -0.972744 -0.231882 0
    outer loop
      vertex 168.156 77.6749 25.1
      vertex 168.196 77.5071 17.1
      vertex 168.196 77.5071 25.1
    endloop
  endfacet
  facet normal -0.996708 -0.0810802 0
    outer loop
      vertex 168.21 77.335 17.1
      vertex 168.196 77.5071 25.1
      vertex 168.196 77.5071 17.1
    endloop
  endfacet
  facet normal -0.996708 -0.0810802 0
    outer loop
      vertex 168.196 77.5071 25.1
      vertex 168.21 77.335 17.1
      vertex 168.21 77.335 25.1
    endloop
  endfacet
  facet normal 0.972744 -0.231882 0
    outer loop
      vertex 166.024 77.5071 25.1
      vertex 166.064 77.6749 17.1
      vertex 166.064 77.6749 25.1
    endloop
  endfacet
  facet normal 0.972744 -0.231882 0
    outer loop
      vertex 166.064 77.6749 17.1
      vertex 166.024 77.5071 25.1
      vertex 166.024 77.5071 17.1
    endloop
  endfacet
  facet normal 0.924017 0.382352 0
    outer loop
      vertex 166.13 76.8356 25.1
      vertex 166.064 76.9951 17.1
      vertex 166.064 76.9951 25.1
    endloop
  endfacet
  facet normal 0.924017 0.382352 0
    outer loop
      vertex 166.064 76.9951 17.1
      vertex 166.13 76.8356 25.1
      vertex 166.13 76.8356 17.1
    endloop
  endfacet
  facet normal 0.233263 -0.972414 0
    outer loop
      vertex 166.77 78.3812 17.1
      vertex 166.938 78.4215 25.1
      vertex 166.77 78.3812 25.1
    endloop
  endfacet
  facet normal 0.233263 -0.972414 0
    outer loop
      vertex 166.938 78.4215 25.1
      vertex 166.77 78.3812 17.1
      vertex 166.938 78.4215 17.1
    endloop
  endfacet
  facet normal -0.760565 -0.649262 0
    outer loop
      vertex 168 77.9816 17.1
      vertex 167.888 78.1128 25.1
      vertex 167.888 78.1128 17.1
    endloop
  endfacet
  facet normal -0.760565 -0.649262 0
    outer loop
      vertex 167.888 78.1128 25.1
      vertex 168 77.9816 17.1
      vertex 168 77.9816 25.1
    endloop
  endfacet
  facet normal -0.972744 0.231882 0
    outer loop
      vertex 168.156 76.9951 17.1
      vertex 168.196 77.1629 25.1
      vertex 168.196 77.1629 17.1
    endloop
  endfacet
  facet normal -0.972744 0.231882 0
    outer loop
      vertex 168.196 77.1629 25.1
      vertex 168.156 76.9951 17.1
      vertex 168.156 76.9951 25.1
    endloop
  endfacet
  facet normal 0.760565 -0.649262 0
    outer loop
      vertex 166.22 77.9816 25.1
      vertex 166.332 78.1128 17.1
      vertex 166.332 78.1128 25.1
    endloop
  endfacet
  facet normal 0.760565 -0.649262 0
    outer loop
      vertex 166.332 78.1128 17.1
      vertex 166.22 77.9816 25.1
      vertex 166.22 77.9816 17.1
    endloop
  endfacet
  facet normal 0.924017 -0.382352 0
    outer loop
      vertex 166.064 77.6749 25.1
      vertex 166.13 77.8344 17.1
      vertex 166.13 77.8344 25.1
    endloop
  endfacet
  facet normal 0.924017 -0.382352 0
    outer loop
      vertex 166.13 77.8344 17.1
      vertex 166.064 77.6749 25.1
      vertex 166.064 77.6749 17.1
    endloop
  endfacet
  facet normal -0.233263 -0.972414 0
    outer loop
      vertex 167.282 78.4215 17.1
      vertex 167.45 78.3812 25.1
      vertex 167.282 78.4215 25.1
    endloop
  endfacet
  facet normal -0.233263 -0.972414 -0
    outer loop
      vertex 167.45 78.3812 25.1
      vertex 167.282 78.4215 17.1
      vertex 167.45 78.3812 17.1
    endloop
  endfacet
  facet normal -0.0782477 0.996934 0
    outer loop
      vertex 167.282 76.2485 17.1
      vertex 167.11 76.235 25.1
      vertex 167.282 76.2485 25.1
    endloop
  endfacet
  facet normal -0.0782477 0.996934 0
    outer loop
      vertex 167.11 76.235 25.1
      vertex 167.282 76.2485 17.1
      vertex 167.11 76.235 17.1
    endloop
  endfacet
  facet normal -0.520423 -0.853909 0
    outer loop
      vertex 167.609 78.3151 17.1
      vertex 167.757 78.2249 25.1
      vertex 167.609 78.3151 25.1
    endloop
  endfacet
  facet normal -0.520423 -0.853909 -0
    outer loop
      vertex 167.757 78.2249 25.1
      vertex 167.609 78.3151 17.1
      vertex 167.757 78.2249 17.1
    endloop
  endfacet
  facet normal 0.383873 -0.923386 0
    outer loop
      vertex 166.611 78.3151 17.1
      vertex 166.77 78.3812 25.1
      vertex 166.611 78.3151 25.1
    endloop
  endfacet
  facet normal 0.383873 -0.923386 0
    outer loop
      vertex 166.77 78.3812 25.1
      vertex 166.611 78.3151 17.1
      vertex 166.77 78.3812 17.1
    endloop
  endfacet
  facet normal 0.65017 -0.759789 0
    outer loop
      vertex 166.332 78.1128 17.1
      vertex 166.463 78.2249 25.1
      vertex 166.332 78.1128 25.1
    endloop
  endfacet
  facet normal 0.65017 -0.759789 0
    outer loop
      vertex 166.463 78.2249 25.1
      vertex 166.332 78.1128 17.1
      vertex 166.463 78.2249 17.1
    endloop
  endfacet
  facet normal -0.924017 0.382352 0
    outer loop
      vertex 168.09 76.8356 17.1
      vertex 168.156 76.9951 25.1
      vertex 168.156 76.9951 17.1
    endloop
  endfacet
  facet normal -0.924017 0.382352 0
    outer loop
      vertex 168.156 76.9951 25.1
      vertex 168.09 76.8356 17.1
      vertex 168.09 76.8356 25.1
    endloop
  endfacet
  facet normal -0.924017 -0.382352 0
    outer loop
      vertex 168.156 77.6749 17.1
      vertex 168.09 77.8344 25.1
      vertex 168.09 77.8344 17.1
    endloop
  endfacet
  facet normal -0.924017 -0.382352 0
    outer loop
      vertex 168.09 77.8344 25.1
      vertex 168.156 77.6749 17.1
      vertex 168.156 77.6749 25.1
    endloop
  endfacet
  facet normal -0.233263 0.972414 0
    outer loop
      vertex 167.45 76.2888 17.1
      vertex 167.282 76.2485 25.1
      vertex 167.45 76.2888 25.1
    endloop
  endfacet
  facet normal -0.233263 0.972414 0
    outer loop
      vertex 167.282 76.2485 25.1
      vertex 167.45 76.2888 17.1
      vertex 167.282 76.2485 17.1
    endloop
  endfacet
  facet normal -0.996708 0.0810802 0
    outer loop
      vertex 168.196 77.1629 17.1
      vertex 168.21 77.335 25.1
      vertex 168.21 77.335 17.1
    endloop
  endfacet
  facet normal -0.996708 0.0810802 0
    outer loop
      vertex 168.21 77.335 25.1
      vertex 168.196 77.1629 17.1
      vertex 168.196 77.1629 25.1
    endloop
  endfacet
  facet normal -0.383873 -0.923386 0
    outer loop
      vertex 167.45 78.3812 17.1
      vertex 167.609 78.3151 25.1
      vertex 167.45 78.3812 25.1
    endloop
  endfacet
  facet normal -0.383873 -0.923386 -0
    outer loop
      vertex 167.609 78.3151 25.1
      vertex 167.45 78.3812 17.1
      vertex 167.609 78.3151 17.1
    endloop
  endfacet
  facet normal -0.520423 0.853909 0
    outer loop
      vertex 167.757 76.4451 17.1
      vertex 167.609 76.3549 25.1
      vertex 167.757 76.4451 25.1
    endloop
  endfacet
  facet normal -0.520423 0.853909 0
    outer loop
      vertex 167.609 76.3549 25.1
      vertex 167.757 76.4451 17.1
      vertex 167.609 76.3549 17.1
    endloop
  endfacet
  facet normal -0.65017 0.759789 0
    outer loop
      vertex 167.888 76.5572 17.1
      vertex 167.757 76.4451 25.1
      vertex 167.888 76.5572 25.1
    endloop
  endfacet
  facet normal -0.65017 0.759789 0
    outer loop
      vertex 167.757 76.4451 25.1
      vertex 167.888 76.5572 17.1
      vertex 167.757 76.4451 17.1
    endloop
  endfacet
  facet normal 0.760565 0.649262 0
    outer loop
      vertex 166.332 76.5572 25.1
      vertex 166.22 76.6884 17.1
      vertex 166.22 76.6884 25.1
    endloop
  endfacet
  facet normal 0.760565 0.649262 0
    outer loop
      vertex 166.22 76.6884 17.1
      vertex 166.332 76.5572 25.1
      vertex 166.332 76.5572 17.1
    endloop
  endfacet
  facet normal -0.760565 0.649262 0
    outer loop
      vertex 167.888 76.5572 17.1
      vertex 168 76.6884 25.1
      vertex 168 76.6884 17.1
    endloop
  endfacet
  facet normal -0.760565 0.649262 0
    outer loop
      vertex 168 76.6884 25.1
      vertex 167.888 76.5572 17.1
      vertex 167.888 76.5572 25.1
    endloop
  endfacet
  facet normal -0.65017 -0.759789 0
    outer loop
      vertex 167.757 78.2249 17.1
      vertex 167.888 78.1128 25.1
      vertex 167.757 78.2249 25.1
    endloop
  endfacet
  facet normal -0.65017 -0.759789 -0
    outer loop
      vertex 167.888 78.1128 25.1
      vertex 167.757 78.2249 17.1
      vertex 167.888 78.1128 17.1
    endloop
  endfacet
  facet normal 0.383873 0.923386 -0
    outer loop
      vertex 166.77 76.2888 17.1
      vertex 166.611 76.3549 25.1
      vertex 166.77 76.2888 25.1
    endloop
  endfacet
  facet normal 0.383873 0.923386 0
    outer loop
      vertex 166.611 76.3549 25.1
      vertex 166.77 76.2888 17.1
      vertex 166.611 76.3549 17.1
    endloop
  endfacet
  facet normal -0.383873 0.923386 0
    outer loop
      vertex 167.609 76.3549 17.1
      vertex 167.45 76.2888 25.1
      vertex 167.609 76.3549 25.1
    endloop
  endfacet
  facet normal -0.383873 0.923386 0
    outer loop
      vertex 167.45 76.2888 25.1
      vertex 167.609 76.3549 17.1
      vertex 167.45 76.2888 17.1
    endloop
  endfacet
  facet normal -0.0782477 -0.996934 0
    outer loop
      vertex 167.11 78.435 17.1
      vertex 167.282 78.4215 25.1
      vertex 167.11 78.435 25.1
    endloop
  endfacet
  facet normal -0.0782477 -0.996934 -0
    outer loop
      vertex 167.282 78.4215 25.1
      vertex 167.11 78.435 17.1
      vertex 167.282 78.4215 17.1
    endloop
  endfacet
  facet normal 0.972744 0.231882 0
    outer loop
      vertex 166.064 76.9951 25.1
      vertex 166.024 77.1629 17.1
      vertex 166.024 77.1629 25.1
    endloop
  endfacet
  facet normal 0.972744 0.231882 0
    outer loop
      vertex 166.024 77.1629 17.1
      vertex 166.064 76.9951 25.1
      vertex 166.064 76.9951 17.1
    endloop
  endfacet
  facet normal -0.853167 -0.521638 0
    outer loop
      vertex 168.09 77.8344 17.1
      vertex 168 77.9816 25.1
      vertex 168 77.9816 17.1
    endloop
  endfacet
  facet normal -0.853167 -0.521638 0
    outer loop
      vertex 168 77.9816 25.1
      vertex 168.09 77.8344 17.1
      vertex 168.09 77.8344 25.1
    endloop
  endfacet
  facet normal 0.0782477 -0.996934 0
    outer loop
      vertex 166.938 78.4215 17.1
      vertex 167.11 78.435 25.1
      vertex 166.938 78.4215 25.1
    endloop
  endfacet
  facet normal 0.0782477 -0.996934 0
    outer loop
      vertex 167.11 78.435 25.1
      vertex 166.938 78.4215 17.1
      vertex 167.11 78.435 17.1
    endloop
  endfacet
  facet normal 0.853167 0.521638 0
    outer loop
      vertex 166.22 76.6884 25.1
      vertex 166.13 76.8356 17.1
      vertex 166.13 76.8356 25.1
    endloop
  endfacet
  facet normal 0.853167 0.521638 0
    outer loop
      vertex 166.13 76.8356 17.1
      vertex 166.22 76.6884 25.1
      vertex 166.22 76.6884 17.1
    endloop
  endfacet
  facet normal 0.233263 0.972414 -0
    outer loop
      vertex 166.938 76.2485 17.1
      vertex 166.77 76.2888 25.1
      vertex 166.938 76.2485 25.1
    endloop
  endfacet
  facet normal 0.233263 0.972414 0
    outer loop
      vertex 166.77 76.2888 25.1
      vertex 166.938 76.2485 17.1
      vertex 166.77 76.2888 17.1
    endloop
  endfacet
  facet normal 0.996708 0.0810802 0
    outer loop
      vertex 166.024 77.1629 25.1
      vertex 166.01 77.335 17.1
      vertex 166.01 77.335 25.1
    endloop
  endfacet
  facet normal 0.996708 0.0810802 0
    outer loop
      vertex 166.01 77.335 17.1
      vertex 166.024 77.1629 25.1
      vertex 166.024 77.1629 17.1
    endloop
  endfacet
  facet normal 0.65017 0.759789 -0
    outer loop
      vertex 166.463 76.4451 17.1
      vertex 166.332 76.5572 25.1
      vertex 166.463 76.4451 25.1
    endloop
  endfacet
  facet normal 0.65017 0.759789 0
    outer loop
      vertex 166.332 76.5572 25.1
      vertex 166.463 76.4451 17.1
      vertex 166.332 76.5572 17.1
    endloop
  endfacet
  facet normal 0.0782477 0.996934 -0
    outer loop
      vertex 167.11 76.235 17.1
      vertex 166.938 76.2485 25.1
      vertex 167.11 76.235 25.1
    endloop
  endfacet
  facet normal 0.0782477 0.996934 0
    outer loop
      vertex 166.938 76.2485 25.1
      vertex 167.11 76.235 17.1
      vertex 166.938 76.2485 17.1
    endloop
  endfacet
  facet normal -0.853167 0.521638 0
    outer loop
      vertex 168 76.6884 17.1
      vertex 168.09 76.8356 25.1
      vertex 168.09 76.8356 17.1
    endloop
  endfacet
  facet normal -0.853167 0.521638 0
    outer loop
      vertex 168.09 76.8356 25.1
      vertex 168 76.6884 17.1
      vertex 168 76.6884 25.1
    endloop
  endfacet
  facet normal 0.520423 0.853909 -0
    outer loop
      vertex 166.611 76.3549 17.1
      vertex 166.463 76.4451 25.1
      vertex 166.611 76.3549 25.1
    endloop
  endfacet
  facet normal 0.520423 0.853909 0
    outer loop
      vertex 166.463 76.4451 25.1
      vertex 166.611 76.3549 17.1
      vertex 166.463 76.4451 17.1
    endloop
  endfacet
  facet normal 0.853167 -0.521638 0
    outer loop
      vertex 166.13 77.8344 25.1
      vertex 166.22 77.9816 17.1
      vertex 166.22 77.9816 25.1
    endloop
  endfacet
  facet normal 0.853167 -0.521638 0
    outer loop
      vertex 166.22 77.9816 17.1
      vertex 166.13 77.8344 25.1
      vertex 166.13 77.8344 17.1
    endloop
  endfacet
  facet normal 0.520423 -0.853909 0
    outer loop
      vertex 166.463 78.2249 17.1
      vertex 166.611 78.3151 25.1
      vertex 166.463 78.2249 25.1
    endloop
  endfacet
  facet normal 0.520423 -0.853909 0
    outer loop
      vertex 166.611 78.3151 25.1
      vertex 166.463 78.2249 17.1
      vertex 166.611 78.3151 17.1
    endloop
  endfacet
  facet normal 0 0 -1
    outer loop
      vertex 168.196 77.1629 25.1
      vertex 168.196 77.5071 25.1
      vertex 168.21 77.335 25.1
    endloop
  endfacet
  facet normal 0 0 -1
    outer loop
      vertex 168.156 76.9951 25.1
      vertex 168.196 77.5071 25.1
      vertex 168.196 77.1629 25.1
    endloop
  endfacet
  facet normal 0 0 -1
    outer loop
      vertex 168.156 76.9951 25.1
      vertex 168.156 77.6749 25.1
      vertex 168.196 77.5071 25.1
    endloop
  endfacet
  facet normal 0 0 -1
    outer loop
      vertex 168.09 76.8356 25.1
      vertex 168.156 77.6749 25.1
      vertex 168.156 76.9951 25.1
    endloop
  endfacet
  facet normal 0 0 -1
    outer loop
      vertex 168.09 76.8356 25.1
      vertex 168.09 77.8344 25.1
      vertex 168.156 77.6749 25.1
    endloop
  endfacet
  facet normal 0 0 -1
    outer loop
      vertex 168 76.6884 25.1
      vertex 168.09 77.8344 25.1
      vertex 168.09 76.8356 25.1
    endloop
  endfacet
  facet normal 0 0 -1
    outer loop
      vertex 168 76.6884 25.1
      vertex 168 77.9816 25.1
      vertex 168.09 77.8344 25.1
    endloop
  endfacet
  facet normal 0 0 -1
    outer loop
      vertex 167.888 76.5572 25.1
      vertex 168 77.9816 25.1
      vertex 168 76.6884 25.1
    endloop
  endfacet
  facet normal 0 0 -1
    outer loop
      vertex 167.888 76.5572 25.1
      vertex 167.888 78.1128 25.1
      vertex 168 77.9816 25.1
    endloop
  endfacet
  facet normal 0 0 -1
    outer loop
      vertex 167.757 76.4451 25.1
      vertex 167.888 78.1128 25.1
      vertex 167.888 76.5572 25.1
    endloop
  endfacet
  facet normal 0 0 -1
    outer loop
      vertex 167.757 76.4451 25.1
      vertex 167.757 78.2249 25.1
      vertex 167.888 78.1128 25.1
    endloop
  endfacet
  facet normal 0 0 -1
    outer loop
      vertex 167.609 76.3549 25.1
      vertex 167.757 78.2249 25.1
      vertex 167.757 76.4451 25.1
    endloop
  endfacet
  facet normal 0 0 -1
    outer loop
      vertex 167.609 76.3549 25.1
      vertex 167.609 78.3151 25.1
      vertex 167.757 78.2249 25.1
    endloop
  endfacet
  facet normal 0 0 -1
    outer loop
      vertex 167.45 76.2888 25.1
      vertex 167.609 78.3151 25.1
      vertex 167.609 76.3549 25.1
    endloop
  endfacet
  facet normal 0 0 -1
    outer loop
      vertex 167.45 76.2888 25.1
      vertex 167.45 78.3812 25.1
      vertex 167.609 78.3151 25.1
    endloop
  endfacet
  facet normal 0 0 -1
    outer loop
      vertex 167.282 76.2485 25.1
      vertex 167.45 78.3812 25.1
      vertex 167.45 76.2888 25.1
    endloop
  endfacet
  facet normal 0 0 -1
    outer loop
      vertex 167.282 76.2485 25.1
      vertex 167.282 78.4215 25.1
      vertex 167.45 78.3812 25.1
    endloop
  endfacet
  facet normal 0 0 -1
    outer loop
      vertex 167.11 76.235 25.1
      vertex 167.282 78.4215 25.1
      vertex 167.282 76.2485 25.1
    endloop
  endfacet
  facet normal 0 0 -1
    outer loop
      vertex 167.11 76.235 25.1
      vertex 167.11 78.435 25.1
      vertex 167.282 78.4215 25.1
    endloop
  endfacet
  facet normal 0 0 -1
    outer loop
      vertex 166.938 76.2485 25.1
      vertex 167.11 78.435 25.1
      vertex 167.11 76.235 25.1
    endloop
  endfacet
  facet normal 0 0 -1
    outer loop
      vertex 166.938 76.2485 25.1
      vertex 166.938 78.4215 25.1
      vertex 167.11 78.435 25.1
    endloop
  endfacet
  facet normal 0 0 -1
    outer loop
      vertex 166.77 76.2888 25.1
      vertex 166.938 78.4215 25.1
      vertex 166.938 76.2485 25.1
    endloop
  endfacet
  facet normal 0 0 -1
    outer loop
      vertex 166.77 76.2888 25.1
      vertex 166.77 78.3812 25.1
      vertex 166.938 78.4215 25.1
    endloop
  endfacet
  facet normal 0 0 -1
    outer loop
      vertex 166.611 76.3549 25.1
      vertex 166.77 78.3812 25.1
      vertex 166.77 76.2888 25.1
    endloop
  endfacet
  facet normal 0 0 -1
    outer loop
      vertex 166.611 76.3549 25.1
      vertex 166.611 78.3151 25.1
      vertex 166.77 78.3812 25.1
    endloop
  endfacet
  facet normal 0 0 -1
    outer loop
      vertex 166.463 76.4451 25.1
      vertex 166.611 78.3151 25.1
      vertex 166.611 76.3549 25.1
    endloop
  endfacet
  facet normal 0 0 -1
    outer loop
      vertex 166.463 76.4451 25.1
      vertex 166.463 78.2249 25.1
      vertex 166.611 78.3151 25.1
    endloop
  endfacet
  facet normal 0 0 -1
    outer loop
      vertex 166.332 76.5572 25.1
      vertex 166.463 78.2249 25.1
      vertex 166.463 76.4451 25.1
    endloop
  endfacet
  facet normal 0 0 -1
    outer loop
      vertex 166.332 76.5572 25.1
      vertex 166.332 78.1128 25.1
      vertex 166.463 78.2249 25.1
    endloop
  endfacet
  facet normal 0 0 -1
    outer loop
      vertex 166.22 76.6884 25.1
      vertex 166.332 78.1128 25.1
      vertex 166.332 76.5572 25.1
    endloop
  endfacet
  facet normal 0 0 -1
    outer loop
      vertex 166.22 76.6884 25.1
      vertex 166.22 77.9816 25.1
      vertex 166.332 78.1128 25.1
    endloop
  endfacet
  facet normal 0 0 -1
    outer loop
      vertex 166.13 76.8356 25.1
      vertex 166.22 77.9816 25.1
      vertex 166.22 76.6884 25.1
    endloop
  endfacet
  facet normal 0 0 -1
    outer loop
      vertex 166.13 76.8356 25.1
      vertex 166.13 77.8344 25.1
      vertex 166.22 77.9816 25.1
    endloop
  endfacet
  facet normal 0 0 -1
    outer loop
      vertex 166.064 76.9951 25.1
      vertex 166.13 77.8344 25.1
      vertex 166.13 76.8356 25.1
    endloop
  endfacet
  facet normal 0 0 -1
    outer loop
      vertex 166.064 76.9951 25.1
      vertex 166.064 77.6749 25.1
      vertex 166.13 77.8344 25.1
    endloop
  endfacet
  facet normal 0 0 -1
    outer loop
      vertex 166.024 77.1629 25.1
      vertex 166.064 77.6749 25.1
      vertex 166.064 76.9951 25.1
    endloop
  endfacet
  facet normal 0 0 -1
    outer loop
      vertex 166.024 77.1629 25.1
      vertex 166.024 77.5071 25.1
      vertex 166.064 77.6749 25.1
    endloop
  endfacet
  facet normal 0 -0 -1
    outer loop
      vertex 166.024 77.5071 25.1
      vertex 166.024 77.1629 25.1
      vertex 166.01 77.335 25.1
    endloop
  endfacet
  facet normal 0 0 -1
    outer loop
      vertex 104.88 58.017 28.5
      vertex 114.88 62.617 28.5
      vertex 114.88 58.017 28.5
    endloop
  endfacet
  facet normal -0 0 -1
    outer loop
      vertex 114.88 62.617 28.5
      vertex 104.88 58.017 28.5
      vertex 104.88 62.617 28.5
    endloop
  endfacet
  facet normal -0 0 1
    outer loop
      vertex 104.88 62.617 23.4
      vertex 114.88 58.017 23.4
      vertex 114.88 62.617 23.4
    endloop
  endfacet
  facet normal 0 0 1
    outer loop
      vertex 114.88 58.017 23.4
      vertex 104.88 62.617 23.4
      vertex 104.88 58.017 23.4
    endloop
  endfacet
  facet normal 0 -1 0
    outer loop
      vertex 104.88 62.617 23.4
      vertex 114.88 62.617 28.5
      vertex 104.88 62.617 28.5
    endloop
  endfacet
  facet normal 0 -1 -0
    outer loop
      vertex 114.88 62.617 28.5
      vertex 104.88 62.617 23.4
      vertex 114.88 62.617 23.4
    endloop
  endfacet
  facet normal 0 1 -0
    outer loop
      vertex 114.88 58.017 23.4
      vertex 104.88 58.017 28.5
      vertex 114.88 58.017 28.5
    endloop
  endfacet
  facet normal 0 1 0
    outer loop
      vertex 104.88 58.017 28.5
      vertex 114.88 58.017 23.4
      vertex 104.88 58.017 23.4
    endloop
  endfacet
  facet normal 0 0 -1
    outer loop
      vertex 104.88 67.796 28.5
      vertex 114.88 72.396 28.5
      vertex 114.88 67.796 28.5
    endloop
  endfacet
  facet normal -0 0 -1
    outer loop
      vertex 114.88 72.396 28.5
      vertex 104.88 67.796 28.5
      vertex 104.88 72.396 28.5
    endloop
  endfacet
  facet normal -0 0 1
    outer loop
      vertex 104.88 72.396 23.4
      vertex 114.88 67.796 23.4
      vertex 114.88 72.396 23.4
    endloop
  endfacet
  facet normal 0 0 1
    outer loop
      vertex 114.88 67.796 23.4
      vertex 104.88 72.396 23.4
      vertex 104.88 67.796 23.4
    endloop
  endfacet
  facet normal 0 -1 0
    outer loop
      vertex 104.88 72.396 23.4
      vertex 114.88 72.396 28.5
      vertex 104.88 72.396 28.5
    endloop
  endfacet
  facet normal 0 -1 -0
    outer loop
      vertex 114.88 72.396 28.5
      vertex 104.88 72.396 23.4
      vertex 114.88 72.396 23.4
    endloop
  endfacet
  facet normal 0 1 -0
    outer loop
      vertex 114.88 67.796 23.4
      vertex 104.88 67.796 28.5
      vertex 114.88 67.796 28.5
    endloop
  endfacet
  facet normal 0 1 0
    outer loop
      vertex 104.88 67.796 28.5
      vertex 114.88 67.796 23.4
      vertex 104.88 67.796 23.4
    endloop
  endfacet
  facet normal 0 0 -1
    outer loop
      vertex 104.88 77.575 28.5
      vertex 114.88 82.175 28.5
      vertex 114.88 77.575 28.5
    endloop
  endfacet
  facet normal -0 0 -1
    outer loop
      vertex 114.88 82.175 28.5
      vertex 104.88 77.575 28.5
      vertex 104.88 82.175 28.5
    endloop
  endfacet
  facet normal -0 0 1
    outer loop
      vertex 104.88 82.175 23.4
      vertex 114.88 77.575 23.4
      vertex 114.88 82.175 23.4
    endloop
  endfacet
  facet normal 0 0 1
    outer loop
      vertex 114.88 77.575 23.4
      vertex 104.88 82.175 23.4
      vertex 104.88 77.575 23.4
    endloop
  endfacet
  facet normal 0 -1 0
    outer loop
      vertex 104.88 82.175 23.4
      vertex 114.88 82.175 28.5
      vertex 104.88 82.175 28.5
    endloop
  endfacet
  facet normal 0 -1 -0
    outer loop
      vertex 114.88 82.175 28.5
      vertex 104.88 82.175 23.4
      vertex 114.88 82.175 23.4
    endloop
  endfacet
  facet normal 0 1 -0
    outer loop
      vertex 114.88 77.575 23.4
      vertex 104.88 77.575 28.5
      vertex 114.88 77.575 28.5
    endloop
  endfacet
  facet normal 0 1 0
    outer loop
      vertex 104.88 77.575 28.5
      vertex 114.88 77.575 23.4
      vertex 104.88 77.575 23.4
    endloop
  endfacet
  facet normal 1 -0 0
    outer loop
      vertex 132.55 61.275 31.3
      vertex 132.55 73.775 28.9
      vertex 132.55 73.775 31.3
    endloop
  endfacet
  facet normal 1 0 0
    outer loop
      vertex 132.55 73.775 28.9
      vertex 132.55 61.275 31.3
      vertex 132.55 61.275 28.9
    endloop
  endfacet
  facet normal -0.98077 -0.195168 0
    outer loop
      vertex 135.15 73.775 28.9
      vertex 135.051 74.2725 31.3
      vertex 135.051 74.2725 28.9
    endloop
  endfacet
  facet normal -0.98077 -0.195168 0
    outer loop
      vertex 135.051 74.2725 31.3
      vertex 135.15 73.775 28.9
      vertex 135.15 73.775 31.3
    endloop
  endfacet
  facet normal -0.555337 -0.831626 0
    outer loop
      vertex 134.347 74.976 28.9
      vertex 134.769 74.6942 31.3
      vertex 134.347 74.976 31.3
    endloop
  endfacet
  facet normal -0.555337 -0.831626 -0
    outer loop
      vertex 134.769 74.6942 31.3
      vertex 134.347 74.976 28.9
      vertex 134.769 74.6942 28.9
    endloop
  endfacet
  facet normal 0.195357 0.980732 -0
    outer loop
      vertex 133.85 59.975 28.9
      vertex 133.353 60.074 31.3
      vertex 133.85 59.975 31.3
    endloop
  endfacet
  facet normal 0.195357 0.980732 0
    outer loop
      vertex 133.353 60.074 31.3
      vertex 133.85 59.975 28.9
      vertex 133.353 60.074 28.9
    endloop
  endfacet
  facet normal -0.195357 -0.980732 0
    outer loop
      vertex 133.85 75.075 28.9
      vertex 134.347 74.976 31.3
      vertex 133.85 75.075 31.3
    endloop
  endfacet
  facet normal -0.195357 -0.980732 -0
    outer loop
      vertex 134.347 74.976 31.3
      vertex 133.85 75.075 28.9
      vertex 134.347 74.976 28.9
    endloop
  endfacet
  facet normal -0.555337 0.831626 0
    outer loop
      vertex 134.769 60.3558 28.9
      vertex 134.347 60.074 31.3
      vertex 134.769 60.3558 31.3
    endloop
  endfacet
  facet normal -0.555337 0.831626 0
    outer loop
      vertex 134.347 60.074 31.3
      vertex 134.769 60.3558 28.9
      vertex 134.347 60.074 28.9
    endloop
  endfacet
  facet normal 0.555337 -0.831626 0
    outer loop
      vertex 132.931 74.6942 28.9
      vertex 133.353 74.976 31.3
      vertex 132.931 74.6942 31.3
    endloop
  endfacet
  facet normal 0.555337 -0.831626 0
    outer loop
      vertex 133.353 74.976 31.3
      vertex 132.931 74.6942 28.9
      vertex 133.353 74.976 28.9
    endloop
  endfacet
  facet normal -0.831261 0.555882 0
    outer loop
      vertex 134.769 60.3558 28.9
      vertex 135.051 60.7775 31.3
      vertex 135.051 60.7775 28.9
    endloop
  endfacet
  facet normal -0.831261 0.555882 0
    outer loop
      vertex 135.051 60.7775 31.3
      vertex 134.769 60.3558 28.9
      vertex 134.769 60.3558 31.3
    endloop
  endfacet
  facet normal -1 0 0
    outer loop
      vertex 135.15 61.275 28.9
      vertex 135.15 73.775 31.3
      vertex 135.15 73.775 28.9
    endloop
  endfacet
  facet normal -1 -0 0
    outer loop
      vertex 135.15 73.775 31.3
      vertex 135.15 61.275 28.9
      vertex 135.15 61.275 31.3
    endloop
  endfacet
  facet normal 0.98077 -0.195168 0
    outer loop
      vertex 132.55 73.775 31.3
      vertex 132.649 74.2725 28.9
      vertex 132.649 74.2725 31.3
    endloop
  endfacet
  facet normal 0.98077 -0.195168 0
    outer loop
      vertex 132.649 74.2725 28.9
      vertex 132.55 73.775 31.3
      vertex 132.55 73.775 28.9
    endloop
  endfacet
  facet normal 0.195357 -0.980732 0
    outer loop
      vertex 133.353 74.976 28.9
      vertex 133.85 75.075 31.3
      vertex 133.353 74.976 31.3
    endloop
  endfacet
  facet normal 0.195357 -0.980732 0
    outer loop
      vertex 133.85 75.075 31.3
      vertex 133.353 74.976 28.9
      vertex 133.85 75.075 28.9
    endloop
  endfacet
  facet normal 0.98077 0.195168 0
    outer loop
      vertex 132.649 60.7775 31.3
      vertex 132.55 61.275 28.9
      vertex 132.55 61.275 31.3
    endloop
  endfacet
  facet normal 0.98077 0.195168 0
    outer loop
      vertex 132.55 61.275 28.9
      vertex 132.649 60.7775 31.3
      vertex 132.649 60.7775 28.9
    endloop
  endfacet
  facet normal -0.831261 -0.555882 0
    outer loop
      vertex 135.051 74.2725 28.9
      vertex 134.769 74.6942 31.3
      vertex 134.769 74.6942 28.9
    endloop
  endfacet
  facet normal -0.831261 -0.555882 0
    outer loop
      vertex 134.769 74.6942 31.3
      vertex 135.051 74.2725 28.9
      vertex 135.051 74.2725 31.3
    endloop
  endfacet
  facet normal 0.555337 0.831626 -0
    outer loop
      vertex 133.353 60.074 28.9
      vertex 132.931 60.3558 31.3
      vertex 133.353 60.074 31.3
    endloop
  endfacet
  facet normal 0.555337 0.831626 0
    outer loop
      vertex 132.931 60.3558 31.3
      vertex 133.353 60.074 28.9
      vertex 132.931 60.3558 28.9
    endloop
  endfacet
  facet normal -0.98077 0.195168 0
    outer loop
      vertex 135.051 60.7775 28.9
      vertex 135.15 61.275 31.3
      vertex 135.15 61.275 28.9
    endloop
  endfacet
  facet normal -0.98077 0.195168 0
    outer loop
      vertex 135.15 61.275 31.3
      vertex 135.051 60.7775 28.9
      vertex 135.051 60.7775 31.3
    endloop
  endfacet
  facet normal 0.831261 0.555882 0
    outer loop
      vertex 132.931 60.3558 31.3
      vertex 132.649 60.7775 28.9
      vertex 132.649 60.7775 31.3
    endloop
  endfacet
  facet normal 0.831261 0.555882 0
    outer loop
      vertex 132.649 60.7775 28.9
      vertex 132.931 60.3558 31.3
      vertex 132.931 60.3558 28.9
    endloop
  endfacet
  facet normal 0.831261 -0.555882 0
    outer loop
      vertex 132.649 74.2725 31.3
      vertex 132.931 74.6942 28.9
      vertex 132.931 74.6942 31.3
    endloop
  endfacet
  facet normal 0.831261 -0.555882 0
    outer loop
      vertex 132.931 74.6942 28.9
      vertex 132.649 74.2725 31.3
      vertex 132.649 74.2725 28.9
    endloop
  endfacet
  facet normal -0.195357 0.980732 0
    outer loop
      vertex 134.347 60.074 28.9
      vertex 133.85 59.975 31.3
      vertex 134.347 60.074 31.3
    endloop
  endfacet
  facet normal -0.195357 0.980732 0
    outer loop
      vertex 133.85 59.975 31.3
      vertex 134.347 60.074 28.9
      vertex 133.85 59.975 28.9
    endloop
  endfacet
  facet normal 1 -0 0
    outer loop
      vertex 137.55 61.275 31.3
      vertex 137.55 73.775 28.9
      vertex 137.55 73.775 31.3
    endloop
  endfacet
  facet normal 1 0 0
    outer loop
      vertex 137.55 73.775 28.9
      vertex 137.55 61.275 31.3
      vertex 137.55 61.275 28.9
    endloop
  endfacet
  facet normal -0.98077 -0.195168 0
    outer loop
      vertex 140.15 73.775 28.9
      vertex 140.051 74.2725 31.3
      vertex 140.051 74.2725 28.9
    endloop
  endfacet
  facet normal -0.98077 -0.195168 0
    outer loop
      vertex 140.051 74.2725 31.3
      vertex 140.15 73.775 28.9
      vertex 140.15 73.775 31.3
    endloop
  endfacet
  facet normal -0.555337 -0.831626 0
    outer loop
      vertex 139.347 74.976 28.9
      vertex 139.769 74.6942 31.3
      vertex 139.347 74.976 31.3
    endloop
  endfacet
  facet normal -0.555337 -0.831626 -0
    outer loop
      vertex 139.769 74.6942 31.3
      vertex 139.347 74.976 28.9
      vertex 139.769 74.6942 28.9
    endloop
  endfacet
  facet normal 0.195357 0.980732 -0
    outer loop
      vertex 138.85 59.975 28.9
      vertex 138.353 60.074 31.3
      vertex 138.85 59.975 31.3
    endloop
  endfacet
  facet normal 0.195357 0.980732 0
    outer loop
      vertex 138.353 60.074 31.3
      vertex 138.85 59.975 28.9
      vertex 138.353 60.074 28.9
    endloop
  endfacet
  facet normal -0.195357 -0.980732 0
    outer loop
      vertex 138.85 75.075 28.9
      vertex 139.347 74.976 31.3
      vertex 138.85 75.075 31.3
    endloop
  endfacet
  facet normal -0.195357 -0.980732 -0
    outer loop
      vertex 139.347 74.976 31.3
      vertex 138.85 75.075 28.9
      vertex 139.347 74.976 28.9
    endloop
  endfacet
  facet normal -0.555337 0.831626 0
    outer loop
      vertex 139.769 60.3558 28.9
      vertex 139.347 60.074 31.3
      vertex 139.769 60.3558 31.3
    endloop
  endfacet
  facet normal -0.555337 0.831626 0
    outer loop
      vertex 139.347 60.074 31.3
      vertex 139.769 60.3558 28.9
      vertex 139.347 60.074 28.9
    endloop
  endfacet
  facet normal 0.555337 -0.831626 0
    outer loop
      vertex 137.931 74.6942 28.9
      vertex 138.353 74.976 31.3
      vertex 137.931 74.6942 31.3
    endloop
  endfacet
  facet normal 0.555337 -0.831626 0
    outer loop
      vertex 138.353 74.976 31.3
      vertex 137.931 74.6942 28.9
      vertex 138.353 74.976 28.9
    endloop
  endfacet
  facet normal -0.831261 0.555882 0
    outer loop
      vertex 139.769 60.3558 28.9
      vertex 140.051 60.7775 31.3
      vertex 140.051 60.7775 28.9
    endloop
  endfacet
  facet normal -0.831261 0.555882 0
    outer loop
      vertex 140.051 60.7775 31.3
      vertex 139.769 60.3558 28.9
      vertex 139.769 60.3558 31.3
    endloop
  endfacet
  facet normal -1 0 0
    outer loop
      vertex 140.15 61.275 28.9
      vertex 140.15 73.775 31.3
      vertex 140.15 73.775 28.9
    endloop
  endfacet
  facet normal -1 -0 0
    outer loop
      vertex 140.15 73.775 31.3
      vertex 140.15 61.275 28.9
      vertex 140.15 61.275 31.3
    endloop
  endfacet
  facet normal 0.98077 -0.195168 0
    outer loop
      vertex 137.55 73.775 31.3
      vertex 137.649 74.2725 28.9
      vertex 137.649 74.2725 31.3
    endloop
  endfacet
  facet normal 0.98077 -0.195168 0
    outer loop
      vertex 137.649 74.2725 28.9
      vertex 137.55 73.775 31.3
      vertex 137.55 73.775 28.9
    endloop
  endfacet
  facet normal 0.195357 -0.980732 0
    outer loop
      vertex 138.353 74.976 28.9
      vertex 138.85 75.075 31.3
      vertex 138.353 74.976 31.3
    endloop
  endfacet
  facet normal 0.195357 -0.980732 0
    outer loop
      vertex 138.85 75.075 31.3
      vertex 138.353 74.976 28.9
      vertex 138.85 75.075 28.9
    endloop
  endfacet
  facet normal 0.98077 0.195168 0
    outer loop
      vertex 137.649 60.7775 31.3
      vertex 137.55 61.275 28.9
      vertex 137.55 61.275 31.3
    endloop
  endfacet
  facet normal 0.98077 0.195168 0
    outer loop
      vertex 137.55 61.275 28.9
      vertex 137.649 60.7775 31.3
      vertex 137.649 60.7775 28.9
    endloop
  endfacet
  facet normal -0.831261 -0.555882 0
    outer loop
      vertex 140.051 74.2725 28.9
      vertex 139.769 74.6942 31.3
      vertex 139.769 74.6942 28.9
    endloop
  endfacet
  facet normal -0.831261 -0.555882 0
    outer loop
      vertex 139.769 74.6942 31.3
      vertex 140.051 74.2725 28.9
      vertex 140.051 74.2725 31.3
    endloop
  endfacet
  facet normal 0.555337 0.831626 -0
    outer loop
      vertex 138.353 60.074 28.9
      vertex 137.931 60.3558 31.3
      vertex 138.353 60.074 31.3
    endloop
  endfacet
  facet normal 0.555337 0.831626 0
    outer loop
      vertex 137.931 60.3558 31.3
      vertex 138.353 60.074 28.9
      vertex 137.931 60.3558 28.9
    endloop
  endfacet
  facet normal -0.98077 0.195168 0
    outer loop
      vertex 140.051 60.7775 28.9
      vertex 140.15 61.275 31.3
      vertex 140.15 61.275 28.9
    endloop
  endfacet
  facet normal -0.98077 0.195168 0
    outer loop
      vertex 140.15 61.275 31.3
      vertex 140.051 60.7775 28.9
      vertex 140.051 60.7775 31.3
    endloop
  endfacet
  facet normal 0.831261 0.555882 0
    outer loop
      vertex 137.931 60.3558 31.3
      vertex 137.649 60.7775 28.9
      vertex 137.649 60.7775 31.3
    endloop
  endfacet
  facet normal 0.831261 0.555882 0
    outer loop
      vertex 137.649 60.7775 28.9
      vertex 137.931 60.3558 31.3
      vertex 137.931 60.3558 28.9
    endloop
  endfacet
  facet normal 0.831261 -0.555882 0
    outer loop
      vertex 137.649 74.2725 31.3
      vertex 137.931 74.6942 28.9
      vertex 137.931 74.6942 31.3
    endloop
  endfacet
  facet normal 0.831261 -0.555882 0
    outer loop
      vertex 137.931 74.6942 28.9
      vertex 137.649 74.2725 31.3
      vertex 137.649 74.2725 28.9
    endloop
  endfacet
  facet normal -0.195357 0.980732 0
    outer loop
      vertex 139.347 60.074 28.9
      vertex 138.85 59.975 31.3
      vertex 139.347 60.074 31.3
    endloop
  endfacet
  facet normal -0.195357 0.980732 0
    outer loop
      vertex 138.85 59.975 31.3
      vertex 139.347 60.074 28.9
      vertex 138.85 59.975 28.9
    endloop
  endfacet
  facet normal -0.555337 -0.831626 0
    outer loop
      vertex 144.347 74.976 28.9
      vertex 144.769 74.6942 31.3
      vertex 144.347 74.976 31.3
    endloop
  endfacet
  facet normal -0.555337 -0.831626 -0
    outer loop
      vertex 144.769 74.6942 31.3
      vertex 144.347 74.976 28.9
      vertex 144.769 74.6942 28.9
    endloop
  endfacet
  facet normal -0.195357 0.980732 0
    outer loop
      vertex 144.347 60.074 28.9
      vertex 143.85 59.975 31.3
      vertex 144.347 60.074 31.3
    endloop
  endfacet
  facet normal -0.195357 0.980732 0
    outer loop
      vertex 143.85 59.975 31.3
      vertex 144.347 60.074 28.9
      vertex 143.85 59.975 28.9
    endloop
  endfacet
  facet normal -1 0 0
    outer loop
      vertex 145.15 61.275 28.9
      vertex 145.15 73.775 31.3
      vertex 145.15 73.775 28.9
    endloop
  endfacet
  facet normal -1 -0 0
    outer loop
      vertex 145.15 73.775 31.3
      vertex 145.15 61.275 28.9
      vertex 145.15 61.275 31.3
    endloop
  endfacet
  facet normal 0.98077 0.195168 0
    outer loop
      vertex 142.649 60.7775 31.3
      vertex 142.55 61.275 28.9
      vertex 142.55 61.275 31.3
    endloop
  endfacet
  facet normal 0.98077 0.195168 0
    outer loop
      vertex 142.55 61.275 28.9
      vertex 142.649 60.7775 31.3
      vertex 142.649 60.7775 28.9
    endloop
  endfacet
  facet normal -0.195357 -0.980732 0
    outer loop
      vertex 143.85 75.075 28.9
      vertex 144.347 74.976 31.3
      vertex 143.85 75.075 31.3
    endloop
  endfacet
  facet normal -0.195357 -0.980732 -0
    outer loop
      vertex 144.347 74.976 31.3
      vertex 143.85 75.075 28.9
      vertex 144.347 74.976 28.9
    endloop
  endfacet
  facet normal 0.831261 -0.555882 0
    outer loop
      vertex 142.649 74.2725 31.3
      vertex 142.931 74.6942 28.9
      vertex 142.931 74.6942 31.3
    endloop
  endfacet
  facet normal 0.831261 -0.555882 0
    outer loop
      vertex 142.931 74.6942 28.9
      vertex 142.649 74.2725 31.3
      vertex 142.649 74.2725 28.9
    endloop
  endfacet
  facet normal 0.195357 0.980732 -0
    outer loop
      vertex 143.85 59.975 28.9
      vertex 143.353 60.074 31.3
      vertex 143.85 59.975 31.3
    endloop
  endfacet
  facet normal 0.195357 0.980732 0
    outer loop
      vertex 143.353 60.074 31.3
      vertex 143.85 59.975 28.9
      vertex 143.353 60.074 28.9
    endloop
  endfacet
  facet normal 0.555337 -0.831626 0
    outer loop
      vertex 142.931 74.6942 28.9
      vertex 143.353 74.976 31.3
      vertex 142.931 74.6942 31.3
    endloop
  endfacet
  facet normal 0.555337 -0.831626 0
    outer loop
      vertex 143.353 74.976 31.3
      vertex 142.931 74.6942 28.9
      vertex 143.353 74.976 28.9
    endloop
  endfacet
  facet normal 0.195357 -0.980732 0
    outer loop
      vertex 143.353 74.976 28.9
      vertex 143.85 75.075 31.3
      vertex 143.353 74.976 31.3
    endloop
  endfacet
  facet normal 0.195357 -0.980732 0
    outer loop
      vertex 143.85 75.075 31.3
      vertex 143.353 74.976 28.9
      vertex 143.85 75.075 28.9
    endloop
  endfacet
  facet normal -0.831261 -0.555882 0
    outer loop
      vertex 145.051 74.2725 28.9
      vertex 144.769 74.6942 31.3
      vertex 144.769 74.6942 28.9
    endloop
  endfacet
  facet normal -0.831261 -0.555882 0
    outer loop
      vertex 144.769 74.6942 31.3
      vertex 145.051 74.2725 28.9
      vertex 145.051 74.2725 31.3
    endloop
  endfacet
  facet normal -0.98077 0.195168 0
    outer loop
      vertex 145.051 60.7775 28.9
      vertex 145.15 61.275 31.3
      vertex 145.15 61.275 28.9
    endloop
  endfacet
  facet normal -0.98077 0.195168 0
    outer loop
      vertex 145.15 61.275 31.3
      vertex 145.051 60.7775 28.9
      vertex 145.051 60.7775 31.3
    endloop
  endfacet
  facet normal 0.98077 -0.195168 0
    outer loop
      vertex 142.55 73.775 31.3
      vertex 142.649 74.2725 28.9
      vertex 142.649 74.2725 31.3
    endloop
  endfacet
  facet normal 0.98077 -0.195168 0
    outer loop
      vertex 142.649 74.2725 28.9
      vertex 142.55 73.775 31.3
      vertex 142.55 73.775 28.9
    endloop
  endfacet
  facet normal 1 -0 0
    outer loop
      vertex 142.55 61.275 31.3
      vertex 142.55 73.775 28.9
      vertex 142.55 73.775 31.3
    endloop
  endfacet
  facet normal 1 0 0
    outer loop
      vertex 142.55 73.775 28.9
      vertex 142.55 61.275 31.3
      vertex 142.55 61.275 28.9
    endloop
  endfacet
  facet normal -0.831261 0.555882 0
    outer loop
      vertex 144.769 60.3558 28.9
      vertex 145.051 60.7775 31.3
      vertex 145.051 60.7775 28.9
    endloop
  endfacet
  facet normal -0.831261 0.555882 0
    outer loop
      vertex 145.051 60.7775 31.3
      vertex 144.769 60.3558 28.9
      vertex 144.769 60.3558 31.3
    endloop
  endfacet
  facet normal -0.98077 -0.195168 0
    outer loop
      vertex 145.15 73.775 28.9
      vertex 145.051 74.2725 31.3
      vertex 145.051 74.2725 28.9
    endloop
  endfacet
  facet normal -0.98077 -0.195168 0
    outer loop
      vertex 145.051 74.2725 31.3
      vertex 145.15 73.775 28.9
      vertex 145.15 73.775 31.3
    endloop
  endfacet
  facet normal 0.555337 0.831626 -0
    outer loop
      vertex 143.353 60.074 28.9
      vertex 142.931 60.3558 31.3
      vertex 143.353 60.074 31.3
    endloop
  endfacet
  facet normal 0.555337 0.831626 0
    outer loop
      vertex 142.931 60.3558 31.3
      vertex 143.353 60.074 28.9
      vertex 142.931 60.3558 28.9
    endloop
  endfacet
  facet normal -0.555337 0.831626 0
    outer loop
      vertex 144.769 60.3558 28.9
      vertex 144.347 60.074 31.3
      vertex 144.769 60.3558 31.3
    endloop
  endfacet
  facet normal -0.555337 0.831626 0
    outer loop
      vertex 144.347 60.074 31.3
      vertex 144.769 60.3558 28.9
      vertex 144.347 60.074 28.9
    endloop
  endfacet
  facet normal 0.831261 0.555882 0
    outer loop
      vertex 142.931 60.3558 31.3
      vertex 142.649 60.7775 28.9
      vertex 142.649 60.7775 31.3
    endloop
  endfacet
  facet normal 0.831261 0.555882 0
    outer loop
      vertex 142.649 60.7775 28.9
      vertex 142.931 60.3558 31.3
      vertex 142.931 60.3558 28.9
    endloop
  endfacet
  facet normal -0.555337 -0.831626 0
    outer loop
      vertex 149.347 74.976 28.9
      vertex 149.769 74.6942 31.3
      vertex 149.347 74.976 31.3
    endloop
  endfacet
  facet normal -0.555337 -0.831626 -0
    outer loop
      vertex 149.769 74.6942 31.3
      vertex 149.347 74.976 28.9
      vertex 149.769 74.6942 28.9
    endloop
  endfacet
  facet normal -0.195357 0.980732 0
    outer loop
      vertex 149.347 60.074 28.9
      vertex 148.85 59.975 31.3
      vertex 149.347 60.074 31.3
    endloop
  endfacet
  facet normal -0.195357 0.980732 0
    outer loop
      vertex 148.85 59.975 31.3
      vertex 149.347 60.074 28.9
      vertex 148.85 59.975 28.9
    endloop
  endfacet
  facet normal -1 0 0
    outer loop
      vertex 150.15 61.275 28.9
      vertex 150.15 73.775 31.3
      vertex 150.15 73.775 28.9
    endloop
  endfacet
  facet normal -1 -0 0
    outer loop
      vertex 150.15 73.775 31.3
      vertex 150.15 61.275 28.9
      vertex 150.15 61.275 31.3
    endloop
  endfacet
  facet normal 0.98077 0.195168 0
    outer loop
      vertex 147.649 60.7775 31.3
      vertex 147.55 61.275 28.9
      vertex 147.55 61.275 31.3
    endloop
  endfacet
  facet normal 0.98077 0.195168 0
    outer loop
      vertex 147.55 61.275 28.9
      vertex 147.649 60.7775 31.3
      vertex 147.649 60.7775 28.9
    endloop
  endfacet
  facet normal -0.195357 -0.980732 0
    outer loop
      vertex 148.85 75.075 28.9
      vertex 149.347 74.976 31.3
      vertex 148.85 75.075 31.3
    endloop
  endfacet
  facet normal -0.195357 -0.980732 -0
    outer loop
      vertex 149.347 74.976 31.3
      vertex 148.85 75.075 28.9
      vertex 149.347 74.976 28.9
    endloop
  endfacet
  facet normal 0.831261 -0.555882 0
    outer loop
      vertex 147.649 74.2725 31.3
      vertex 147.931 74.6942 28.9
      vertex 147.931 74.6942 31.3
    endloop
  endfacet
  facet normal 0.831261 -0.555882 0
    outer loop
      vertex 147.931 74.6942 28.9
      vertex 147.649 74.2725 31.3
      vertex 147.649 74.2725 28.9
    endloop
  endfacet
  facet normal 0.195357 0.980732 -0
    outer loop
      vertex 148.85 59.975 28.9
      vertex 148.353 60.074 31.3
      vertex 148.85 59.975 31.3
    endloop
  endfacet
  facet normal 0.195357 0.980732 0
    outer loop
      vertex 148.353 60.074 31.3
      vertex 148.85 59.975 28.9
      vertex 148.353 60.074 28.9
    endloop
  endfacet
  facet normal 0.555337 -0.831626 0
    outer loop
      vertex 147.931 74.6942 28.9
      vertex 148.353 74.976 31.3
      vertex 147.931 74.6942 31.3
    endloop
  endfacet
  facet normal 0.555337 -0.831626 0
    outer loop
      vertex 148.353 74.976 31.3
      vertex 147.931 74.6942 28.9
      vertex 148.353 74.976 28.9
    endloop
  endfacet
  facet normal 0.195357 -0.980732 0
    outer loop
      vertex 148.353 74.976 28.9
      vertex 148.85 75.075 31.3
      vertex 148.353 74.976 31.3
    endloop
  endfacet
  facet normal 0.195357 -0.980732 0
    outer loop
      vertex 148.85 75.075 31.3
      vertex 148.353 74.976 28.9
      vertex 148.85 75.075 28.9
    endloop
  endfacet
  facet normal -0.831261 -0.555882 0
    outer loop
      vertex 150.051 74.2725 28.9
      vertex 149.769 74.6942 31.3
      vertex 149.769 74.6942 28.9
    endloop
  endfacet
  facet normal -0.831261 -0.555882 0
    outer loop
      vertex 149.769 74.6942 31.3
      vertex 150.051 74.2725 28.9
      vertex 150.051 74.2725 31.3
    endloop
  endfacet
  facet normal -0.98077 0.195168 0
    outer loop
      vertex 150.051 60.7775 28.9
      vertex 150.15 61.275 31.3
      vertex 150.15 61.275 28.9
    endloop
  endfacet
  facet normal -0.98077 0.195168 0
    outer loop
      vertex 150.15 61.275 31.3
      vertex 150.051 60.7775 28.9
      vertex 150.051 60.7775 31.3
    endloop
  endfacet
  facet normal -0.555337 0.831626 0
    outer loop
      vertex 149.769 60.3558 28.9
      vertex 149.347 60.074 31.3
      vertex 149.769 60.3558 31.3
    endloop
  endfacet
  facet normal -0.555337 0.831626 0
    outer loop
      vertex 149.347 60.074 31.3
      vertex 149.769 60.3558 28.9
      vertex 149.347 60.074 28.9
    endloop
  endfacet
  facet normal 0.98077 -0.195168 0
    outer loop
      vertex 147.55 73.775 31.3
      vertex 147.649 74.2725 28.9
      vertex 147.649 74.2725 31.3
    endloop
  endfacet
  facet normal 0.98077 -0.195168 0
    outer loop
      vertex 147.649 74.2725 28.9
      vertex 147.55 73.775 31.3
      vertex 147.55 73.775 28.9
    endloop
  endfacet
  facet normal 1 -0 0
    outer loop
      vertex 147.55 61.275 31.3
      vertex 147.55 73.775 28.9
      vertex 147.55 73.775 31.3
    endloop
  endfacet
  facet normal 1 0 0
    outer loop
      vertex 147.55 73.775 28.9
      vertex 147.55 61.275 31.3
      vertex 147.55 61.275 28.9
    endloop
  endfacet
  facet normal -0.831261 0.555882 0
    outer loop
      vertex 149.769 60.3558 28.9
      vertex 150.051 60.7775 31.3
      vertex 150.051 60.7775 28.9
    endloop
  endfacet
  facet normal -0.831261 0.555882 0
    outer loop
      vertex 150.051 60.7775 31.3
      vertex 149.769 60.3558 28.9
      vertex 149.769 60.3558 31.3
    endloop
  endfacet
  facet normal -0.98077 -0.195168 0
    outer loop
      vertex 150.15 73.775 28.9
      vertex 150.051 74.2725 31.3
      vertex 150.051 74.2725 28.9
    endloop
  endfacet
  facet normal -0.98077 -0.195168 0
    outer loop
      vertex 150.051 74.2725 31.3
      vertex 150.15 73.775 28.9
      vertex 150.15 73.775 31.3
    endloop
  endfacet
  facet normal 0.555337 0.831626 -0
    outer loop
      vertex 148.353 60.074 28.9
      vertex 147.931 60.3558 31.3
      vertex 148.353 60.074 31.3
    endloop
  endfacet
  facet normal 0.555337 0.831626 0
    outer loop
      vertex 147.931 60.3558 31.3
      vertex 148.353 60.074 28.9
      vertex 147.931 60.3558 28.9
    endloop
  endfacet
  facet normal 0.831261 0.555882 0
    outer loop
      vertex 147.931 60.3558 31.3
      vertex 147.649 60.7775 28.9
      vertex 147.649 60.7775 31.3
    endloop
  endfacet
  facet normal 0.831261 0.555882 0
    outer loop
      vertex 147.649 60.7775 28.9
      vertex 147.931 60.3558 31.3
      vertex 147.931 60.3558 28.9
    endloop
  endfacet
  facet normal 1 -0 0
    outer loop
      vertex 152.55 61.275 31.3
      vertex 152.55 73.775 28.9
      vertex 152.55 73.775 31.3
    endloop
  endfacet
  facet normal 1 0 0
    outer loop
      vertex 152.55 73.775 28.9
      vertex 152.55 61.275 31.3
      vertex 152.55 61.275 28.9
    endloop
  endfacet
  facet normal -0.98077 -0.195168 0
    outer loop
      vertex 155.15 73.775 28.9
      vertex 155.051 74.2725 31.3
      vertex 155.051 74.2725 28.9
    endloop
  endfacet
  facet normal -0.98077 -0.195168 0
    outer loop
      vertex 155.051 74.2725 31.3
      vertex 155.15 73.775 28.9
      vertex 155.15 73.775 31.3
    endloop
  endfacet
  facet normal -0.555337 -0.831626 0
    outer loop
      vertex 154.347 74.976 28.9
      vertex 154.769 74.6942 31.3
      vertex 154.347 74.976 31.3
    endloop
  endfacet
  facet normal -0.555337 -0.831626 -0
    outer loop
      vertex 154.769 74.6942 31.3
      vertex 154.347 74.976 28.9
      vertex 154.769 74.6942 28.9
    endloop
  endfacet
  facet normal -0.195357 -0.980732 0
    outer loop
      vertex 153.85 75.075 28.9
      vertex 154.347 74.976 31.3
      vertex 153.85 75.075 31.3
    endloop
  endfacet
  facet normal -0.195357 -0.980732 -0
    outer loop
      vertex 154.347 74.976 31.3
      vertex 153.85 75.075 28.9
      vertex 154.347 74.976 28.9
    endloop
  endfacet
  facet normal -0.555337 0.831626 0
    outer loop
      vertex 154.769 60.3558 28.9
      vertex 154.347 60.074 31.3
      vertex 154.769 60.3558 31.3
    endloop
  endfacet
  facet normal -0.555337 0.831626 0
    outer loop
      vertex 154.347 60.074 31.3
      vertex 154.769 60.3558 28.9
      vertex 154.347 60.074 28.9
    endloop
  endfacet
  facet normal 0.555337 -0.831626 0
    outer loop
      vertex 152.931 74.6942 28.9
      vertex 153.353 74.976 31.3
      vertex 152.931 74.6942 31.3
    endloop
  endfacet
  facet normal 0.555337 -0.831626 0
    outer loop
      vertex 153.353 74.976 31.3
      vertex 152.931 74.6942 28.9
      vertex 153.353 74.976 28.9
    endloop
  endfacet
  facet normal -0.831261 0.555882 0
    outer loop
      vertex 154.769 60.3558 28.9
      vertex 155.051 60.7775 31.3
      vertex 155.051 60.7775 28.9
    endloop
  endfacet
  facet normal -0.831261 0.555882 0
    outer loop
      vertex 155.051 60.7775 31.3
      vertex 154.769 60.3558 28.9
      vertex 154.769 60.3558 31.3
    endloop
  endfacet
  facet normal -1 0 0
    outer loop
      vertex 155.15 61.275 28.9
      vertex 155.15 73.775 31.3
      vertex 155.15 73.775 28.9
    endloop
  endfacet
  facet normal -1 -0 0
    outer loop
      vertex 155.15 73.775 31.3
      vertex 155.15 61.275 28.9
      vertex 155.15 61.275 31.3
    endloop
  endfacet
  facet normal 0.98077 -0.195168 0
    outer loop
      vertex 152.55 73.775 31.3
      vertex 152.649 74.2725 28.9
      vertex 152.649 74.2725 31.3
    endloop
  endfacet
  facet normal 0.98077 -0.195168 0
    outer loop
      vertex 152.649 74.2725 28.9
      vertex 152.55 73.775 31.3
      vertex 152.55 73.775 28.9
    endloop
  endfacet
  facet normal 0.195357 -0.980732 0
    outer loop
      vertex 153.353 74.976 28.9
      vertex 153.85 75.075 31.3
      vertex 153.353 74.976 31.3
    endloop
  endfacet
  facet normal 0.195357 -0.980732 0
    outer loop
      vertex 153.85 75.075 31.3
      vertex 153.353 74.976 28.9
      vertex 153.85 75.075 28.9
    endloop
  endfacet
  facet normal 0.98077 0.195168 0
    outer loop
      vertex 152.649 60.7775 31.3
      vertex 152.55 61.275 28.9
      vertex 152.55 61.275 31.3
    endloop
  endfacet
  facet normal 0.98077 0.195168 0
    outer loop
      vertex 152.55 61.275 28.9
      vertex 152.649 60.7775 31.3
      vertex 152.649 60.7775 28.9
    endloop
  endfacet
  facet normal -0.831261 -0.555882 0
    outer loop
      vertex 155.051 74.2725 28.9
      vertex 154.769 74.6942 31.3
      vertex 154.769 74.6942 28.9
    endloop
  endfacet
  facet normal -0.831261 -0.555882 0
    outer loop
      vertex 154.769 74.6942 31.3
      vertex 155.051 74.2725 28.9
      vertex 155.051 74.2725 31.3
    endloop
  endfacet
  facet normal 0.555337 0.831626 -0
    outer loop
      vertex 153.353 60.074 28.9
      vertex 152.931 60.3558 31.3
      vertex 153.353 60.074 31.3
    endloop
  endfacet
  facet normal 0.555337 0.831626 0
    outer loop
      vertex 152.931 60.3558 31.3
      vertex 153.353 60.074 28.9
      vertex 152.931 60.3558 28.9
    endloop
  endfacet
  facet normal -0.98077 0.195168 0
    outer loop
      vertex 155.051 60.7775 28.9
      vertex 155.15 61.275 31.3
      vertex 155.15 61.275 28.9
    endloop
  endfacet
  facet normal -0.98077 0.195168 0
    outer loop
      vertex 155.15 61.275 31.3
      vertex 155.051 60.7775 28.9
      vertex 155.051 60.7775 31.3
    endloop
  endfacet
  facet normal 0.831261 0.555882 0
    outer loop
      vertex 152.931 60.3558 31.3
      vertex 152.649 60.7775 28.9
      vertex 152.649 60.7775 31.3
    endloop
  endfacet
  facet normal 0.831261 0.555882 0
    outer loop
      vertex 152.649 60.7775 28.9
      vertex 152.931 60.3558 31.3
      vertex 152.931 60.3558 28.9
    endloop
  endfacet
  facet normal 0.831261 -0.555882 0
    outer loop
      vertex 152.649 74.2725 31.3
      vertex 152.931 74.6942 28.9
      vertex 152.931 74.6942 31.3
    endloop
  endfacet
  facet normal 0.831261 -0.555882 0
    outer loop
      vertex 152.931 74.6942 28.9
      vertex 152.649 74.2725 31.3
      vertex 152.649 74.2725 28.9
    endloop
  endfacet
  facet normal 0.195357 0.980732 -0
    outer loop
      vertex 153.85 59.975 28.9
      vertex 153.353 60.074 31.3
      vertex 153.85 59.975 31.3
    endloop
  endfacet
  facet normal 0.195357 0.980732 0
    outer loop
      vertex 153.353 60.074 31.3
      vertex 153.85 59.975 28.9
      vertex 153.353 60.074 28.9
    endloop
  endfacet
  facet normal -0.195357 0.980732 0
    outer loop
      vertex 154.347 60.074 28.9
      vertex 153.85 59.975 31.3
      vertex 154.347 60.074 31.3
    endloop
  endfacet
  facet normal -0.195357 0.980732 0
    outer loop
      vertex 153.85 59.975 31.3
      vertex 154.347 60.074 28.9
      vertex 153.85 59.975 28.9
    endloop
  endfacet
  facet normal 0.195357 0.980732 -0
    outer loop
      vertex 158.85 59.975 28.9
      vertex 158.353 60.074 31.3
      vertex 158.85 59.975 31.3
    endloop
  endfacet
  facet normal 0.195357 0.980732 0
    outer loop
      vertex 158.353 60.074 31.3
      vertex 158.85 59.975 28.9
      vertex 158.353 60.074 28.9
    endloop
  endfacet
  facet normal 0.555337 0.831626 -0
    outer loop
      vertex 158.353 60.074 28.9
      vertex 157.931 60.3558 31.3
      vertex 158.353 60.074 31.3
    endloop
  endfacet
  facet normal 0.555337 0.831626 0
    outer loop
      vertex 157.931 60.3558 31.3
      vertex 158.353 60.074 28.9
      vertex 157.931 60.3558 28.9
    endloop
  endfacet
  facet normal -0.98077 0.195168 0
    outer loop
      vertex 160.051 60.7775 28.9
      vertex 160.15 61.275 31.3
      vertex 160.15 61.275 28.9
    endloop
  endfacet
  facet normal -0.98077 0.195168 0
    outer loop
      vertex 160.15 61.275 31.3
      vertex 160.051 60.7775 28.9
      vertex 160.051 60.7775 31.3
    endloop
  endfacet
  facet normal 1 -0 0
    outer loop
      vertex 157.55 61.275 31.3
      vertex 157.55 73.775 28.9
      vertex 157.55 73.775 31.3
    endloop
  endfacet
  facet normal 1 0 0
    outer loop
      vertex 157.55 73.775 28.9
      vertex 157.55 61.275 31.3
      vertex 157.55 61.275 28.9
    endloop
  endfacet
  facet normal 0.98077 0.195168 0
    outer loop
      vertex 157.649 60.7775 31.3
      vertex 157.55 61.275 28.9
      vertex 157.55 61.275 31.3
    endloop
  endfacet
  facet normal 0.98077 0.195168 0
    outer loop
      vertex 157.55 61.275 28.9
      vertex 157.649 60.7775 31.3
      vertex 157.649 60.7775 28.9
    endloop
  endfacet
  facet normal -0.195357 0.980732 0
    outer loop
      vertex 159.347 60.074 28.9
      vertex 158.85 59.975 31.3
      vertex 159.347 60.074 31.3
    endloop
  endfacet
  facet normal -0.195357 0.980732 0
    outer loop
      vertex 158.85 59.975 31.3
      vertex 159.347 60.074 28.9
      vertex 158.85 59.975 28.9
    endloop
  endfacet
  facet normal -0.555337 -0.831626 0
    outer loop
      vertex 159.347 74.976 28.9
      vertex 159.769 74.6942 31.3
      vertex 159.347 74.976 31.3
    endloop
  endfacet
  facet normal -0.555337 -0.831626 -0
    outer loop
      vertex 159.769 74.6942 31.3
      vertex 159.347 74.976 28.9
      vertex 159.769 74.6942 28.9
    endloop
  endfacet
  facet normal -1 0 0
    outer loop
      vertex 160.15 61.275 28.9
      vertex 160.15 73.775 31.3
      vertex 160.15 73.775 28.9
    endloop
  endfacet
  facet normal -1 -0 0
    outer loop
      vertex 160.15 73.775 31.3
      vertex 160.15 61.275 28.9
      vertex 160.15 61.275 31.3
    endloop
  endfacet
  facet normal -0.555337 0.831626 0
    outer loop
      vertex 159.769 60.3558 28.9
      vertex 159.347 60.074 31.3
      vertex 159.769 60.3558 31.3
    endloop
  endfacet
  facet normal -0.555337 0.831626 0
    outer loop
      vertex 159.347 60.074 31.3
      vertex 159.769 60.3558 28.9
      vertex 159.347 60.074 28.9
    endloop
  endfacet
  facet normal 0.195357 -0.980732 0
    outer loop
      vertex 158.353 74.976 28.9
      vertex 158.85 75.075 31.3
      vertex 158.353 74.976 31.3
    endloop
  endfacet
  facet normal 0.195357 -0.980732 0
    outer loop
      vertex 158.85 75.075 31.3
      vertex 158.353 74.976 28.9
      vertex 158.85 75.075 28.9
    endloop
  endfacet
  facet normal 0.831261 0.555882 0
    outer loop
      vertex 157.931 60.3558 31.3
      vertex 157.649 60.7775 28.9
      vertex 157.649 60.7775 31.3
    endloop
  endfacet
  facet normal 0.831261 0.555882 0
    outer loop
      vertex 157.649 60.7775 28.9
      vertex 157.931 60.3558 31.3
      vertex 157.931 60.3558 28.9
    endloop
  endfacet
  facet normal -0.195357 -0.980732 0
    outer loop
      vertex 158.85 75.075 28.9
      vertex 159.347 74.976 31.3
      vertex 158.85 75.075 31.3
    endloop
  endfacet
  facet normal -0.195357 -0.980732 -0
    outer loop
      vertex 159.347 74.976 31.3
      vertex 158.85 75.075 28.9
      vertex 159.347 74.976 28.9
    endloop
  endfacet
  facet normal -0.831261 -0.555882 0
    outer loop
      vertex 160.051 74.2725 28.9
      vertex 159.769 74.6942 31.3
      vertex 159.769 74.6942 28.9
    endloop
  endfacet
  facet normal -0.831261 -0.555882 0
    outer loop
      vertex 159.769 74.6942 31.3
      vertex 160.051 74.2725 28.9
      vertex 160.051 74.2725 31.3
    endloop
  endfacet
  facet normal -0.98077 -0.195168 0
    outer loop
      vertex 160.15 73.775 28.9
      vertex 160.051 74.2725 31.3
      vertex 160.051 74.2725 28.9
    endloop
  endfacet
  facet normal -0.98077 -0.195168 0
    outer loop
      vertex 160.051 74.2725 31.3
      vertex 160.15 73.775 28.9
      vertex 160.15 73.775 31.3
    endloop
  endfacet
  facet normal -0.831261 0.555882 0
    outer loop
      vertex 159.769 60.3558 28.9
      vertex 160.051 60.7775 31.3
      vertex 160.051 60.7775 28.9
    endloop
  endfacet
  facet normal -0.831261 0.555882 0
    outer loop
      vertex 160.051 60.7775 31.3
      vertex 159.769 60.3558 28.9
      vertex 159.769 60.3558 31.3
    endloop
  endfacet
  facet normal 0.831261 -0.555882 0
    outer loop
      vertex 157.649 74.2725 31.3
      vertex 157.931 74.6942 28.9
      vertex 157.931 74.6942 31.3
    endloop
  endfacet
  facet normal 0.831261 -0.555882 0
    outer loop
      vertex 157.931 74.6942 28.9
      vertex 157.649 74.2725 31.3
      vertex 157.649 74.2725 28.9
    endloop
  endfacet
  facet normal 0.555337 -0.831626 0
    outer loop
      vertex 157.931 74.6942 28.9
      vertex 158.353 74.976 31.3
      vertex 157.931 74.6942 31.3
    endloop
  endfacet
  facet normal 0.555337 -0.831626 0
    outer loop
      vertex 158.353 74.976 31.3
      vertex 157.931 74.6942 28.9
      vertex 158.353 74.976 28.9
    endloop
  endfacet
  facet normal 0.98077 -0.195168 0
    outer loop
      vertex 157.55 73.775 31.3
      vertex 157.649 74.2725 28.9
      vertex 157.649 74.2725 31.3
    endloop
  endfacet
  facet normal 0.98077 -0.195168 0
    outer loop
      vertex 157.649 74.2725 28.9
      vertex 157.55 73.775 31.3
      vertex 157.55 73.775 28.9
    endloop
  endfacet
  facet normal -0.98077 -0.195168 0
    outer loop
      vertex 165.15 73.775 28.9
      vertex 165.051 74.2725 31.3
      vertex 165.051 74.2725 28.9
    endloop
  endfacet
  facet normal -0.98077 -0.195168 0
    outer loop
      vertex 165.051 74.2725 31.3
      vertex 165.15 73.775 28.9
      vertex 165.15 73.775 31.3
    endloop
  endfacet
  facet normal -0.195357 -0.980732 0
    outer loop
      vertex 163.85 75.075 28.9
      vertex 164.347 74.976 31.3
      vertex 163.85 75.075 31.3
    endloop
  endfacet
  facet normal -0.195357 -0.980732 -0
    outer loop
      vertex 164.347 74.976 31.3
      vertex 163.85 75.075 28.9
      vertex 164.347 74.976 28.9
    endloop
  endfacet
  facet normal 0.195357 -0.980732 0
    outer loop
      vertex 163.353 74.976 28.9
      vertex 163.85 75.075 31.3
      vertex 163.353 74.976 31.3
    endloop
  endfacet
  facet normal 0.195357 -0.980732 0
    outer loop
      vertex 163.85 75.075 31.3
      vertex 163.353 74.976 28.9
      vertex 163.85 75.075 28.9
    endloop
  endfacet
  facet normal 0.98077 -0.195168 0
    outer loop
      vertex 162.55 73.775 31.3
      vertex 162.649 74.2725 28.9
      vertex 162.649 74.2725 31.3
    endloop
  endfacet
  facet normal 0.98077 -0.195168 0
    outer loop
      vertex 162.649 74.2725 28.9
      vertex 162.55 73.775 31.3
      vertex 162.55 73.775 28.9
    endloop
  endfacet
  facet normal 0.831261 -0.555882 0
    outer loop
      vertex 162.649 74.2725 31.3
      vertex 162.931 74.6942 28.9
      vertex 162.931 74.6942 31.3
    endloop
  endfacet
  facet normal 0.831261 -0.555882 0
    outer loop
      vertex 162.931 74.6942 28.9
      vertex 162.649 74.2725 31.3
      vertex 162.649 74.2725 28.9
    endloop
  endfacet
  facet normal 0.555337 0.831626 -0
    outer loop
      vertex 163.353 60.074 28.9
      vertex 162.931 60.3558 31.3
      vertex 163.353 60.074 31.3
    endloop
  endfacet
  facet normal 0.555337 0.831626 0
    outer loop
      vertex 162.931 60.3558 31.3
      vertex 163.353 60.074 28.9
      vertex 162.931 60.3558 28.9
    endloop
  endfacet
  facet normal 1 -0 0
    outer loop
      vertex 162.55 61.275 31.3
      vertex 162.55 73.775 28.9
      vertex 162.55 73.775 31.3
    endloop
  endfacet
  facet normal 1 0 0
    outer loop
      vertex 162.55 73.775 28.9
      vertex 162.55 61.275 31.3
      vertex 162.55 61.275 28.9
    endloop
  endfacet
  facet normal 0.195357 0.980732 -0
    outer loop
      vertex 163.85 59.975 28.9
      vertex 163.353 60.074 31.3
      vertex 163.85 59.975 31.3
    endloop
  endfacet
  facet normal 0.195357 0.980732 0
    outer loop
      vertex 163.353 60.074 31.3
      vertex 163.85 59.975 28.9
      vertex 163.353 60.074 28.9
    endloop
  endfacet
  facet normal -0.195357 0.980732 0
    outer loop
      vertex 164.347 60.074 28.9
      vertex 163.85 59.975 31.3
      vertex 164.347 60.074 31.3
    endloop
  endfacet
  facet normal -0.195357 0.980732 0
    outer loop
      vertex 163.85 59.975 31.3
      vertex 164.347 60.074 28.9
      vertex 163.85 59.975 28.9
    endloop
  endfacet
  facet normal -0.831261 -0.555882 0
    outer loop
      vertex 165.051 74.2725 28.9
      vertex 164.769 74.6942 31.3
      vertex 164.769 74.6942 28.9
    endloop
  endfacet
  facet normal -0.831261 -0.555882 0
    outer loop
      vertex 164.769 74.6942 31.3
      vertex 165.051 74.2725 28.9
      vertex 165.051 74.2725 31.3
    endloop
  endfacet
  facet normal 0.555337 -0.831626 0
    outer loop
      vertex 162.931 74.6942 28.9
      vertex 163.353 74.976 31.3
      vertex 162.931 74.6942 31.3
    endloop
  endfacet
  facet normal 0.555337 -0.831626 0
    outer loop
      vertex 163.353 74.976 31.3
      vertex 162.931 74.6942 28.9
      vertex 163.353 74.976 28.9
    endloop
  endfacet
  facet normal -0.831261 0.555882 0
    outer loop
      vertex 164.769 60.3558 28.9
      vertex 165.051 60.7775 31.3
      vertex 165.051 60.7775 28.9
    endloop
  endfacet
  facet normal -0.831261 0.555882 0
    outer loop
      vertex 165.051 60.7775 31.3
      vertex 164.769 60.3558 28.9
      vertex 164.769 60.3558 31.3
    endloop
  endfacet
  facet normal -1 0 0
    outer loop
      vertex 165.15 61.275 28.9
      vertex 165.15 73.775 31.3
      vertex 165.15 73.775 28.9
    endloop
  endfacet
  facet normal -1 -0 0
    outer loop
      vertex 165.15 73.775 31.3
      vertex 165.15 61.275 28.9
      vertex 165.15 61.275 31.3
    endloop
  endfacet
  facet normal -0.555337 -0.831626 0
    outer loop
      vertex 164.347 74.976 28.9
      vertex 164.769 74.6942 31.3
      vertex 164.347 74.976 31.3
    endloop
  endfacet
  facet normal -0.555337 -0.831626 -0
    outer loop
      vertex 164.769 74.6942 31.3
      vertex 164.347 74.976 28.9
      vertex 164.769 74.6942 28.9
    endloop
  endfacet
  facet normal -0.98077 0.195168 0
    outer loop
      vertex 165.051 60.7775 28.9
      vertex 165.15 61.275 31.3
      vertex 165.15 61.275 28.9
    endloop
  endfacet
  facet normal -0.98077 0.195168 0
    outer loop
      vertex 165.15 61.275 31.3
      vertex 165.051 60.7775 28.9
      vertex 165.051 60.7775 31.3
    endloop
  endfacet
  facet normal 0.831261 0.555882 0
    outer loop
      vertex 162.931 60.3558 31.3
      vertex 162.649 60.7775 28.9
      vertex 162.649 60.7775 31.3
    endloop
  endfacet
  facet normal 0.831261 0.555882 0
    outer loop
      vertex 162.649 60.7775 28.9
      vertex 162.931 60.3558 31.3
      vertex 162.931 60.3558 28.9
    endloop
  endfacet
  facet normal 0.98077 0.195168 0
    outer loop
      vertex 162.649 60.7775 31.3
      vertex 162.55 61.275 28.9
      vertex 162.55 61.275 31.3
    endloop
  endfacet
  facet normal 0.98077 0.195168 0
    outer loop
      vertex 162.55 61.275 28.9
      vertex 162.649 60.7775 31.3
      vertex 162.649 60.7775 28.9
    endloop
  endfacet
  facet normal -0.555337 0.831626 0
    outer loop
      vertex 164.769 60.3558 28.9
      vertex 164.347 60.074 31.3
      vertex 164.769 60.3558 31.3
    endloop
  endfacet
  facet normal -0.555337 0.831626 0
    outer loop
      vertex 164.347 60.074 31.3
      vertex 164.769 60.3558 28.9
      vertex 164.347 60.074 28.9
    endloop
  endfacet
  facet normal -0 0 1
    outer loop
      vertex 153.094 52.3833 30.7
      vertex 154.046 51.0101 30.7
      vertex 154.046 52.3833 30.7
    endloop
  endfacet
  facet normal 0 0 1
    outer loop
      vertex 154.046 51.0101 30.7
      vertex 153.094 52.3833 30.7
      vertex 154.046 50.8873 30.7
    endloop
  endfacet
  facet normal 0 0 1
    outer loop
      vertex 154.046 50.8873 30.7
      vertex 153.094 52.3833 30.7
      vertex 154.043 50.7655 30.7
    endloop
  endfacet
  facet normal 0 0 1
    outer loop
      vertex 154.043 50.7655 30.7
      vertex 153.094 52.3833 30.7
      vertex 154.04 50.6447 30.7
    endloop
  endfacet
  facet normal 0 0 1
    outer loop
      vertex 154.04 50.6447 30.7
      vertex 153.094 52.3833 30.7
      vertex 154.034 50.5248 30.7
    endloop
  endfacet
  facet normal 0 0 1
    outer loop
      vertex 154.034 50.5248 30.7
      vertex 153.094 52.3833 30.7
      vertex 154.028 50.4059 30.7
    endloop
  endfacet
  facet normal 0 0 1
    outer loop
      vertex 154.028 50.4059 30.7
      vertex 153.094 52.3833 30.7
      vertex 154.019 50.2878 30.7
    endloop
  endfacet
  facet normal 0 0 1
    outer loop
      vertex 156.42 49.6775 30.7
      vertex 155.452 49.7015 30.7
      vertex 155.47 49.4063 30.7
    endloop
  endfacet
  facet normal 0 0 1
    outer loop
      vertex 155.18 50.2652 30.7
      vertex 155.571 51.0481 30.7
      vertex 155.4 51.078 30.7
    endloop
  endfacet
  facet normal 0 0 1
    outer loop
      vertex 155.728 50.9982 30.7
      vertex 155.398 49.9431 30.7
      vertex 155.452 49.7015 30.7
    endloop
  endfacet
  facet normal 0 0 1
    outer loop
      vertex 155.728 50.9982 30.7
      vertex 155.307 50.131 30.7
      vertex 155.398 49.9431 30.7
    endloop
  endfacet
  facet normal 0 0 1
    outer loop
      vertex 155.18 50.2652 30.7
      vertex 155.4 51.078 30.7
      vertex 155.213 51.088 30.7
    endloop
  endfacet
  facet normal 0 0 1
    outer loop
      vertex 155.728 50.9982 30.7
      vertex 155.18 50.2652 30.7
      vertex 155.307 50.131 30.7
    endloop
  endfacet
  facet normal 0 0 1
    outer loop
      vertex 155.016 50.3458 30.7
      vertex 155.213 51.088 30.7
      vertex 155.081 51.0827 30.7
    endloop
  endfacet
  facet normal 0 0 1
    outer loop
      vertex 155.213 51.088 30.7
      vertex 155.016 50.3458 30.7
      vertex 155.18 50.2652 30.7
    endloop
  endfacet
  facet normal -0 0 1
    outer loop
      vertex 154.956 51.0669 30.7
      vertex 155.016 50.3458 30.7
      vertex 155.081 51.0827 30.7
    endloop
  endfacet
  facet normal -0 0 1
    outer loop
      vertex 154.837 51.0405 30.7
      vertex 155.016 50.3458 30.7
      vertex 154.956 51.0669 30.7
    endloop
  endfacet
  facet normal 0 0 1
    outer loop
      vertex 154.837 51.0405 30.7
      vertex 154.816 50.3726 30.7
      vertex 155.016 50.3458 30.7
    endloop
  endfacet
  facet normal -0 0 1
    outer loop
      vertex 154.724 51.0036 30.7
      vertex 154.816 50.3726 30.7
      vertex 154.837 51.0405 30.7
    endloop
  endfacet
  facet normal -0 0 1
    outer loop
      vertex 154.618 50.9561 30.7
      vertex 154.816 50.3726 30.7
      vertex 154.724 51.0036 30.7
    endloop
  endfacet
  facet normal 0 0 1
    outer loop
      vertex 154.816 50.3726 30.7
      vertex 154.618 50.9561 30.7
      vertex 154.704 50.3644 30.7
    endloop
  endfacet
  facet normal -0 0 1
    outer loop
      vertex 154.518 50.8981 30.7
      vertex 154.704 50.3644 30.7
      vertex 154.618 50.9561 30.7
    endloop
  endfacet
  facet normal -0 0 1
    outer loop
      vertex 154.423 50.8284 30.7
      vertex 154.704 50.3644 30.7
      vertex 154.518 50.8981 30.7
    endloop
  endfacet
  facet normal 0 0 1
    outer loop
      vertex 154.704 50.3644 30.7
      vertex 154.423 50.8284 30.7
      vertex 154.6 50.3396 30.7
    endloop
  endfacet
  facet normal -0 0 1
    outer loop
      vertex 154.334 50.7459 30.7
      vertex 154.6 50.3396 30.7
      vertex 154.423 50.8284 30.7
    endloop
  endfacet
  facet normal -0 0 1
    outer loop
      vertex 154.251 50.6506 30.7
      vertex 154.6 50.3396 30.7
      vertex 154.334 50.7459 30.7
    endloop
  endfacet
  facet normal 0 0 1
    outer loop
      vertex 154.6 50.3396 30.7
      vertex 154.251 50.6506 30.7
      vertex 154.504 50.2984 30.7
    endloop
  endfacet
  facet normal -0 0 1
    outer loop
      vertex 154.173 50.5425 30.7
      vertex 154.504 50.2984 30.7
      vertex 154.251 50.6506 30.7
    endloop
  endfacet
  facet normal 0 0 1
    outer loop
      vertex 154.504 50.2984 30.7
      vertex 154.173 50.5425 30.7
      vertex 154.414 50.2407 30.7
    endloop
  endfacet
  facet normal -0 0 1
    outer loop
      vertex 154.1 50.4216 30.7
      vertex 154.414 50.2407 30.7
      vertex 154.173 50.5425 30.7
    endloop
  endfacet
  facet normal 0 0 1
    outer loop
      vertex 154.414 50.2407 30.7
      vertex 154.1 50.4216 30.7
      vertex 154.333 50.1666 30.7
    endloop
  endfacet
  facet normal -0 0 1
    outer loop
      vertex 154.033 50.2878 30.7
      vertex 154.333 50.1666 30.7
      vertex 154.1 50.4216 30.7
    endloop
  endfacet
  facet normal 0 0 1
    outer loop
      vertex 154.333 50.1666 30.7
      vertex 154.033 50.2878 30.7
      vertex 154.258 50.0759 30.7
    endloop
  endfacet
  facet normal 0 0 1
    outer loop
      vertex 154.258 50.0759 30.7
      vertex 154.033 50.2878 30.7
      vertex 154.194 49.9724 30.7
    endloop
  endfacet
  facet normal -0 0 1
    outer loop
      vertex 154.019 50.2878 30.7
      vertex 154.194 49.9724 30.7
      vertex 154.033 50.2878 30.7
    endloop
  endfacet
  facet normal 0 0 1
    outer loop
      vertex 154.194 49.9724 30.7
      vertex 154.019 50.2878 30.7
      vertex 154.141 49.8595 30.7
    endloop
  endfacet
  facet normal 0 0 1
    outer loop
      vertex 154.141 49.8595 30.7
      vertex 154.019 50.2878 30.7
      vertex 154.099 49.7373 30.7
    endloop
  endfacet
  facet normal 0 0 1
    outer loop
      vertex 154.099 49.7373 30.7
      vertex 154.019 50.2878 30.7
      vertex 154.07 49.6058 30.7
    endloop
  endfacet
  facet normal 0 0 1
    outer loop
      vertex 154.07 49.6058 30.7
      vertex 154.019 50.2878 30.7
      vertex 154.052 49.4649 30.7
    endloop
  endfacet
  facet normal 0 0 1
    outer loop
      vertex 153.094 47.3516 30.7
      vertex 154.052 49.4649 30.7
      vertex 154.019 50.2878 30.7
    endloop
  endfacet
  facet normal 0 0 1
    outer loop
      vertex 154.052 49.4649 30.7
      vertex 153.094 47.3516 30.7
      vertex 154.046 49.3147 30.7
    endloop
  endfacet
  facet normal 0 0 1
    outer loop
      vertex 153.094 47.3516 30.7
      vertex 154.019 50.2878 30.7
      vertex 153.094 52.3833 30.7
    endloop
  endfacet
  facet normal 0 0 1
    outer loop
      vertex 154.046 49.3147 30.7
      vertex 153.094 47.3516 30.7
      vertex 154.046 47.3516 30.7
    endloop
  endfacet
  facet normal -0 0 1
    outer loop
      vertex 155.452 49.7015 30.7
      vertex 156.42 49.6775 30.7
      vertex 156.411 49.8988 30.7
    endloop
  endfacet
  facet normal 0 0 1
    outer loop
      vertex 155.452 49.7015 30.7
      vertex 156.411 49.8988 30.7
      vertex 156.385 50.1017 30.7
    endloop
  endfacet
  facet normal 0 0 1
    outer loop
      vertex 155.452 49.7015 30.7
      vertex 156.385 50.1017 30.7
      vertex 156.342 50.2861 30.7
    endloop
  endfacet
  facet normal 0 0 1
    outer loop
      vertex 155.452 49.7015 30.7
      vertex 156.342 50.2861 30.7
      vertex 156.281 50.4521 30.7
    endloop
  endfacet
  facet normal 0 0 1
    outer loop
      vertex 155.452 49.7015 30.7
      vertex 156.281 50.4521 30.7
      vertex 156.203 50.5996 30.7
    endloop
  endfacet
  facet normal 0 0 1
    outer loop
      vertex 155.452 49.7015 30.7
      vertex 156.203 50.5996 30.7
      vertex 156.108 50.7286 30.7
    endloop
  endfacet
  facet normal 0 0 1
    outer loop
      vertex 155.452 49.7015 30.7
      vertex 156.108 50.7286 30.7
      vertex 155.996 50.8384 30.7
    endloop
  endfacet
  facet normal 0 0 1
    outer loop
      vertex 155.452 49.7015 30.7
      vertex 155.996 50.8384 30.7
      vertex 155.87 50.9283 30.7
    endloop
  endfacet
  facet normal 0 0 1
    outer loop
      vertex 155.452 49.7015 30.7
      vertex 155.87 50.9283 30.7
      vertex 155.728 50.9982 30.7
    endloop
  endfacet
  facet normal 0 0 1
    outer loop
      vertex 155.18 50.2652 30.7
      vertex 155.728 50.9982 30.7
      vertex 155.571 51.0481 30.7
    endloop
  endfacet
  facet normal 0 0 1
    outer loop
      vertex 156.42 49.6775 30.7
      vertex 155.47 49.4063 30.7
      vertex 156.42 47.3516 30.7
    endloop
  endfacet
  facet normal 0 0 1
    outer loop
      vertex 156.42 47.3516 30.7
      vertex 155.47 49.4063 30.7
      vertex 155.47 47.3516 30.7
    endloop
  endfacet
  facet normal -0 0 1
    outer loop
      vertex 133.374 52.3833 30.7
      vertex 134.327 51.6814 30.7
      vertex 134.327 52.3833 30.7
    endloop
  endfacet
  facet normal 0 0 1
    outer loop
      vertex 134.327 51.6814 30.7
      vertex 133.374 52.3833 30.7
      vertex 133.374 51.6814 30.7
    endloop
  endfacet
  facet normal 0 0 1
    outer loop
      vertex 129.646 52.129 30.7
      vertex 128.1 51.3559 30.7
      vertex 129.646 51.3559 30.7
    endloop
  endfacet
  facet normal 0 0 1
    outer loop
      vertex 128.1 51.3559 30.7
      vertex 127.099 51.3559 30.7
      vertex 128.1 47.3516 30.7
    endloop
  endfacet
  facet normal 0 0 1
    outer loop
      vertex 129.646 52.129 30.7
      vertex 127.099 51.3559 30.7
      vertex 128.1 51.3559 30.7
    endloop
  endfacet
  facet normal -0 0 1
    outer loop
      vertex 125.557 52.129 30.7
      vertex 127.099 51.3559 30.7
      vertex 129.646 52.129 30.7
    endloop
  endfacet
  facet normal 0 0 1
    outer loop
      vertex 127.099 51.3559 30.7
      vertex 125.557 52.129 30.7
      vertex 125.557 51.3559 30.7
    endloop
  endfacet
  facet normal 0 0 1
    outer loop
      vertex 128.1 47.3516 30.7
      vertex 127.099 51.3559 30.7
      vertex 127.099 47.3516 30.7
    endloop
  endfacet
  facet normal -0 0 1
    outer loop
      vertex 135.259 52.3833 30.7
      vertex 136.211 47.3516 30.7
      vertex 136.211 52.3833 30.7
    endloop
  endfacet
  facet normal 0 0 1
    outer loop
      vertex 136.211 47.3516 30.7
      vertex 135.259 52.3833 30.7
      vertex 135.259 47.3516 30.7
    endloop
  endfacet
  facet normal 0 0 1
    outer loop
      vertex 141.615 49.4707 30.7
      vertex 143.205 52.129 30.7
      vertex 142.191 52.129 30.7
    endloop
  endfacet
  facet normal 0 0 1
    outer loop
      vertex 143.205 52.129 30.7
      vertex 141.615 49.4707 30.7
      vertex 141.971 47.3516 30.7
    endloop
  endfacet
  facet normal -0 0 1
    outer loop
      vertex 141.435 48.6909 30.7
      vertex 141.971 47.3516 30.7
      vertex 141.615 49.4707 30.7
    endloop
  endfacet
  facet normal -0 0 1
    outer loop
      vertex 141.351 48.2976 30.7
      vertex 141.971 47.3516 30.7
      vertex 141.435 48.6909 30.7
    endloop
  endfacet
  facet normal 0 0 1
    outer loop
      vertex 140.784 47.3516 30.7
      vertex 141.297 48.6121 30.7
      vertex 141.248 48.8868 30.7
    endloop
  endfacet
  facet normal 0 0 1
    outer loop
      vertex 140.137 50.1149 30.7
      vertex 141.248 48.8868 30.7
      vertex 141.206 49.1215 30.7
    endloop
  endfacet
  facet normal 0 0 1
    outer loop
      vertex 140.137 50.1149 30.7
      vertex 141.206 49.1215 30.7
      vertex 141.168 49.3162 30.7
    endloop
  endfacet
  facet normal 0 0 1
    outer loop
      vertex 140.137 50.1149 30.7
      vertex 141.168 49.3162 30.7
      vertex 141.136 49.4711 30.7
    endloop
  endfacet
  facet normal 0 0 1
    outer loop
      vertex 140.137 50.1149 30.7
      vertex 141.136 49.4711 30.7
      vertex 141.11 49.586 30.7
    endloop
  endfacet
  facet normal 0 0 1
    outer loop
      vertex 141.351 48.2976 30.7
      vertex 140.784 47.3516 30.7
      vertex 141.971 47.3516 30.7
    endloop
  endfacet
  facet normal 0 0 1
    outer loop
      vertex 141.248 48.8868 30.7
      vertex 140.137 50.1149 30.7
      vertex 140.784 47.3516 30.7
    endloop
  endfacet
  facet normal -0 0 1
    outer loop
      vertex 139.995 50.7855 30.7
      vertex 141.11 49.586 30.7
      vertex 140.506 52.129 30.7
    endloop
  endfacet
  facet normal 0 0 1
    outer loop
      vertex 141.297 48.6121 30.7
      vertex 140.784 47.3516 30.7
      vertex 141.351 48.2976 30.7
    endloop
  endfacet
  facet normal 0 0 1
    outer loop
      vertex 141.11 49.586 30.7
      vertex 140.098 50.2789 30.7
      vertex 140.137 50.1149 30.7
    endloop
  endfacet
  facet normal 0 0 1
    outer loop
      vertex 141.11 49.586 30.7
      vertex 140.062 50.4453 30.7
      vertex 140.098 50.2789 30.7
    endloop
  endfacet
  facet normal 0 0 1
    outer loop
      vertex 141.11 49.586 30.7
      vertex 140.027 50.6142 30.7
      vertex 140.062 50.4453 30.7
    endloop
  endfacet
  facet normal 0 0 1
    outer loop
      vertex 141.11 49.586 30.7
      vertex 139.995 50.7855 30.7
      vertex 140.027 50.6142 30.7
    endloop
  endfacet
  facet normal 0 0 1
    outer loop
      vertex 140.506 52.129 30.7
      vertex 139.965 50.9593 30.7
      vertex 139.995 50.7855 30.7
    endloop
  endfacet
  facet normal 0 0 1
    outer loop
      vertex 140.506 52.129 30.7
      vertex 139.937 51.1355 30.7
      vertex 139.965 50.9593 30.7
    endloop
  endfacet
  facet normal 0 0 1
    outer loop
      vertex 139.206 51.3525 30.7
      vertex 139.91 50.9933 30.7
      vertex 139.937 51.1355 30.7
    endloop
  endfacet
  facet normal 0 0 1
    outer loop
      vertex 139.91 50.9933 30.7
      vertex 139.206 51.3525 30.7
      vertex 139.886 50.8629 30.7
    endloop
  endfacet
  facet normal 0 0 1
    outer loop
      vertex 139.052 50.6911 30.7
      vertex 139.886 50.8629 30.7
      vertex 139.206 51.3525 30.7
    endloop
  endfacet
  facet normal 0 0 1
    outer loop
      vertex 139.886 50.8629 30.7
      vertex 139.052 50.6911 30.7
      vertex 139.863 50.7443 30.7
    endloop
  endfacet
  facet normal 0 0 1
    outer loop
      vertex 139.842 50.6374 30.7
      vertex 139.052 50.6911 30.7
      vertex 139.822 50.5424 30.7
    endloop
  endfacet
  facet normal 0 0 1
    outer loop
      vertex 139.822 50.5424 30.7
      vertex 139.052 50.6911 30.7
      vertex 139.804 50.4591 30.7
    endloop
  endfacet
  facet normal 0 0 1
    outer loop
      vertex 139.804 50.4591 30.7
      vertex 139.052 50.6911 30.7
      vertex 139.77 50.3082 30.7
    endloop
  endfacet
  facet normal 0 0 1
    outer loop
      vertex 138.925 50.145 30.7
      vertex 139.77 50.3082 30.7
      vertex 139.052 50.6911 30.7
    endloop
  endfacet
  facet normal 0 0 1
    outer loop
      vertex 139.77 50.3082 30.7
      vertex 138.925 50.145 30.7
      vertex 139.702 50.0106 30.7
    endloop
  endfacet
  facet normal -0 0 1
    outer loop
      vertex 139.387 52.129 30.7
      vertex 139.937 51.1355 30.7
      vertex 140.506 52.129 30.7
    endloop
  endfacet
  facet normal -0 0 1
    outer loop
      vertex 139.206 51.3525 30.7
      vertex 139.937 51.1355 30.7
      vertex 139.387 52.129 30.7
    endloop
  endfacet
  facet normal 0 0 1
    outer loop
      vertex 139.863 50.7443 30.7
      vertex 139.052 50.6911 30.7
      vertex 139.842 50.6374 30.7
    endloop
  endfacet
  facet normal 0 0 1
    outer loop
      vertex 139.702 50.0106 30.7
      vertex 138.925 50.145 30.7
      vertex 139.598 49.5661 30.7
    endloop
  endfacet
  facet normal -0 0 1
    outer loop
      vertex 138.826 49.7141 30.7
      vertex 139.598 49.5661 30.7
      vertex 138.925 50.145 30.7
    endloop
  endfacet
  facet normal 0 0 1
    outer loop
      vertex 138.755 49.3983 30.7
      vertex 139.598 49.5661 30.7
      vertex 138.826 49.7141 30.7
    endloop
  endfacet
  facet normal 0 0 1
    outer loop
      vertex 139.598 49.5661 30.7
      vertex 138.755 49.3983 30.7
      vertex 139.461 48.9747 30.7
    endloop
  endfacet
  facet normal -0 0 1
    outer loop
      vertex 138.711 49.1978 30.7
      vertex 139.461 48.9747 30.7
      vertex 138.755 49.3983 30.7
    endloop
  endfacet
  facet normal -0 0 1
    outer loop
      vertex 138.681 49.0536 30.7
      vertex 139.461 48.9747 30.7
      vertex 138.711 49.1978 30.7
    endloop
  endfacet
  facet normal 0 0 1
    outer loop
      vertex 138.65 48.9071 30.7
      vertex 139.461 48.9747 30.7
      vertex 138.681 49.0536 30.7
    endloop
  endfacet
  facet normal 0 0 1
    outer loop
      vertex 138.62 48.7583 30.7
      vertex 139.461 48.9747 30.7
      vertex 138.65 48.9071 30.7
    endloop
  endfacet
  facet normal 0 0 1
    outer loop
      vertex 139.461 48.9747 30.7
      vertex 138.62 48.7583 30.7
      vertex 139.289 48.2366 30.7
    endloop
  endfacet
  facet normal -0 0 1
    outer loop
      vertex 138.589 48.6071 30.7
      vertex 139.289 48.2366 30.7
      vertex 138.62 48.7583 30.7
    endloop
  endfacet
  facet normal -0 0 1
    outer loop
      vertex 138.558 48.4535 30.7
      vertex 139.289 48.2366 30.7
      vertex 138.589 48.6071 30.7
    endloop
  endfacet
  facet normal -0 0 1
    outer loop
      vertex 138.526 48.2976 30.7
      vertex 139.289 48.2366 30.7
      vertex 138.558 48.4535 30.7
    endloop
  endfacet
  facet normal 0 0 1
    outer loop
      vertex 139.289 48.2366 30.7
      vertex 138.526 48.2976 30.7
      vertex 139.082 47.3516 30.7
    endloop
  endfacet
  facet normal 0 0 1
    outer loop
      vertex 138.526 48.2976 30.7
      vertex 137.896 47.3516 30.7
      vertex 139.082 47.3516 30.7
    endloop
  endfacet
  facet normal 0 0 1
    outer loop
      vertex 138.37 49.0435 30.7
      vertex 137.896 47.3516 30.7
      vertex 138.526 48.2976 30.7
    endloop
  endfacet
  facet normal -0 0 1
    outer loop
      vertex 136.665 52.129 30.7
      vertex 138.37 49.0435 30.7
      vertex 137.679 52.129 30.7
    endloop
  endfacet
  facet normal 0 0 1
    outer loop
      vertex 138.37 49.0435 30.7
      vertex 136.665 52.129 30.7
      vertex 137.896 47.3516 30.7
    endloop
  endfacet
  facet normal -0 0 1
    outer loop
      vertex 147.474 51.8815 30.7
      vertex 148.071 51.0202 30.7
      vertex 148.071 51.8815 30.7
    endloop
  endfacet
  facet normal 0 0 1
    outer loop
      vertex 148.071 51.0202 30.7
      vertex 147.176 51.0202 30.7
      vertex 148.071 50.376 30.7
    endloop
  endfacet
  facet normal 0 0 1
    outer loop
      vertex 148.071 50.376 30.7
      vertex 147.128 50.376 30.7
      vertex 148.071 48.4705 30.7
    endloop
  endfacet
  facet normal 0 0 1
    outer loop
      vertex 147.128 48.2128 30.7
      vertex 148.071 48.4705 30.7
      vertex 147.128 50.376 30.7
    endloop
  endfacet
  facet normal 0 -0 1
    outer loop
      vertex 147.134 48.0645 30.7
      vertex 148.071 48.4705 30.7
      vertex 147.128 48.2128 30.7
    endloop
  endfacet
  facet normal 0 -0 1
    outer loop
      vertex 147.153 47.9293 30.7
      vertex 148.071 48.4705 30.7
      vertex 147.134 48.0645 30.7
    endloop
  endfacet
  facet normal 0 0 1
    outer loop
      vertex 148.071 48.4705 30.7
      vertex 147.868 47.2969 30.7
      vertex 148.003 47.2905 30.7
    endloop
  endfacet
  facet normal 0 0 1
    outer loop
      vertex 148.071 51.0202 30.7
      vertex 147.474 51.8815 30.7
      vertex 147.176 51.0202 30.7
    endloop
  endfacet
  facet normal 0 -0 1
    outer loop
      vertex 147.185 47.8072 30.7
      vertex 148.071 48.4705 30.7
      vertex 147.153 47.9293 30.7
    endloop
  endfacet
  facet normal 0 0 1
    outer loop
      vertex 148.071 48.4705 30.7
      vertex 147.744 47.316 30.7
      vertex 147.868 47.2969 30.7
    endloop
  endfacet
  facet normal 0 -0 1
    outer loop
      vertex 147.229 47.6981 30.7
      vertex 148.071 48.4705 30.7
      vertex 147.185 47.8072 30.7
    endloop
  endfacet
  facet normal 0 0 1
    outer loop
      vertex 148.071 48.4705 30.7
      vertex 147.631 47.3477 30.7
      vertex 147.744 47.316 30.7
    endloop
  endfacet
  facet normal 0 0 1
    outer loop
      vertex 148.071 48.4705 30.7
      vertex 147.528 47.3922 30.7
      vertex 147.631 47.3477 30.7
    endloop
  endfacet
  facet normal 0 0 1
    outer loop
      vertex 148.071 50.376 30.7
      vertex 147.176 51.0202 30.7
      vertex 147.128 50.376 30.7
    endloop
  endfacet
  facet normal 0 -0 1
    outer loop
      vertex 147.286 47.6022 30.7
      vertex 148.071 48.4705 30.7
      vertex 147.229 47.6981 30.7
    endloop
  endfacet
  facet normal 0 0 1
    outer loop
      vertex 148.071 48.4705 30.7
      vertex 147.436 47.4494 30.7
      vertex 147.528 47.3922 30.7
    endloop
  endfacet
  facet normal 0 0 1
    outer loop
      vertex 148.071 48.4705 30.7
      vertex 147.355 47.5194 30.7
      vertex 147.436 47.4494 30.7
    endloop
  endfacet
  facet normal -0 0 1
    outer loop
      vertex 146.664 51.0202 30.7
      vertex 147.128 50.376 30.7
      vertex 147.176 51.0202 30.7
    endloop
  endfacet
  facet normal 0 0 1
    outer loop
      vertex 147.128 50.376 30.7
      vertex 146.664 51.0202 30.7
      vertex 146.664 50.376 30.7
    endloop
  endfacet
  facet normal -0 0 1
    outer loop
      vertex 148.071 51.0202 30.7
      vertex 148.766 50.376 30.7
      vertex 148.766 51.0202 30.7
    endloop
  endfacet
  facet normal 0 0 1
    outer loop
      vertex 148.766 50.376 30.7
      vertex 148.071 51.0202 30.7
      vertex 148.071 50.376 30.7
    endloop
  endfacet
  facet normal -0 0 1
    outer loop
      vertex 148.74 47.9813 30.7
      vertex 148.806 47.4058 30.7
      vertex 148.806 47.9958 30.7
    endloop
  endfacet
  facet normal -0 0 1
    outer loop
      vertex 148.679 47.9694 30.7
      vertex 148.806 47.4058 30.7
      vertex 148.74 47.9813 30.7
    endloop
  endfacet
  facet normal -0 0 1
    outer loop
      vertex 148.623 47.9602 30.7
      vertex 148.806 47.4058 30.7
      vertex 148.679 47.9694 30.7
    endloop
  endfacet
  facet normal 0 0 1
    outer loop
      vertex 148.806 47.4058 30.7
      vertex 148.623 47.9602 30.7
      vertex 148.686 47.3706 30.7
    endloop
  endfacet
  facet normal -0 0 1
    outer loop
      vertex 148.573 47.9536 30.7
      vertex 148.686 47.3706 30.7
      vertex 148.623 47.9602 30.7
    endloop
  endfacet
  facet normal -0 0 1
    outer loop
      vertex 148.528 47.9496 30.7
      vertex 148.686 47.3706 30.7
      vertex 148.573 47.9536 30.7
    endloop
  endfacet
  facet normal 0 0 1
    outer loop
      vertex 148.686 47.3706 30.7
      vertex 148.528 47.9496 30.7
      vertex 148.56 47.3418 30.7
    endloop
  endfacet
  facet normal -0 0 1
    outer loop
      vertex 148.488 47.9483 30.7
      vertex 148.56 47.3418 30.7
      vertex 148.528 47.9496 30.7
    endloop
  endfacet
  facet normal 0 0 1
    outer loop
      vertex 148.488 47.9483 30.7
      vertex 148.429 47.3193 30.7
      vertex 148.56 47.3418 30.7
    endloop
  endfacet
  facet normal 0 0 1
    outer loop
      vertex 148.42 47.9519 30.7
      vertex 148.429 47.3193 30.7
      vertex 148.488 47.9483 30.7
    endloop
  endfacet
  facet normal 0 0 1
    outer loop
      vertex 148.358 47.9625 30.7
      vertex 148.429 47.3193 30.7
      vertex 148.42 47.9519 30.7
    endloop
  endfacet
  facet normal 0 0 1
    outer loop
      vertex 148.293 47.3033 30.7
      vertex 148.358 47.9625 30.7
      vertex 148.302 47.9801 30.7
    endloop
  endfacet
  facet normal 0 0 1
    outer loop
      vertex 148.358 47.9625 30.7
      vertex 148.293 47.3033 30.7
      vertex 148.429 47.3193 30.7
    endloop
  endfacet
  facet normal 0 0 1
    outer loop
      vertex 148.15 47.2937 30.7
      vertex 148.302 47.9801 30.7
      vertex 148.253 48.0048 30.7
    endloop
  endfacet
  facet normal 0 0 1
    outer loop
      vertex 148.003 47.2905 30.7
      vertex 148.253 48.0048 30.7
      vertex 148.209 48.0366 30.7
    endloop
  endfacet
  facet normal 0 0 1
    outer loop
      vertex 148.003 47.2905 30.7
      vertex 148.209 48.0366 30.7
      vertex 148.172 48.0755 30.7
    endloop
  endfacet
  facet normal 0 0 1
    outer loop
      vertex 148.302 47.9801 30.7
      vertex 148.15 47.2937 30.7
      vertex 148.293 47.3033 30.7
    endloop
  endfacet
  facet normal 0 0 1
    outer loop
      vertex 148.003 47.2905 30.7
      vertex 148.172 48.0755 30.7
      vertex 148.141 48.1218 30.7
    endloop
  endfacet
  facet normal 0 0 1
    outer loop
      vertex 148.003 47.2905 30.7
      vertex 148.141 48.1218 30.7
      vertex 148.116 48.1759 30.7
    endloop
  endfacet
  facet normal 0 0 1
    outer loop
      vertex 148.003 47.2905 30.7
      vertex 148.116 48.1759 30.7
      vertex 148.096 48.2378 30.7
    endloop
  endfacet
  facet normal 0 0 1
    outer loop
      vertex 148.003 47.2905 30.7
      vertex 148.096 48.2378 30.7
      vertex 148.082 48.3075 30.7
    endloop
  endfacet
  facet normal 0 0 1
    outer loop
      vertex 148.003 47.2905 30.7
      vertex 148.082 48.3075 30.7
      vertex 148.073 48.3851 30.7
    endloop
  endfacet
  facet normal 0 0 1
    outer loop
      vertex 148.253 48.0048 30.7
      vertex 148.003 47.2905 30.7
      vertex 148.15 47.2937 30.7
    endloop
  endfacet
  facet normal 0 0 1
    outer loop
      vertex 148.003 47.2905 30.7
      vertex 148.073 48.3851 30.7
      vertex 148.071 48.4705 30.7
    endloop
  endfacet
  facet normal 0 0 1
    outer loop
      vertex 148.071 48.4705 30.7
      vertex 147.286 47.6022 30.7
      vertex 147.355 47.5194 30.7
    endloop
  endfacet
  facet normal 0 0 1
    outer loop
      vertex 131.559 49.5758 30.7
      vertex 131.071 49.0435 30.7
      vertex 131.559 49.0503 30.7
    endloop
  endfacet
  facet normal -0 0 1
    outer loop
      vertex 130.769 49.5623 30.7
      vertex 131.071 49.0435 30.7
      vertex 131.559 49.5758 30.7
    endloop
  endfacet
  facet normal 0 0 1
    outer loop
      vertex 131.071 49.0435 30.7
      vertex 130.769 49.5623 30.7
      vertex 130.966 49.0377 30.7
    endloop
  endfacet
  facet normal 0 0 1
    outer loop
      vertex 130.966 49.0377 30.7
      vertex 130.769 49.5623 30.7
      vertex 130.871 49.0294 30.7
    endloop
  endfacet
  facet normal 0 0 1
    outer loop
      vertex 130.871 49.0294 30.7
      vertex 130.769 49.5623 30.7
      vertex 130.787 49.0185 30.7
    endloop
  endfacet
  facet normal 0 0 1
    outer loop
      vertex 130.769 49.5623 30.7
      vertex 130.714 49.005 30.7
      vertex 130.787 49.0185 30.7
    endloop
  endfacet
  facet normal -0 0 1
    outer loop
      vertex 130.543 49.5519 30.7
      vertex 130.714 49.005 30.7
      vertex 130.769 49.5623 30.7
    endloop
  endfacet
  facet normal 0 0 1
    outer loop
      vertex 130.714 49.005 30.7
      vertex 130.543 49.5519 30.7
      vertex 130.651 48.9891 30.7
    endloop
  endfacet
  facet normal 0 0 1
    outer loop
      vertex 130.651 48.9891 30.7
      vertex 130.543 49.5519 30.7
      vertex 130.6 48.9706 30.7
    endloop
  endfacet
  facet normal -0 0 1
    outer loop
      vertex 130.336 49.5253 30.7
      vertex 130.6 48.9706 30.7
      vertex 130.543 49.5519 30.7
    endloop
  endfacet
  facet normal 0 0 1
    outer loop
      vertex 130.6 48.9706 30.7
      vertex 130.336 49.5253 30.7
      vertex 130.555 48.9491 30.7
    endloop
  endfacet
  facet normal 0 0 1
    outer loop
      vertex 130.555 48.9491 30.7
      vertex 130.336 49.5253 30.7
      vertex 130.514 48.9241 30.7
    endloop
  endfacet
  facet normal -0 0 1
    outer loop
      vertex 130.147 49.4826 30.7
      vertex 130.514 48.9241 30.7
      vertex 130.336 49.5253 30.7
    endloop
  endfacet
  facet normal 0 0 1
    outer loop
      vertex 130.514 48.9241 30.7
      vertex 130.147 49.4826 30.7
      vertex 130.477 48.8956 30.7
    endloop
  endfacet
  facet normal 0 0 1
    outer loop
      vertex 130.477 48.8956 30.7
      vertex 130.147 49.4826 30.7
      vertex 130.444 48.8636 30.7
    endloop
  endfacet
  facet normal -0 0 1
    outer loop
      vertex 129.977 49.4236 30.7
      vertex 130.444 48.8636 30.7
      vertex 130.147 49.4826 30.7
    endloop
  endfacet
  facet normal 0 0 1
    outer loop
      vertex 130.444 48.8636 30.7
      vertex 129.977 49.4236 30.7
      vertex 130.414 48.8281 30.7
    endloop
  endfacet
  facet normal -0 0 1
    outer loop
      vertex 129.826 49.3484 30.7
      vertex 130.414 48.8281 30.7
      vertex 129.977 49.4236 30.7
    endloop
  endfacet
  facet normal 0 0 1
    outer loop
      vertex 130.414 48.8281 30.7
      vertex 129.826 49.3484 30.7
      vertex 130.388 48.7892 30.7
    endloop
  endfacet
  facet normal 0 0 1
    outer loop
      vertex 130.388 48.7892 30.7
      vertex 129.826 49.3484 30.7
      vertex 130.365 48.7462 30.7
    endloop
  endfacet
  facet normal -0 0 1
    outer loop
      vertex 129.693 49.2571 30.7
      vertex 130.365 48.7462 30.7
      vertex 129.826 49.3484 30.7
    endloop
  endfacet
  facet normal 0 0 1
    outer loop
      vertex 130.365 48.7462 30.7
      vertex 129.693 49.2571 30.7
      vertex 130.347 48.6988 30.7
    endloop
  endfacet
  facet normal -0 0 1
    outer loop
      vertex 129.579 49.1501 30.7
      vertex 130.347 48.6988 30.7
      vertex 129.693 49.2571 30.7
    endloop
  endfacet
  facet normal -0 0 1
    outer loop
      vertex 129.486 49.028 30.7
      vertex 130.347 48.6988 30.7
      vertex 129.579 49.1501 30.7
    endloop
  endfacet
  facet normal 0 -0 1
    outer loop
      vertex 129.33 48.2205 30.7
      vertex 130.315 48.4637 30.7
      vertex 129.321 48.3891 30.7
    endloop
  endfacet
  facet normal 0 0 1
    outer loop
      vertex 130.347 48.6988 30.7
      vertex 129.486 49.028 30.7
      vertex 130.333 48.6468 30.7
    endloop
  endfacet
  facet normal 0 -0 1
    outer loop
      vertex 129.355 48.0649 30.7
      vertex 130.315 48.4637 30.7
      vertex 129.33 48.2205 30.7
    endloop
  endfacet
  facet normal 0 0 1
    outer loop
      vertex 130.315 48.4637 30.7
      vertex 130.122 47.316 30.7
      vertex 130.28 47.2918 30.7
    endloop
  endfacet
  facet normal -0 0 1
    outer loop
      vertex 129.414 48.8909 30.7
      vertex 130.333 48.6468 30.7
      vertex 129.486 49.028 30.7
    endloop
  endfacet
  facet normal 0 -0 1
    outer loop
      vertex 129.396 47.9225 30.7
      vertex 130.315 48.4637 30.7
      vertex 129.355 48.0649 30.7
    endloop
  endfacet
  facet normal 0 0 1
    outer loop
      vertex 130.333 48.6468 30.7
      vertex 129.414 48.8909 30.7
      vertex 130.323 48.5903 30.7
    endloop
  endfacet
  facet normal 0 0 1
    outer loop
      vertex 130.315 48.4637 30.7
      vertex 129.977 47.3562 30.7
      vertex 130.122 47.316 30.7
    endloop
  endfacet
  facet normal -0 0 1
    outer loop
      vertex 129.363 48.7387 30.7
      vertex 130.323 48.5903 30.7
      vertex 129.414 48.8909 30.7
    endloop
  endfacet
  facet normal 0 0 1
    outer loop
      vertex 130.315 48.4637 30.7
      vertex 129.845 47.4126 30.7
      vertex 129.977 47.3562 30.7
    endloop
  endfacet
  facet normal 0 0 1
    outer loop
      vertex 130.323 48.5903 30.7
      vertex 129.363 48.7387 30.7
      vertex 130.317 48.5293 30.7
    endloop
  endfacet
  facet normal 0 -0 1
    outer loop
      vertex 129.454 47.7931 30.7
      vertex 130.315 48.4637 30.7
      vertex 129.396 47.9225 30.7
    endloop
  endfacet
  facet normal -0 0 1
    outer loop
      vertex 129.332 48.5714 30.7
      vertex 130.317 48.5293 30.7
      vertex 129.363 48.7387 30.7
    endloop
  endfacet
  facet normal 0 0 1
    outer loop
      vertex 130.315 48.4637 30.7
      vertex 129.726 47.4851 30.7
      vertex 129.845 47.4126 30.7
    endloop
  endfacet
  facet normal 0 0 1
    outer loop
      vertex 130.317 48.5293 30.7
      vertex 129.332 48.5714 30.7
      vertex 130.315 48.4637 30.7
    endloop
  endfacet
  facet normal 0 0 1
    outer loop
      vertex 130.315 48.4637 30.7
      vertex 129.332 48.5714 30.7
      vertex 129.321 48.3891 30.7
    endloop
  endfacet
  facet normal 0 0 1
    outer loop
      vertex 130.315 48.4637 30.7
      vertex 129.62 47.5737 30.7
      vertex 129.726 47.4851 30.7
    endloop
  endfacet
  facet normal 0 0 1
    outer loop
      vertex 130.315 48.4637 30.7
      vertex 129.454 47.7931 30.7
      vertex 129.529 47.6769 30.7
    endloop
  endfacet
  facet normal 0 0 1
    outer loop
      vertex 130.315 48.4637 30.7
      vertex 129.529 47.6769 30.7
      vertex 129.62 47.5737 30.7
    endloop
  endfacet
  facet normal -0 0 1
    outer loop
      vertex 131.559 49.0503 30.7
      vertex 132.512 48.4366 30.7
      vertex 132.512 49.7725 30.7
    endloop
  endfacet
  facet normal -0 0 1
    outer loop
      vertex 131.556 49.877 30.7
      vertex 132.512 49.7725 30.7
      vertex 132.501 49.9747 30.7
    endloop
  endfacet
  facet normal 0 0 1
    outer loop
      vertex 132.512 48.4366 30.7
      vertex 131.556 48.7842 30.7
      vertex 131.548 48.7061 30.7
    endloop
  endfacet
  facet normal -0 0 1
    outer loop
      vertex 131.545 49.9814 30.7
      vertex 132.501 49.9747 30.7
      vertex 132.47 50.1609 30.7
    endloop
  endfacet
  facet normal 0 -0 1
    outer loop
      vertex 131.693 47.8964 30.7
      vertex 132.512 48.4366 30.7
      vertex 131.678 48.006 30.7
    endloop
  endfacet
  facet normal 0 0 1
    outer loop
      vertex 131.545 49.9814 30.7
      vertex 132.47 50.1609 30.7
      vertex 132.418 50.3311 30.7
    endloop
  endfacet
  facet normal 0 0 1
    outer loop
      vertex 132.512 48.4366 30.7
      vertex 131.559 48.8638 30.7
      vertex 131.556 48.7842 30.7
    endloop
  endfacet
  facet normal 0 0 1
    outer loop
      vertex 131.528 50.0755 30.7
      vertex 132.418 50.3311 30.7
      vertex 132.345 50.4852 30.7
    endloop
  endfacet
  facet normal 0 0 1
    outer loop
      vertex 132.512 48.4366 30.7
      vertex 132.479 47.3116 30.7
      vertex 132.509 47.3126 30.7
    endloop
  endfacet
  facet normal 0 0 1
    outer loop
      vertex 131.503 50.1594 30.7
      vertex 132.345 50.4852 30.7
      vertex 132.251 50.6234 30.7
    endloop
  endfacet
  facet normal 0 0 1
    outer loop
      vertex 132.512 48.4366 30.7
      vertex 131.559 49.0503 30.7
      vertex 131.559 48.8638 30.7
    endloop
  endfacet
  facet normal 0 0 1
    outer loop
      vertex 131.472 50.233 30.7
      vertex 132.251 50.6234 30.7
      vertex 132.136 50.7456 30.7
    endloop
  endfacet
  facet normal 0 0 1
    outer loop
      vertex 132.512 48.4366 30.7
      vertex 132.447 47.3111 30.7
      vertex 132.479 47.3116 30.7
    endloop
  endfacet
  facet normal 0 0 1
    outer loop
      vertex 132.512 48.4366 30.7
      vertex 132.414 47.3109 30.7
      vertex 132.447 47.3111 30.7
    endloop
  endfacet
  facet normal 0 0 1
    outer loop
      vertex 131.472 50.233 30.7
      vertex 132.136 50.7456 30.7
      vertex 132.001 50.8502 30.7
    endloop
  endfacet
  facet normal 0 -0 1
    outer loop
      vertex 131.716 47.7961 30.7
      vertex 132.512 48.4366 30.7
      vertex 131.693 47.8964 30.7
    endloop
  endfacet
  facet normal 0 0 1
    outer loop
      vertex 132.512 48.4366 30.7
      vertex 132.299 47.3158 30.7
      vertex 132.414 47.3109 30.7
    endloop
  endfacet
  facet normal 0 0 1
    outer loop
      vertex 131.434 50.2963 30.7
      vertex 132.001 50.8502 30.7
      vertex 131.849 50.9358 30.7
    endloop
  endfacet
  facet normal 0 -0 1
    outer loop
      vertex 131.746 47.705 30.7
      vertex 132.512 48.4366 30.7
      vertex 131.716 47.7961 30.7
    endloop
  endfacet
  facet normal 0 0 1
    outer loop
      vertex 132.512 48.4366 30.7
      vertex 131.746 47.705 30.7
      vertex 132.195 47.3305 30.7
    endloop
  endfacet
  facet normal -0 -0 1
    outer loop
      vertex 131.784 47.6232 30.7
      vertex 132.101 47.3549 30.7
      vertex 131.746 47.705 30.7
    endloop
  endfacet
  facet normal -0 -0 1
    outer loop
      vertex 131.83 47.5506 30.7
      vertex 132.018 47.3892 30.7
      vertex 131.784 47.6232 30.7
    endloop
  endfacet
  facet normal 0 0 1
    outer loop
      vertex 132.018 47.3892 30.7
      vertex 131.83 47.5506 30.7
      vertex 131.945 47.4333 30.7
    endloop
  endfacet
  facet normal 0 0 1
    outer loop
      vertex 131.387 50.3497 30.7
      vertex 131.849 50.9358 30.7
      vertex 131.68 51.0024 30.7
    endloop
  endfacet
  facet normal 0 0 1
    outer loop
      vertex 131.945 47.4333 30.7
      vertex 131.83 47.5506 30.7
      vertex 131.883 47.4872 30.7
    endloop
  endfacet
  facet normal 0 0 1
    outer loop
      vertex 132.512 49.7725 30.7
      vertex 131.559 49.5758 30.7
      vertex 131.559 49.0503 30.7
    endloop
  endfacet
  facet normal 0 0 1
    outer loop
      vertex 132.512 49.7725 30.7
      vertex 131.559 49.7623 30.7
      vertex 131.559 49.5758 30.7
    endloop
  endfacet
  facet normal 0 0 1
    outer loop
      vertex 132.512 49.7725 30.7
      vertex 131.556 49.877 30.7
      vertex 131.559 49.7623 30.7
    endloop
  endfacet
  facet normal 0 0 1
    outer loop
      vertex 132.501 49.9747 30.7
      vertex 131.545 49.9814 30.7
      vertex 131.556 49.877 30.7
    endloop
  endfacet
  facet normal 0 0 1
    outer loop
      vertex 132.418 50.3311 30.7
      vertex 131.528 50.0755 30.7
      vertex 131.545 49.9814 30.7
    endloop
  endfacet
  facet normal 0 0 1
    outer loop
      vertex 132.345 50.4852 30.7
      vertex 131.503 50.1594 30.7
      vertex 131.528 50.0755 30.7
    endloop
  endfacet
  facet normal 0 0 1
    outer loop
      vertex 131.332 50.3933 30.7
      vertex 131.68 51.0024 30.7
      vertex 131.492 51.0499 30.7
    endloop
  endfacet
  facet normal 0 0 1
    outer loop
      vertex 132.251 50.6234 30.7
      vertex 131.472 50.233 30.7
      vertex 131.503 50.1594 30.7
    endloop
  endfacet
  facet normal 0 0 1
    outer loop
      vertex 132.001 50.8502 30.7
      vertex 131.434 50.2963 30.7
      vertex 131.472 50.233 30.7
    endloop
  endfacet
  facet normal 0 0 1
    outer loop
      vertex 131.849 50.9358 30.7
      vertex 131.387 50.3497 30.7
      vertex 131.434 50.2963 30.7
    endloop
  endfacet
  facet normal 0 0 1
    outer loop
      vertex 131.68 51.0024 30.7
      vertex 131.332 50.3933 30.7
      vertex 131.387 50.3497 30.7
    endloop
  endfacet
  facet normal 0 0 1
    outer loop
      vertex 131.268 50.4273 30.7
      vertex 131.492 51.0499 30.7
      vertex 131.287 51.0785 30.7
    endloop
  endfacet
  facet normal 0 0 1
    outer loop
      vertex 131.492 51.0499 30.7
      vertex 131.268 50.4273 30.7
      vertex 131.332 50.3933 30.7
    endloop
  endfacet
  facet normal 0 0 1
    outer loop
      vertex 131.287 51.0785 30.7
      vertex 131.196 50.4515 30.7
      vertex 131.268 50.4273 30.7
    endloop
  endfacet
  facet normal 0 0 1
    outer loop
      vertex 131.287 51.0785 30.7
      vertex 131.114 50.4661 30.7
      vertex 131.196 50.4515 30.7
    endloop
  endfacet
  facet normal 0 0 1
    outer loop
      vertex 131.064 51.088 30.7
      vertex 131.114 50.4661 30.7
      vertex 131.287 51.0785 30.7
    endloop
  endfacet
  facet normal 0 0 1
    outer loop
      vertex 131.064 51.088 30.7
      vertex 131.023 50.471 30.7
      vertex 131.114 50.4661 30.7
    endloop
  endfacet
  facet normal 0 0 1
    outer loop
      vertex 131.064 51.088 30.7
      vertex 130.939 50.4676 30.7
      vertex 131.023 50.471 30.7
    endloop
  endfacet
  facet normal -0 0 1
    outer loop
      vertex 130.843 51.0803 30.7
      vertex 130.939 50.4676 30.7
      vertex 131.064 51.088 30.7
    endloop
  endfacet
  facet normal 0 0 1
    outer loop
      vertex 130.939 50.4676 30.7
      vertex 130.843 51.0803 30.7
      vertex 130.863 50.4576 30.7
    endloop
  endfacet
  facet normal -0 0 1
    outer loop
      vertex 130.637 51.0573 30.7
      vertex 130.863 50.4576 30.7
      vertex 130.843 51.0803 30.7
    endloop
  endfacet
  facet normal 0 0 1
    outer loop
      vertex 130.863 50.4576 30.7
      vertex 130.637 51.0573 30.7
      vertex 130.794 50.4408 30.7
    endloop
  endfacet
  facet normal 0 0 1
    outer loop
      vertex 130.794 50.4408 30.7
      vertex 130.637 51.0573 30.7
      vertex 130.733 50.4174 30.7
    endloop
  endfacet
  facet normal -0 0 1
    outer loop
      vertex 130.448 51.0189 30.7
      vertex 130.733 50.4174 30.7
      vertex 130.637 51.0573 30.7
    endloop
  endfacet
  facet normal 0 0 1
    outer loop
      vertex 130.733 50.4174 30.7
      vertex 130.448 51.0189 30.7
      vertex 130.68 50.3874 30.7
    endloop
  endfacet
  facet normal -0 0 1
    outer loop
      vertex 130.275 50.9652 30.7
      vertex 130.68 50.3874 30.7
      vertex 130.448 51.0189 30.7
    endloop
  endfacet
  facet normal 0 0 1
    outer loop
      vertex 130.68 50.3874 30.7
      vertex 130.275 50.9652 30.7
      vertex 130.635 50.3506 30.7
    endloop
  endfacet
  facet normal -0 0 1
    outer loop
      vertex 130.118 50.8961 30.7
      vertex 130.635 50.3506 30.7
      vertex 130.275 50.9652 30.7
    endloop
  endfacet
  facet normal 0 0 1
    outer loop
      vertex 130.635 50.3506 30.7
      vertex 130.118 50.8961 30.7
      vertex 130.597 50.3061 30.7
    endloop
  endfacet
  facet normal -0 0 1
    outer loop
      vertex 129.977 50.8117 30.7
      vertex 130.597 50.3061 30.7
      vertex 130.118 50.8961 30.7
    endloop
  endfacet
  facet normal 0 0 1
    outer loop
      vertex 130.597 50.3061 30.7
      vertex 129.977 50.8117 30.7
      vertex 130.563 50.2528 30.7
    endloop
  endfacet
  facet normal -0 0 1
    outer loop
      vertex 129.853 50.7123 30.7
      vertex 130.563 50.2528 30.7
      vertex 129.977 50.8117 30.7
    endloop
  endfacet
  facet normal 0 0 1
    outer loop
      vertex 130.563 50.2528 30.7
      vertex 129.853 50.7123 30.7
      vertex 130.535 50.1908 30.7
    endloop
  endfacet
  facet normal -0 0 1
    outer loop
      vertex 129.746 50.5986 30.7
      vertex 130.535 50.1908 30.7
      vertex 129.853 50.7123 30.7
    endloop
  endfacet
  facet normal 0 0 1
    outer loop
      vertex 130.535 50.1908 30.7
      vertex 129.746 50.5986 30.7
      vertex 130.512 50.12 30.7
    endloop
  endfacet
  facet normal -0 0 1
    outer loop
      vertex 129.656 50.4705 30.7
      vertex 130.512 50.12 30.7
      vertex 129.746 50.5986 30.7
    endloop
  endfacet
  facet normal 0 0 1
    outer loop
      vertex 130.512 50.12 30.7
      vertex 129.656 50.4705 30.7
      vertex 130.494 50.0405 30.7
    endloop
  endfacet
  facet normal -0 0 1
    outer loop
      vertex 129.583 50.328 30.7
      vertex 130.494 50.0405 30.7
      vertex 129.656 50.4705 30.7
    endloop
  endfacet
  facet normal -0 0 1
    outer loop
      vertex 129.527 50.171 30.7
      vertex 130.494 50.0405 30.7
      vertex 129.583 50.328 30.7
    endloop
  endfacet
  facet normal 0 0 1
    outer loop
      vertex 130.494 50.0405 30.7
      vertex 129.527 50.171 30.7
      vertex 130.481 49.9522 30.7
    endloop
  endfacet
  facet normal 0 0 1
    outer loop
      vertex 130.481 49.9522 30.7
      vertex 129.527 50.171 30.7
      vertex 129.488 49.9997 30.7
    endloop
  endfacet
  facet normal -0 0 1
    outer loop
      vertex 132.99 47.9082 30.7
      vertex 133.024 47.399 30.7
      vertex 133.024 47.9144 30.7
    endloop
  endfacet
  facet normal -0 0 1
    outer loop
      vertex 132.955 47.9031 30.7
      vertex 133.024 47.399 30.7
      vertex 132.99 47.9082 30.7
    endloop
  endfacet
  facet normal -0 0 1
    outer loop
      vertex 132.921 47.8992 30.7
      vertex 133.024 47.399 30.7
      vertex 132.955 47.9031 30.7
    endloop
  endfacet
  facet normal 0 0 1
    outer loop
      vertex 133.024 47.399 30.7
      vertex 132.921 47.8992 30.7
      vertex 132.969 47.3859 30.7
    endloop
  endfacet
  facet normal -0 0 1
    outer loop
      vertex 132.885 47.8963 30.7
      vertex 132.969 47.3859 30.7
      vertex 132.921 47.8992 30.7
    endloop
  endfacet
  facet normal 0 0 1
    outer loop
      vertex 132.969 47.3859 30.7
      vertex 132.885 47.8963 30.7
      vertex 132.918 47.3734 30.7
    endloop
  endfacet
  facet normal -0 0 1
    outer loop
      vertex 132.85 47.8946 30.7
      vertex 132.918 47.3734 30.7
      vertex 132.885 47.8963 30.7
    endloop
  endfacet
  facet normal 0 0 1
    outer loop
      vertex 132.918 47.3734 30.7
      vertex 132.85 47.8946 30.7
      vertex 132.894 47.3675 30.7
    endloop
  endfacet
  facet normal -0 0 1
    outer loop
      vertex 132.814 47.8941 30.7
      vertex 132.894 47.3675 30.7
      vertex 132.85 47.8946 30.7
    endloop
  endfacet
  facet normal 0 0 1
    outer loop
      vertex 132.894 47.3675 30.7
      vertex 132.814 47.8941 30.7
      vertex 132.871 47.3617 30.7
    endloop
  endfacet
  facet normal 0 0 1
    outer loop
      vertex 132.871 47.3617 30.7
      vertex 132.814 47.8941 30.7
      vertex 132.849 47.3563 30.7
    endloop
  endfacet
  facet normal 0 0 1
    outer loop
      vertex 132.849 47.3563 30.7
      vertex 132.814 47.8941 30.7
      vertex 132.826 47.3512 30.7
    endloop
  endfacet
  facet normal 0 0 1
    outer loop
      vertex 132.762 47.8973 30.7
      vertex 132.826 47.3512 30.7
      vertex 132.814 47.8941 30.7
    endloop
  endfacet
  facet normal 0 0 1
    outer loop
      vertex 132.826 47.3512 30.7
      vertex 132.762 47.8973 30.7
      vertex 132.804 47.3465 30.7
    endloop
  endfacet
  facet normal 0 0 1
    outer loop
      vertex 132.804 47.3465 30.7
      vertex 132.762 47.8973 30.7
      vertex 132.781 47.3421 30.7
    endloop
  endfacet
  facet normal 0 0 1
    outer loop
      vertex 132.762 47.8973 30.7
      vertex 132.758 47.3382 30.7
      vertex 132.781 47.3421 30.7
    endloop
  endfacet
  facet normal 0 0 1
    outer loop
      vertex 132.762 47.8973 30.7
      vertex 132.736 47.3346 30.7
      vertex 132.758 47.3382 30.7
    endloop
  endfacet
  facet normal 0 0 1
    outer loop
      vertex 132.713 47.3313 30.7
      vertex 132.762 47.8973 30.7
      vertex 132.716 47.9071 30.7
    endloop
  endfacet
  facet normal 0 0 1
    outer loop
      vertex 132.762 47.8973 30.7
      vertex 132.713 47.3313 30.7
      vertex 132.736 47.3346 30.7
    endloop
  endfacet
  facet normal 0 0 1
    outer loop
      vertex 132.716 47.9071 30.7
      vertex 132.69 47.3282 30.7
      vertex 132.713 47.3313 30.7
    endloop
  endfacet
  facet normal 0 0 1
    outer loop
      vertex 132.617 47.32 30.7
      vertex 132.716 47.9071 30.7
      vertex 132.674 47.9233 30.7
    endloop
  endfacet
  facet normal 0 0 1
    outer loop
      vertex 132.716 47.9071 30.7
      vertex 132.666 47.3253 30.7
      vertex 132.69 47.3282 30.7
    endloop
  endfacet
  facet normal 0 0 1
    outer loop
      vertex 132.716 47.9071 30.7
      vertex 132.642 47.3225 30.7
      vertex 132.666 47.3253 30.7
    endloop
  endfacet
  facet normal 0 0 1
    outer loop
      vertex 132.509 47.3126 30.7
      vertex 132.674 47.9233 30.7
      vertex 132.638 47.9461 30.7
    endloop
  endfacet
  facet normal 0 0 1
    outer loop
      vertex 132.716 47.9071 30.7
      vertex 132.617 47.32 30.7
      vertex 132.642 47.3225 30.7
    endloop
  endfacet
  facet normal 0 0 1
    outer loop
      vertex 132.509 47.3126 30.7
      vertex 132.638 47.9461 30.7
      vertex 132.607 47.9753 30.7
    endloop
  endfacet
  facet normal 0 0 1
    outer loop
      vertex 132.674 47.9233 30.7
      vertex 132.592 47.3177 30.7
      vertex 132.617 47.32 30.7
    endloop
  endfacet
  facet normal 0 0 1
    outer loop
      vertex 132.509 47.3126 30.7
      vertex 132.607 47.9753 30.7
      vertex 132.581 48.011 30.7
    endloop
  endfacet
  facet normal 0 0 1
    outer loop
      vertex 132.674 47.9233 30.7
      vertex 132.566 47.3156 30.7
      vertex 132.592 47.3177 30.7
    endloop
  endfacet
  facet normal 0 0 1
    outer loop
      vertex 132.509 47.3126 30.7
      vertex 132.581 48.011 30.7
      vertex 132.56 48.0553 30.7
    endloop
  endfacet
  facet normal 0 0 1
    outer loop
      vertex 132.509 47.3126 30.7
      vertex 132.56 48.0553 30.7
      vertex 132.543 48.1103 30.7
    endloop
  endfacet
  facet normal 0 0 1
    outer loop
      vertex 132.674 47.9233 30.7
      vertex 132.538 47.3139 30.7
      vertex 132.566 47.3156 30.7
    endloop
  endfacet
  facet normal 0 0 1
    outer loop
      vertex 132.509 47.3126 30.7
      vertex 132.543 48.1103 30.7
      vertex 132.529 48.1759 30.7
    endloop
  endfacet
  facet normal 0 0 1
    outer loop
      vertex 132.509 47.3126 30.7
      vertex 132.529 48.1759 30.7
      vertex 132.52 48.2522 30.7
    endloop
  endfacet
  facet normal 0 0 1
    outer loop
      vertex 132.509 47.3126 30.7
      vertex 132.52 48.2522 30.7
      vertex 132.514 48.339 30.7
    endloop
  endfacet
  facet normal 0 0 1
    outer loop
      vertex 132.674 47.9233 30.7
      vertex 132.509 47.3126 30.7
      vertex 132.538 47.3139 30.7
    endloop
  endfacet
  facet normal 0 0 1
    outer loop
      vertex 132.509 47.3126 30.7
      vertex 132.514 48.339 30.7
      vertex 132.512 48.4366 30.7
    endloop
  endfacet
  facet normal 0 0 1
    outer loop
      vertex 132.101 47.3549 30.7
      vertex 131.784 47.6232 30.7
      vertex 132.018 47.3892 30.7
    endloop
  endfacet
  facet normal 0 0 1
    outer loop
      vertex 132.195 47.3305 30.7
      vertex 131.746 47.705 30.7
      vertex 132.101 47.3549 30.7
    endloop
  endfacet
  facet normal 0 0 1
    outer loop
      vertex 132.512 48.4366 30.7
      vertex 132.195 47.3305 30.7
      vertex 132.299 47.3158 30.7
    endloop
  endfacet
  facet normal -0 0 1
    outer loop
      vertex 131.533 48.6294 30.7
      vertex 132.512 48.4366 30.7
      vertex 131.548 48.7061 30.7
    endloop
  endfacet
  facet normal -0 0 1
    outer loop
      vertex 131.512 48.5541 30.7
      vertex 132.512 48.4366 30.7
      vertex 131.533 48.6294 30.7
    endloop
  endfacet
  facet normal 0 0 1
    outer loop
      vertex 132.512 48.4366 30.7
      vertex 131.512 48.5541 30.7
      vertex 131.678 48.006 30.7
    endloop
  endfacet
  facet normal -0 0 1
    outer loop
      vertex 131.486 48.4802 30.7
      vertex 131.678 48.006 30.7
      vertex 131.512 48.5541 30.7
    endloop
  endfacet
  facet normal -0 0 1
    outer loop
      vertex 131.454 48.4078 30.7
      vertex 131.678 48.006 30.7
      vertex 131.486 48.4802 30.7
    endloop
  endfacet
  facet normal 0 0 1
    outer loop
      vertex 131.678 48.006 30.7
      vertex 131.454 48.4078 30.7
      vertex 131.658 48.006 30.7
    endloop
  endfacet
  facet normal -0 0 1
    outer loop
      vertex 131.417 48.3386 30.7
      vertex 131.658 48.006 30.7
      vertex 131.454 48.4078 30.7
    endloop
  endfacet
  facet normal -0 0 1
    outer loop
      vertex 131.375 48.2746 30.7
      vertex 131.658 48.006 30.7
      vertex 131.417 48.3386 30.7
    endloop
  endfacet
  facet normal -0 0 1
    outer loop
      vertex 131.329 48.2158 30.7
      vertex 131.658 48.006 30.7
      vertex 131.375 48.2746 30.7
    endloop
  endfacet
  facet normal -0 0 1
    outer loop
      vertex 131.279 48.1621 30.7
      vertex 131.658 48.006 30.7
      vertex 131.329 48.2158 30.7
    endloop
  endfacet
  facet normal 0 0 1
    outer loop
      vertex 131.658 48.006 30.7
      vertex 131.279 48.1621 30.7
      vertex 131.513 47.7853 30.7
    endloop
  endfacet
  facet normal -0 0 1
    outer loop
      vertex 131.224 48.1137 30.7
      vertex 131.513 47.7853 30.7
      vertex 131.279 48.1621 30.7
    endloop
  endfacet
  facet normal -0 0 1
    outer loop
      vertex 131.164 48.0704 30.7
      vertex 131.513 47.7853 30.7
      vertex 131.224 48.1137 30.7
    endloop
  endfacet
  facet normal 0 0 1
    outer loop
      vertex 131.513 47.7853 30.7
      vertex 131.164 48.0704 30.7
      vertex 131.346 47.6047 30.7
    endloop
  endfacet
  facet normal -0 0 1
    outer loop
      vertex 131.102 48.0331 30.7
      vertex 131.346 47.6047 30.7
      vertex 131.164 48.0704 30.7
    endloop
  endfacet
  facet normal -0 0 1
    outer loop
      vertex 131.037 48.0026 30.7
      vertex 131.346 47.6047 30.7
      vertex 131.102 48.0331 30.7
    endloop
  endfacet
  facet normal 0 0 1
    outer loop
      vertex 131.346 47.6047 30.7
      vertex 131.037 48.0026 30.7
      vertex 131.156 47.4643 30.7
    endloop
  endfacet
  facet normal -0 0 1
    outer loop
      vertex 130.97 47.9788 30.7
      vertex 131.156 47.4643 30.7
      vertex 131.037 48.0026 30.7
    endloop
  endfacet
  facet normal -0 0 1
    outer loop
      vertex 130.9 47.9619 30.7
      vertex 131.156 47.4643 30.7
      vertex 130.97 47.9788 30.7
    endloop
  endfacet
  facet normal 0 0 1
    outer loop
      vertex 131.156 47.4643 30.7
      vertex 130.9 47.9619 30.7
      vertex 130.943 47.364 30.7
    endloop
  endfacet
  facet normal -0 0 1
    outer loop
      vertex 130.829 47.9517 30.7
      vertex 130.943 47.364 30.7
      vertex 130.9 47.9619 30.7
    endloop
  endfacet
  facet normal -0 0 1
    outer loop
      vertex 130.756 47.9483 30.7
      vertex 130.943 47.364 30.7
      vertex 130.829 47.9517 30.7
    endloop
  endfacet
  facet normal 0 0 1
    outer loop
      vertex 130.756 47.9483 30.7
      vertex 130.708 47.3038 30.7
      vertex 130.943 47.364 30.7
    endloop
  endfacet
  facet normal 0 0 1
    outer loop
      vertex 130.691 47.9519 30.7
      vertex 130.708 47.3038 30.7
      vertex 130.756 47.9483 30.7
    endloop
  endfacet
  facet normal 0 0 1
    outer loop
      vertex 130.631 47.9625 30.7
      vertex 130.708 47.3038 30.7
      vertex 130.691 47.9519 30.7
    endloop
  endfacet
  facet normal 0 0 1
    outer loop
      vertex 130.45 47.2838 30.7
      vertex 130.631 47.9625 30.7
      vertex 130.575 47.9801 30.7
    endloop
  endfacet
  facet normal 0 0 1
    outer loop
      vertex 130.45 47.2838 30.7
      vertex 130.575 47.9801 30.7
      vertex 130.524 48.0048 30.7
    endloop
  endfacet
  facet normal 0 0 1
    outer loop
      vertex 130.28 47.2918 30.7
      vertex 130.524 48.0048 30.7
      vertex 130.478 48.0366 30.7
    endloop
  endfacet
  facet normal 0 0 1
    outer loop
      vertex 130.631 47.9625 30.7
      vertex 130.45 47.2838 30.7
      vertex 130.708 47.3038 30.7
    endloop
  endfacet
  facet normal 0 0 1
    outer loop
      vertex 130.28 47.2918 30.7
      vertex 130.478 48.0366 30.7
      vertex 130.435 48.0755 30.7
    endloop
  endfacet
  facet normal 0 0 1
    outer loop
      vertex 130.28 47.2918 30.7
      vertex 130.435 48.0755 30.7
      vertex 130.398 48.1216 30.7
    endloop
  endfacet
  facet normal 0 0 1
    outer loop
      vertex 130.28 47.2918 30.7
      vertex 130.398 48.1216 30.7
      vertex 130.368 48.1751 30.7
    endloop
  endfacet
  facet normal 0 0 1
    outer loop
      vertex 130.28 47.2918 30.7
      vertex 130.368 48.1751 30.7
      vertex 130.345 48.2361 30.7
    endloop
  endfacet
  facet normal 0 0 1
    outer loop
      vertex 130.28 47.2918 30.7
      vertex 130.345 48.2361 30.7
      vertex 130.328 48.3045 30.7
    endloop
  endfacet
  facet normal 0 0 1
    outer loop
      vertex 130.28 47.2918 30.7
      vertex 130.328 48.3045 30.7
      vertex 130.318 48.3804 30.7
    endloop
  endfacet
  facet normal 0 0 1
    outer loop
      vertex 130.524 48.0048 30.7
      vertex 130.28 47.2918 30.7
      vertex 130.45 47.2838 30.7
    endloop
  endfacet
  facet normal 0 0 1
    outer loop
      vertex 130.28 47.2918 30.7
      vertex 130.318 48.3804 30.7
      vertex 130.315 48.4637 30.7
    endloop
  endfacet
  facet normal 0 0 1
    outer loop
      vertex 151.492 49.9072 30.7
      vertex 152.424 50.0481 30.7
      vertex 152.361 50.2185 30.7
    endloop
  endfacet
  facet normal 0 0 1
    outer loop
      vertex 151.468 49.9915 30.7
      vertex 152.361 50.2185 30.7
      vertex 152.281 50.3751 30.7
    endloop
  endfacet
  facet normal 0 0 1
    outer loop
      vertex 151.438 50.0696 30.7
      vertex 152.281 50.3751 30.7
      vertex 152.184 50.518 30.7
    endloop
  endfacet
  facet normal 0 0 1
    outer loop
      vertex 151.438 50.0696 30.7
      vertex 152.184 50.518 30.7
      vertex 152.069 50.6471 30.7
    endloop
  endfacet
  facet normal 0 0 1
    outer loop
      vertex 151.4 50.1413 30.7
      vertex 152.069 50.6471 30.7
      vertex 151.936 50.7625 30.7
    endloop
  endfacet
  facet normal 0 0 1
    outer loop
      vertex 151.356 50.2067 30.7
      vertex 151.936 50.7625 30.7
      vertex 151.789 50.862 30.7
    endloop
  endfacet
  facet normal 0 0 1
    outer loop
      vertex 151.306 50.2658 30.7
      vertex 151.789 50.862 30.7
      vertex 151.629 50.9433 30.7
    endloop
  endfacet
  facet normal 0 0 1
    outer loop
      vertex 152.281 50.3751 30.7
      vertex 151.438 50.0696 30.7
      vertex 151.468 49.9915 30.7
    endloop
  endfacet
  facet normal 0 0 1
    outer loop
      vertex 152.424 50.0481 30.7
      vertex 151.509 49.8166 30.7
      vertex 152.468 49.864 30.7
    endloop
  endfacet
  facet normal 0 0 1
    outer loop
      vertex 152.424 50.0481 30.7
      vertex 151.492 49.9072 30.7
      vertex 151.509 49.8166 30.7
    endloop
  endfacet
  facet normal 0 0 1
    outer loop
      vertex 151.247 50.3171 30.7
      vertex 151.629 50.9433 30.7
      vertex 151.456 51.0066 30.7
    endloop
  endfacet
  facet normal 0 0 1
    outer loop
      vertex 152.361 50.2185 30.7
      vertex 151.468 49.9915 30.7
      vertex 151.492 49.9072 30.7
    endloop
  endfacet
  facet normal 0 0 1
    outer loop
      vertex 152.069 50.6471 30.7
      vertex 151.4 50.1413 30.7
      vertex 151.438 50.0696 30.7
    endloop
  endfacet
  facet normal 0 0 1
    outer loop
      vertex 151.936 50.7625 30.7
      vertex 151.356 50.2067 30.7
      vertex 151.4 50.1413 30.7
    endloop
  endfacet
  facet normal 0 0 1
    outer loop
      vertex 151.789 50.862 30.7
      vertex 151.306 50.2658 30.7
      vertex 151.356 50.2067 30.7
    endloop
  endfacet
  facet normal 0 0 1
    outer loop
      vertex 151.109 50.3917 30.7
      vertex 151.456 51.0066 30.7
      vertex 151.272 51.0518 30.7
    endloop
  endfacet
  facet normal 0 0 1
    outer loop
      vertex 151.629 50.9433 30.7
      vertex 151.247 50.3171 30.7
      vertex 151.306 50.2658 30.7
    endloop
  endfacet
  facet normal 0 0 1
    outer loop
      vertex 151.456 51.0066 30.7
      vertex 151.182 50.3591 30.7
      vertex 151.247 50.3171 30.7
    endloop
  endfacet
  facet normal 0 0 1
    outer loop
      vertex 151.456 51.0066 30.7
      vertex 151.109 50.3917 30.7
      vertex 151.182 50.3591 30.7
    endloop
  endfacet
  facet normal 0 0 1
    outer loop
      vertex 151.028 50.415 30.7
      vertex 151.272 51.0518 30.7
      vertex 151.074 51.079 30.7
    endloop
  endfacet
  facet normal 0 0 1
    outer loop
      vertex 151.272 51.0518 30.7
      vertex 151.028 50.415 30.7
      vertex 151.109 50.3917 30.7
    endloop
  endfacet
  facet normal 0 0 1
    outer loop
      vertex 151.074 51.079 30.7
      vertex 150.94 50.429 30.7
      vertex 151.028 50.415 30.7
    endloop
  endfacet
  facet normal 0 0 1
    outer loop
      vertex 150.865 51.088 30.7
      vertex 150.94 50.429 30.7
      vertex 151.074 51.079 30.7
    endloop
  endfacet
  facet normal 0 0 1
    outer loop
      vertex 150.865 51.088 30.7
      vertex 150.844 50.4337 30.7
      vertex 150.94 50.429 30.7
    endloop
  endfacet
  facet normal -0 0 1
    outer loop
      vertex 150.595 51.0739 30.7
      vertex 150.844 50.4337 30.7
      vertex 150.865 51.088 30.7
    endloop
  endfacet
  facet normal 0 0 1
    outer loop
      vertex 150.844 50.4337 30.7
      vertex 150.595 51.0739 30.7
      vertex 150.62 50.3995 30.7
    endloop
  endfacet
  facet normal -0 0 1
    outer loop
      vertex 150.347 51.0317 30.7
      vertex 150.62 50.3995 30.7
      vertex 150.595 51.0739 30.7
    endloop
  endfacet
  facet normal 0 0 1
    outer loop
      vertex 150.62 50.3995 30.7
      vertex 150.347 51.0317 30.7
      vertex 150.436 50.2969 30.7
    endloop
  endfacet
  facet normal -0 0 1
    outer loop
      vertex 150.12 50.9613 30.7
      vertex 150.436 50.2969 30.7
      vertex 150.347 51.0317 30.7
    endloop
  endfacet
  facet normal -0 0 1
    outer loop
      vertex 149.914 50.8627 30.7
      vertex 150.436 50.2969 30.7
      vertex 150.12 50.9613 30.7
    endloop
  endfacet
  facet normal 0 0 1
    outer loop
      vertex 150.436 50.2969 30.7
      vertex 149.914 50.8627 30.7
      vertex 150.293 50.126 30.7
    endloop
  endfacet
  facet normal -0 0 1
    outer loop
      vertex 149.729 50.736 30.7
      vertex 150.293 50.126 30.7
      vertex 149.914 50.8627 30.7
    endloop
  endfacet
  facet normal -0 0 1
    outer loop
      vertex 149.566 50.5811 30.7
      vertex 150.293 50.126 30.7
      vertex 149.729 50.736 30.7
    endloop
  endfacet
  facet normal -0 0 1
    outer loop
      vertex 149.426 50.401 30.7
      vertex 150.293 50.126 30.7
      vertex 149.566 50.5811 30.7
    endloop
  endfacet
  facet normal 0 0 1
    outer loop
      vertex 151.539 48.6163 30.7
      vertex 152.474 48.449 30.7
      vertex 152.496 48.5722 30.7
    endloop
  endfacet
  facet normal 0 0 1
    outer loop
      vertex 152.474 48.449 30.7
      vertex 151.539 48.6163 30.7
      vertex 152.443 48.3303 30.7
    endloop
  endfacet
  facet normal -0 0 1
    outer loop
      vertex 151.521 48.5079 30.7
      vertex 152.443 48.3303 30.7
      vertex 151.539 48.6163 30.7
    endloop
  endfacet
  facet normal 0 0 1
    outer loop
      vertex 152.403 48.2162 30.7
      vertex 151.521 48.5079 30.7
      vertex 152.353 48.1065 30.7
    endloop
  endfacet
  facet normal -0 0 1
    outer loop
      vertex 151.495 48.4089 30.7
      vertex 152.353 48.1065 30.7
      vertex 151.521 48.5079 30.7
    endloop
  endfacet
  facet normal 0 0 1
    outer loop
      vertex 152.353 48.1065 30.7
      vertex 151.495 48.4089 30.7
      vertex 152.294 48.0014 30.7
    endloop
  endfacet
  facet normal 0 0 1
    outer loop
      vertex 152.294 48.0014 30.7
      vertex 151.461 48.3192 30.7
      vertex 152.226 47.9008 30.7
    endloop
  endfacet
  facet normal 0 0 1
    outer loop
      vertex 152.226 47.9008 30.7
      vertex 151.461 48.3192 30.7
      vertex 152.149 47.8062 30.7
    endloop
  endfacet
  facet normal -0 0 1
    outer loop
      vertex 151.419 48.2388 30.7
      vertex 152.149 47.8062 30.7
      vertex 151.461 48.3192 30.7
    endloop
  endfacet
  facet normal 0 0 1
    outer loop
      vertex 152.065 47.7191 30.7
      vertex 151.419 48.2388 30.7
      vertex 151.973 47.6394 30.7
    endloop
  endfacet
  facet normal -0 0 1
    outer loop
      vertex 151.369 48.1677 30.7
      vertex 151.973 47.6394 30.7
      vertex 151.419 48.2388 30.7
    endloop
  endfacet
  facet normal 0 0 1
    outer loop
      vertex 152.443 48.3303 30.7
      vertex 151.521 48.5079 30.7
      vertex 152.403 48.2162 30.7
    endloop
  endfacet
  facet normal -0 0 1
    outer loop
      vertex 151.461 48.3192 30.7
      vertex 152.294 48.0014 30.7
      vertex 151.495 48.4089 30.7
    endloop
  endfacet
  facet normal 0 0 1
    outer loop
      vertex 152.149 47.8062 30.7
      vertex 151.419 48.2388 30.7
      vertex 152.065 47.7191 30.7
    endloop
  endfacet
  facet normal 0 0 1
    outer loop
      vertex 151.973 47.6394 30.7
      vertex 151.369 48.1677 30.7
      vertex 151.873 47.5671 30.7
    endloop
  endfacet
  facet normal -0 0 1
    outer loop
      vertex 151.312 48.106 30.7
      vertex 151.873 47.5671 30.7
      vertex 151.369 48.1677 30.7
    endloop
  endfacet
  facet normal 0 0 1
    outer loop
      vertex 151.873 47.5671 30.7
      vertex 151.312 48.106 30.7
      vertex 151.766 47.5022 30.7
    endloop
  endfacet
  facet normal 0 0 1
    outer loop
      vertex 151.766 47.5022 30.7
      vertex 151.312 48.106 30.7
      vertex 151.651 47.4448 30.7
    endloop
  endfacet
  facet normal -0 0 1
    outer loop
      vertex 151.249 48.0537 30.7
      vertex 151.651 47.4448 30.7
      vertex 151.312 48.106 30.7
    endloop
  endfacet
  facet normal 0 0 1
    outer loop
      vertex 151.651 47.4448 30.7
      vertex 151.249 48.0537 30.7
      vertex 151.53 47.3956 30.7
    endloop
  endfacet
  facet normal -0 0 1
    outer loop
      vertex 151.18 48.0109 30.7
      vertex 151.53 47.3956 30.7
      vertex 151.249 48.0537 30.7
    endloop
  endfacet
  facet normal 0 0 1
    outer loop
      vertex 151.53 47.3956 30.7
      vertex 151.18 48.0109 30.7
      vertex 151.404 47.3554 30.7
    endloop
  endfacet
  facet normal -0 0 1
    outer loop
      vertex 151.107 47.9776 30.7
      vertex 151.404 47.3554 30.7
      vertex 151.18 48.0109 30.7
    endloop
  endfacet
  facet normal 0 0 1
    outer loop
      vertex 151.404 47.3554 30.7
      vertex 151.107 47.9776 30.7
      vertex 151.273 47.324 30.7
    endloop
  endfacet
  facet normal -0 0 1
    outer loop
      vertex 151.029 47.9538 30.7
      vertex 151.273 47.324 30.7
      vertex 151.107 47.9776 30.7
    endloop
  endfacet
  facet normal 0 0 1
    outer loop
      vertex 151.273 47.324 30.7
      vertex 151.029 47.9538 30.7
      vertex 151.137 47.3017 30.7
    endloop
  endfacet
  facet normal -0 0 1
    outer loop
      vertex 150.946 47.9395 30.7
      vertex 151.137 47.3017 30.7
      vertex 151.029 47.9538 30.7
    endloop
  endfacet
  facet normal 0 0 1
    outer loop
      vertex 151.137 47.3017 30.7
      vertex 150.946 47.9395 30.7
      vertex 150.997 47.2882 30.7
    endloop
  endfacet
  facet normal -0 0 1
    outer loop
      vertex 150.858 47.9348 30.7
      vertex 150.997 47.2882 30.7
      vertex 150.946 47.9395 30.7
    endloop
  endfacet
  facet normal 0 0 1
    outer loop
      vertex 150.858 47.9348 30.7
      vertex 150.851 47.2838 30.7
      vertex 150.997 47.2882 30.7
    endloop
  endfacet
  facet normal 0 0 1
    outer loop
      vertex 150.584 47.2976 30.7
      vertex 150.858 47.9348 30.7
      vertex 150.629 47.97 30.7
    endloop
  endfacet
  facet normal 0 0 1
    outer loop
      vertex 150.858 47.9348 30.7
      vertex 150.584 47.2976 30.7
      vertex 150.851 47.2838 30.7
    endloop
  endfacet
  facet normal 0 0 1
    outer loop
      vertex 150.337 47.339 30.7
      vertex 150.629 47.97 30.7
      vertex 150.442 48.0757 30.7
    endloop
  endfacet
  facet normal 0 0 1
    outer loop
      vertex 150.629 47.97 30.7
      vertex 150.337 47.339 30.7
      vertex 150.584 47.2976 30.7
    endloop
  endfacet
  facet normal 0 0 1
    outer loop
      vertex 149.908 47.5045 30.7
      vertex 150.442 48.0757 30.7
      vertex 150.296 48.2518 30.7
    endloop
  endfacet
  facet normal 0 0 1
    outer loop
      vertex 149.424 47.9569 30.7
      vertex 150.296 48.2518 30.7
      vertex 150.192 48.4984 30.7
    endloop
  endfacet
  facet normal 0 0 1
    outer loop
      vertex 149.222 48.3751 30.7
      vertex 150.192 48.4984 30.7
      vertex 150.129 48.8154 30.7
    endloop
  endfacet
  facet normal 0 0 1
    outer loop
      vertex 150.442 48.0757 30.7
      vertex 150.112 47.408 30.7
      vertex 150.337 47.339 30.7
    endloop
  endfacet
  facet normal -0 0 1
    outer loop
      vertex 149.121 48.8803 30.7
      vertex 150.129 48.8154 30.7
      vertex 150.109 49.2029 30.7
    endloop
  endfacet
  facet normal 0 0 1
    outer loop
      vertex 150.293 50.126 30.7
      vertex 149.426 50.401 30.7
      vertex 150.19 49.8866 30.7
    endloop
  endfacet
  facet normal 0 -0 1
    outer loop
      vertex 149.121 48.8803 30.7
      vertex 150.109 49.2029 30.7
      vertex 149.108 49.1656 30.7
    endloop
  endfacet
  facet normal -0 0 1
    outer loop
      vertex 149.312 50.1985 30.7
      vertex 150.19 49.8866 30.7
      vertex 149.426 50.401 30.7
    endloop
  endfacet
  facet normal 0 0 1
    outer loop
      vertex 150.129 48.8154 30.7
      vertex 149.121 48.8803 30.7
      vertex 149.159 48.6168 30.7
    endloop
  endfacet
  facet normal -0 0 1
    outer loop
      vertex 149.223 49.9738 30.7
      vertex 150.19 49.8866 30.7
      vertex 149.312 50.1985 30.7
    endloop
  endfacet
  facet normal 0 0 1
    outer loop
      vertex 150.129 48.8154 30.7
      vertex 149.159 48.6168 30.7
      vertex 149.222 48.3751 30.7
    endloop
  endfacet
  facet normal 0 0 1
    outer loop
      vertex 150.19 49.8866 30.7
      vertex 149.223 49.9738 30.7
      vertex 150.129 49.579 30.7
    endloop
  endfacet
  facet normal 0 0 1
    outer loop
      vertex 150.192 48.4984 30.7
      vertex 149.222 48.3751 30.7
      vertex 149.31 48.1551 30.7
    endloop
  endfacet
  facet normal -0 0 1
    outer loop
      vertex 149.159 49.7267 30.7
      vertex 150.129 49.579 30.7
      vertex 149.223 49.9738 30.7
    endloop
  endfacet
  facet normal 0 0 1
    outer loop
      vertex 150.442 48.0757 30.7
      vertex 149.908 47.5045 30.7
      vertex 150.112 47.408 30.7
    endloop
  endfacet
  facet normal 0 0 1
    outer loop
      vertex 149.121 49.4573 30.7
      vertex 150.129 49.579 30.7
      vertex 149.159 49.7267 30.7
    endloop
  endfacet
  facet normal 0 0 1
    outer loop
      vertex 150.109 49.2029 30.7
      vertex 149.121 49.4573 30.7
      vertex 149.108 49.1656 30.7
    endloop
  endfacet
  facet normal 0 0 1
    outer loop
      vertex 150.129 49.579 30.7
      vertex 149.121 49.4573 30.7
      vertex 150.109 49.2029 30.7
    endloop
  endfacet
  facet normal 0 0 1
    outer loop
      vertex 150.296 48.2518 30.7
      vertex 149.725 47.6287 30.7
      vertex 149.908 47.5045 30.7
    endloop
  endfacet
  facet normal 0 0 1
    outer loop
      vertex 150.296 48.2518 30.7
      vertex 149.563 47.7805 30.7
      vertex 149.725 47.6287 30.7
    endloop
  endfacet
  facet normal 0 0 1
    outer loop
      vertex 150.296 48.2518 30.7
      vertex 149.424 47.9569 30.7
      vertex 149.563 47.7805 30.7
    endloop
  endfacet
  facet normal 0 0 1
    outer loop
      vertex 150.192 48.4984 30.7
      vertex 149.31 48.1551 30.7
      vertex 149.424 47.9569 30.7
    endloop
  endfacet
  facet normal 0 0 1
    outer loop
      vertex 145.248 49.5758 30.7
      vertex 144.76 49.0435 30.7
      vertex 145.248 49.0503 30.7
    endloop
  endfacet
  facet normal -0 0 1
    outer loop
      vertex 144.458 49.5623 30.7
      vertex 144.76 49.0435 30.7
      vertex 145.248 49.5758 30.7
    endloop
  endfacet
  facet normal 0 0 1
    outer loop
      vertex 144.76 49.0435 30.7
      vertex 144.458 49.5623 30.7
      vertex 144.655 49.0377 30.7
    endloop
  endfacet
  facet normal 0 0 1
    outer loop
      vertex 144.655 49.0377 30.7
      vertex 144.458 49.5623 30.7
      vertex 144.56 49.0294 30.7
    endloop
  endfacet
  facet normal 0 0 1
    outer loop
      vertex 144.56 49.0294 30.7
      vertex 144.458 49.5623 30.7
      vertex 144.476 49.0185 30.7
    endloop
  endfacet
  facet normal 0 0 1
    outer loop
      vertex 144.458 49.5623 30.7
      vertex 144.403 49.005 30.7
      vertex 144.476 49.0185 30.7
    endloop
  endfacet
  facet normal -0 0 1
    outer loop
      vertex 144.233 49.5519 30.7
      vertex 144.403 49.005 30.7
      vertex 144.458 49.5623 30.7
    endloop
  endfacet
  facet normal 0 0 1
    outer loop
      vertex 144.403 49.005 30.7
      vertex 144.233 49.5519 30.7
      vertex 144.341 48.9891 30.7
    endloop
  endfacet
  facet normal 0 0 1
    outer loop
      vertex 144.341 48.9891 30.7
      vertex 144.233 49.5519 30.7
      vertex 144.289 48.9706 30.7
    endloop
  endfacet
  facet normal -0 0 1
    outer loop
      vertex 144.025 49.5253 30.7
      vertex 144.289 48.9706 30.7
      vertex 144.233 49.5519 30.7
    endloop
  endfacet
  facet normal 0 0 1
    outer loop
      vertex 144.289 48.9706 30.7
      vertex 144.025 49.5253 30.7
      vertex 144.244 48.9491 30.7
    endloop
  endfacet
  facet normal 0 0 1
    outer loop
      vertex 144.244 48.9491 30.7
      vertex 144.025 49.5253 30.7
      vertex 144.204 48.9241 30.7
    endloop
  endfacet
  facet normal -0 0 1
    outer loop
      vertex 143.837 49.4826 30.7
      vertex 144.204 48.9241 30.7
      vertex 144.025 49.5253 30.7
    endloop
  endfacet
  facet normal 0 0 1
    outer loop
      vertex 144.204 48.9241 30.7
      vertex 143.837 49.4826 30.7
      vertex 144.166 48.8956 30.7
    endloop
  endfacet
  facet normal 0 0 1
    outer loop
      vertex 144.166 48.8956 30.7
      vertex 143.837 49.4826 30.7
      vertex 144.133 48.8636 30.7
    endloop
  endfacet
  facet normal -0 0 1
    outer loop
      vertex 143.666 49.4236 30.7
      vertex 144.133 48.8636 30.7
      vertex 143.837 49.4826 30.7
    endloop
  endfacet
  facet normal 0 0 1
    outer loop
      vertex 144.133 48.8636 30.7
      vertex 143.666 49.4236 30.7
      vertex 144.103 48.8281 30.7
    endloop
  endfacet
  facet normal -0 0 1
    outer loop
      vertex 143.515 49.3484 30.7
      vertex 144.103 48.8281 30.7
      vertex 143.666 49.4236 30.7
    endloop
  endfacet
  facet normal 0 0 1
    outer loop
      vertex 144.103 48.8281 30.7
      vertex 143.515 49.3484 30.7
      vertex 144.077 48.7892 30.7
    endloop
  endfacet
  facet normal 0 0 1
    outer loop
      vertex 144.077 48.7892 30.7
      vertex 143.515 49.3484 30.7
      vertex 144.055 48.7462 30.7
    endloop
  endfacet
  facet normal -0 0 1
    outer loop
      vertex 143.382 49.2571 30.7
      vertex 144.055 48.7462 30.7
      vertex 143.515 49.3484 30.7
    endloop
  endfacet
  facet normal 0 0 1
    outer loop
      vertex 144.055 48.7462 30.7
      vertex 143.382 49.2571 30.7
      vertex 144.036 48.6988 30.7
    endloop
  endfacet
  facet normal -0 0 1
    outer loop
      vertex 143.268 49.1501 30.7
      vertex 144.036 48.6988 30.7
      vertex 143.382 49.2571 30.7
    endloop
  endfacet
  facet normal -0 0 1
    outer loop
      vertex 143.176 49.028 30.7
      vertex 144.036 48.6988 30.7
      vertex 143.268 49.1501 30.7
    endloop
  endfacet
  facet normal 0 -0 1
    outer loop
      vertex 143.019 48.2205 30.7
      vertex 144.004 48.4637 30.7
      vertex 143.011 48.3891 30.7
    endloop
  endfacet
  facet normal 0 0 1
    outer loop
      vertex 144.036 48.6988 30.7
      vertex 143.176 49.028 30.7
      vertex 144.022 48.6468 30.7
    endloop
  endfacet
  facet normal 0 -0 1
    outer loop
      vertex 143.044 48.0649 30.7
      vertex 144.004 48.4637 30.7
      vertex 143.019 48.2205 30.7
    endloop
  endfacet
  facet normal 0 0 1
    outer loop
      vertex 144.004 48.4637 30.7
      vertex 143.811 47.316 30.7
      vertex 143.969 47.2918 30.7
    endloop
  endfacet
  facet normal -0 0 1
    outer loop
      vertex 143.103 48.8909 30.7
      vertex 144.022 48.6468 30.7
      vertex 143.176 49.028 30.7
    endloop
  endfacet
  facet normal 0 -0 1
    outer loop
      vertex 143.085 47.9225 30.7
      vertex 144.004 48.4637 30.7
      vertex 143.044 48.0649 30.7
    endloop
  endfacet
  facet normal 0 0 1
    outer loop
      vertex 144.022 48.6468 30.7
      vertex 143.103 48.8909 30.7
      vertex 144.012 48.5903 30.7
    endloop
  endfacet
  facet normal 0 0 1
    outer loop
      vertex 144.004 48.4637 30.7
      vertex 143.666 47.3562 30.7
      vertex 143.811 47.316 30.7
    endloop
  endfacet
  facet normal -0 0 1
    outer loop
      vertex 143.052 48.7387 30.7
      vertex 144.012 48.5903 30.7
      vertex 143.103 48.8909 30.7
    endloop
  endfacet
  facet normal 0 0 1
    outer loop
      vertex 144.004 48.4637 30.7
      vertex 143.534 47.4126 30.7
      vertex 143.666 47.3562 30.7
    endloop
  endfacet
  facet normal 0 0 1
    outer loop
      vertex 144.012 48.5903 30.7
      vertex 143.052 48.7387 30.7
      vertex 144.006 48.5293 30.7
    endloop
  endfacet
  facet normal 0 -0 1
    outer loop
      vertex 143.143 47.7931 30.7
      vertex 144.004 48.4637 30.7
      vertex 143.085 47.9225 30.7
    endloop
  endfacet
  facet normal -0 0 1
    outer loop
      vertex 143.021 48.5714 30.7
      vertex 144.006 48.5293 30.7
      vertex 143.052 48.7387 30.7
    endloop
  endfacet
  facet normal 0 0 1
    outer loop
      vertex 144.004 48.4637 30.7
      vertex 143.415 47.4851 30.7
      vertex 143.534 47.4126 30.7
    endloop
  endfacet
  facet normal 0 0 1
    outer loop
      vertex 144.006 48.5293 30.7
      vertex 143.021 48.5714 30.7
      vertex 144.004 48.4637 30.7
    endloop
  endfacet
  facet normal 0 0 1
    outer loop
      vertex 144.004 48.4637 30.7
      vertex 143.021 48.5714 30.7
      vertex 143.011 48.3891 30.7
    endloop
  endfacet
  facet normal 0 0 1
    outer loop
      vertex 144.004 48.4637 30.7
      vertex 143.309 47.5737 30.7
      vertex 143.415 47.4851 30.7
    endloop
  endfacet
  facet normal 0 0 1
    outer loop
      vertex 144.004 48.4637 30.7
      vertex 143.143 47.7931 30.7
      vertex 143.218 47.6769 30.7
    endloop
  endfacet
  facet normal 0 0 1
    outer loop
      vertex 144.004 48.4637 30.7
      vertex 143.218 47.6769 30.7
      vertex 143.309 47.5737 30.7
    endloop
  endfacet
  facet normal -0 0 1
    outer loop
      vertex 145.248 49.0503 30.7
      vertex 146.201 48.4366 30.7
      vertex 146.201 49.7725 30.7
    endloop
  endfacet
  facet normal -0 0 1
    outer loop
      vertex 145.245 49.877 30.7
      vertex 146.201 49.7725 30.7
      vertex 146.191 49.9747 30.7
    endloop
  endfacet
  facet normal 0 0 1
    outer loop
      vertex 146.201 48.4366 30.7
      vertex 145.245 48.7842 30.7
      vertex 145.237 48.7061 30.7
    endloop
  endfacet
  facet normal -0 0 1
    outer loop
      vertex 145.234 49.9814 30.7
      vertex 146.191 49.9747 30.7
      vertex 146.159 50.1609 30.7
    endloop
  endfacet
  facet normal 0 -0 1
    outer loop
      vertex 145.382 47.8964 30.7
      vertex 146.201 48.4366 30.7
      vertex 145.367 48.006 30.7
    endloop
  endfacet
  facet normal 0 0 1
    outer loop
      vertex 145.234 49.9814 30.7
      vertex 146.159 50.1609 30.7
      vertex 146.107 50.3311 30.7
    endloop
  endfacet
  facet normal 0 0 1
    outer loop
      vertex 146.201 48.4366 30.7
      vertex 145.248 48.8638 30.7
      vertex 145.245 48.7842 30.7
    endloop
  endfacet
  facet normal 0 0 1
    outer loop
      vertex 145.217 50.0755 30.7
      vertex 146.107 50.3311 30.7
      vertex 146.034 50.4852 30.7
    endloop
  endfacet
  facet normal 0 0 1
    outer loop
      vertex 146.201 48.4366 30.7
      vertex 146.168 47.3116 30.7
      vertex 146.198 47.3126 30.7
    endloop
  endfacet
  facet normal 0 0 1
    outer loop
      vertex 145.193 50.1594 30.7
      vertex 146.034 50.4852 30.7
      vertex 145.94 50.6234 30.7
    endloop
  endfacet
  facet normal 0 0 1
    outer loop
      vertex 146.201 48.4366 30.7
      vertex 145.248 49.0503 30.7
      vertex 145.248 48.8638 30.7
    endloop
  endfacet
  facet normal 0 0 1
    outer loop
      vertex 145.161 50.233 30.7
      vertex 145.94 50.6234 30.7
      vertex 145.825 50.7456 30.7
    endloop
  endfacet
  facet normal 0 0 1
    outer loop
      vertex 146.201 48.4366 30.7
      vertex 146.136 47.3111 30.7
      vertex 146.168 47.3116 30.7
    endloop
  endfacet
  facet normal 0 0 1
    outer loop
      vertex 146.201 48.4366 30.7
      vertex 146.103 47.3109 30.7
      vertex 146.136 47.3111 30.7
    endloop
  endfacet
  facet normal 0 0 1
    outer loop
      vertex 145.161 50.233 30.7
      vertex 145.825 50.7456 30.7
      vertex 145.69 50.8502 30.7
    endloop
  endfacet
  facet normal 0 -0 1
    outer loop
      vertex 145.405 47.7961 30.7
      vertex 146.201 48.4366 30.7
      vertex 145.382 47.8964 30.7
    endloop
  endfacet
  facet normal 0 0 1
    outer loop
      vertex 146.201 48.4366 30.7
      vertex 145.988 47.3158 30.7
      vertex 146.103 47.3109 30.7
    endloop
  endfacet
  facet normal 0 0 1
    outer loop
      vertex 145.123 50.2963 30.7
      vertex 145.69 50.8502 30.7
      vertex 145.538 50.9358 30.7
    endloop
  endfacet
  facet normal 0 -0 1
    outer loop
      vertex 145.435 47.705 30.7
      vertex 146.201 48.4366 30.7
      vertex 145.405 47.7961 30.7
    endloop
  endfacet
  facet normal 0 0 1
    outer loop
      vertex 146.201 48.4366 30.7
      vertex 145.435 47.705 30.7
      vertex 145.884 47.3305 30.7
    endloop
  endfacet
  facet normal -0 -0 1
    outer loop
      vertex 145.473 47.6232 30.7
      vertex 145.79 47.3549 30.7
      vertex 145.435 47.705 30.7
    endloop
  endfacet
  facet normal -0 -0 1
    outer loop
      vertex 145.519 47.5506 30.7
      vertex 145.707 47.3892 30.7
      vertex 145.473 47.6232 30.7
    endloop
  endfacet
  facet normal 0 0 1
    outer loop
      vertex 145.707 47.3892 30.7
      vertex 145.519 47.5506 30.7
      vertex 145.634 47.4333 30.7
    endloop
  endfacet
  facet normal 0 0 1
    outer loop
      vertex 145.077 50.3497 30.7
      vertex 145.538 50.9358 30.7
      vertex 145.369 51.0024 30.7
    endloop
  endfacet
  facet normal 0 0 1
    outer loop
      vertex 145.634 47.4333 30.7
      vertex 145.519 47.5506 30.7
      vertex 145.572 47.4872 30.7
    endloop
  endfacet
  facet normal 0 0 1
    outer loop
      vertex 146.201 49.7725 30.7
      vertex 145.248 49.5758 30.7
      vertex 145.248 49.0503 30.7
    endloop
  endfacet
  facet normal 0 0 1
    outer loop
      vertex 146.201 49.7725 30.7
      vertex 145.248 49.7623 30.7
      vertex 145.248 49.5758 30.7
    endloop
  endfacet
  facet normal 0 0 1
    outer loop
      vertex 146.201 49.7725 30.7
      vertex 145.245 49.877 30.7
      vertex 145.248 49.7623 30.7
    endloop
  endfacet
  facet normal 0 0 1
    outer loop
      vertex 146.191 49.9747 30.7
      vertex 145.234 49.9814 30.7
      vertex 145.245 49.877 30.7
    endloop
  endfacet
  facet normal 0 0 1
    outer loop
      vertex 146.107 50.3311 30.7
      vertex 145.217 50.0755 30.7
      vertex 145.234 49.9814 30.7
    endloop
  endfacet
  facet normal 0 0 1
    outer loop
      vertex 146.034 50.4852 30.7
      vertex 145.193 50.1594 30.7
      vertex 145.217 50.0755 30.7
    endloop
  endfacet
  facet normal 0 0 1
    outer loop
      vertex 145.022 50.3933 30.7
      vertex 145.369 51.0024 30.7
      vertex 145.181 51.0499 30.7
    endloop
  endfacet
  facet normal 0 0 1
    outer loop
      vertex 145.94 50.6234 30.7
      vertex 145.161 50.233 30.7
      vertex 145.193 50.1594 30.7
    endloop
  endfacet
  facet normal 0 0 1
    outer loop
      vertex 145.69 50.8502 30.7
      vertex 145.123 50.2963 30.7
      vertex 145.161 50.233 30.7
    endloop
  endfacet
  facet normal 0 0 1
    outer loop
      vertex 145.538 50.9358 30.7
      vertex 145.077 50.3497 30.7
      vertex 145.123 50.2963 30.7
    endloop
  endfacet
  facet normal 0 0 1
    outer loop
      vertex 145.369 51.0024 30.7
      vertex 145.022 50.3933 30.7
      vertex 145.077 50.3497 30.7
    endloop
  endfacet
  facet normal 0 0 1
    outer loop
      vertex 144.958 50.4273 30.7
      vertex 145.181 51.0499 30.7
      vertex 144.976 51.0785 30.7
    endloop
  endfacet
  facet normal 0 0 1
    outer loop
      vertex 145.181 51.0499 30.7
      vertex 144.958 50.4273 30.7
      vertex 145.022 50.3933 30.7
    endloop
  endfacet
  facet normal 0 0 1
    outer loop
      vertex 144.976 51.0785 30.7
      vertex 144.885 50.4515 30.7
      vertex 144.958 50.4273 30.7
    endloop
  endfacet
  facet normal 0 0 1
    outer loop
      vertex 144.976 51.0785 30.7
      vertex 144.803 50.4661 30.7
      vertex 144.885 50.4515 30.7
    endloop
  endfacet
  facet normal 0 0 1
    outer loop
      vertex 144.753 51.088 30.7
      vertex 144.803 50.4661 30.7
      vertex 144.976 51.0785 30.7
    endloop
  endfacet
  facet normal 0 0 1
    outer loop
      vertex 144.753 51.088 30.7
      vertex 144.713 50.471 30.7
      vertex 144.803 50.4661 30.7
    endloop
  endfacet
  facet normal 0 0 1
    outer loop
      vertex 144.753 51.088 30.7
      vertex 144.628 50.4676 30.7
      vertex 144.713 50.471 30.7
    endloop
  endfacet
  facet normal -0 0 1
    outer loop
      vertex 144.532 51.0803 30.7
      vertex 144.628 50.4676 30.7
      vertex 144.753 51.088 30.7
    endloop
  endfacet
  facet normal 0 0 1
    outer loop
      vertex 144.628 50.4676 30.7
      vertex 144.532 51.0803 30.7
      vertex 144.552 50.4576 30.7
    endloop
  endfacet
  facet normal -0 0 1
    outer loop
      vertex 144.327 51.0573 30.7
      vertex 144.552 50.4576 30.7
      vertex 144.532 51.0803 30.7
    endloop
  endfacet
  facet normal 0 0 1
    outer loop
      vertex 144.552 50.4576 30.7
      vertex 144.327 51.0573 30.7
      vertex 144.483 50.4408 30.7
    endloop
  endfacet
  facet normal 0 0 1
    outer loop
      vertex 144.483 50.4408 30.7
      vertex 144.327 51.0573 30.7
      vertex 144.423 50.4174 30.7
    endloop
  endfacet
  facet normal -0 0 1
    outer loop
      vertex 144.138 51.0189 30.7
      vertex 144.423 50.4174 30.7
      vertex 144.327 51.0573 30.7
    endloop
  endfacet
  facet normal 0 0 1
    outer loop
      vertex 144.423 50.4174 30.7
      vertex 144.138 51.0189 30.7
      vertex 144.37 50.3874 30.7
    endloop
  endfacet
  facet normal -0 0 1
    outer loop
      vertex 143.964 50.9652 30.7
      vertex 144.37 50.3874 30.7
      vertex 144.138 51.0189 30.7
    endloop
  endfacet
  facet normal 0 0 1
    outer loop
      vertex 144.37 50.3874 30.7
      vertex 143.964 50.9652 30.7
      vertex 144.324 50.3506 30.7
    endloop
  endfacet
  facet normal -0 0 1
    outer loop
      vertex 143.807 50.8961 30.7
      vertex 144.324 50.3506 30.7
      vertex 143.964 50.9652 30.7
    endloop
  endfacet
  facet normal 0 0 1
    outer loop
      vertex 144.324 50.3506 30.7
      vertex 143.807 50.8961 30.7
      vertex 144.286 50.3061 30.7
    endloop
  endfacet
  facet normal -0 0 1
    outer loop
      vertex 143.667 50.8117 30.7
      vertex 144.286 50.3061 30.7
      vertex 143.807 50.8961 30.7
    endloop
  endfacet
  facet normal 0 0 1
    outer loop
      vertex 144.286 50.3061 30.7
      vertex 143.667 50.8117 30.7
      vertex 144.252 50.2528 30.7
    endloop
  endfacet
  facet normal -0 0 1
    outer loop
      vertex 143.542 50.7123 30.7
      vertex 144.252 50.2528 30.7
      vertex 143.667 50.8117 30.7
    endloop
  endfacet
  facet normal 0 0 1
    outer loop
      vertex 144.252 50.2528 30.7
      vertex 143.542 50.7123 30.7
      vertex 144.224 50.1908 30.7
    endloop
  endfacet
  facet normal -0 0 1
    outer loop
      vertex 143.435 50.5986 30.7
      vertex 144.224 50.1908 30.7
      vertex 143.542 50.7123 30.7
    endloop
  endfacet
  facet normal 0 0 1
    outer loop
      vertex 144.224 50.1908 30.7
      vertex 143.435 50.5986 30.7
      vertex 144.201 50.12 30.7
    endloop
  endfacet
  facet normal -0 0 1
    outer loop
      vertex 143.345 50.4705 30.7
      vertex 144.201 50.12 30.7
      vertex 143.435 50.5986 30.7
    endloop
  endfacet
  facet normal 0 0 1
    outer loop
      vertex 144.201 50.12 30.7
      vertex 143.345 50.4705 30.7
      vertex 144.183 50.0405 30.7
    endloop
  endfacet
  facet normal -0 0 1
    outer loop
      vertex 143.272 50.328 30.7
      vertex 144.183 50.0405 30.7
      vertex 143.345 50.4705 30.7
    endloop
  endfacet
  facet normal -0 0 1
    outer loop
      vertex 143.216 50.171 30.7
      vertex 144.183 50.0405 30.7
      vertex 143.272 50.328 30.7
    endloop
  endfacet
  facet normal 0 0 1
    outer loop
      vertex 144.183 50.0405 30.7
      vertex 143.216 50.171 30.7
      vertex 144.17 49.9522 30.7
    endloop
  endfacet
  facet normal 0 0 1
    outer loop
      vertex 144.17 49.9522 30.7
      vertex 143.216 50.171 30.7
      vertex 143.177 49.9997 30.7
    endloop
  endfacet
  facet normal -0 0 1
    outer loop
      vertex 146.679 47.9082 30.7
      vertex 146.713 47.399 30.7
      vertex 146.713 47.9144 30.7
    endloop
  endfacet
  facet normal -0 0 1
    outer loop
      vertex 146.645 47.9031 30.7
      vertex 146.713 47.399 30.7
      vertex 146.679 47.9082 30.7
    endloop
  endfacet
  facet normal -0 0 1
    outer loop
      vertex 146.61 47.8992 30.7
      vertex 146.713 47.399 30.7
      vertex 146.645 47.9031 30.7
    endloop
  endfacet
  facet normal 0 0 1
    outer loop
      vertex 146.713 47.399 30.7
      vertex 146.61 47.8992 30.7
      vertex 146.659 47.3859 30.7
    endloop
  endfacet
  facet normal -0 0 1
    outer loop
      vertex 146.575 47.8963 30.7
      vertex 146.659 47.3859 30.7
      vertex 146.61 47.8992 30.7
    endloop
  endfacet
  facet normal 0 0 1
    outer loop
      vertex 146.659 47.3859 30.7
      vertex 146.575 47.8963 30.7
      vertex 146.608 47.3734 30.7
    endloop
  endfacet
  facet normal -0 0 1
    outer loop
      vertex 146.539 47.8946 30.7
      vertex 146.608 47.3734 30.7
      vertex 146.575 47.8963 30.7
    endloop
  endfacet
  facet normal 0 0 1
    outer loop
      vertex 146.608 47.3734 30.7
      vertex 146.539 47.8946 30.7
      vertex 146.584 47.3675 30.7
    endloop
  endfacet
  facet normal -0 0 1
    outer loop
      vertex 146.503 47.8941 30.7
      vertex 146.584 47.3675 30.7
      vertex 146.539 47.8946 30.7
    endloop
  endfacet
  facet normal 0 0 1
    outer loop
      vertex 146.584 47.3675 30.7
      vertex 146.503 47.8941 30.7
      vertex 146.561 47.3617 30.7
    endloop
  endfacet
  facet normal 0 0 1
    outer loop
      vertex 146.561 47.3617 30.7
      vertex 146.503 47.8941 30.7
      vertex 146.538 47.3563 30.7
    endloop
  endfacet
  facet normal 0 0 1
    outer loop
      vertex 146.538 47.3563 30.7
      vertex 146.503 47.8941 30.7
      vertex 146.515 47.3512 30.7
    endloop
  endfacet
  facet normal 0 0 1
    outer loop
      vertex 146.451 47.8973 30.7
      vertex 146.515 47.3512 30.7
      vertex 146.503 47.8941 30.7
    endloop
  endfacet
  facet normal 0 0 1
    outer loop
      vertex 146.515 47.3512 30.7
      vertex 146.451 47.8973 30.7
      vertex 146.493 47.3465 30.7
    endloop
  endfacet
  facet normal 0 0 1
    outer loop
      vertex 146.493 47.3465 30.7
      vertex 146.451 47.8973 30.7
      vertex 146.47 47.3421 30.7
    endloop
  endfacet
  facet normal 0 0 1
    outer loop
      vertex 146.451 47.8973 30.7
      vertex 146.448 47.3382 30.7
      vertex 146.47 47.3421 30.7
    endloop
  endfacet
  facet normal 0 0 1
    outer loop
      vertex 146.451 47.8973 30.7
      vertex 146.425 47.3346 30.7
      vertex 146.448 47.3382 30.7
    endloop
  endfacet
  facet normal 0 0 1
    outer loop
      vertex 146.402 47.3313 30.7
      vertex 146.451 47.8973 30.7
      vertex 146.405 47.9071 30.7
    endloop
  endfacet
  facet normal 0 0 1
    outer loop
      vertex 146.451 47.8973 30.7
      vertex 146.402 47.3313 30.7
      vertex 146.425 47.3346 30.7
    endloop
  endfacet
  facet normal 0 0 1
    outer loop
      vertex 146.405 47.9071 30.7
      vertex 146.379 47.3282 30.7
      vertex 146.402 47.3313 30.7
    endloop
  endfacet
  facet normal 0 0 1
    outer loop
      vertex 146.306 47.32 30.7
      vertex 146.405 47.9071 30.7
      vertex 146.363 47.9233 30.7
    endloop
  endfacet
  facet normal 0 0 1
    outer loop
      vertex 146.405 47.9071 30.7
      vertex 146.355 47.3253 30.7
      vertex 146.379 47.3282 30.7
    endloop
  endfacet
  facet normal 0 0 1
    outer loop
      vertex 146.405 47.9071 30.7
      vertex 146.331 47.3225 30.7
      vertex 146.355 47.3253 30.7
    endloop
  endfacet
  facet normal 0 0 1
    outer loop
      vertex 146.198 47.3126 30.7
      vertex 146.363 47.9233 30.7
      vertex 146.327 47.9461 30.7
    endloop
  endfacet
  facet normal 0 0 1
    outer loop
      vertex 146.405 47.9071 30.7
      vertex 146.306 47.32 30.7
      vertex 146.331 47.3225 30.7
    endloop
  endfacet
  facet normal 0 0 1
    outer loop
      vertex 146.198 47.3126 30.7
      vertex 146.327 47.9461 30.7
      vertex 146.296 47.9753 30.7
    endloop
  endfacet
  facet normal 0 0 1
    outer loop
      vertex 146.363 47.9233 30.7
      vertex 146.281 47.3177 30.7
      vertex 146.306 47.32 30.7
    endloop
  endfacet
  facet normal 0 0 1
    outer loop
      vertex 146.198 47.3126 30.7
      vertex 146.296 47.9753 30.7
      vertex 146.271 48.011 30.7
    endloop
  endfacet
  facet normal 0 0 1
    outer loop
      vertex 146.363 47.9233 30.7
      vertex 146.255 47.3156 30.7
      vertex 146.281 47.3177 30.7
    endloop
  endfacet
  facet normal 0 0 1
    outer loop
      vertex 146.198 47.3126 30.7
      vertex 146.271 48.011 30.7
      vertex 146.249 48.0553 30.7
    endloop
  endfacet
  facet normal 0 0 1
    outer loop
      vertex 146.198 47.3126 30.7
      vertex 146.249 48.0553 30.7
      vertex 146.232 48.1103 30.7
    endloop
  endfacet
  facet normal 0 0 1
    outer loop
      vertex 146.363 47.9233 30.7
      vertex 146.227 47.3139 30.7
      vertex 146.255 47.3156 30.7
    endloop
  endfacet
  facet normal 0 0 1
    outer loop
      vertex 146.198 47.3126 30.7
      vertex 146.232 48.1103 30.7
      vertex 146.219 48.1759 30.7
    endloop
  endfacet
  facet normal 0 0 1
    outer loop
      vertex 146.198 47.3126 30.7
      vertex 146.219 48.1759 30.7
      vertex 146.209 48.2522 30.7
    endloop
  endfacet
  facet normal 0 0 1
    outer loop
      vertex 146.198 47.3126 30.7
      vertex 146.209 48.2522 30.7
      vertex 146.203 48.339 30.7
    endloop
  endfacet
  facet normal 0 0 1
    outer loop
      vertex 146.363 47.9233 30.7
      vertex 146.198 47.3126 30.7
      vertex 146.227 47.3139 30.7
    endloop
  endfacet
  facet normal 0 0 1
    outer loop
      vertex 146.198 47.3126 30.7
      vertex 146.203 48.339 30.7
      vertex 146.201 48.4366 30.7
    endloop
  endfacet
  facet normal 0 0 1
    outer loop
      vertex 145.79 47.3549 30.7
      vertex 145.473 47.6232 30.7
      vertex 145.707 47.3892 30.7
    endloop
  endfacet
  facet normal 0 0 1
    outer loop
      vertex 145.884 47.3305 30.7
      vertex 145.435 47.705 30.7
      vertex 145.79 47.3549 30.7
    endloop
  endfacet
  facet normal 0 0 1
    outer loop
      vertex 146.201 48.4366 30.7
      vertex 145.884 47.3305 30.7
      vertex 145.988 47.3158 30.7
    endloop
  endfacet
  facet normal -0 0 1
    outer loop
      vertex 145.222 48.6294 30.7
      vertex 146.201 48.4366 30.7
      vertex 145.237 48.7061 30.7
    endloop
  endfacet
  facet normal -0 0 1
    outer loop
      vertex 145.202 48.5541 30.7
      vertex 146.201 48.4366 30.7
      vertex 145.222 48.6294 30.7
    endloop
  endfacet
  facet normal 0 0 1
    outer loop
      vertex 146.201 48.4366 30.7
      vertex 145.202 48.5541 30.7
      vertex 145.367 48.006 30.7
    endloop
  endfacet
  facet normal -0 0 1
    outer loop
      vertex 145.175 48.4802 30.7
      vertex 145.367 48.006 30.7
      vertex 145.202 48.5541 30.7
    endloop
  endfacet
  facet normal -0 0 1
    outer loop
      vertex 145.143 48.4078 30.7
      vertex 145.367 48.006 30.7
      vertex 145.175 48.4802 30.7
    endloop
  endfacet
  facet normal 0 0 1
    outer loop
      vertex 145.367 48.006 30.7
      vertex 145.143 48.4078 30.7
      vertex 145.347 48.006 30.7
    endloop
  endfacet
  facet normal -0 0 1
    outer loop
      vertex 145.106 48.3386 30.7
      vertex 145.347 48.006 30.7
      vertex 145.143 48.4078 30.7
    endloop
  endfacet
  facet normal -0 0 1
    outer loop
      vertex 145.064 48.2746 30.7
      vertex 145.347 48.006 30.7
      vertex 145.106 48.3386 30.7
    endloop
  endfacet
  facet normal -0 0 1
    outer loop
      vertex 145.018 48.2158 30.7
      vertex 145.347 48.006 30.7
      vertex 145.064 48.2746 30.7
    endloop
  endfacet
  facet normal -0 0 1
    outer loop
      vertex 144.968 48.1621 30.7
      vertex 145.347 48.006 30.7
      vertex 145.018 48.2158 30.7
    endloop
  endfacet
  facet normal 0 0 1
    outer loop
      vertex 145.347 48.006 30.7
      vertex 144.968 48.1621 30.7
      vertex 145.202 47.7853 30.7
    endloop
  endfacet
  facet normal -0 0 1
    outer loop
      vertex 144.913 48.1137 30.7
      vertex 145.202 47.7853 30.7
      vertex 144.968 48.1621 30.7
    endloop
  endfacet
  facet normal -0 0 1
    outer loop
      vertex 144.853 48.0704 30.7
      vertex 145.202 47.7853 30.7
      vertex 144.913 48.1137 30.7
    endloop
  endfacet
  facet normal 0 0 1
    outer loop
      vertex 145.202 47.7853 30.7
      vertex 144.853 48.0704 30.7
      vertex 145.035 47.6047 30.7
    endloop
  endfacet
  facet normal -0 0 1
    outer loop
      vertex 144.791 48.0331 30.7
      vertex 145.035 47.6047 30.7
      vertex 144.853 48.0704 30.7
    endloop
  endfacet
  facet normal -0 0 1
    outer loop
      vertex 144.726 48.0026 30.7
      vertex 145.035 47.6047 30.7
      vertex 144.791 48.0331 30.7
    endloop
  endfacet
  facet normal 0 0 1
    outer loop
      vertex 145.035 47.6047 30.7
      vertex 144.726 48.0026 30.7
      vertex 144.845 47.4643 30.7
    endloop
  endfacet
  facet normal -0 0 1
    outer loop
      vertex 144.659 47.9788 30.7
      vertex 144.845 47.4643 30.7
      vertex 144.726 48.0026 30.7
    endloop
  endfacet
  facet normal -0 0 1
    outer loop
      vertex 144.59 47.9619 30.7
      vertex 144.845 47.4643 30.7
      vertex 144.659 47.9788 30.7
    endloop
  endfacet
  facet normal 0 0 1
    outer loop
      vertex 144.845 47.4643 30.7
      vertex 144.59 47.9619 30.7
      vertex 144.632 47.364 30.7
    endloop
  endfacet
  facet normal -0 0 1
    outer loop
      vertex 144.518 47.9517 30.7
      vertex 144.632 47.364 30.7
      vertex 144.59 47.9619 30.7
    endloop
  endfacet
  facet normal -0 0 1
    outer loop
      vertex 144.445 47.9483 30.7
      vertex 144.632 47.364 30.7
      vertex 144.518 47.9517 30.7
    endloop
  endfacet
  facet normal 0 0 1
    outer loop
      vertex 144.445 47.9483 30.7
      vertex 144.397 47.3038 30.7
      vertex 144.632 47.364 30.7
    endloop
  endfacet
  facet normal 0 0 1
    outer loop
      vertex 144.38 47.9519 30.7
      vertex 144.397 47.3038 30.7
      vertex 144.445 47.9483 30.7
    endloop
  endfacet
  facet normal 0 0 1
    outer loop
      vertex 144.32 47.9625 30.7
      vertex 144.397 47.3038 30.7
      vertex 144.38 47.9519 30.7
    endloop
  endfacet
  facet normal 0 0 1
    outer loop
      vertex 144.14 47.2838 30.7
      vertex 144.32 47.9625 30.7
      vertex 144.265 47.9801 30.7
    endloop
  endfacet
  facet normal 0 0 1
    outer loop
      vertex 144.14 47.2838 30.7
      vertex 144.265 47.9801 30.7
      vertex 144.214 48.0048 30.7
    endloop
  endfacet
  facet normal 0 0 1
    outer loop
      vertex 143.969 47.2918 30.7
      vertex 144.214 48.0048 30.7
      vertex 144.167 48.0366 30.7
    endloop
  endfacet
  facet normal 0 0 1
    outer loop
      vertex 144.32 47.9625 30.7
      vertex 144.14 47.2838 30.7
      vertex 144.397 47.3038 30.7
    endloop
  endfacet
  facet normal 0 0 1
    outer loop
      vertex 143.969 47.2918 30.7
      vertex 144.167 48.0366 30.7
      vertex 144.124 48.0755 30.7
    endloop
  endfacet
  facet normal 0 0 1
    outer loop
      vertex 143.969 47.2918 30.7
      vertex 144.124 48.0755 30.7
      vertex 144.088 48.1216 30.7
    endloop
  endfacet
  facet normal 0 0 1
    outer loop
      vertex 143.969 47.2918 30.7
      vertex 144.088 48.1216 30.7
      vertex 144.058 48.1751 30.7
    endloop
  endfacet
  facet normal 0 0 1
    outer loop
      vertex 143.969 47.2918 30.7
      vertex 144.058 48.1751 30.7
      vertex 144.034 48.2361 30.7
    endloop
  endfacet
  facet normal 0 0 1
    outer loop
      vertex 143.969 47.2918 30.7
      vertex 144.034 48.2361 30.7
      vertex 144.017 48.3045 30.7
    endloop
  endfacet
  facet normal 0 0 1
    outer loop
      vertex 143.969 47.2918 30.7
      vertex 144.017 48.3045 30.7
      vertex 144.007 48.3804 30.7
    endloop
  endfacet
  facet normal 0 0 1
    outer loop
      vertex 144.214 48.0048 30.7
      vertex 143.969 47.2918 30.7
      vertex 144.14 47.2838 30.7
    endloop
  endfacet
  facet normal 0 0 1
    outer loop
      vertex 143.969 47.2918 30.7
      vertex 144.007 48.3804 30.7
      vertex 144.004 48.4637 30.7
    endloop
  endfacet
  facet normal -0 0 1
    outer loop
      vertex 133.374 51.0202 30.7
      vertex 134.327 47.3516 30.7
      vertex 134.327 51.0202 30.7
    endloop
  endfacet
  facet normal 0 0 1
    outer loop
      vertex 134.327 47.3516 30.7
      vertex 133.374 51.0202 30.7
      vertex 133.374 47.3516 30.7
    endloop
  endfacet
  facet normal -0.999203 0.0399149 0
    outer loop
      vertex 154.046 49.3147 30.7
      vertex 154.052 49.4649 31.3
      vertex 154.052 49.4649 30.7
    endloop
  endfacet
  facet normal -0.999203 0.0399149 0
    outer loop
      vertex 154.052 49.4649 31.3
      vertex 154.046 49.3147 30.7
      vertex 154.046 49.3147 31.3
    endloop
  endfacet
  facet normal -0.991938 0.12672 0
    outer loop
      vertex 154.052 49.4649 30.7
      vertex 154.07 49.6058 31.3
      vertex 154.07 49.6058 30.7
    endloop
  endfacet
  facet normal -0.991938 0.12672 0
    outer loop
      vertex 154.07 49.6058 31.3
      vertex 154.052 49.4649 30.7
      vertex 154.052 49.4649 31.3
    endloop
  endfacet
  facet normal -0.976535 0.215358 0
    outer loop
      vertex 154.07 49.6058 30.7
      vertex 154.099 49.7373 31.3
      vertex 154.099 49.7373 30.7
    endloop
  endfacet
  facet normal -0.976535 0.215358 0
    outer loop
      vertex 154.099 49.7373 31.3
      vertex 154.07 49.6058 30.7
      vertex 154.07 49.6058 31.3
    endloop
  endfacet
  facet normal -0.945701 0.325037 0
    outer loop
      vertex 154.099 49.7373 30.7
      vertex 154.141 49.8595 31.3
      vertex 154.141 49.8595 30.7
    endloop
  endfacet
  facet normal -0.945701 0.325037 0
    outer loop
      vertex 154.141 49.8595 31.3
      vertex 154.099 49.7373 30.7
      vertex 154.099 49.7373 31.3
    endloop
  endfacet
  facet normal -0.905218 0.424947 0
    outer loop
      vertex 154.141 49.8595 30.7
      vertex 154.194 49.9724 31.3
      vertex 154.194 49.9724 30.7
    endloop
  endfacet
  facet normal -0.905218 0.424947 0
    outer loop
      vertex 154.194 49.9724 31.3
      vertex 154.141 49.8595 30.7
      vertex 154.141 49.8595 31.3
    endloop
  endfacet
  facet normal -0.850528 0.52593 0
    outer loop
      vertex 154.194 49.9724 30.7
      vertex 154.258 50.0759 31.3
      vertex 154.258 50.0759 30.7
    endloop
  endfacet
  facet normal -0.850528 0.52593 0
    outer loop
      vertex 154.258 50.0759 31.3
      vertex 154.194 49.9724 30.7
      vertex 154.194 49.9724 31.3
    endloop
  endfacet
  facet normal -0.770653 0.637255 0
    outer loop
      vertex 154.258 50.0759 30.7
      vertex 154.333 50.1666 31.3
      vertex 154.333 50.1666 30.7
    endloop
  endfacet
  facet normal -0.770653 0.637255 0
    outer loop
      vertex 154.333 50.1666 31.3
      vertex 154.258 50.0759 30.7
      vertex 154.258 50.0759 31.3
    endloop
  endfacet
  facet normal -0.674982 0.737834 0
    outer loop
      vertex 154.414 50.2407 30.7
      vertex 154.333 50.1666 31.3
      vertex 154.414 50.2407 31.3
    endloop
  endfacet
  facet normal -0.674982 0.737834 0
    outer loop
      vertex 154.333 50.1666 31.3
      vertex 154.414 50.2407 30.7
      vertex 154.333 50.1666 30.7
    endloop
  endfacet
  facet normal -0.539717 0.841846 0
    outer loop
      vertex 154.504 50.2984 30.7
      vertex 154.414 50.2407 31.3
      vertex 154.504 50.2984 31.3
    endloop
  endfacet
  facet normal -0.539717 0.841846 0
    outer loop
      vertex 154.414 50.2407 31.3
      vertex 154.504 50.2984 30.7
      vertex 154.414 50.2407 30.7
    endloop
  endfacet
  facet normal -0.394381 0.918947 0
    outer loop
      vertex 154.6 50.3396 30.7
      vertex 154.504 50.2984 31.3
      vertex 154.6 50.3396 31.3
    endloop
  endfacet
  facet normal -0.394381 0.918947 0
    outer loop
      vertex 154.504 50.2984 31.3
      vertex 154.6 50.3396 30.7
      vertex 154.504 50.2984 30.7
    endloop
  endfacet
  facet normal -0.231958 0.972726 0
    outer loop
      vertex 154.704 50.3644 30.7
      vertex 154.6 50.3396 31.3
      vertex 154.704 50.3644 31.3
    endloop
  endfacet
  facet normal -0.231958 0.972726 0
    outer loop
      vertex 154.6 50.3396 31.3
      vertex 154.704 50.3644 30.7
      vertex 154.6 50.3396 30.7
    endloop
  endfacet
  facet normal -0.0730188 0.997331 0
    outer loop
      vertex 154.816 50.3726 30.7
      vertex 154.704 50.3644 31.3
      vertex 154.816 50.3726 31.3
    endloop
  endfacet
  facet normal -0.0730188 0.997331 0
    outer loop
      vertex 154.704 50.3644 31.3
      vertex 154.816 50.3726 30.7
      vertex 154.704 50.3644 30.7
    endloop
  endfacet
  facet normal 0.132813 0.991141 -0
    outer loop
      vertex 155.016 50.3458 30.7
      vertex 154.816 50.3726 31.3
      vertex 155.016 50.3458 31.3
    endloop
  endfacet
  facet normal 0.132813 0.991141 0
    outer loop
      vertex 154.816 50.3726 31.3
      vertex 155.016 50.3458 30.7
      vertex 154.816 50.3726 30.7
    endloop
  endfacet
  facet normal 0.441074 0.897471 -0
    outer loop
      vertex 155.18 50.2652 30.7
      vertex 155.016 50.3458 31.3
      vertex 155.18 50.2652 31.3
    endloop
  endfacet
  facet normal 0.441074 0.897471 0
    outer loop
      vertex 155.016 50.3458 31.3
      vertex 155.18 50.2652 30.7
      vertex 155.016 50.3458 30.7
    endloop
  endfacet
  facet normal 0.726322 0.687354 0
    outer loop
      vertex 155.307 50.131 31.3
      vertex 155.18 50.2652 30.7
      vertex 155.18 50.2652 31.3
    endloop
  endfacet
  facet normal 0.726322 0.687354 0
    outer loop
      vertex 155.18 50.2652 30.7
      vertex 155.307 50.131 31.3
      vertex 155.307 50.131 30.7
    endloop
  endfacet
  facet normal 0.900008 0.435874 0
    outer loop
      vertex 155.398 49.9431 31.3
      vertex 155.307 50.131 30.7
      vertex 155.307 50.131 31.3
    endloop
  endfacet
  facet normal 0.900008 0.435874 0
    outer loop
      vertex 155.307 50.131 30.7
      vertex 155.398 49.9431 31.3
      vertex 155.398 49.9431 30.7
    endloop
  endfacet
  facet normal 0.97592 0.218128 0
    outer loop
      vertex 155.452 49.7015 31.3
      vertex 155.398 49.9431 30.7
      vertex 155.398 49.9431 31.3
    endloop
  endfacet
  facet normal 0.97592 0.218128 0
    outer loop
      vertex 155.398 49.9431 30.7
      vertex 155.452 49.7015 31.3
      vertex 155.452 49.7015 30.7
    endloop
  endfacet
  facet normal 0.998146 0.0608626 0
    outer loop
      vertex 155.47 49.4063 31.3
      vertex 155.452 49.7015 30.7
      vertex 155.452 49.7015 31.3
    endloop
  endfacet
  facet normal 0.998146 0.0608626 0
    outer loop
      vertex 155.452 49.7015 30.7
      vertex 155.47 49.4063 31.3
      vertex 155.47 49.4063 30.7
    endloop
  endfacet
  facet normal 1 -0 0
    outer loop
      vertex 155.47 47.3516 31.3
      vertex 155.47 49.4063 30.7
      vertex 155.47 49.4063 31.3
    endloop
  endfacet
  facet normal 1 0 0
    outer loop
      vertex 155.47 49.4063 30.7
      vertex 155.47 47.3516 31.3
      vertex 155.47 47.3516 30.7
    endloop
  endfacet
  facet normal 0 1 -0
    outer loop
      vertex 156.42 47.3516 30.7
      vertex 155.47 47.3516 31.3
      vertex 156.42 47.3516 31.3
    endloop
  endfacet
  facet normal 0 1 0
    outer loop
      vertex 155.47 47.3516 31.3
      vertex 156.42 47.3516 30.7
      vertex 155.47 47.3516 30.7
    endloop
  endfacet
  facet normal -1 0 0
    outer loop
      vertex 156.42 47.3516 30.7
      vertex 156.42 49.6775 31.3
      vertex 156.42 49.6775 30.7
    endloop
  endfacet
  facet normal -1 -0 0
    outer loop
      vertex 156.42 49.6775 31.3
      vertex 156.42 47.3516 30.7
      vertex 156.42 47.3516 31.3
    endloop
  endfacet
  facet normal -0.999174 -0.0406352 0
    outer loop
      vertex 156.42 49.6775 30.7
      vertex 156.411 49.8988 31.3
      vertex 156.411 49.8988 30.7
    endloop
  endfacet
  facet normal -0.999174 -0.0406352 0
    outer loop
      vertex 156.411 49.8988 31.3
      vertex 156.42 49.6775 30.7
      vertex 156.42 49.6775 31.3
    endloop
  endfacet
  facet normal -0.99189 -0.127103 0
    outer loop
      vertex 156.411 49.8988 30.7
      vertex 156.385 50.1017 31.3
      vertex 156.385 50.1017 30.7
    endloop
  endfacet
  facet normal -0.99189 -0.127103 0
    outer loop
      vertex 156.385 50.1017 31.3
      vertex 156.411 49.8988 30.7
      vertex 156.411 49.8988 31.3
    endloop
  endfacet
  facet normal -0.973872 -0.227096 0
    outer loop
      vertex 156.385 50.1017 30.7
      vertex 156.342 50.2861 31.3
      vertex 156.342 50.2861 30.7
    endloop
  endfacet
  facet normal -0.973872 -0.227096 0
    outer loop
      vertex 156.342 50.2861 31.3
      vertex 156.385 50.1017 30.7
      vertex 156.385 50.1017 31.3
    endloop
  endfacet
  facet normal -0.938632 -0.344919 0
    outer loop
      vertex 156.342 50.2861 30.7
      vertex 156.281 50.4521 31.3
      vertex 156.281 50.4521 30.7
    endloop
  endfacet
  facet normal -0.938632 -0.344919 0
    outer loop
      vertex 156.281 50.4521 31.3
      vertex 156.342 50.2861 30.7
      vertex 156.342 50.2861 31.3
    endloop
  endfacet
  facet normal -0.884006 -0.467475 0
    outer loop
      vertex 156.281 50.4521 30.7
      vertex 156.203 50.5996 31.3
      vertex 156.203 50.5996 30.7
    endloop
  endfacet
  facet normal -0.884006 -0.467475 0
    outer loop
      vertex 156.203 50.5996 31.3
      vertex 156.281 50.4521 30.7
      vertex 156.281 50.4521 31.3
    endloop
  endfacet
  facet normal -0.805213 -0.592986 0
    outer loop
      vertex 156.203 50.5996 30.7
      vertex 156.108 50.7286 31.3
      vertex 156.108 50.7286 30.7
    endloop
  endfacet
  facet normal -0.805213 -0.592986 0
    outer loop
      vertex 156.108 50.7286 31.3
      vertex 156.203 50.5996 30.7
      vertex 156.203 50.5996 31.3
    endloop
  endfacet
  facet normal -0.700059 -0.714085 0
    outer loop
      vertex 155.996 50.8384 30.7
      vertex 156.108 50.7286 31.3
      vertex 155.996 50.8384 31.3
    endloop
  endfacet
  facet normal -0.700059 -0.714085 -0
    outer loop
      vertex 156.108 50.7286 31.3
      vertex 155.996 50.8384 30.7
      vertex 156.108 50.7286 30.7
    endloop
  endfacet
  facet normal -0.58081 -0.814039 0
    outer loop
      vertex 155.87 50.9283 30.7
      vertex 155.996 50.8384 31.3
      vertex 155.87 50.9283 31.3
    endloop
  endfacet
  facet normal -0.58081 -0.814039 -0
    outer loop
      vertex 155.996 50.8384 31.3
      vertex 155.87 50.9283 30.7
      vertex 155.996 50.8384 30.7
    endloop
  endfacet
  facet normal -0.441645 -0.89719 0
    outer loop
      vertex 155.728 50.9982 30.7
      vertex 155.87 50.9283 31.3
      vertex 155.728 50.9982 31.3
    endloop
  endfacet
  facet normal -0.441645 -0.89719 -0
    outer loop
      vertex 155.87 50.9283 31.3
      vertex 155.728 50.9982 30.7
      vertex 155.87 50.9283 30.7
    endloop
  endfacet
  facet normal -0.302903 -0.953021 0
    outer loop
      vertex 155.571 51.0481 30.7
      vertex 155.728 50.9982 31.3
      vertex 155.571 51.0481 31.3
    endloop
  endfacet
  facet normal -0.302903 -0.953021 -0
    outer loop
      vertex 155.728 50.9982 31.3
      vertex 155.571 51.0481 30.7
      vertex 155.728 50.9982 30.7
    endloop
  endfacet
  facet normal -0.172241 -0.985055 0
    outer loop
      vertex 155.4 51.078 30.7
      vertex 155.571 51.0481 31.3
      vertex 155.4 51.078 31.3
    endloop
  endfacet
  facet normal -0.172241 -0.985055 -0
    outer loop
      vertex 155.571 51.0481 31.3
      vertex 155.4 51.078 30.7
      vertex 155.571 51.0481 30.7
    endloop
  endfacet
  facet normal -0.0533996 -0.998573 0
    outer loop
      vertex 155.213 51.088 30.7
      vertex 155.4 51.078 31.3
      vertex 155.213 51.088 31.3
    endloop
  endfacet
  facet normal -0.0533996 -0.998573 -0
    outer loop
      vertex 155.4 51.078 31.3
      vertex 155.213 51.088 30.7
      vertex 155.4 51.078 30.7
    endloop
  endfacet
  facet normal 0.0401192 -0.999195 0
    outer loop
      vertex 155.081 51.0827 30.7
      vertex 155.213 51.088 31.3
      vertex 155.081 51.0827 31.3
    endloop
  endfacet
  facet normal 0.0401192 -0.999195 0
    outer loop
      vertex 155.213 51.088 31.3
      vertex 155.081 51.0827 30.7
      vertex 155.213 51.088 30.7
    endloop
  endfacet
  facet normal 0.125402 -0.992106 0
    outer loop
      vertex 154.956 51.0669 30.7
      vertex 155.081 51.0827 31.3
      vertex 154.956 51.0669 31.3
    endloop
  endfacet
  facet normal 0.125402 -0.992106 0
    outer loop
      vertex 155.081 51.0827 31.3
      vertex 154.956 51.0669 30.7
      vertex 155.081 51.0827 30.7
    endloop
  endfacet
  facet normal 0.216583 -0.976264 0
    outer loop
      vertex 154.837 51.0405 30.7
      vertex 154.956 51.0669 31.3
      vertex 154.837 51.0405 31.3
    endloop
  endfacet
  facet normal 0.216583 -0.976264 0
    outer loop
      vertex 154.956 51.0669 31.3
      vertex 154.837 51.0405 30.7
      vertex 154.956 51.0669 30.7
    endloop
  endfacet
  facet normal 0.310417 -0.9506 0
    outer loop
      vertex 154.724 51.0036 30.7
      vertex 154.837 51.0405 31.3
      vertex 154.724 51.0036 31.3
    endloop
  endfacet
  facet normal 0.310417 -0.9506 0
    outer loop
      vertex 154.837 51.0405 31.3
      vertex 154.724 51.0036 30.7
      vertex 154.837 51.0405 30.7
    endloop
  endfacet
  facet normal 0.408932 -0.912565 0
    outer loop
      vertex 154.618 50.9561 30.7
      vertex 154.724 51.0036 31.3
      vertex 154.618 50.9561 31.3
    endloop
  endfacet
  facet normal 0.408932 -0.912565 0
    outer loop
      vertex 154.724 51.0036 31.3
      vertex 154.618 50.9561 30.7
      vertex 154.724 51.0036 30.7
    endloop
  endfacet
  facet normal 0.501718 -0.865031 0
    outer loop
      vertex 154.518 50.8981 30.7
      vertex 154.618 50.9561 31.3
      vertex 154.518 50.8981 31.3
    endloop
  endfacet
  facet normal 0.501718 -0.865031 0
    outer loop
      vertex 154.618 50.9561 31.3
      vertex 154.518 50.8981 30.7
      vertex 154.618 50.9561 30.7
    endloop
  endfacet
  facet normal 0.591548 -0.80627 0
    outer loop
      vertex 154.423 50.8284 30.7
      vertex 154.518 50.8981 31.3
      vertex 154.423 50.8284 31.3
    endloop
  endfacet
  facet normal 0.591548 -0.80627 0
    outer loop
      vertex 154.518 50.8981 31.3
      vertex 154.423 50.8284 30.7
      vertex 154.518 50.8981 30.7
    endloop
  endfacet
  facet normal 0.679819 -0.73338 0
    outer loop
      vertex 154.334 50.7459 30.7
      vertex 154.423 50.8284 31.3
      vertex 154.334 50.7459 31.3
    endloop
  endfacet
  facet normal 0.679819 -0.73338 0
    outer loop
      vertex 154.423 50.8284 31.3
      vertex 154.334 50.7459 30.7
      vertex 154.423 50.8284 30.7
    endloop
  endfacet
  facet normal 0.754094 -0.656766 0
    outer loop
      vertex 154.251 50.6506 31.3
      vertex 154.334 50.7459 30.7
      vertex 154.334 50.7459 31.3
    endloop
  endfacet
  facet normal 0.754094 -0.656766 0
    outer loop
      vertex 154.334 50.7459 30.7
      vertex 154.251 50.6506 31.3
      vertex 154.251 50.6506 30.7
    endloop
  endfacet
  facet normal 0.810936 -0.585134 0
    outer loop
      vertex 154.173 50.5425 31.3
      vertex 154.251 50.6506 30.7
      vertex 154.251 50.6506 31.3
    endloop
  endfacet
  facet normal 0.810936 -0.585134 0
    outer loop
      vertex 154.251 50.6506 30.7
      vertex 154.173 50.5425 31.3
      vertex 154.173 50.5425 30.7
    endloop
  endfacet
  facet normal 0.856053 -0.516889 0
    outer loop
      vertex 154.1 50.4216 31.3
      vertex 154.173 50.5425 30.7
      vertex 154.173 50.5425 31.3
    endloop
  endfacet
  facet normal 0.856053 -0.516889 0
    outer loop
      vertex 154.173 50.5425 30.7
      vertex 154.1 50.4216 31.3
      vertex 154.1 50.4216 30.7
    endloop
  endfacet
  facet normal 0.89416 -0.447748 0
    outer loop
      vertex 154.033 50.2878 31.3
      vertex 154.1 50.4216 30.7
      vertex 154.1 50.4216 31.3
    endloop
  endfacet
  facet normal 0.89416 -0.447748 0
    outer loop
      vertex 154.1 50.4216 30.7
      vertex 154.033 50.2878 31.3
      vertex 154.033 50.2878 30.7
    endloop
  endfacet
  facet normal 0 -1 0
    outer loop
      vertex 154.019 50.2878 30.7
      vertex 154.033 50.2878 31.3
      vertex 154.019 50.2878 31.3
    endloop
  endfacet
  facet normal 0 -1 -0
    outer loop
      vertex 154.033 50.2878 31.3
      vertex 154.019 50.2878 30.7
      vertex 154.033 50.2878 30.7
    endloop
  endfacet
  facet normal -0.997109 0.0759863 0
    outer loop
      vertex 154.019 50.2878 30.7
      vertex 154.028 50.4059 31.3
      vertex 154.028 50.4059 30.7
    endloop
  endfacet
  facet normal -0.997109 0.0759863 0
    outer loop
      vertex 154.028 50.4059 31.3
      vertex 154.019 50.2878 30.7
      vertex 154.019 50.2878 31.3
    endloop
  endfacet
  facet normal -0.998729 0.0503984 0
    outer loop
      vertex 154.028 50.4059 30.7
      vertex 154.034 50.5248 31.3
      vertex 154.034 50.5248 30.7
    endloop
  endfacet
  facet normal -0.998729 0.0503984 0
    outer loop
      vertex 154.034 50.5248 31.3
      vertex 154.028 50.4059 30.7
      vertex 154.028 50.4059 31.3
    endloop
  endfacet
  facet normal -0.99875 0.0499792 0
    outer loop
      vertex 154.034 50.5248 30.7
      vertex 154.04 50.6447 31.3
      vertex 154.04 50.6447 30.7
    endloop
  endfacet
  facet normal -0.99875 0.0499792 0
    outer loop
      vertex 154.04 50.6447 31.3
      vertex 154.034 50.5248 30.7
      vertex 154.034 50.5248 31.3
    endloop
  endfacet
  facet normal -0.999692 0.0248268 0
    outer loop
      vertex 154.04 50.6447 30.7
      vertex 154.043 50.7655 31.3
      vertex 154.043 50.7655 30.7
    endloop
  endfacet
  facet normal -0.999692 0.0248268 0
    outer loop
      vertex 154.043 50.7655 31.3
      vertex 154.04 50.6447 30.7
      vertex 154.04 50.6447 31.3
    endloop
  endfacet
  facet normal -0.999697 0.0246231 0
    outer loop
      vertex 154.043 50.7655 30.7
      vertex 154.046 50.8873 31.3
      vertex 154.046 50.8873 30.7
    endloop
  endfacet
  facet normal -0.999697 0.0246231 0
    outer loop
      vertex 154.046 50.8873 31.3
      vertex 154.043 50.7655 30.7
      vertex 154.043 50.7655 31.3
    endloop
  endfacet
  facet normal -1 0 0
    outer loop
      vertex 154.046 50.8873 30.7
      vertex 154.046 51.0101 31.3
      vertex 154.046 51.0101 30.7
    endloop
  endfacet
  facet normal -1 -0 0
    outer loop
      vertex 154.046 51.0101 31.3
      vertex 154.046 50.8873 30.7
      vertex 154.046 50.8873 31.3
    endloop
  endfacet
  facet normal -1 0 0
    outer loop
      vertex 154.046 51.0101 30.7
      vertex 154.046 52.3833 31.3
      vertex 154.046 52.3833 30.7
    endloop
  endfacet
  facet normal -1 -0 0
    outer loop
      vertex 154.046 52.3833 31.3
      vertex 154.046 51.0101 30.7
      vertex 154.046 51.0101 31.3
    endloop
  endfacet
  facet normal 0 -1 0
    outer loop
      vertex 153.094 52.3833 30.7
      vertex 154.046 52.3833 31.3
      vertex 153.094 52.3833 31.3
    endloop
  endfacet
  facet normal 0 -1 -0
    outer loop
      vertex 154.046 52.3833 31.3
      vertex 153.094 52.3833 30.7
      vertex 154.046 52.3833 30.7
    endloop
  endfacet
  facet normal 1 -0 0
    outer loop
      vertex 153.094 47.3516 31.3
      vertex 153.094 52.3833 30.7
      vertex 153.094 52.3833 31.3
    endloop
  endfacet
  facet normal 1 0 0
    outer loop
      vertex 153.094 52.3833 30.7
      vertex 153.094 47.3516 31.3
      vertex 153.094 47.3516 30.7
    endloop
  endfacet
  facet normal 0 1 -0
    outer loop
      vertex 154.046 47.3516 30.7
      vertex 153.094 47.3516 31.3
      vertex 154.046 47.3516 31.3
    endloop
  endfacet
  facet normal 0 1 0
    outer loop
      vertex 153.094 47.3516 31.3
      vertex 154.046 47.3516 30.7
      vertex 153.094 47.3516 30.7
    endloop
  endfacet
  facet normal -1 0 0
    outer loop
      vertex 154.046 47.3516 30.7
      vertex 154.046 49.3147 31.3
      vertex 154.046 49.3147 30.7
    endloop
  endfacet
  facet normal -1 -0 0
    outer loop
      vertex 154.046 49.3147 31.3
      vertex 154.046 47.3516 30.7
      vertex 154.046 47.3516 31.3
    endloop
  endfacet
  facet normal 0 -1 0
    outer loop
      vertex 133.374 52.3833 30.7
      vertex 134.327 52.3833 31.3
      vertex 133.374 52.3833 31.3
    endloop
  endfacet
  facet normal 0 -1 -0
    outer loop
      vertex 134.327 52.3833 31.3
      vertex 133.374 52.3833 30.7
      vertex 134.327 52.3833 30.7
    endloop
  endfacet
  facet normal 1 -0 0
    outer loop
      vertex 133.374 51.6814 31.3
      vertex 133.374 52.3833 30.7
      vertex 133.374 52.3833 31.3
    endloop
  endfacet
  facet normal 1 0 0
    outer loop
      vertex 133.374 52.3833 30.7
      vertex 133.374 51.6814 31.3
      vertex 133.374 51.6814 30.7
    endloop
  endfacet
  facet normal 0 1 -0
    outer loop
      vertex 134.327 51.6814 30.7
      vertex 133.374 51.6814 31.3
      vertex 134.327 51.6814 31.3
    endloop
  endfacet
  facet normal 0 1 0
    outer loop
      vertex 133.374 51.6814 31.3
      vertex 134.327 51.6814 30.7
      vertex 133.374 51.6814 30.7
    endloop
  endfacet
  facet normal -1 0 0
    outer loop
      vertex 134.327 51.6814 30.7
      vertex 134.327 52.3833 31.3
      vertex 134.327 52.3833 30.7
    endloop
  endfacet
  facet normal -1 -0 0
    outer loop
      vertex 134.327 52.3833 31.3
      vertex 134.327 51.6814 30.7
      vertex 134.327 51.6814 31.3
    endloop
  endfacet
  facet normal 0 -1 0
    outer loop
      vertex 135.259 52.3833 30.7
      vertex 136.211 52.3833 31.3
      vertex 135.259 52.3833 31.3
    endloop
  endfacet
  facet normal 0 -1 -0
    outer loop
      vertex 136.211 52.3833 31.3
      vertex 135.259 52.3833 30.7
      vertex 136.211 52.3833 30.7
    endloop
  endfacet
  facet normal 1 -0 0
    outer loop
      vertex 135.259 47.3516 31.3
      vertex 135.259 52.3833 30.7
      vertex 135.259 52.3833 31.3
    endloop
  endfacet
  facet normal 1 0 0
    outer loop
      vertex 135.259 52.3833 30.7
      vertex 135.259 47.3516 31.3
      vertex 135.259 47.3516 30.7
    endloop
  endfacet
  facet normal 0 1 -0
    outer loop
      vertex 136.211 47.3516 30.7
      vertex 135.259 47.3516 31.3
      vertex 136.211 47.3516 31.3
    endloop
  endfacet
  facet normal 0 1 0
    outer loop
      vertex 135.259 47.3516 31.3
      vertex 136.211 47.3516 30.7
      vertex 135.259 47.3516 30.7
    endloop
  endfacet
  facet normal -1 0 0
    outer loop
      vertex 136.211 47.3516 30.7
      vertex 136.211 52.3833 31.3
      vertex 136.211 52.3833 30.7
    endloop
  endfacet
  facet normal -1 -0 0
    outer loop
      vertex 136.211 52.3833 31.3
      vertex 136.211 47.3516 30.7
      vertex 136.211 47.3516 31.3
    endloop
  endfacet
  facet normal -0.973906 0.22695 0
    outer loop
      vertex 139.289 48.2366 30.7
      vertex 139.461 48.9747 31.3
      vertex 139.461 48.9747 30.7
    endloop
  endfacet
  facet normal -0.973906 0.22695 0
    outer loop
      vertex 139.461 48.9747 31.3
      vertex 139.289 48.2366 30.7
      vertex 139.289 48.2366 31.3
    endloop
  endfacet
  facet normal -0.974202 0.225678 0
    outer loop
      vertex 139.461 48.9747 30.7
      vertex 139.598 49.5661 31.3
      vertex 139.598 49.5661 30.7
    endloop
  endfacet
  facet normal -0.974202 0.225678 0
    outer loop
      vertex 139.598 49.5661 31.3
      vertex 139.461 48.9747 30.7
      vertex 139.461 48.9747 31.3
    endloop
  endfacet
  facet normal -0.973704 0.227818 0
    outer loop
      vertex 139.598 49.5661 30.7
      vertex 139.702 50.0106 31.3
      vertex 139.702 50.0106 30.7
    endloop
  endfacet
  facet normal -0.973704 0.227818 0
    outer loop
      vertex 139.702 50.0106 31.3
      vertex 139.598 49.5661 30.7
      vertex 139.598 49.5661 31.3
    endloop
  endfacet
  facet normal -0.974875 0.222754 0
    outer loop
      vertex 139.702 50.0106 30.7
      vertex 139.77 50.3082 31.3
      vertex 139.77 50.3082 30.7
    endloop
  endfacet
  facet normal -0.974875 0.222754 0
    outer loop
      vertex 139.77 50.3082 31.3
      vertex 139.702 50.0106 30.7
      vertex 139.702 50.0106 31.3
    endloop
  endfacet
  facet normal -0.975544 0.219804 0
    outer loop
      vertex 139.77 50.3082 30.7
      vertex 139.804 50.4591 31.3
      vertex 139.804 50.4591 30.7
    endloop
  endfacet
  facet normal -0.975544 0.219804 0
    outer loop
      vertex 139.804 50.4591 31.3
      vertex 139.77 50.3082 30.7
      vertex 139.77 50.3082 31.3
    endloop
  endfacet
  facet normal -0.97744 0.211212 0
    outer loop
      vertex 139.804 50.4591 30.7
      vertex 139.822 50.5424 31.3
      vertex 139.822 50.5424 30.7
    endloop
  endfacet
  facet normal -0.97744 0.211212 0
    outer loop
      vertex 139.822 50.5424 31.3
      vertex 139.804 50.4591 30.7
      vertex 139.804 50.4591 31.3
    endloop
  endfacet
  facet normal -0.97855 0.20601 0
    outer loop
      vertex 139.822 50.5424 30.7
      vertex 139.842 50.6374 31.3
      vertex 139.842 50.6374 30.7
    endloop
  endfacet
  facet normal -0.97855 0.20601 0
    outer loop
      vertex 139.842 50.6374 31.3
      vertex 139.822 50.5424 30.7
      vertex 139.822 50.5424 31.3
    endloop
  endfacet
  facet normal -0.981246 0.192761 0
    outer loop
      vertex 139.842 50.6374 30.7
      vertex 139.863 50.7443 31.3
      vertex 139.863 50.7443 30.7
    endloop
  endfacet
  facet normal -0.981246 0.192761 0
    outer loop
      vertex 139.863 50.7443 31.3
      vertex 139.842 50.6374 30.7
      vertex 139.842 50.6374 31.3
    endloop
  endfacet
  facet normal -0.98171 0.190382 0
    outer loop
      vertex 139.863 50.7443 30.7
      vertex 139.886 50.8629 31.3
      vertex 139.886 50.8629 30.7
    endloop
  endfacet
  facet normal -0.98171 0.190382 0
    outer loop
      vertex 139.886 50.8629 31.3
      vertex 139.863 50.7443 30.7
      vertex 139.863 50.7443 31.3
    endloop
  endfacet
  facet normal -0.983481 0.181009 0
    outer loop
      vertex 139.886 50.8629 30.7
      vertex 139.91 50.9933 31.3
      vertex 139.91 50.9933 30.7
    endloop
  endfacet
  facet normal -0.983481 0.181009 0
    outer loop
      vertex 139.91 50.9933 31.3
      vertex 139.886 50.8629 30.7
      vertex 139.886 50.8629 31.3
    endloop
  endfacet
  facet normal -0.982447 0.186541 0
    outer loop
      vertex 139.91 50.9933 30.7
      vertex 139.937 51.1355 31.3
      vertex 139.937 51.1355 30.7
    endloop
  endfacet
  facet normal -0.982447 0.186541 0
    outer loop
      vertex 139.937 51.1355 31.3
      vertex 139.91 50.9933 30.7
      vertex 139.91 50.9933 31.3
    endloop
  endfacet
  facet normal 0.987608 0.156941 0
    outer loop
      vertex 139.965 50.9593 31.3
      vertex 139.937 51.1355 30.7
      vertex 139.937 51.1355 31.3
    endloop
  endfacet
  facet normal 0.987608 0.156941 0
    outer loop
      vertex 139.937 51.1355 30.7
      vertex 139.965 50.9593 31.3
      vertex 139.965 50.9593 30.7
    endloop
  endfacet
  facet normal 0.985427 0.170097 0
    outer loop
      vertex 139.995 50.7855 31.3
      vertex 139.965 50.9593 30.7
      vertex 139.965 50.9593 31.3
    endloop
  endfacet
  facet normal 0.985427 0.170097 0
    outer loop
      vertex 139.965 50.9593 30.7
      vertex 139.995 50.7855 31.3
      vertex 139.995 50.7855 30.7
    endloop
  endfacet
  facet normal 0.982995 0.18363 0
    outer loop
      vertex 140.027 50.6142 31.3
      vertex 139.995 50.7855 30.7
      vertex 139.995 50.7855 31.3
    endloop
  endfacet
  facet normal 0.982995 0.18363 0
    outer loop
      vertex 139.995 50.7855 30.7
      vertex 140.027 50.6142 31.3
      vertex 140.027 50.6142 30.7
    endloop
  endfacet
  facet normal 0.979197 0.202912 0
    outer loop
      vertex 140.062 50.4453 31.3
      vertex 140.027 50.6142 30.7
      vertex 140.027 50.6142 31.3
    endloop
  endfacet
  facet normal 0.979197 0.202912 0
    outer loop
      vertex 140.027 50.6142 30.7
      vertex 140.062 50.4453 31.3
      vertex 140.062 50.4453 30.7
    endloop
  endfacet
  facet normal 0.977388 0.211454 0
    outer loop
      vertex 140.098 50.2789 31.3
      vertex 140.062 50.4453 30.7
      vertex 140.062 50.4453 31.3
    endloop
  endfacet
  facet normal 0.977388 0.211454 0
    outer loop
      vertex 140.062 50.4453 30.7
      vertex 140.098 50.2789 31.3
      vertex 140.098 50.2789 30.7
    endloop
  endfacet
  facet normal 0.97287 0.231353 0
    outer loop
      vertex 140.137 50.1149 31.3
      vertex 140.098 50.2789 30.7
      vertex 140.098 50.2789 31.3
    endloop
  endfacet
  facet normal 0.97287 0.231353 0
    outer loop
      vertex 140.098 50.2789 30.7
      vertex 140.137 50.1149 31.3
      vertex 140.137 50.1149 30.7
    endloop
  endfacet
  facet normal 0.973667 0.227975 0
    outer loop
      vertex 140.784 47.3516 31.3
      vertex 140.137 50.1149 30.7
      vertex 140.137 50.1149 31.3
    endloop
  endfacet
  facet normal 0.973667 0.227975 0
    outer loop
      vertex 140.137 50.1149 30.7
      vertex 140.784 47.3516 31.3
      vertex 140.784 47.3516 30.7
    endloop
  endfacet
  facet normal 0 1 -0
    outer loop
      vertex 141.971 47.3516 30.7
      vertex 140.784 47.3516 31.3
      vertex 141.971 47.3516 31.3
    endloop
  endfacet
  facet normal 0 1 0
    outer loop
      vertex 140.784 47.3516 31.3
      vertex 141.971 47.3516 30.7
      vertex 140.784 47.3516 30.7
    endloop
  endfacet
  facet normal -0.968222 0.250091 0
    outer loop
      vertex 141.971 47.3516 30.7
      vertex 143.205 52.129 31.3
      vertex 143.205 52.129 30.7
    endloop
  endfacet
  facet normal -0.968222 0.250091 0
    outer loop
      vertex 143.205 52.129 31.3
      vertex 141.971 47.3516 30.7
      vertex 141.971 47.3516 31.3
    endloop
  endfacet
  facet normal 0 -1 0
    outer loop
      vertex 142.191 52.129 30.7
      vertex 143.205 52.129 31.3
      vertex 142.191 52.129 31.3
    endloop
  endfacet
  facet normal 0 -1 -0
    outer loop
      vertex 143.205 52.129 31.3
      vertex 142.191 52.129 30.7
      vertex 143.205 52.129 30.7
    endloop
  endfacet
  facet normal 0.97732 -0.211766 0
    outer loop
      vertex 141.615 49.4707 31.3
      vertex 142.191 52.129 30.7
      vertex 142.191 52.129 31.3
    endloop
  endfacet
  facet normal 0.97732 -0.211766 0
    outer loop
      vertex 142.191 52.129 30.7
      vertex 141.615 49.4707 31.3
      vertex 141.615 49.4707 30.7
    endloop
  endfacet
  facet normal 0.974379 -0.224914 0
    outer loop
      vertex 141.435 48.6909 31.3
      vertex 141.615 49.4707 30.7
      vertex 141.615 49.4707 31.3
    endloop
  endfacet
  facet normal 0.974379 -0.224914 0
    outer loop
      vertex 141.615 49.4707 30.7
      vertex 141.435 48.6909 31.3
      vertex 141.435 48.6909 30.7
    endloop
  endfacet
  facet normal 0.977944 -0.208867 0
    outer loop
      vertex 141.351 48.2976 31.3
      vertex 141.435 48.6909 30.7
      vertex 141.435 48.6909 31.3
    endloop
  endfacet
  facet normal 0.977944 -0.208867 0
    outer loop
      vertex 141.435 48.6909 30.7
      vertex 141.351 48.2976 31.3
      vertex 141.351 48.2976 30.7
    endloop
  endfacet
  facet normal -0.985577 -0.169225 0
    outer loop
      vertex 141.351 48.2976 30.7
      vertex 141.297 48.6121 31.3
      vertex 141.297 48.6121 30.7
    endloop
  endfacet
  facet normal -0.985577 -0.169225 0
    outer loop
      vertex 141.297 48.6121 31.3
      vertex 141.351 48.2976 30.7
      vertex 141.351 48.2976 31.3
    endloop
  endfacet
  facet normal -0.984461 -0.175605 0
    outer loop
      vertex 141.297 48.6121 30.7
      vertex 141.248 48.8868 31.3
      vertex 141.248 48.8868 30.7
    endloop
  endfacet
  facet normal -0.984461 -0.175605 0
    outer loop
      vertex 141.248 48.8868 31.3
      vertex 141.297 48.6121 30.7
      vertex 141.297 48.6121 31.3
    endloop
  endfacet
  facet normal -0.984363 -0.176154 0
    outer loop
      vertex 141.248 48.8868 30.7
      vertex 141.206 49.1215 31.3
      vertex 141.206 49.1215 30.7
    endloop
  endfacet
  facet normal -0.984363 -0.176154 0
    outer loop
      vertex 141.206 49.1215 31.3
      vertex 141.248 48.8868 30.7
      vertex 141.248 48.8868 31.3
    endloop
  endfacet
  facet normal -0.981481 -0.191558 0
    outer loop
      vertex 141.206 49.1215 30.7
      vertex 141.168 49.3162 31.3
      vertex 141.168 49.3162 30.7
    endloop
  endfacet
  facet normal -0.981481 -0.191558 0
    outer loop
      vertex 141.168 49.3162 31.3
      vertex 141.206 49.1215 30.7
      vertex 141.206 49.1215 31.3
    endloop
  endfacet
  facet normal -0.979321 -0.202313 0
    outer loop
      vertex 141.168 49.3162 30.7
      vertex 141.136 49.4711 31.3
      vertex 141.136 49.4711 30.7
    endloop
  endfacet
  facet normal -0.979321 -0.202313 0
    outer loop
      vertex 141.136 49.4711 31.3
      vertex 141.168 49.3162 30.7
      vertex 141.168 49.3162 31.3
    endloop
  endfacet
  facet normal -0.975341 -0.220704 0
    outer loop
      vertex 141.136 49.4711 30.7
      vertex 141.11 49.586 31.3
      vertex 141.11 49.586 30.7
    endloop
  endfacet
  facet normal -0.975341 -0.220704 0
    outer loop
      vertex 141.11 49.586 31.3
      vertex 141.136 49.4711 30.7
      vertex 141.136 49.4711 31.3
    endloop
  endfacet
  facet normal -0.972933 -0.231086 0
    outer loop
      vertex 141.11 49.586 30.7
      vertex 140.506 52.129 31.3
      vertex 140.506 52.129 30.7
    endloop
  endfacet
  facet normal -0.972933 -0.231086 0
    outer loop
      vertex 140.506 52.129 31.3
      vertex 141.11 49.586 30.7
      vertex 141.11 49.586 31.3
    endloop
  endfacet
  facet normal 0 -1 0
    outer loop
      vertex 139.387 52.129 30.7
      vertex 140.506 52.129 31.3
      vertex 139.387 52.129 31.3
    endloop
  endfacet
  facet normal 0 -1 -0
    outer loop
      vertex 140.506 52.129 31.3
      vertex 139.387 52.129 30.7
      vertex 140.506 52.129 30.7
    endloop
  endfacet
  facet normal 0.973892 -0.227012 0
    outer loop
      vertex 139.206 51.3525 31.3
      vertex 139.387 52.129 30.7
      vertex 139.387 52.129 31.3
    endloop
  endfacet
  facet normal 0.973892 -0.227012 0
    outer loop
      vertex 139.387 52.129 30.7
      vertex 139.206 51.3525 31.3
      vertex 139.206 51.3525 30.7
    endloop
  endfacet
  facet normal 0.973948 -0.226773 0
    outer loop
      vertex 139.052 50.6911 31.3
      vertex 139.206 51.3525 30.7
      vertex 139.206 51.3525 31.3
    endloop
  endfacet
  facet normal 0.973948 -0.226773 0
    outer loop
      vertex 139.206 51.3525 30.7
      vertex 139.052 50.6911 31.3
      vertex 139.052 50.6911 30.7
    endloop
  endfacet
  facet normal 0.974008 -0.226513 0
    outer loop
      vertex 138.925 50.145 31.3
      vertex 139.052 50.6911 30.7
      vertex 139.052 50.6911 31.3
    endloop
  endfacet
  facet normal 0.974008 -0.226513 0
    outer loop
      vertex 139.052 50.6911 30.7
      vertex 138.925 50.145 31.3
      vertex 138.925 50.145 30.7
    endloop
  endfacet
  facet normal 0.974608 -0.223918 0
    outer loop
      vertex 138.826 49.7141 31.3
      vertex 138.925 50.145 30.7
      vertex 138.925 50.145 31.3
    endloop
  endfacet
  facet normal 0.974608 -0.223918 0
    outer loop
      vertex 138.925 50.145 30.7
      vertex 138.826 49.7141 31.3
      vertex 138.826 49.7141 30.7
    endloop
  endfacet
  facet normal 0.975646 -0.21935 0
    outer loop
      vertex 138.755 49.3983 31.3
      vertex 138.826 49.7141 30.7
      vertex 138.826 49.7141 31.3
    endloop
  endfacet
  facet normal 0.975646 -0.21935 0
    outer loop
      vertex 138.826 49.7141 30.7
      vertex 138.755 49.3983 31.3
      vertex 138.755 49.3983 30.7
    endloop
  endfacet
  facet normal 0.976757 -0.214351 0
    outer loop
      vertex 138.711 49.1978 31.3
      vertex 138.755 49.3983 30.7
      vertex 138.755 49.3983 31.3
    endloop
  endfacet
  facet normal 0.976757 -0.214351 0
    outer loop
      vertex 138.755 49.3983 30.7
      vertex 138.711 49.1978 31.3
      vertex 138.711 49.1978 30.7
    endloop
  endfacet
  facet normal 0.979037 -0.203683 0
    outer loop
      vertex 138.681 49.0536 31.3
      vertex 138.711 49.1978 30.7
      vertex 138.711 49.1978 31.3
    endloop
  endfacet
  facet normal 0.979037 -0.203683 0
    outer loop
      vertex 138.711 49.1978 30.7
      vertex 138.681 49.0536 31.3
      vertex 138.681 49.0536 30.7
    endloop
  endfacet
  facet normal 0.978337 -0.20702 0
    outer loop
      vertex 138.65 48.9071 31.3
      vertex 138.681 49.0536 30.7
      vertex 138.681 49.0536 31.3
    endloop
  endfacet
  facet normal 0.978337 -0.20702 0
    outer loop
      vertex 138.681 49.0536 30.7
      vertex 138.65 48.9071 31.3
      vertex 138.65 48.9071 30.7
    endloop
  endfacet
  facet normal 0.980275 -0.197636 0
    outer loop
      vertex 138.62 48.7583 31.3
      vertex 138.65 48.9071 30.7
      vertex 138.65 48.9071 31.3
    endloop
  endfacet
  facet normal 0.980275 -0.197636 0
    outer loop
      vertex 138.65 48.9071 30.7
      vertex 138.62 48.7583 31.3
      vertex 138.62 48.7583 30.7
    endloop
  endfacet
  facet normal 0.979622 -0.200848 0
    outer loop
      vertex 138.589 48.6071 31.3
      vertex 138.62 48.7583 30.7
      vertex 138.62 48.7583 31.3
    endloop
  endfacet
  facet normal 0.979622 -0.200848 0
    outer loop
      vertex 138.62 48.7583 30.7
      vertex 138.589 48.6071 31.3
      vertex 138.589 48.6071 30.7
    endloop
  endfacet
  facet normal 0.980236 -0.197834 0
    outer loop
      vertex 138.558 48.4535 31.3
      vertex 138.589 48.6071 30.7
      vertex 138.589 48.6071 31.3
    endloop
  endfacet
  facet normal 0.980236 -0.197834 0
    outer loop
      vertex 138.589 48.6071 30.7
      vertex 138.558 48.4535 31.3
      vertex 138.558 48.4535 30.7
    endloop
  endfacet
  facet normal 0.979577 -0.201068 0
    outer loop
      vertex 138.526 48.2976 31.3
      vertex 138.558 48.4535 30.7
      vertex 138.558 48.4535 31.3
    endloop
  endfacet
  facet normal 0.979577 -0.201068 0
    outer loop
      vertex 138.558 48.4535 30.7
      vertex 138.526 48.2976 31.3
      vertex 138.526 48.2976 30.7
    endloop
  endfacet
  facet normal -0.978822 -0.204714 0
    outer loop
      vertex 138.526 48.2976 30.7
      vertex 138.37 49.0435 31.3
      vertex 138.37 49.0435 30.7
    endloop
  endfacet
  facet normal -0.978822 -0.204714 0
    outer loop
      vertex 138.37 49.0435 31.3
      vertex 138.526 48.2976 30.7
      vertex 138.526 48.2976 31.3
    endloop
  endfacet
  facet normal -0.975829 -0.218538 0
    outer loop
      vertex 138.37 49.0435 30.7
      vertex 137.679 52.129 31.3
      vertex 137.679 52.129 30.7
    endloop
  endfacet
  facet normal -0.975829 -0.218538 0
    outer loop
      vertex 137.679 52.129 31.3
      vertex 138.37 49.0435 30.7
      vertex 138.37 49.0435 31.3
    endloop
  endfacet
  facet normal 0 -1 0
    outer loop
      vertex 136.665 52.129 30.7
      vertex 137.679 52.129 31.3
      vertex 136.665 52.129 31.3
    endloop
  endfacet
  facet normal 0 -1 -0
    outer loop
      vertex 137.679 52.129 31.3
      vertex 136.665 52.129 30.7
      vertex 137.679 52.129 30.7
    endloop
  endfacet
  facet normal 0.968369 0.249521 0
    outer loop
      vertex 137.896 47.3516 31.3
      vertex 136.665 52.129 30.7
      vertex 136.665 52.129 31.3
    endloop
  endfacet
  facet normal 0.968369 0.249521 0
    outer loop
      vertex 136.665 52.129 30.7
      vertex 137.896 47.3516 31.3
      vertex 137.896 47.3516 30.7
    endloop
  endfacet
  facet normal 0 1 -0
    outer loop
      vertex 139.082 47.3516 30.7
      vertex 137.896 47.3516 31.3
      vertex 139.082 47.3516 31.3
    endloop
  endfacet
  facet normal 0 1 0
    outer loop
      vertex 137.896 47.3516 31.3
      vertex 139.082 47.3516 30.7
      vertex 137.896 47.3516 30.7
    endloop
  endfacet
  facet normal -0.973719 0.227751 0
    outer loop
      vertex 139.082 47.3516 30.7
      vertex 139.289 48.2366 31.3
      vertex 139.289 48.2366 30.7
    endloop
  endfacet
  facet normal -0.973719 0.227751 0
    outer loop
      vertex 139.289 48.2366 31.3
      vertex 139.082 47.3516 30.7
      vertex 139.082 47.3516 31.3
    endloop
  endfacet
  facet normal 0 1 -0
    outer loop
      vertex 129.646 51.3559 30.7
      vertex 128.1 51.3559 31.3
      vertex 129.646 51.3559 31.3
    endloop
  endfacet
  facet normal 0 1 0
    outer loop
      vertex 128.1 51.3559 31.3
      vertex 129.646 51.3559 30.7
      vertex 128.1 51.3559 30.7
    endloop
  endfacet
  facet normal -1 0 0
    outer loop
      vertex 129.646 51.3559 30.7
      vertex 129.646 52.129 31.3
      vertex 129.646 52.129 30.7
    endloop
  endfacet
  facet normal -1 -0 0
    outer loop
      vertex 129.646 52.129 31.3
      vertex 129.646 51.3559 30.7
      vertex 129.646 51.3559 31.3
    endloop
  endfacet
  facet normal 0 -1 0
    outer loop
      vertex 125.557 52.129 30.7
      vertex 129.646 52.129 31.3
      vertex 125.557 52.129 31.3
    endloop
  endfacet
  facet normal 0 -1 -0
    outer loop
      vertex 129.646 52.129 31.3
      vertex 125.557 52.129 30.7
      vertex 129.646 52.129 30.7
    endloop
  endfacet
  facet normal 1 -0 0
    outer loop
      vertex 125.557 51.3559 31.3
      vertex 125.557 52.129 30.7
      vertex 125.557 52.129 31.3
    endloop
  endfacet
  facet normal 1 0 0
    outer loop
      vertex 125.557 52.129 30.7
      vertex 125.557 51.3559 31.3
      vertex 125.557 51.3559 30.7
    endloop
  endfacet
  facet normal 0 1 -0
    outer loop
      vertex 127.099 51.3559 30.7
      vertex 125.557 51.3559 31.3
      vertex 127.099 51.3559 31.3
    endloop
  endfacet
  facet normal 0 1 0
    outer loop
      vertex 125.557 51.3559 31.3
      vertex 127.099 51.3559 30.7
      vertex 125.557 51.3559 30.7
    endloop
  endfacet
  facet normal 1 -0 0
    outer loop
      vertex 127.099 47.3516 31.3
      vertex 127.099 51.3559 30.7
      vertex 127.099 51.3559 31.3
    endloop
  endfacet
  facet normal 1 0 0
    outer loop
      vertex 127.099 51.3559 30.7
      vertex 127.099 47.3516 31.3
      vertex 127.099 47.3516 30.7
    endloop
  endfacet
  facet normal 0 1 -0
    outer loop
      vertex 128.1 47.3516 30.7
      vertex 127.099 47.3516 31.3
      vertex 128.1 47.3516 31.3
    endloop
  endfacet
  facet normal 0 1 0
    outer loop
      vertex 127.099 47.3516 31.3
      vertex 128.1 47.3516 30.7
      vertex 127.099 47.3516 30.7
    endloop
  endfacet
  facet normal -1 0 0
    outer loop
      vertex 128.1 47.3516 30.7
      vertex 128.1 51.3559 31.3
      vertex 128.1 51.3559 30.7
    endloop
  endfacet
  facet normal -1 -0 0
    outer loop
      vertex 128.1 51.3559 31.3
      vertex 128.1 47.3516 30.7
      vertex 128.1 47.3516 31.3
    endloop
  endfacet
  facet normal -0.0669821 0.997754 0
    outer loop
      vertex 148.293 47.3033 30.7
      vertex 148.15 47.2937 31.3
      vertex 148.293 47.3033 31.3
    endloop
  endfacet
  facet normal -0.0669821 0.997754 0
    outer loop
      vertex 148.15 47.2937 31.3
      vertex 148.293 47.3033 30.7
      vertex 148.15 47.2937 30.7
    endloop
  endfacet
  facet normal -0.116841 0.993151 0
    outer loop
      vertex 148.429 47.3193 30.7
      vertex 148.293 47.3033 31.3
      vertex 148.429 47.3193 31.3
    endloop
  endfacet
  facet normal -0.116841 0.993151 0
    outer loop
      vertex 148.293 47.3033 31.3
      vertex 148.429 47.3193 30.7
      vertex 148.293 47.3033 30.7
    endloop
  endfacet
  facet normal -0.169277 0.985569 0
    outer loop
      vertex 148.56 47.3418 30.7
      vertex 148.429 47.3193 31.3
      vertex 148.56 47.3418 31.3
    endloop
  endfacet
  facet normal -0.169277 0.985569 0
    outer loop
      vertex 148.429 47.3193 31.3
      vertex 148.56 47.3418 30.7
      vertex 148.429 47.3193 30.7
    endloop
  endfacet
  facet normal -0.222825 0.974859 0
    outer loop
      vertex 148.686 47.3706 30.7
      vertex 148.56 47.3418 31.3
      vertex 148.686 47.3706 31.3
    endloop
  endfacet
  facet normal -0.222825 0.974859 0
    outer loop
      vertex 148.56 47.3418 31.3
      vertex 148.686 47.3706 30.7
      vertex 148.56 47.3418 30.7
    endloop
  endfacet
  facet normal -0.281474 0.959569 0
    outer loop
      vertex 148.806 47.4058 30.7
      vertex 148.686 47.3706 31.3
      vertex 148.806 47.4058 31.3
    endloop
  endfacet
  facet normal -0.281474 0.959569 0
    outer loop
      vertex 148.686 47.3706 31.3
      vertex 148.806 47.4058 30.7
      vertex 148.686 47.3706 30.7
    endloop
  endfacet
  facet normal -1 0 0
    outer loop
      vertex 148.806 47.4058 30.7
      vertex 148.806 47.9958 31.3
      vertex 148.806 47.9958 30.7
    endloop
  endfacet
  facet normal -1 -0 0
    outer loop
      vertex 148.806 47.9958 31.3
      vertex 148.806 47.4058 30.7
      vertex 148.806 47.4058 31.3
    endloop
  endfacet
  facet normal 0.214579 -0.976707 0
    outer loop
      vertex 148.74 47.9813 30.7
      vertex 148.806 47.9958 31.3
      vertex 148.74 47.9813 31.3
    endloop
  endfacet
  facet normal 0.214579 -0.976707 0
    outer loop
      vertex 148.806 47.9958 31.3
      vertex 148.74 47.9813 30.7
      vertex 148.806 47.9958 30.7
    endloop
  endfacet
  facet normal 0.191473 -0.981498 0
    outer loop
      vertex 148.679 47.9694 30.7
      vertex 148.74 47.9813 31.3
      vertex 148.679 47.9694 31.3
    endloop
  endfacet
  facet normal 0.191473 -0.981498 0
    outer loop
      vertex 148.74 47.9813 31.3
      vertex 148.679 47.9694 30.7
      vertex 148.74 47.9813 30.7
    endloop
  endfacet
  facet normal 0.162113 -0.986772 0
    outer loop
      vertex 148.623 47.9602 30.7
      vertex 148.679 47.9694 31.3
      vertex 148.623 47.9602 31.3
    endloop
  endfacet
  facet normal 0.162113 -0.986772 0
    outer loop
      vertex 148.679 47.9694 31.3
      vertex 148.623 47.9602 30.7
      vertex 148.679 47.9694 30.7
    endloop
  endfacet
  facet normal 0.130865 -0.9914 0
    outer loop
      vertex 148.573 47.9536 30.7
      vertex 148.623 47.9602 31.3
      vertex 148.573 47.9536 31.3
    endloop
  endfacet
  facet normal 0.130865 -0.9914 0
    outer loop
      vertex 148.623 47.9602 31.3
      vertex 148.573 47.9536 30.7
      vertex 148.623 47.9602 30.7
    endloop
  endfacet
  facet normal 0.0885398 -0.996073 0
    outer loop
      vertex 148.528 47.9496 30.7
      vertex 148.573 47.9536 31.3
      vertex 148.528 47.9496 31.3
    endloop
  endfacet
  facet normal 0.0885398 -0.996073 0
    outer loop
      vertex 148.573 47.9536 31.3
      vertex 148.528 47.9496 30.7
      vertex 148.573 47.9536 30.7
    endloop
  endfacet
  facet normal 0.0324828 -0.999472 0
    outer loop
      vertex 148.488 47.9483 30.7
      vertex 148.528 47.9496 31.3
      vertex 148.488 47.9483 31.3
    endloop
  endfacet
  facet normal 0.0324828 -0.999472 0
    outer loop
      vertex 148.528 47.9496 31.3
      vertex 148.488 47.9483 30.7
      vertex 148.528 47.9496 30.7
    endloop
  endfacet
  facet normal -0.0528671 -0.998602 0
    outer loop
      vertex 148.42 47.9519 30.7
      vertex 148.488 47.9483 31.3
      vertex 148.42 47.9519 31.3
    endloop
  endfacet
  facet normal -0.0528671 -0.998602 -0
    outer loop
      vertex 148.488 47.9483 31.3
      vertex 148.42 47.9519 30.7
      vertex 148.488 47.9483 30.7
    endloop
  endfacet
  facet normal -0.168523 -0.985698 0
    outer loop
      vertex 148.358 47.9625 30.7
      vertex 148.42 47.9519 31.3
      vertex 148.358 47.9625 31.3
    endloop
  endfacet
  facet normal -0.168523 -0.985698 -0
    outer loop
      vertex 148.42 47.9519 31.3
      vertex 148.358 47.9625 30.7
      vertex 148.42 47.9519 30.7
    endloop
  endfacet
  facet normal -0.299827 -0.953994 0
    outer loop
      vertex 148.302 47.9801 30.7
      vertex 148.358 47.9625 31.3
      vertex 148.302 47.9801 31.3
    endloop
  endfacet
  facet normal -0.299827 -0.953994 -0
    outer loop
      vertex 148.358 47.9625 31.3
      vertex 148.302 47.9801 30.7
      vertex 148.358 47.9625 30.7
    endloop
  endfacet
  facet normal -0.450127 -0.892965 0
    outer loop
      vertex 148.253 48.0048 30.7
      vertex 148.302 47.9801 31.3
      vertex 148.253 48.0048 31.3
    endloop
  endfacet
  facet normal -0.450127 -0.892965 -0
    outer loop
      vertex 148.302 47.9801 31.3
      vertex 148.253 48.0048 30.7
      vertex 148.302 47.9801 30.7
    endloop
  endfacet
  facet normal -0.58576 -0.810485 0
    outer loop
      vertex 148.209 48.0366 30.7
      vertex 148.253 48.0048 31.3
      vertex 148.209 48.0366 31.3
    endloop
  endfacet
  facet normal -0.58576 -0.810485 -0
    outer loop
      vertex 148.253 48.0048 31.3
      vertex 148.209 48.0366 30.7
      vertex 148.253 48.0048 30.7
    endloop
  endfacet
  facet normal -0.724581 -0.68919 0
    outer loop
      vertex 148.209 48.0366 30.7
      vertex 148.172 48.0755 31.3
      vertex 148.172 48.0755 30.7
    endloop
  endfacet
  facet normal -0.724581 -0.68919 0
    outer loop
      vertex 148.172 48.0755 31.3
      vertex 148.209 48.0366 30.7
      vertex 148.209 48.0366 31.3
    endloop
  endfacet
  facet normal -0.830944 -0.556356 0
    outer loop
      vertex 148.172 48.0755 30.7
      vertex 148.141 48.1218 31.3
      vertex 148.141 48.1218 30.7
    endloop
  endfacet
  facet normal -0.830944 -0.556356 0
    outer loop
      vertex 148.141 48.1218 31.3
      vertex 148.172 48.0755 30.7
      vertex 148.172 48.0755 31.3
    endloop
  endfacet
  facet normal -0.907763 -0.419484 0
    outer loop
      vertex 148.141 48.1218 30.7
      vertex 148.116 48.1759 31.3
      vertex 148.116 48.1759 30.7
    endloop
  endfacet
  facet normal -0.907763 -0.419484 0
    outer loop
      vertex 148.116 48.1759 31.3
      vertex 148.141 48.1218 30.7
      vertex 148.141 48.1218 31.3
    endloop
  endfacet
  facet normal -0.951564 -0.307452 0
    outer loop
      vertex 148.116 48.1759 30.7
      vertex 148.096 48.2378 31.3
      vertex 148.096 48.2378 30.7
    endloop
  endfacet
  facet normal -0.951564 -0.307452 0
    outer loop
      vertex 148.096 48.2378 31.3
      vertex 148.116 48.1759 30.7
      vertex 148.116 48.1759 31.3
    endloop
  endfacet
  facet normal -0.980418 -0.196928 0
    outer loop
      vertex 148.096 48.2378 30.7
      vertex 148.082 48.3075 31.3
      vertex 148.082 48.3075 30.7
    endloop
  endfacet
  facet normal -0.980418 -0.196928 0
    outer loop
      vertex 148.082 48.3075 31.3
      vertex 148.096 48.2378 30.7
      vertex 148.096 48.2378 31.3
    endloop
  endfacet
  facet normal -0.993341 -0.115207 0
    outer loop
      vertex 148.082 48.3075 30.7
      vertex 148.073 48.3851 31.3
      vertex 148.073 48.3851 30.7
    endloop
  endfacet
  facet normal -0.993341 -0.115207 0
    outer loop
      vertex 148.073 48.3851 31.3
      vertex 148.082 48.3075 30.7
      vertex 148.082 48.3075 31.3
    endloop
  endfacet
  facet normal -0.999726 -0.0234128 0
    outer loop
      vertex 148.073 48.3851 30.7
      vertex 148.071 48.4705 31.3
      vertex 148.071 48.4705 30.7
    endloop
  endfacet
  facet normal -0.999726 -0.0234128 0
    outer loop
      vertex 148.071 48.4705 31.3
      vertex 148.073 48.3851 30.7
      vertex 148.073 48.3851 31.3
    endloop
  endfacet
  facet normal -1 0 0
    outer loop
      vertex 148.071 48.4705 30.7
      vertex 148.071 50.376 31.3
      vertex 148.071 50.376 30.7
    endloop
  endfacet
  facet normal -1 -0 0
    outer loop
      vertex 148.071 50.376 31.3
      vertex 148.071 48.4705 30.7
      vertex 148.071 48.4705 31.3
    endloop
  endfacet
  facet normal 0 1 -0
    outer loop
      vertex 148.766 50.376 30.7
      vertex 148.071 50.376 31.3
      vertex 148.766 50.376 31.3
    endloop
  endfacet
  facet normal 0 1 0
    outer loop
      vertex 148.071 50.376 31.3
      vertex 148.766 50.376 30.7
      vertex 148.071 50.376 30.7
    endloop
  endfacet
  facet normal -1 0 0
    outer loop
      vertex 148.766 50.376 30.7
      vertex 148.766 51.0202 31.3
      vertex 148.766 51.0202 30.7
    endloop
  endfacet
  facet normal -1 -0 0
    outer loop
      vertex 148.766 51.0202 31.3
      vertex 148.766 50.376 30.7
      vertex 148.766 50.376 31.3
    endloop
  endfacet
  facet normal 0 -1 0
    outer loop
      vertex 148.071 51.0202 30.7
      vertex 148.766 51.0202 31.3
      vertex 148.071 51.0202 31.3
    endloop
  endfacet
  facet normal 0 -1 -0
    outer loop
      vertex 148.766 51.0202 31.3
      vertex 148.071 51.0202 30.7
      vertex 148.766 51.0202 30.7
    endloop
  endfacet
  facet normal -1 0 0
    outer loop
      vertex 148.071 51.0202 30.7
      vertex 148.071 51.8815 31.3
      vertex 148.071 51.8815 30.7
    endloop
  endfacet
  facet normal -1 -0 0
    outer loop
      vertex 148.071 51.8815 31.3
      vertex 148.071 51.0202 30.7
      vertex 148.071 51.0202 31.3
    endloop
  endfacet
  facet normal 0 -1 0
    outer loop
      vertex 147.474 51.8815 30.7
      vertex 148.071 51.8815 31.3
      vertex 147.474 51.8815 31.3
    endloop
  endfacet
  facet normal 0 -1 -0
    outer loop
      vertex 148.071 51.8815 31.3
      vertex 147.474 51.8815 30.7
      vertex 148.071 51.8815 30.7
    endloop
  endfacet
  facet normal 0.945034 -0.326971 0
    outer loop
      vertex 147.176 51.0202 31.3
      vertex 147.474 51.8815 30.7
      vertex 147.474 51.8815 31.3
    endloop
  endfacet
  facet normal 0.945034 -0.326971 0
    outer loop
      vertex 147.474 51.8815 30.7
      vertex 147.176 51.0202 31.3
      vertex 147.176 51.0202 30.7
    endloop
  endfacet
  facet normal 0 -1 0
    outer loop
      vertex 146.664 51.0202 30.7
      vertex 147.176 51.0202 31.3
      vertex 146.664 51.0202 31.3
    endloop
  endfacet
  facet normal 0 -1 -0
    outer loop
      vertex 147.176 51.0202 31.3
      vertex 146.664 51.0202 30.7
      vertex 147.176 51.0202 30.7
    endloop
  endfacet
  facet normal 1 -0 0
    outer loop
      vertex 146.664 50.376 31.3
      vertex 146.664 51.0202 30.7
      vertex 146.664 51.0202 31.3
    endloop
  endfacet
  facet normal 1 0 0
    outer loop
      vertex 146.664 51.0202 30.7
      vertex 146.664 50.376 31.3
      vertex 146.664 50.376 30.7
    endloop
  endfacet
  facet normal 0 1 -0
    outer loop
      vertex 147.128 50.376 30.7
      vertex 146.664 50.376 31.3
      vertex 147.128 50.376 31.3
    endloop
  endfacet
  facet normal 0 1 0
    outer loop
      vertex 146.664 50.376 31.3
      vertex 147.128 50.376 30.7
      vertex 146.664 50.376 30.7
    endloop
  endfacet
  facet normal 1 -0 0
    outer loop
      vertex 147.128 48.2128 31.3
      vertex 147.128 50.376 30.7
      vertex 147.128 50.376 31.3
    endloop
  endfacet
  facet normal 1 0 0
    outer loop
      vertex 147.128 50.376 30.7
      vertex 147.128 48.2128 31.3
      vertex 147.128 48.2128 30.7
    endloop
  endfacet
  facet normal 0.999183 0.0404255 0
    outer loop
      vertex 147.134 48.0645 31.3
      vertex 147.128 48.2128 30.7
      vertex 147.128 48.2128 31.3
    endloop
  endfacet
  facet normal 0.999183 0.0404255 0
    outer loop
      vertex 147.128 48.2128 30.7
      vertex 147.134 48.0645 31.3
      vertex 147.134 48.0645 30.7
    endloop
  endfacet
  facet normal 0.990269 0.139165 0
    outer loop
      vertex 147.153 47.9293 31.3
      vertex 147.134 48.0645 30.7
      vertex 147.134 48.0645 31.3
    endloop
  endfacet
  facet normal 0.990269 0.139165 0
    outer loop
      vertex 147.134 48.0645 30.7
      vertex 147.153 47.9293 31.3
      vertex 147.153 47.9293 30.7
    endloop
  endfacet
  facet normal 0.967331 0.253518 0
    outer loop
      vertex 147.185 47.8072 31.3
      vertex 147.153 47.9293 30.7
      vertex 147.153 47.9293 31.3
    endloop
  endfacet
  facet normal 0.967331 0.253518 0
    outer loop
      vertex 147.153 47.9293 30.7
      vertex 147.185 47.8072 31.3
      vertex 147.185 47.8072 30.7
    endloop
  endfacet
  facet normal 0.927418 0.374027 0
    outer loop
      vertex 147.229 47.6981 31.3
      vertex 147.185 47.8072 30.7
      vertex 147.185 47.8072 31.3
    endloop
  endfacet
  facet normal 0.927418 0.374027 0
    outer loop
      vertex 147.185 47.8072 30.7
      vertex 147.229 47.6981 31.3
      vertex 147.229 47.6981 30.7
    endloop
  endfacet
  facet normal 0.859621 0.510932 0
    outer loop
      vertex 147.286 47.6022 31.3
      vertex 147.229 47.6981 30.7
      vertex 147.229 47.6981 31.3
    endloop
  endfacet
  facet normal 0.859621 0.510932 0
    outer loop
      vertex 147.229 47.6981 30.7
      vertex 147.286 47.6022 31.3
      vertex 147.286 47.6022 30.7
    endloop
  endfacet
  facet normal 0.768221 0.640184 0
    outer loop
      vertex 147.355 47.5194 31.3
      vertex 147.286 47.6022 30.7
      vertex 147.286 47.6022 31.3
    endloop
  endfacet
  facet normal 0.768221 0.640184 0
    outer loop
      vertex 147.286 47.6022 30.7
      vertex 147.355 47.5194 31.3
      vertex 147.355 47.5194 30.7
    endloop
  endfacet
  facet normal 0.653863 0.756613 -0
    outer loop
      vertex 147.436 47.4494 30.7
      vertex 147.355 47.5194 31.3
      vertex 147.436 47.4494 31.3
    endloop
  endfacet
  facet normal 0.653863 0.756613 0
    outer loop
      vertex 147.355 47.5194 31.3
      vertex 147.436 47.4494 30.7
      vertex 147.355 47.5194 30.7
    endloop
  endfacet
  facet normal 0.528006 0.849241 -0
    outer loop
      vertex 147.528 47.3922 30.7
      vertex 147.436 47.4494 31.3
      vertex 147.528 47.3922 31.3
    endloop
  endfacet
  facet normal 0.528006 0.849241 0
    outer loop
      vertex 147.436 47.4494 31.3
      vertex 147.528 47.3922 30.7
      vertex 147.436 47.4494 30.7
    endloop
  endfacet
  facet normal 0.396607 0.917989 -0
    outer loop
      vertex 147.631 47.3477 30.7
      vertex 147.528 47.3922 31.3
      vertex 147.631 47.3477 31.3
    endloop
  endfacet
  facet normal 0.396607 0.917989 0
    outer loop
      vertex 147.528 47.3922 31.3
      vertex 147.631 47.3477 30.7
      vertex 147.528 47.3922 30.7
    endloop
  endfacet
  facet normal 0.270104 0.962831 -0
    outer loop
      vertex 147.744 47.316 30.7
      vertex 147.631 47.3477 31.3
      vertex 147.744 47.316 31.3
    endloop
  endfacet
  facet normal 0.270104 0.962831 0
    outer loop
      vertex 147.631 47.3477 31.3
      vertex 147.744 47.316 30.7
      vertex 147.631 47.3477 30.7
    endloop
  endfacet
  facet normal 0.152237 0.988344 -0
    outer loop
      vertex 147.868 47.2969 30.7
      vertex 147.744 47.316 31.3
      vertex 147.868 47.2969 31.3
    endloop
  endfacet
  facet normal 0.152237 0.988344 0
    outer loop
      vertex 147.744 47.316 31.3
      vertex 147.868 47.2969 30.7
      vertex 147.744 47.316 30.7
    endloop
  endfacet
  facet normal 0.0473542 0.998878 -0
    outer loop
      vertex 148.003 47.2905 30.7
      vertex 147.868 47.2969 31.3
      vertex 148.003 47.2905 31.3
    endloop
  endfacet
  facet normal 0.0473542 0.998878 0
    outer loop
      vertex 147.868 47.2969 31.3
      vertex 148.003 47.2905 30.7
      vertex 147.868 47.2969 30.7
    endloop
  endfacet
  facet normal -0.0217636 0.999763 0
    outer loop
      vertex 148.15 47.2937 30.7
      vertex 148.003 47.2905 31.3
      vertex 148.15 47.2937 31.3
    endloop
  endfacet
  facet normal -0.0217636 0.999763 0
    outer loop
      vertex 148.003 47.2905 31.3
      vertex 148.15 47.2937 30.7
      vertex 148.003 47.2905 30.7
    endloop
  endfacet
  facet normal -0.248157 0.96872 0
    outer loop
      vertex 130.943 47.364 30.7
      vertex 130.708 47.3038 31.3
      vertex 130.943 47.364 31.3
    endloop
  endfacet
  facet normal -0.248157 0.96872 0
    outer loop
      vertex 130.708 47.3038 31.3
      vertex 130.943 47.364 30.7
      vertex 130.708 47.3038 30.7
    endloop
  endfacet
  facet normal -0.426022 0.904713 0
    outer loop
      vertex 131.156 47.4643 30.7
      vertex 130.943 47.364 31.3
      vertex 131.156 47.4643 31.3
    endloop
  endfacet
  facet normal -0.426022 0.904713 0
    outer loop
      vertex 130.943 47.364 31.3
      vertex 131.156 47.4643 30.7
      vertex 130.943 47.364 30.7
    endloop
  endfacet
  facet normal -0.594296 0.804247 0
    outer loop
      vertex 131.346 47.6047 30.7
      vertex 131.156 47.4643 31.3
      vertex 131.346 47.6047 31.3
    endloop
  endfacet
  facet normal -0.594296 0.804247 0
    outer loop
      vertex 131.156 47.4643 31.3
      vertex 131.346 47.6047 30.7
      vertex 131.156 47.4643 30.7
    endloop
  endfacet
  facet normal -0.734211 0.678921 0
    outer loop
      vertex 131.346 47.6047 30.7
      vertex 131.513 47.7853 31.3
      vertex 131.513 47.7853 30.7
    endloop
  endfacet
  facet normal -0.734211 0.678921 0
    outer loop
      vertex 131.513 47.7853 31.3
      vertex 131.346 47.6047 30.7
      vertex 131.346 47.6047 31.3
    endloop
  endfacet
  facet normal -0.83576 0.549095 0
    outer loop
      vertex 131.513 47.7853 30.7
      vertex 131.658 48.006 31.3
      vertex 131.658 48.006 30.7
    endloop
  endfacet
  facet normal -0.83576 0.549095 0
    outer loop
      vertex 131.658 48.006 31.3
      vertex 131.513 47.7853 30.7
      vertex 131.513 47.7853 31.3
    endloop
  endfacet
  facet normal 0 1 -0
    outer loop
      vertex 131.678 48.006 30.7
      vertex 131.658 48.006 31.3
      vertex 131.678 48.006 31.3
    endloop
  endfacet
  facet normal 0 1 0
    outer loop
      vertex 131.658 48.006 31.3
      vertex 131.678 48.006 30.7
      vertex 131.658 48.006 30.7
    endloop
  endfacet
  facet normal 0.990764 0.135597 0
    outer loop
      vertex 131.693 47.8964 31.3
      vertex 131.678 48.006 30.7
      vertex 131.678 48.006 31.3
    endloop
  endfacet
  facet normal 0.990764 0.135597 0
    outer loop
      vertex 131.678 48.006 30.7
      vertex 131.693 47.8964 31.3
      vertex 131.693 47.8964 30.7
    endloop
  endfacet
  facet normal 0.974701 0.223511 0
    outer loop
      vertex 131.716 47.7961 31.3
      vertex 131.693 47.8964 30.7
      vertex 131.693 47.8964 31.3
    endloop
  endfacet
  facet normal 0.974701 0.223511 0
    outer loop
      vertex 131.693 47.8964 30.7
      vertex 131.716 47.7961 31.3
      vertex 131.716 47.7961 30.7
    endloop
  endfacet
  facet normal 0.949824 0.312785 0
    outer loop
      vertex 131.746 47.705 31.3
      vertex 131.716 47.7961 30.7
      vertex 131.716 47.7961 31.3
    endloop
  endfacet
  facet normal 0.949824 0.312785 0
    outer loop
      vertex 131.716 47.7961 30.7
      vertex 131.746 47.705 31.3
      vertex 131.746 47.705 30.7
    endloop
  endfacet
  facet normal 0.906918 0.421307 0
    outer loop
      vertex 131.784 47.6232 31.3
      vertex 131.746 47.705 30.7
      vertex 131.746 47.705 31.3
    endloop
  endfacet
  facet normal 0.906918 0.421307 0
    outer loop
      vertex 131.746 47.705 30.7
      vertex 131.784 47.6232 31.3
      vertex 131.784 47.6232 30.7
    endloop
  endfacet
  facet normal 0.844714 0.535218 0
    outer loop
      vertex 131.83 47.5506 31.3
      vertex 131.784 47.6232 30.7
      vertex 131.784 47.6232 31.3
    endloop
  endfacet
  facet normal 0.844714 0.535218 0
    outer loop
      vertex 131.784 47.6232 30.7
      vertex 131.83 47.5506 31.3
      vertex 131.83 47.5506 30.7
    endloop
  endfacet
  facet normal 0.767228 0.641374 0
    outer loop
      vertex 131.883 47.4872 31.3
      vertex 131.83 47.5506 30.7
      vertex 131.83 47.5506 31.3
    endloop
  endfacet
  facet normal 0.767228 0.641374 0
    outer loop
      vertex 131.83 47.5506 30.7
      vertex 131.883 47.4872 31.3
      vertex 131.883 47.4872 30.7
    endloop
  endfacet
  facet normal 0.656088 0.754684 -0
    outer loop
      vertex 131.945 47.4333 30.7
      vertex 131.883 47.4872 31.3
      vertex 131.945 47.4333 31.3
    endloop
  endfacet
  facet normal 0.656088 0.754684 0
    outer loop
      vertex 131.883 47.4872 31.3
      vertex 131.945 47.4333 30.7
      vertex 131.883 47.4872 30.7
    endloop
  endfacet
  facet normal 0.51708 0.855937 -0
    outer loop
      vertex 132.018 47.3892 30.7
      vertex 131.945 47.4333 31.3
      vertex 132.018 47.3892 31.3
    endloop
  endfacet
  facet normal 0.51708 0.855937 0
    outer loop
      vertex 131.945 47.4333 31.3
      vertex 132.018 47.3892 30.7
      vertex 131.945 47.4333 30.7
    endloop
  endfacet
  facet normal 0.381926 0.924193 -0
    outer loop
      vertex 132.101 47.3549 30.7
      vertex 132.018 47.3892 31.3
      vertex 132.101 47.3549 31.3
    endloop
  endfacet
  facet normal 0.381926 0.924193 0
    outer loop
      vertex 132.018 47.3892 31.3
      vertex 132.101 47.3549 30.7
      vertex 132.018 47.3892 30.7
    endloop
  endfacet
  facet normal 0.251248 0.967923 -0
    outer loop
      vertex 132.195 47.3305 30.7
      vertex 132.101 47.3549 31.3
      vertex 132.195 47.3305 31.3
    endloop
  endfacet
  facet normal 0.251248 0.967923 0
    outer loop
      vertex 132.101 47.3549 31.3
      vertex 132.195 47.3305 30.7
      vertex 132.101 47.3549 30.7
    endloop
  endfacet
  facet normal 0.139955 0.990158 -0
    outer loop
      vertex 132.299 47.3158 30.7
      vertex 132.195 47.3305 31.3
      vertex 132.299 47.3158 31.3
    endloop
  endfacet
  facet normal 0.139955 0.990158 0
    outer loop
      vertex 132.195 47.3305 31.3
      vertex 132.299 47.3158 30.7
      vertex 132.195 47.3305 30.7
    endloop
  endfacet
  facet normal 0.0425701 0.999093 -0
    outer loop
      vertex 132.414 47.3109 30.7
      vertex 132.299 47.3158 31.3
      vertex 132.414 47.3109 31.3
    endloop
  endfacet
  facet normal 0.0425701 0.999093 0
    outer loop
      vertex 132.299 47.3158 31.3
      vertex 132.414 47.3109 30.7
      vertex 132.299 47.3158 30.7
    endloop
  endfacet
  facet normal -0.00606049 0.999982 0
    outer loop
      vertex 132.447 47.3111 30.7
      vertex 132.414 47.3109 31.3
      vertex 132.447 47.3111 31.3
    endloop
  endfacet
  facet normal -0.00606049 0.999982 0
    outer loop
      vertex 132.414 47.3109 31.3
      vertex 132.447 47.3111 30.7
      vertex 132.414 47.3109 30.7
    endloop
  endfacet
  facet normal -0.0156231 0.999878 0
    outer loop
      vertex 132.479 47.3116 30.7
      vertex 132.447 47.3111 31.3
      vertex 132.479 47.3116 31.3
    endloop
  endfacet
  facet normal -0.0156231 0.999878 0
    outer loop
      vertex 132.447 47.3111 31.3
      vertex 132.479 47.3116 30.7
      vertex 132.447 47.3111 30.7
    endloop
  endfacet
  facet normal -0.0333148 0.999445 0
    outer loop
      vertex 132.509 47.3126 30.7
      vertex 132.479 47.3116 31.3
      vertex 132.509 47.3126 31.3
    endloop
  endfacet
  facet normal -0.0333148 0.999445 0
    outer loop
      vertex 132.479 47.3116 31.3
      vertex 132.509 47.3126 30.7
      vertex 132.479 47.3116 30.7
    endloop
  endfacet
  facet normal -0.0447826 0.998997 0
    outer loop
      vertex 132.538 47.3139 30.7
      vertex 132.509 47.3126 31.3
      vertex 132.538 47.3139 31.3
    endloop
  endfacet
  facet normal -0.0447826 0.998997 0
    outer loop
      vertex 132.509 47.3126 31.3
      vertex 132.538 47.3139 30.7
      vertex 132.509 47.3126 30.7
    endloop
  endfacet
  facet normal -0.0606027 0.998162 0
    outer loop
      vertex 132.566 47.3156 30.7
      vertex 132.538 47.3139 31.3
      vertex 132.566 47.3156 31.3
    endloop
  endfacet
  facet normal -0.0606027 0.998162 0
    outer loop
      vertex 132.538 47.3139 31.3
      vertex 132.566 47.3156 30.7
      vertex 132.538 47.3139 30.7
    endloop
  endfacet
  facet normal -0.0805071 0.996754 0
    outer loop
      vertex 132.592 47.3177 30.7
      vertex 132.566 47.3156 31.3
      vertex 132.592 47.3177 31.3
    endloop
  endfacet
  facet normal -0.0805071 0.996754 0
    outer loop
      vertex 132.566 47.3156 31.3
      vertex 132.592 47.3177 30.7
      vertex 132.566 47.3156 30.7
    endloop
  endfacet
  facet normal -0.0916131 0.995795 0
    outer loop
      vertex 132.617 47.32 30.7
      vertex 132.592 47.3177 31.3
      vertex 132.617 47.32 31.3
    endloop
  endfacet
  facet normal -0.0916131 0.995795 0
    outer loop
      vertex 132.592 47.3177 31.3
      vertex 132.617 47.32 30.7
      vertex 132.592 47.3177 30.7
    endloop
  endfacet
  facet normal -0.0995037 0.995037 0
    outer loop
      vertex 132.642 47.3225 30.7
      vertex 132.617 47.32 31.3
      vertex 132.642 47.3225 31.3
    endloop
  endfacet
  facet normal -0.0995037 0.995037 0
    outer loop
      vertex 132.617 47.32 31.3
      vertex 132.642 47.3225 30.7
      vertex 132.617 47.32 30.7
    endloop
  endfacet
  facet normal -0.115881 0.993263 0
    outer loop
      vertex 132.666 47.3253 30.7
      vertex 132.642 47.3225 31.3
      vertex 132.666 47.3253 31.3
    endloop
  endfacet
  facet normal -0.115881 0.993263 0
    outer loop
      vertex 132.642 47.3225 31.3
      vertex 132.666 47.3253 30.7
      vertex 132.642 47.3225 30.7
    endloop
  endfacet
  facet normal -0.119961 0.992779 0
    outer loop
      vertex 132.69 47.3282 30.7
      vertex 132.666 47.3253 31.3
      vertex 132.69 47.3282 31.3
    endloop
  endfacet
  facet normal -0.119961 0.992779 0
    outer loop
      vertex 132.666 47.3253 31.3
      vertex 132.69 47.3282 30.7
      vertex 132.666 47.3253 30.7
    endloop
  endfacet
  facet normal -0.133575 0.991039 0
    outer loop
      vertex 132.713 47.3313 30.7
      vertex 132.69 47.3282 31.3
      vertex 132.713 47.3313 31.3
    endloop
  endfacet
  facet normal -0.133575 0.991039 0
    outer loop
      vertex 132.69 47.3282 31.3
      vertex 132.713 47.3313 30.7
      vertex 132.69 47.3282 30.7
    endloop
  endfacet
  facet normal -0.142024 0.989863 0
    outer loop
      vertex 132.736 47.3346 30.7
      vertex 132.713 47.3313 31.3
      vertex 132.736 47.3346 31.3
    endloop
  endfacet
  facet normal -0.142024 0.989863 0
    outer loop
      vertex 132.713 47.3313 31.3
      vertex 132.736 47.3346 30.7
      vertex 132.713 47.3313 30.7
    endloop
  endfacet
  facet normal -0.161489 0.986875 0
    outer loop
      vertex 132.758 47.3382 30.7
      vertex 132.736 47.3346 31.3
      vertex 132.758 47.3382 31.3
    endloop
  endfacet
  facet normal -0.161489 0.986875 0
    outer loop
      vertex 132.736 47.3346 31.3
      vertex 132.758 47.3382 30.7
      vertex 132.736 47.3346 30.7
    endloop
  endfacet
  facet normal -0.167179 0.985927 0
    outer loop
      vertex 132.781 47.3421 30.7
      vertex 132.758 47.3382 31.3
      vertex 132.781 47.3421 31.3
    endloop
  endfacet
  facet normal -0.167179 0.985927 0
    outer loop
      vertex 132.758 47.3382 31.3
      vertex 132.781 47.3421 30.7
      vertex 132.758 47.3382 30.7
    endloop
  endfacet
  facet normal -0.187897 0.982189 0
    outer loop
      vertex 132.804 47.3465 30.7
      vertex 132.781 47.3421 31.3
      vertex 132.804 47.3465 31.3
    endloop
  endfacet
  facet normal -0.187897 0.982189 0
    outer loop
      vertex 132.781 47.3421 31.3
      vertex 132.804 47.3465 30.7
      vertex 132.781 47.3421 30.7
    endloop
  endfacet
  facet normal -0.208922 0.977932 0
    outer loop
      vertex 132.826 47.3512 30.7
      vertex 132.804 47.3465 31.3
      vertex 132.826 47.3512 31.3
    endloop
  endfacet
  facet normal -0.208922 0.977932 0
    outer loop
      vertex 132.804 47.3465 31.3
      vertex 132.826 47.3512 30.7
      vertex 132.804 47.3465 30.7
    endloop
  endfacet
  facet normal -0.216481 0.976287 0
    outer loop
      vertex 132.849 47.3563 30.7
      vertex 132.826 47.3512 31.3
      vertex 132.849 47.3563 31.3
    endloop
  endfacet
  facet normal -0.216481 0.976287 0
    outer loop
      vertex 132.826 47.3512 31.3
      vertex 132.849 47.3563 30.7
      vertex 132.826 47.3512 30.7
    endloop
  endfacet
  facet normal -0.238379 0.971172 0
    outer loop
      vertex 132.871 47.3617 30.7
      vertex 132.849 47.3563 31.3
      vertex 132.871 47.3617 31.3
    endloop
  endfacet
  facet normal -0.238379 0.971172 0
    outer loop
      vertex 132.849 47.3563 31.3
      vertex 132.871 47.3617 30.7
      vertex 132.849 47.3563 30.7
    endloop
  endfacet
  facet normal -0.244519 0.969644 0
    outer loop
      vertex 132.894 47.3675 30.7
      vertex 132.871 47.3617 31.3
      vertex 132.894 47.3675 31.3
    endloop
  endfacet
  facet normal -0.244519 0.969644 0
    outer loop
      vertex 132.871 47.3617 31.3
      vertex 132.894 47.3675 30.7
      vertex 132.871 47.3617 30.7
    endloop
  endfacet
  facet normal -0.238726 0.971087 0
    outer loop
      vertex 132.918 47.3734 30.7
      vertex 132.894 47.3675 31.3
      vertex 132.918 47.3734 31.3
    endloop
  endfacet
  facet normal -0.238726 0.971087 0
    outer loop
      vertex 132.894 47.3675 31.3
      vertex 132.918 47.3734 30.7
      vertex 132.894 47.3675 30.7
    endloop
  endfacet
  facet normal -0.238052 0.971252 0
    outer loop
      vertex 132.969 47.3859 30.7
      vertex 132.918 47.3734 31.3
      vertex 132.969 47.3859 31.3
    endloop
  endfacet
  facet normal -0.238052 0.971252 0
    outer loop
      vertex 132.918 47.3734 31.3
      vertex 132.969 47.3859 30.7
      vertex 132.918 47.3734 30.7
    endloop
  endfacet
  facet normal -0.2317 0.972787 0
    outer loop
      vertex 133.024 47.399 30.7
      vertex 132.969 47.3859 31.3
      vertex 133.024 47.399 31.3
    endloop
  endfacet
  facet normal -0.2317 0.972787 0
    outer loop
      vertex 132.969 47.3859 31.3
      vertex 133.024 47.399 30.7
      vertex 132.969 47.3859 30.7
    endloop
  endfacet
  facet normal -1 0 0
    outer loop
      vertex 133.024 47.399 30.7
      vertex 133.024 47.9144 31.3
      vertex 133.024 47.9144 30.7
    endloop
  endfacet
  facet normal -1 -0 0
    outer loop
      vertex 133.024 47.9144 31.3
      vertex 133.024 47.399 30.7
      vertex 133.024 47.399 31.3
    endloop
  endfacet
  facet normal 0.179395 -0.983777 0
    outer loop
      vertex 132.99 47.9082 30.7
      vertex 133.024 47.9144 31.3
      vertex 132.99 47.9082 31.3
    endloop
  endfacet
  facet normal 0.179395 -0.983777 0
    outer loop
      vertex 133.024 47.9144 31.3
      vertex 132.99 47.9082 30.7
      vertex 133.024 47.9144 30.7
    endloop
  endfacet
  facet normal 0.144192 -0.98955 0
    outer loop
      vertex 132.955 47.9031 30.7
      vertex 132.99 47.9082 31.3
      vertex 132.955 47.9031 31.3
    endloop
  endfacet
  facet normal 0.144192 -0.98955 0
    outer loop
      vertex 132.99 47.9082 31.3
      vertex 132.955 47.9031 30.7
      vertex 132.99 47.9082 30.7
    endloop
  endfacet
  facet normal 0.113959 -0.993485 0
    outer loop
      vertex 132.921 47.8992 30.7
      vertex 132.955 47.9031 31.3
      vertex 132.921 47.8992 31.3
    endloop
  endfacet
  facet normal 0.113959 -0.993485 0
    outer loop
      vertex 132.955 47.9031 31.3
      vertex 132.921 47.8992 30.7
      vertex 132.955 47.9031 30.7
    endloop
  endfacet
  facet normal 0.0802955 -0.996771 0
    outer loop
      vertex 132.885 47.8963 30.7
      vertex 132.921 47.8992 31.3
      vertex 132.885 47.8963 31.3
    endloop
  endfacet
  facet normal 0.0802955 -0.996771 0
    outer loop
      vertex 132.921 47.8992 31.3
      vertex 132.885 47.8963 30.7
      vertex 132.921 47.8992 30.7
    endloop
  endfacet
  facet normal 0.0485142 -0.998822 0
    outer loop
      vertex 132.85 47.8946 30.7
      vertex 132.885 47.8963 31.3
      vertex 132.85 47.8946 31.3
    endloop
  endfacet
  facet normal 0.0485142 -0.998822 0
    outer loop
      vertex 132.885 47.8963 31.3
      vertex 132.85 47.8946 30.7
      vertex 132.885 47.8963 30.7
    endloop
  endfacet
  facet normal 0.0138875 -0.999904 0
    outer loop
      vertex 132.814 47.8941 30.7
      vertex 132.85 47.8946 31.3
      vertex 132.814 47.8941 31.3
    endloop
  endfacet
  facet normal 0.0138875 -0.999904 0
    outer loop
      vertex 132.85 47.8946 31.3
      vertex 132.814 47.8941 30.7
      vertex 132.85 47.8946 30.7
    endloop
  endfacet
  facet normal -0.0614223 -0.998112 0
    outer loop
      vertex 132.762 47.8973 30.7
      vertex 132.814 47.8941 31.3
      vertex 132.762 47.8973 31.3
    endloop
  endfacet
  facet normal -0.0614223 -0.998112 -0
    outer loop
      vertex 132.814 47.8941 31.3
      vertex 132.762 47.8973 30.7
      vertex 132.814 47.8941 30.7
    endloop
  endfacet
  facet normal -0.208367 -0.978051 0
    outer loop
      vertex 132.716 47.9071 30.7
      vertex 132.762 47.8973 31.3
      vertex 132.716 47.9071 31.3
    endloop
  endfacet
  facet normal -0.208367 -0.978051 -0
    outer loop
      vertex 132.762 47.8973 31.3
      vertex 132.716 47.9071 30.7
      vertex 132.762 47.8973 30.7
    endloop
  endfacet
  facet normal -0.359872 -0.933002 0
    outer loop
      vertex 132.674 47.9233 30.7
      vertex 132.716 47.9071 31.3
      vertex 132.674 47.9233 31.3
    endloop
  endfacet
  facet normal -0.359872 -0.933002 -0
    outer loop
      vertex 132.716 47.9071 31.3
      vertex 132.674 47.9233 30.7
      vertex 132.716 47.9071 30.7
    endloop
  endfacet
  facet normal -0.535052 -0.844819 0
    outer loop
      vertex 132.638 47.9461 30.7
      vertex 132.674 47.9233 31.3
      vertex 132.638 47.9461 31.3
    endloop
  endfacet
  facet normal -0.535052 -0.844819 -0
    outer loop
      vertex 132.674 47.9233 31.3
      vertex 132.638 47.9461 30.7
      vertex 132.674 47.9233 30.7
    endloop
  endfacet
  facet normal -0.685658 -0.727924 0
    outer loop
      vertex 132.607 47.9753 30.7
      vertex 132.638 47.9461 31.3
      vertex 132.607 47.9753 31.3
    endloop
  endfacet
  facet normal -0.685658 -0.727924 -0
    outer loop
      vertex 132.638 47.9461 31.3
      vertex 132.607 47.9753 30.7
      vertex 132.638 47.9461 30.7
    endloop
  endfacet
  facet normal -0.808344 -0.58871 0
    outer loop
      vertex 132.607 47.9753 30.7
      vertex 132.581 48.011 31.3
      vertex 132.581 48.011 30.7
    endloop
  endfacet
  facet normal -0.808344 -0.58871 0
    outer loop
      vertex 132.581 48.011 31.3
      vertex 132.607 47.9753 30.7
      vertex 132.607 47.9753 31.3
    endloop
  endfacet
  facet normal -0.903613 -0.428349 0
    outer loop
      vertex 132.581 48.011 30.7
      vertex 132.56 48.0553 31.3
      vertex 132.56 48.0553 30.7
    endloop
  endfacet
  facet normal -0.903613 -0.428349 0
    outer loop
      vertex 132.56 48.0553 31.3
      vertex 132.581 48.011 30.7
      vertex 132.581 48.011 31.3
    endloop
  endfacet
  facet normal -0.955403 -0.295306 0
    outer loop
      vertex 132.56 48.0553 30.7
      vertex 132.543 48.1103 31.3
      vertex 132.543 48.1103 30.7
    endloop
  endfacet
  facet normal -0.955403 -0.295306 0
    outer loop
      vertex 132.543 48.1103 31.3
      vertex 132.56 48.0553 30.7
      vertex 132.56 48.0553 31.3
    endloop
  endfacet
  facet normal -0.977977 -0.208715 0
    outer loop
      vertex 132.543 48.1103 30.7
      vertex 132.529 48.1759 31.3
      vertex 132.529 48.1759 30.7
    endloop
  endfacet
  facet normal -0.977977 -0.208715 0
    outer loop
      vertex 132.529 48.1759 31.3
      vertex 132.543 48.1103 30.7
      vertex 132.543 48.1103 31.3
    endloop
  endfacet
  facet normal -0.993115 -0.117143 0
    outer loop
      vertex 132.529 48.1759 30.7
      vertex 132.52 48.2522 31.3
      vertex 132.52 48.2522 30.7
    endloop
  endfacet
  facet normal -0.993115 -0.117143 0
    outer loop
      vertex 132.52 48.2522 31.3
      vertex 132.529 48.1759 30.7
      vertex 132.529 48.1759 31.3
    endloop
  endfacet
  facet normal -0.997619 -0.0689599 0
    outer loop
      vertex 132.52 48.2522 30.7
      vertex 132.514 48.339 31.3
      vertex 132.514 48.339 30.7
    endloop
  endfacet
  facet normal -0.997619 -0.0689599 0
    outer loop
      vertex 132.514 48.339 31.3
      vertex 132.52 48.2522 30.7
      vertex 132.52 48.2522 31.3
    endloop
  endfacet
  facet normal -0.99979 -0.0204875 0
    outer loop
      vertex 132.514 48.339 30.7
      vertex 132.512 48.4366 31.3
      vertex 132.512 48.4366 30.7
    endloop
  endfacet
  facet normal -0.99979 -0.0204875 0
    outer loop
      vertex 132.512 48.4366 31.3
      vertex 132.514 48.339 30.7
      vertex 132.514 48.339 31.3
    endloop
  endfacet
  facet normal -1 0 0
    outer loop
      vertex 132.512 48.4366 30.7
      vertex 132.512 49.7725 31.3
      vertex 132.512 49.7725 30.7
    endloop
  endfacet
  facet normal -1 -0 0
    outer loop
      vertex 132.512 49.7725 31.3
      vertex 132.512 48.4366 30.7
      vertex 132.512 48.4366 31.3
    endloop
  endfacet
  facet normal -0.998524 -0.0543213 0
    outer loop
      vertex 132.512 49.7725 30.7
      vertex 132.501 49.9747 31.3
      vertex 132.501 49.9747 30.7
    endloop
  endfacet
  facet normal -0.998524 -0.0543213 0
    outer loop
      vertex 132.501 49.9747 31.3
      vertex 132.512 49.7725 30.7
      vertex 132.512 49.7725 31.3
    endloop
  endfacet
  facet normal -0.986423 -0.164227 0
    outer loop
      vertex 132.501 49.9747 30.7
      vertex 132.47 50.1609 31.3
      vertex 132.47 50.1609 30.7
    endloop
  endfacet
  facet normal -0.986423 -0.164227 0
    outer loop
      vertex 132.47 50.1609 31.3
      vertex 132.501 49.9747 30.7
      vertex 132.501 49.9747 31.3
    endloop
  endfacet
  facet normal -0.95636 -0.29219 0
    outer loop
      vertex 132.47 50.1609 30.7
      vertex 132.418 50.3311 31.3
      vertex 132.418 50.3311 30.7
    endloop
  endfacet
  facet normal -0.95636 -0.29219 0
    outer loop
      vertex 132.418 50.3311 31.3
      vertex 132.47 50.1609 30.7
      vertex 132.47 50.1609 31.3
    endloop
  endfacet
  facet normal -0.903726 -0.428112 0
    outer loop
      vertex 132.418 50.3311 30.7
      vertex 132.345 50.4852 31.3
      vertex 132.345 50.4852 30.7
    endloop
  endfacet
  facet normal -0.903726 -0.428112 0
    outer loop
      vertex 132.345 50.4852 31.3
      vertex 132.418 50.3311 30.7
      vertex 132.418 50.3311 31.3
    endloop
  endfacet
  facet normal -0.82686 -0.562408 0
    outer loop
      vertex 132.345 50.4852 30.7
      vertex 132.251 50.6234 31.3
      vertex 132.251 50.6234 30.7
    endloop
  endfacet
  facet normal -0.82686 -0.562408 0
    outer loop
      vertex 132.251 50.6234 31.3
      vertex 132.345 50.4852 30.7
      vertex 132.345 50.4852 31.3
    endloop
  endfacet
  facet normal -0.728235 -0.685328 0
    outer loop
      vertex 132.251 50.6234 30.7
      vertex 132.136 50.7456 31.3
      vertex 132.136 50.7456 30.7
    endloop
  endfacet
  facet normal -0.728235 -0.685328 0
    outer loop
      vertex 132.136 50.7456 31.3
      vertex 132.251 50.6234 30.7
      vertex 132.251 50.6234 31.3
    endloop
  endfacet
  facet normal -0.61248 -0.790486 0
    outer loop
      vertex 132.001 50.8502 30.7
      vertex 132.136 50.7456 31.3
      vertex 132.001 50.8502 31.3
    endloop
  endfacet
  facet normal -0.61248 -0.790486 -0
    outer loop
      vertex 132.136 50.7456 31.3
      vertex 132.001 50.8502 30.7
      vertex 132.136 50.7456 30.7
    endloop
  endfacet
  facet normal -0.490697 -0.87133 0
    outer loop
      vertex 131.849 50.9358 30.7
      vertex 132.001 50.8502 31.3
      vertex 131.849 50.9358 31.3
    endloop
  endfacet
  facet normal -0.490697 -0.87133 -0
    outer loop
      vertex 132.001 50.8502 31.3
      vertex 131.849 50.9358 30.7
      vertex 132.001 50.8502 30.7
    endloop
  endfacet
  facet normal -0.36664 -0.930363 0
    outer loop
      vertex 131.68 51.0024 30.7
      vertex 131.849 50.9358 31.3
      vertex 131.68 51.0024 31.3
    endloop
  endfacet
  facet normal -0.36664 -0.930363 -0
    outer loop
      vertex 131.849 50.9358 31.3
      vertex 131.68 51.0024 30.7
      vertex 131.849 50.9358 30.7
    endloop
  endfacet
  facet normal -0.244962 -0.969533 0
    outer loop
      vertex 131.492 51.0499 30.7
      vertex 131.68 51.0024 31.3
      vertex 131.492 51.0499 31.3
    endloop
  endfacet
  facet normal -0.244962 -0.969533 -0
    outer loop
      vertex 131.68 51.0024 31.3
      vertex 131.492 51.0499 30.7
      vertex 131.68 51.0024 30.7
    endloop
  endfacet
  facet normal -0.138174 -0.990408 0
    outer loop
      vertex 131.287 51.0785 30.7
      vertex 131.492 51.0499 31.3
      vertex 131.287 51.0785 31.3
    endloop
  endfacet
  facet normal -0.138174 -0.990408 -0
    outer loop
      vertex 131.492 51.0499 31.3
      vertex 131.287 51.0785 30.7
      vertex 131.492 51.0499 30.7
    endloop
  endfacet
  facet normal -0.0425623 -0.999094 0
    outer loop
      vertex 131.064 51.088 30.7
      vertex 131.287 51.0785 31.3
      vertex 131.064 51.088 31.3
    endloop
  endfacet
  facet normal -0.0425623 -0.999094 -0
    outer loop
      vertex 131.287 51.0785 31.3
      vertex 131.064 51.088 30.7
      vertex 131.287 51.0785 30.7
    endloop
  endfacet
  facet normal 0.0348205 -0.999394 0
    outer loop
      vertex 130.843 51.0803 30.7
      vertex 131.064 51.088 31.3
      vertex 130.843 51.0803 31.3
    endloop
  endfacet
  facet normal 0.0348205 -0.999394 0
    outer loop
      vertex 131.064 51.088 31.3
      vertex 130.843 51.0803 30.7
      vertex 131.064 51.088 30.7
    endloop
  endfacet
  facet normal 0.110961 -0.993825 0
    outer loop
      vertex 130.637 51.0573 30.7
      vertex 130.843 51.0803 31.3
      vertex 130.637 51.0573 31.3
    endloop
  endfacet
  facet normal 0.110961 -0.993825 0
    outer loop
      vertex 130.843 51.0803 31.3
      vertex 130.637 51.0573 30.7
      vertex 130.843 51.0803 30.7
    endloop
  endfacet
  facet normal 0.199107 -0.979978 0
    outer loop
      vertex 130.448 51.0189 30.7
      vertex 130.637 51.0573 31.3
      vertex 130.448 51.0189 31.3
    endloop
  endfacet
  facet normal 0.199107 -0.979978 0
    outer loop
      vertex 130.637 51.0573 31.3
      vertex 130.448 51.0189 30.7
      vertex 130.637 51.0573 30.7
    endloop
  endfacet
  facet normal 0.296451 -0.955048 0
    outer loop
      vertex 130.275 50.9652 30.7
      vertex 130.448 51.0189 31.3
      vertex 130.275 50.9652 31.3
    endloop
  endfacet
  facet normal 0.296451 -0.955048 0
    outer loop
      vertex 130.448 51.0189 31.3
      vertex 130.275 50.9652 30.7
      vertex 130.448 51.0189 30.7
    endloop
  endfacet
  facet normal 0.402836 -0.915272 0
    outer loop
      vertex 130.118 50.8961 30.7
      vertex 130.275 50.9652 31.3
      vertex 130.118 50.8961 31.3
    endloop
  endfacet
  facet normal 0.402836 -0.915272 0
    outer loop
      vertex 130.275 50.9652 31.3
      vertex 130.118 50.8961 30.7
      vertex 130.275 50.9652 30.7
    endloop
  endfacet
  facet normal 0.513601 -0.858029 0
    outer loop
      vertex 129.977 50.8117 30.7
      vertex 130.118 50.8961 31.3
      vertex 129.977 50.8117 31.3
    endloop
  endfacet
  facet normal 0.513601 -0.858029 0
    outer loop
      vertex 130.118 50.8961 31.3
      vertex 129.977 50.8117 30.7
      vertex 130.118 50.8961 30.7
    endloop
  endfacet
  facet normal 0.625462 -0.780255 0
    outer loop
      vertex 129.853 50.7123 30.7
      vertex 129.977 50.8117 31.3
      vertex 129.853 50.7123 31.3
    endloop
  endfacet
  facet normal 0.625462 -0.780255 0
    outer loop
      vertex 129.977 50.8117 31.3
      vertex 129.853 50.7123 30.7
      vertex 129.977 50.8117 30.7
    endloop
  endfacet
  facet normal 0.728238 -0.685325 0
    outer loop
      vertex 129.746 50.5986 31.3
      vertex 129.853 50.7123 30.7
      vertex 129.853 50.7123 31.3
    endloop
  endfacet
  facet normal 0.728238 -0.685325 0
    outer loop
      vertex 129.853 50.7123 30.7
      vertex 129.746 50.5986 31.3
      vertex 129.746 50.5986 30.7
    endloop
  endfacet
  facet normal 0.81824 -0.574876 0
    outer loop
      vertex 129.656 50.4705 31.3
      vertex 129.746 50.5986 30.7
      vertex 129.746 50.5986 31.3
    endloop
  endfacet
  facet normal 0.81824 -0.574876 0
    outer loop
      vertex 129.746 50.5986 30.7
      vertex 129.656 50.4705 31.3
      vertex 129.656 50.4705 30.7
    endloop
  endfacet
  facet normal 0.890012 -0.455936 0
    outer loop
      vertex 129.583 50.328 31.3
      vertex 129.656 50.4705 30.7
      vertex 129.656 50.4705 31.3
    endloop
  endfacet
  facet normal 0.890012 -0.455936 0
    outer loop
      vertex 129.656 50.4705 30.7
      vertex 129.583 50.328 31.3
      vertex 129.583 50.328 30.7
    endloop
  endfacet
  facet normal 0.941878 -0.335956 0
    outer loop
      vertex 129.527 50.171 31.3
      vertex 129.583 50.328 30.7
      vertex 129.583 50.328 31.3
    endloop
  endfacet
  facet normal 0.941878 -0.335956 0
    outer loop
      vertex 129.583 50.328 30.7
      vertex 129.527 50.171 31.3
      vertex 129.527 50.171 30.7
    endloop
  endfacet
  facet normal 0.975049 -0.22199 0
    outer loop
      vertex 129.488 49.9997 31.3
      vertex 129.527 50.171 30.7
      vertex 129.527 50.171 31.3
    endloop
  endfacet
  facet normal 0.975049 -0.22199 0
    outer loop
      vertex 129.527 50.171 30.7
      vertex 129.488 49.9997 31.3
      vertex 129.488 49.9997 30.7
    endloop
  endfacet
  facet normal 0.0477802 0.998858 -0
    outer loop
      vertex 130.481 49.9522 30.7
      vertex 129.488 49.9997 31.3
      vertex 130.481 49.9522 31.3
    endloop
  endfacet
  facet normal 0.0477802 0.998858 0
    outer loop
      vertex 129.488 49.9997 31.3
      vertex 130.481 49.9522 30.7
      vertex 129.488 49.9997 30.7
    endloop
  endfacet
  facet normal -0.989335 0.145655 0
    outer loop
      vertex 130.481 49.9522 30.7
      vertex 130.494 50.0405 31.3
      vertex 130.494 50.0405 30.7
    endloop
  endfacet
  facet normal -0.989335 0.145655 0
    outer loop
      vertex 130.494 50.0405 31.3
      vertex 130.481 49.9522 30.7
      vertex 130.481 49.9522 31.3
    endloop
  endfacet
  facet normal -0.975313 0.220826 0
    outer loop
      vertex 130.494 50.0405 30.7
      vertex 130.512 50.12 31.3
      vertex 130.512 50.12 30.7
    endloop
  endfacet
  facet normal -0.975313 0.220826 0
    outer loop
      vertex 130.512 50.12 31.3
      vertex 130.494 50.0405 30.7
      vertex 130.494 50.0405 31.3
    endloop
  endfacet
  facet normal -0.951074 0.308965 0
    outer loop
      vertex 130.512 50.12 30.7
      vertex 130.535 50.1908 31.3
      vertex 130.535 50.1908 30.7
    endloop
  endfacet
  facet normal -0.951074 0.308965 0
    outer loop
      vertex 130.535 50.1908 31.3
      vertex 130.512 50.12 30.7
      vertex 130.512 50.12 31.3
    endloop
  endfacet
  facet normal -0.911371 0.411587 0
    outer loop
      vertex 130.535 50.1908 30.7
      vertex 130.563 50.2528 31.3
      vertex 130.563 50.2528 30.7
    endloop
  endfacet
  facet normal -0.911371 0.411587 0
    outer loop
      vertex 130.563 50.2528 31.3
      vertex 130.535 50.1908 30.7
      vertex 130.535 50.1908 31.3
    endloop
  endfacet
  facet normal -0.843075 0.537796 0
    outer loop
      vertex 130.563 50.2528 30.7
      vertex 130.597 50.3061 31.3
      vertex 130.597 50.3061 30.7
    endloop
  endfacet
  facet normal -0.843075 0.537796 0
    outer loop
      vertex 130.597 50.3061 31.3
      vertex 130.563 50.2528 30.7
      vertex 130.563 50.2528 31.3
    endloop
  endfacet
  facet normal -0.760462 0.649383 0
    outer loop
      vertex 130.597 50.3061 30.7
      vertex 130.635 50.3506 31.3
      vertex 130.635 50.3506 30.7
    endloop
  endfacet
  facet normal -0.760462 0.649383 0
    outer loop
      vertex 130.635 50.3506 31.3
      vertex 130.597 50.3061 30.7
      vertex 130.597 50.3061 31.3
    endloop
  endfacet
  facet normal -0.63305 0.774111 0
    outer loop
      vertex 130.68 50.3874 30.7
      vertex 130.635 50.3506 31.3
      vertex 130.68 50.3874 31.3
    endloop
  endfacet
  facet normal -0.63305 0.774111 0
    outer loop
      vertex 130.635 50.3506 31.3
      vertex 130.68 50.3874 30.7
      vertex 130.635 50.3506 30.7
    endloop
  endfacet
  facet normal -0.492598 0.870257 0
    outer loop
      vertex 130.733 50.4174 30.7
      vertex 130.68 50.3874 31.3
      vertex 130.733 50.4174 31.3
    endloop
  endfacet
  facet normal -0.492598 0.870257 0
    outer loop
      vertex 130.68 50.3874 31.3
      vertex 130.733 50.4174 30.7
      vertex 130.68 50.3874 30.7
    endloop
  endfacet
  facet normal -0.358158 0.933661 0
    outer loop
      vertex 130.794 50.4408 30.7
      vertex 130.733 50.4174 31.3
      vertex 130.794 50.4408 31.3
    endloop
  endfacet
  facet normal -0.358158 0.933661 0
    outer loop
      vertex 130.733 50.4174 31.3
      vertex 130.794 50.4408 30.7
      vertex 130.733 50.4174 30.7
    endloop
  endfacet
  facet normal -0.236567 0.971615 0
    outer loop
      vertex 130.863 50.4576 30.7
      vertex 130.794 50.4408 31.3
      vertex 130.863 50.4576 31.3
    endloop
  endfacet
  facet normal -0.236567 0.971615 0
    outer loop
      vertex 130.794 50.4408 31.3
      vertex 130.863 50.4576 30.7
      vertex 130.794 50.4408 30.7
    endloop
  endfacet
  facet normal -0.130455 0.991454 0
    outer loop
      vertex 130.939 50.4676 30.7
      vertex 130.863 50.4576 31.3
      vertex 130.939 50.4676 31.3
    endloop
  endfacet
  facet normal -0.130455 0.991454 0
    outer loop
      vertex 130.863 50.4576 31.3
      vertex 130.939 50.4676 30.7
      vertex 130.863 50.4576 30.7
    endloop
  endfacet
  facet normal -0.0404431 0.999182 0
    outer loop
      vertex 131.023 50.471 30.7
      vertex 130.939 50.4676 31.3
      vertex 131.023 50.471 31.3
    endloop
  endfacet
  facet normal -0.0404431 0.999182 0
    outer loop
      vertex 130.939 50.4676 31.3
      vertex 131.023 50.471 30.7
      vertex 130.939 50.4676 30.7
    endloop
  endfacet
  facet normal 0.0537683 0.998553 -0
    outer loop
      vertex 131.114 50.4661 30.7
      vertex 131.023 50.471 31.3
      vertex 131.114 50.4661 31.3
    endloop
  endfacet
  facet normal 0.0537683 0.998553 0
    outer loop
      vertex 131.023 50.471 31.3
      vertex 131.114 50.4661 30.7
      vertex 131.023 50.471 30.7
    endloop
  endfacet
  facet normal 0.175292 0.984516 -0
    outer loop
      vertex 131.196 50.4515 30.7
      vertex 131.114 50.4661 31.3
      vertex 131.196 50.4515 31.3
    endloop
  endfacet
  facet normal 0.175292 0.984516 0
    outer loop
      vertex 131.114 50.4661 31.3
      vertex 131.196 50.4515 30.7
      vertex 131.114 50.4661 30.7
    endloop
  endfacet
  facet normal 0.318597 0.94789 -0
    outer loop
      vertex 131.268 50.4273 30.7
      vertex 131.196 50.4515 31.3
      vertex 131.268 50.4273 31.3
    endloop
  endfacet
  facet normal 0.318597 0.94789 0
    outer loop
      vertex 131.196 50.4515 31.3
      vertex 131.268 50.4273 30.7
      vertex 131.196 50.4515 30.7
    endloop
  endfacet
  facet normal 0.469155 0.883116 -0
    outer loop
      vertex 131.332 50.3933 30.7
      vertex 131.268 50.4273 31.3
      vertex 131.332 50.3933 31.3
    endloop
  endfacet
  facet normal 0.469155 0.883116 0
    outer loop
      vertex 131.268 50.4273 31.3
      vertex 131.332 50.3933 30.7
      vertex 131.268 50.4273 30.7
    endloop
  endfacet
  facet normal 0.621214 0.783641 -0
    outer loop
      vertex 131.387 50.3497 30.7
      vertex 131.332 50.3933 31.3
      vertex 131.387 50.3497 31.3
    endloop
  endfacet
  facet normal 0.621214 0.783641 0
    outer loop
      vertex 131.332 50.3933 31.3
      vertex 131.387 50.3497 30.7
      vertex 131.332 50.3933 30.7
    endloop
  endfacet
  facet normal 0.750658 0.660691 0
    outer loop
      vertex 131.434 50.2963 31.3
      vertex 131.387 50.3497 30.7
      vertex 131.387 50.3497 31.3
    endloop
  endfacet
  facet normal 0.750658 0.660691 0
    outer loop
      vertex 131.387 50.3497 30.7
      vertex 131.434 50.2963 31.3
      vertex 131.434 50.2963 30.7
    endloop
  endfacet
  facet normal 0.857373 0.514695 0
    outer loop
      vertex 131.472 50.233 31.3
      vertex 131.434 50.2963 30.7
      vertex 131.434 50.2963 31.3
    endloop
  endfacet
  facet normal 0.857373 0.514695 0
    outer loop
      vertex 131.434 50.2963 30.7
      vertex 131.472 50.233 31.3
      vertex 131.472 50.233 30.7
    endloop
  endfacet
  facet normal 0.921588 0.388169 0
    outer loop
      vertex 131.503 50.1594 31.3
      vertex 131.472 50.233 30.7
      vertex 131.472 50.233 31.3
    endloop
  endfacet
  facet normal 0.921588 0.388169 0
    outer loop
      vertex 131.472 50.233 30.7
      vertex 131.503 50.1594 31.3
      vertex 131.503 50.1594 30.7
    endloop
  endfacet
  facet normal 0.958359 0.285566 0
    outer loop
      vertex 131.528 50.0755 31.3
      vertex 131.503 50.1594 30.7
      vertex 131.503 50.1594 31.3
    endloop
  endfacet
  facet normal 0.958359 0.285566 0
    outer loop
      vertex 131.503 50.1594 30.7
      vertex 131.528 50.0755 31.3
      vertex 131.528 50.0755 30.7
    endloop
  endfacet
  facet normal 0.98407 0.177781 0
    outer loop
      vertex 131.545 49.9814 31.3
      vertex 131.528 50.0755 30.7
      vertex 131.528 50.0755 31.3
    endloop
  endfacet
  facet normal 0.98407 0.177781 0
    outer loop
      vertex 131.528 50.0755 30.7
      vertex 131.545 49.9814 31.3
      vertex 131.545 49.9814 30.7
    endloop
  endfacet
  facet normal 0.994495 0.104784 0
    outer loop
      vertex 131.556 49.877 31.3
      vertex 131.545 49.9814 30.7
      vertex 131.545 49.9814 31.3
    endloop
  endfacet
  facet normal 0.994495 0.104784 0
    outer loop
      vertex 131.545 49.9814 30.7
      vertex 131.556 49.877 31.3
      vertex 131.556 49.877 30.7
    endloop
  endfacet
  facet normal 0.999658 0.0261462 0
    outer loop
      vertex 131.559 49.7623 31.3
      vertex 131.556 49.877 30.7
      vertex 131.556 49.877 31.3
    endloop
  endfacet
  facet normal 0.999658 0.0261462 0
    outer loop
      vertex 131.556 49.877 30.7
      vertex 131.559 49.7623 31.3
      vertex 131.559 49.7623 30.7
    endloop
  endfacet
  facet normal 1 -0 0
    outer loop
      vertex 131.559 49.5758 31.3
      vertex 131.559 49.7623 30.7
      vertex 131.559 49.7623 31.3
    endloop
  endfacet
  facet normal 1 0 0
    outer loop
      vertex 131.559 49.7623 30.7
      vertex 131.559 49.5758 31.3
      vertex 131.559 49.5758 30.7
    endloop
  endfacet
  facet normal 0.0170861 -0.999854 0
    outer loop
      vertex 130.769 49.5623 30.7
      vertex 131.559 49.5758 31.3
      vertex 130.769 49.5623 31.3
    endloop
  endfacet
  facet normal 0.0170861 -0.999854 0
    outer loop
      vertex 131.559 49.5758 31.3
      vertex 130.769 49.5623 30.7
      vertex 131.559 49.5758 30.7
    endloop
  endfacet
  facet normal 0.0459691 -0.998943 0
    outer loop
      vertex 130.543 49.5519 30.7
      vertex 130.769 49.5623 31.3
      vertex 130.543 49.5519 31.3
    endloop
  endfacet
  facet normal 0.0459691 -0.998943 0
    outer loop
      vertex 130.769 49.5623 31.3
      vertex 130.543 49.5519 30.7
      vertex 130.769 49.5623 30.7
    endloop
  endfacet
  facet normal 0.127454 -0.991844 0
    outer loop
      vertex 130.336 49.5253 30.7
      vertex 130.543 49.5519 31.3
      vertex 130.336 49.5253 31.3
    endloop
  endfacet
  facet normal 0.127454 -0.991844 0
    outer loop
      vertex 130.543 49.5519 31.3
      vertex 130.336 49.5253 30.7
      vertex 130.543 49.5519 30.7
    endloop
  endfacet
  facet normal 0.220372 -0.975416 0
    outer loop
      vertex 130.147 49.4826 30.7
      vertex 130.336 49.5253 31.3
      vertex 130.147 49.4826 31.3
    endloop
  endfacet
  facet normal 0.220372 -0.975416 0
    outer loop
      vertex 130.336 49.5253 31.3
      vertex 130.147 49.4826 30.7
      vertex 130.336 49.5253 30.7
    endloop
  endfacet
  facet normal 0.327874 -0.944721 0
    outer loop
      vertex 129.977 49.4236 30.7
      vertex 130.147 49.4826 31.3
      vertex 129.977 49.4236 31.3
    endloop
  endfacet
  facet normal 0.327874 -0.944721 0
    outer loop
      vertex 130.147 49.4826 31.3
      vertex 129.977 49.4236 30.7
      vertex 130.147 49.4826 30.7
    endloop
  endfacet
  facet normal 0.44579 -0.895137 0
    outer loop
      vertex 129.826 49.3484 30.7
      vertex 129.977 49.4236 31.3
      vertex 129.826 49.3484 31.3
    endloop
  endfacet
  facet normal 0.44579 -0.895137 0
    outer loop
      vertex 129.977 49.4236 31.3
      vertex 129.826 49.3484 30.7
      vertex 129.977 49.4236 30.7
    endloop
  endfacet
  facet normal 0.56595 -0.82444 0
    outer loop
      vertex 129.693 49.2571 30.7
      vertex 129.826 49.3484 31.3
      vertex 129.693 49.2571 31.3
    endloop
  endfacet
  facet normal 0.56595 -0.82444 0
    outer loop
      vertex 129.826 49.3484 31.3
      vertex 129.693 49.2571 30.7
      vertex 129.826 49.3484 30.7
    endloop
  endfacet
  facet normal 0.684367 -0.729138 0
    outer loop
      vertex 129.579 49.1501 30.7
      vertex 129.693 49.2571 31.3
      vertex 129.579 49.1501 31.3
    endloop
  endfacet
  facet normal 0.684367 -0.729138 0
    outer loop
      vertex 129.693 49.2571 31.3
      vertex 129.579 49.1501 30.7
      vertex 129.693 49.2571 30.7
    endloop
  endfacet
  facet normal 0.795521 -0.605925 0
    outer loop
      vertex 129.486 49.028 31.3
      vertex 129.579 49.1501 30.7
      vertex 129.579 49.1501 31.3
    endloop
  endfacet
  facet normal 0.795521 -0.605925 0
    outer loop
      vertex 129.579 49.1501 30.7
      vertex 129.486 49.028 31.3
      vertex 129.486 49.028 30.7
    endloop
  endfacet
  facet normal 0.885338 -0.464948 0
    outer loop
      vertex 129.414 48.8909 31.3
      vertex 129.486 49.028 30.7
      vertex 129.486 49.028 31.3
    endloop
  endfacet
  facet normal 0.885338 -0.464948 0
    outer loop
      vertex 129.486 49.028 30.7
      vertex 129.414 48.8909 31.3
      vertex 129.414 48.8909 30.7
    endloop
  endfacet
  facet normal 0.948184 -0.317723 0
    outer loop
      vertex 129.363 48.7387 31.3
      vertex 129.414 48.8909 30.7
      vertex 129.414 48.8909 31.3
    endloop
  endfacet
  facet normal 0.948184 -0.317723 0
    outer loop
      vertex 129.414 48.8909 30.7
      vertex 129.363 48.7387 31.3
      vertex 129.363 48.7387 30.7
    endloop
  endfacet
  facet normal 0.983263 -0.182194 0
    outer loop
      vertex 129.332 48.5714 31.3
      vertex 129.363 48.7387 30.7
      vertex 129.363 48.7387 31.3
    endloop
  endfacet
  facet normal 0.983263 -0.182194 0
    outer loop
      vertex 129.363 48.7387 30.7
      vertex 129.332 48.5714 31.3
      vertex 129.332 48.5714 30.7
    endloop
  endfacet
  facet normal 0.998184 -0.0602306 0
    outer loop
      vertex 129.321 48.3891 31.3
      vertex 129.332 48.5714 30.7
      vertex 129.332 48.5714 31.3
    endloop
  endfacet
  facet normal 0.998184 -0.0602306 0
    outer loop
      vertex 129.332 48.5714 30.7
      vertex 129.321 48.3891 31.3
      vertex 129.321 48.3891 30.7
    endloop
  endfacet
  facet normal 0.998578 0.0533049 0
    outer loop
      vertex 129.33 48.2205 31.3
      vertex 129.321 48.3891 30.7
      vertex 129.321 48.3891 31.3
    endloop
  endfacet
  facet normal 0.998578 0.0533049 0
    outer loop
      vertex 129.321 48.3891 30.7
      vertex 129.33 48.2205 31.3
      vertex 129.33 48.2205 30.7
    endloop
  endfacet
  facet normal 0.987337 0.158634 0
    outer loop
      vertex 129.355 48.0649 31.3
      vertex 129.33 48.2205 30.7
      vertex 129.33 48.2205 31.3
    endloop
  endfacet
  facet normal 0.987337 0.158634 0
    outer loop
      vertex 129.33 48.2205 30.7
      vertex 129.355 48.0649 31.3
      vertex 129.355 48.0649 30.7
    endloop
  endfacet
  facet normal 0.960962 0.276681 0
    outer loop
      vertex 129.396 47.9225 31.3
      vertex 129.355 48.0649 30.7
      vertex 129.355 48.0649 31.3
    endloop
  endfacet
  facet normal 0.960962 0.276681 0
    outer loop
      vertex 129.355 48.0649 30.7
      vertex 129.396 47.9225 31.3
      vertex 129.396 47.9225 30.7
    endloop
  endfacet
  facet normal 0.912527 0.409015 0
    outer loop
      vertex 129.454 47.7931 31.3
      vertex 129.396 47.9225 30.7
      vertex 129.396 47.9225 31.3
    endloop
  endfacet
  facet normal 0.912527 0.409015 0
    outer loop
      vertex 129.396 47.9225 30.7
      vertex 129.454 47.7931 31.3
      vertex 129.454 47.7931 30.7
    endloop
  endfacet
  facet normal 0.84019 0.542292 0
    outer loop
      vertex 129.529 47.6769 31.3
      vertex 129.454 47.7931 30.7
      vertex 129.454 47.7931 31.3
    endloop
  endfacet
  facet normal 0.84019 0.542292 0
    outer loop
      vertex 129.454 47.7931 30.7
      vertex 129.529 47.6769 31.3
      vertex 129.529 47.6769 30.7
    endloop
  endfacet
  facet normal 0.75005 0.661381 0
    outer loop
      vertex 129.62 47.5737 31.3
      vertex 129.529 47.6769 30.7
      vertex 129.529 47.6769 31.3
    endloop
  endfacet
  facet normal 0.75005 0.661381 0
    outer loop
      vertex 129.529 47.6769 30.7
      vertex 129.62 47.5737 31.3
      vertex 129.62 47.5737 30.7
    endloop
  endfacet
  facet normal 0.641323 0.767271 -0
    outer loop
      vertex 129.726 47.4851 30.7
      vertex 129.62 47.5737 31.3
      vertex 129.726 47.4851 31.3
    endloop
  endfacet
  facet normal 0.641323 0.767271 0
    outer loop
      vertex 129.62 47.5737 31.3
      vertex 129.726 47.4851 30.7
      vertex 129.62 47.5737 30.7
    endloop
  endfacet
  facet normal 0.520288 0.853991 -0
    outer loop
      vertex 129.845 47.4126 30.7
      vertex 129.726 47.4851 31.3
      vertex 129.845 47.4126 31.3
    endloop
  endfacet
  facet normal 0.520288 0.853991 0
    outer loop
      vertex 129.726 47.4851 31.3
      vertex 129.845 47.4126 30.7
      vertex 129.726 47.4851 30.7
    endloop
  endfacet
  facet normal 0.39291 0.919577 -0
    outer loop
      vertex 129.977 47.3562 30.7
      vertex 129.845 47.4126 31.3
      vertex 129.977 47.3562 31.3
    endloop
  endfacet
  facet normal 0.39291 0.919577 0
    outer loop
      vertex 129.845 47.4126 31.3
      vertex 129.977 47.3562 30.7
      vertex 129.845 47.4126 30.7
    endloop
  endfacet
  facet normal 0.267164 0.963651 -0
    outer loop
      vertex 130.122 47.316 30.7
      vertex 129.977 47.3562 31.3
      vertex 130.122 47.316 31.3
    endloop
  endfacet
  facet normal 0.267164 0.963651 0
    outer loop
      vertex 129.977 47.3562 31.3
      vertex 130.122 47.316 30.7
      vertex 129.977 47.3562 30.7
    endloop
  endfacet
  facet normal 0.151399 0.988473 -0
    outer loop
      vertex 130.28 47.2918 30.7
      vertex 130.122 47.316 31.3
      vertex 130.28 47.2918 31.3
    endloop
  endfacet
  facet normal 0.151399 0.988473 0
    outer loop
      vertex 130.122 47.316 31.3
      vertex 130.28 47.2918 30.7
      vertex 130.122 47.316 30.7
    endloop
  endfacet
  facet normal 0.0470068 0.998895 -0
    outer loop
      vertex 130.45 47.2838 30.7
      vertex 130.28 47.2918 31.3
      vertex 130.45 47.2838 31.3
    endloop
  endfacet
  facet normal 0.0470068 0.998895 0
    outer loop
      vertex 130.28 47.2918 31.3
      vertex 130.45 47.2838 30.7
      vertex 130.28 47.2918 30.7
    endloop
  endfacet
  facet normal -0.0772875 0.997009 0
    outer loop
      vertex 130.708 47.3038 30.7
      vertex 130.45 47.2838 31.3
      vertex 130.708 47.3038 31.3
    endloop
  endfacet
  facet normal -0.0772875 0.997009 0
    outer loop
      vertex 130.45 47.2838 31.3
      vertex 130.708 47.3038 30.7
      vertex 130.45 47.2838 30.7
    endloop
  endfacet
  facet normal -0.173973 -0.98475 0
    outer loop
      vertex 130.631 47.9625 30.7
      vertex 130.691 47.9519 31.3
      vertex 130.631 47.9625 31.3
    endloop
  endfacet
  facet normal -0.173973 -0.98475 -0
    outer loop
      vertex 130.691 47.9519 31.3
      vertex 130.631 47.9625 30.7
      vertex 130.691 47.9519 30.7
    endloop
  endfacet
  facet normal -0.299827 -0.953994 0
    outer loop
      vertex 130.575 47.9801 30.7
      vertex 130.631 47.9625 31.3
      vertex 130.575 47.9801 31.3
    endloop
  endfacet
  facet normal -0.299827 -0.953994 -0
    outer loop
      vertex 130.631 47.9625 31.3
      vertex 130.575 47.9801 30.7
      vertex 130.631 47.9625 30.7
    endloop
  endfacet
  facet normal -0.435884 -0.900003 0
    outer loop
      vertex 130.524 48.0048 30.7
      vertex 130.575 47.9801 31.3
      vertex 130.524 48.0048 31.3
    endloop
  endfacet
  facet normal -0.435884 -0.900003 -0
    outer loop
      vertex 130.575 47.9801 31.3
      vertex 130.524 48.0048 30.7
      vertex 130.575 47.9801 30.7
    endloop
  endfacet
  facet normal -0.568652 -0.822578 0
    outer loop
      vertex 130.478 48.0366 30.7
      vertex 130.524 48.0048 31.3
      vertex 130.478 48.0366 31.3
    endloop
  endfacet
  facet normal -0.568652 -0.822578 -0
    outer loop
      vertex 130.524 48.0048 31.3
      vertex 130.478 48.0366 30.7
      vertex 130.524 48.0048 30.7
    endloop
  endfacet
  facet normal -0.670868 -0.741577 0
    outer loop
      vertex 130.435 48.0755 30.7
      vertex 130.478 48.0366 31.3
      vertex 130.435 48.0755 31.3
    endloop
  endfacet
  facet normal -0.670868 -0.741577 -0
    outer loop
      vertex 130.478 48.0366 31.3
      vertex 130.435 48.0755 30.7
      vertex 130.478 48.0366 30.7
    endloop
  endfacet
  facet normal -0.779878 -0.625932 0
    outer loop
      vertex 130.435 48.0755 30.7
      vertex 130.398 48.1216 31.3
      vertex 130.398 48.1216 30.7
    endloop
  endfacet
  facet normal -0.779878 -0.625932 0
    outer loop
      vertex 130.398 48.1216 31.3
      vertex 130.435 48.0755 30.7
      vertex 130.435 48.0755 31.3
    endloop
  endfacet
  facet normal -0.872228 -0.4891 0
    outer loop
      vertex 130.398 48.1216 30.7
      vertex 130.368 48.1751 31.3
      vertex 130.368 48.1751 30.7
    endloop
  endfacet
  facet normal -0.872228 -0.4891 0
    outer loop
      vertex 130.368 48.1751 31.3
      vertex 130.398 48.1216 30.7
      vertex 130.398 48.1216 31.3
    endloop
  endfacet
  facet normal -0.935697 -0.352804 0
    outer loop
      vertex 130.368 48.1751 30.7
      vertex 130.345 48.2361 31.3
      vertex 130.345 48.2361 30.7
    endloop
  endfacet
  facet normal -0.935697 -0.352804 0
    outer loop
      vertex 130.345 48.2361 31.3
      vertex 130.368 48.1751 30.7
      vertex 130.368 48.1751 31.3
    endloop
  endfacet
  facet normal -0.970475 -0.2412 0
    outer loop
      vertex 130.345 48.2361 30.7
      vertex 130.328 48.3045 31.3
      vertex 130.328 48.3045 30.7
    endloop
  endfacet
  facet normal -0.970475 -0.2412 0
    outer loop
      vertex 130.328 48.3045 31.3
      vertex 130.345 48.2361 30.7
      vertex 130.345 48.2361 31.3
    endloop
  endfacet
  facet normal -0.991432 -0.130623 0
    outer loop
      vertex 130.328 48.3045 30.7
      vertex 130.318 48.3804 31.3
      vertex 130.318 48.3804 30.7
    endloop
  endfacet
  facet normal -0.991432 -0.130623 0
    outer loop
      vertex 130.318 48.3804 31.3
      vertex 130.328 48.3045 30.7
      vertex 130.328 48.3045 31.3
    endloop
  endfacet
  facet normal -0.999352 -0.0359911 0
    outer loop
      vertex 130.318 48.3804 30.7
      vertex 130.315 48.4637 31.3
      vertex 130.315 48.4637 30.7
    endloop
  endfacet
  facet normal -0.999352 -0.0359911 0
    outer loop
      vertex 130.315 48.4637 31.3
      vertex 130.318 48.3804 30.7
      vertex 130.318 48.3804 31.3
    endloop
  endfacet
  facet normal -0.999536 0.0304736 0
    outer loop
      vertex 130.315 48.4637 30.7
      vertex 130.317 48.5293 31.3
      vertex 130.317 48.5293 30.7
    endloop
  endfacet
  facet normal -0.999536 0.0304736 0
    outer loop
      vertex 130.317 48.5293 31.3
      vertex 130.315 48.4637 30.7
      vertex 130.315 48.4637 31.3
    endloop
  endfacet
  facet normal -0.995197 0.0978883 0
    outer loop
      vertex 130.317 48.5293 30.7
      vertex 130.323 48.5903 31.3
      vertex 130.323 48.5903 30.7
    endloop
  endfacet
  facet normal -0.995197 0.0978883 0
    outer loop
      vertex 130.323 48.5903 31.3
      vertex 130.317 48.5293 30.7
      vertex 130.317 48.5293 31.3
    endloop
  endfacet
  facet normal -0.984696 0.174282 0
    outer loop
      vertex 130.323 48.5903 30.7
      vertex 130.333 48.6468 31.3
      vertex 130.333 48.6468 30.7
    endloop
  endfacet
  facet normal -0.984696 0.174282 0
    outer loop
      vertex 130.333 48.6468 31.3
      vertex 130.323 48.5903 30.7
      vertex 130.323 48.5903 31.3
    endloop
  endfacet
  facet normal -0.965616 0.259973 0
    outer loop
      vertex 130.333 48.6468 30.7
      vertex 130.347 48.6988 31.3
      vertex 130.347 48.6988 30.7
    endloop
  endfacet
  facet normal -0.965616 0.259973 0
    outer loop
      vertex 130.347 48.6988 31.3
      vertex 130.333 48.6468 30.7
      vertex 130.333 48.6468 31.3
    endloop
  endfacet
  facet normal -0.934862 0.355011 0
    outer loop
      vertex 130.347 48.6988 30.7
      vertex 130.365 48.7462 31.3
      vertex 130.365 48.7462 30.7
    endloop
  endfacet
  facet normal -0.934862 0.355011 0
    outer loop
      vertex 130.365 48.7462 31.3
      vertex 130.347 48.6988 30.7
      vertex 130.347 48.6988 31.3
    endloop
  endfacet
  facet normal -0.881785 0.471652 0
    outer loop
      vertex 130.365 48.7462 30.7
      vertex 130.388 48.7892 31.3
      vertex 130.388 48.7892 30.7
    endloop
  endfacet
  facet normal -0.881785 0.471652 0
    outer loop
      vertex 130.388 48.7892 31.3
      vertex 130.365 48.7462 30.7
      vertex 130.365 48.7462 31.3
    endloop
  endfacet
  facet normal -0.831392 0.555686 0
    outer loop
      vertex 130.388 48.7892 30.7
      vertex 130.414 48.8281 31.3
      vertex 130.414 48.8281 30.7
    endloop
  endfacet
  facet normal -0.831392 0.555686 0
    outer loop
      vertex 130.414 48.8281 31.3
      vertex 130.388 48.7892 30.7
      vertex 130.388 48.7892 31.3
    endloop
  endfacet
  facet normal -0.763794 0.64546 0
    outer loop
      vertex 130.414 48.8281 30.7
      vertex 130.444 48.8636 31.3
      vertex 130.444 48.8636 30.7
    endloop
  endfacet
  facet normal -0.763794 0.64546 0
    outer loop
      vertex 130.444 48.8636 31.3
      vertex 130.414 48.8281 30.7
      vertex 130.414 48.8281 31.3
    endloop
  endfacet
  facet normal -0.696146 0.7179 0
    outer loop
      vertex 130.477 48.8956 30.7
      vertex 130.444 48.8636 31.3
      vertex 130.477 48.8956 31.3
    endloop
  endfacet
  facet normal -0.696146 0.7179 0
    outer loop
      vertex 130.444 48.8636 31.3
      vertex 130.477 48.8956 30.7
      vertex 130.444 48.8636 30.7
    endloop
  endfacet
  facet normal -0.610228 0.792226 0
    outer loop
      vertex 130.514 48.9241 30.7
      vertex 130.477 48.8956 31.3
      vertex 130.514 48.9241 31.3
    endloop
  endfacet
  facet normal -0.610228 0.792226 0
    outer loop
      vertex 130.477 48.8956 31.3
      vertex 130.514 48.9241 30.7
      vertex 130.477 48.8956 30.7
    endloop
  endfacet
  facet normal -0.520607 0.853796 0
    outer loop
      vertex 130.555 48.9491 30.7
      vertex 130.514 48.9241 31.3
      vertex 130.555 48.9491 31.3
    endloop
  endfacet
  facet normal -0.520607 0.853796 0
    outer loop
      vertex 130.514 48.9241 31.3
      vertex 130.555 48.9491 30.7
      vertex 130.514 48.9241 30.7
    endloop
  endfacet
  facet normal -0.431101 0.902304 0
    outer loop
      vertex 130.6 48.9706 30.7
      vertex 130.555 48.9491 31.3
      vertex 130.6 48.9706 31.3
    endloop
  endfacet
  facet normal -0.431101 0.902304 0
    outer loop
      vertex 130.555 48.9491 31.3
      vertex 130.6 48.9706 30.7
      vertex 130.555 48.9491 30.7
    endloop
  endfacet
  facet normal -0.341003 0.940062 0
    outer loop
      vertex 130.651 48.9891 30.7
      vertex 130.6 48.9706 31.3
      vertex 130.651 48.9891 31.3
    endloop
  endfacet
  facet normal -0.341003 0.940062 0
    outer loop
      vertex 130.6 48.9706 31.3
      vertex 130.651 48.9891 30.7
      vertex 130.6 48.9706 30.7
    endloop
  endfacet
  facet normal -0.244708 0.969597 0
    outer loop
      vertex 130.714 49.005 30.7
      vertex 130.651 48.9891 31.3
      vertex 130.714 49.005 31.3
    endloop
  endfacet
  facet normal -0.244708 0.969597 0
    outer loop
      vertex 130.651 48.9891 31.3
      vertex 130.714 49.005 30.7
      vertex 130.651 48.9891 30.7
    endloop
  endfacet
  facet normal -0.181848 0.983327 0
    outer loop
      vertex 130.787 49.0185 30.7
      vertex 130.714 49.005 31.3
      vertex 130.787 49.0185 31.3
    endloop
  endfacet
  facet normal -0.181848 0.983327 0
    outer loop
      vertex 130.714 49.005 31.3
      vertex 130.787 49.0185 30.7
      vertex 130.714 49.005 30.7
    endloop
  endfacet
  facet normal -0.128683 0.991686 0
    outer loop
      vertex 130.871 49.0294 30.7
      vertex 130.787 49.0185 31.3
      vertex 130.871 49.0294 31.3
    endloop
  endfacet
  facet normal -0.128683 0.991686 0
    outer loop
      vertex 130.787 49.0185 31.3
      vertex 130.871 49.0294 30.7
      vertex 130.787 49.0185 30.7
    endloop
  endfacet
  facet normal -0.0870369 0.996205 0
    outer loop
      vertex 130.966 49.0377 30.7
      vertex 130.871 49.0294 31.3
      vertex 130.966 49.0377 31.3
    endloop
  endfacet
  facet normal -0.0870369 0.996205 0
    outer loop
      vertex 130.871 49.0294 31.3
      vertex 130.966 49.0377 30.7
      vertex 130.871 49.0294 30.7
    endloop
  endfacet
  facet normal -0.055154 0.998478 0
    outer loop
      vertex 131.071 49.0435 30.7
      vertex 130.966 49.0377 31.3
      vertex 131.071 49.0435 31.3
    endloop
  endfacet
  facet normal -0.055154 0.998478 0
    outer loop
      vertex 130.966 49.0377 31.3
      vertex 131.071 49.0435 30.7
      vertex 130.966 49.0377 30.7
    endloop
  endfacet
  facet normal -0.0139331 0.999903 0
    outer loop
      vertex 131.559 49.0503 30.7
      vertex 131.071 49.0435 31.3
      vertex 131.559 49.0503 31.3
    endloop
  endfacet
  facet normal -0.0139331 0.999903 0
    outer loop
      vertex 131.071 49.0435 31.3
      vertex 131.559 49.0503 30.7
      vertex 131.071 49.0435 30.7
    endloop
  endfacet
  facet normal 1 -0 0
    outer loop
      vertex 131.559 48.8638 31.3
      vertex 131.559 49.0503 30.7
      vertex 131.559 49.0503 31.3
    endloop
  endfacet
  facet normal 1 0 0
    outer loop
      vertex 131.559 49.0503 30.7
      vertex 131.559 48.8638 31.3
      vertex 131.559 48.8638 30.7
    endloop
  endfacet
  facet normal 0.999291 -0.0376617 0
    outer loop
      vertex 131.556 48.7842 31.3
      vertex 131.559 48.8638 30.7
      vertex 131.559 48.8638 31.3
    endloop
  endfacet
  facet normal 0.999291 -0.0376617 0
    outer loop
      vertex 131.559 48.8638 30.7
      vertex 131.556 48.7842 31.3
      vertex 131.556 48.7842 30.7
    endloop
  endfacet
  facet normal 0.994795 -0.1019 0
    outer loop
      vertex 131.548 48.7061 31.3
      vertex 131.556 48.7842 30.7
      vertex 131.556 48.7842 31.3
    endloop
  endfacet
  facet normal 0.994795 -0.1019 0
    outer loop
      vertex 131.556 48.7842 30.7
      vertex 131.548 48.7061 31.3
      vertex 131.548 48.7061 30.7
    endloop
  endfacet
  facet normal 0.981408 -0.191931 0
    outer loop
      vertex 131.533 48.6294 31.3
      vertex 131.548 48.7061 30.7
      vertex 131.548 48.7061 31.3
    endloop
  endfacet
  facet normal 0.981408 -0.191931 0
    outer loop
      vertex 131.548 48.7061 30.7
      vertex 131.533 48.6294 31.3
      vertex 131.533 48.6294 30.7
    endloop
  endfacet
  facet normal 0.963243 -0.268633 0
    outer loop
      vertex 131.512 48.5541 31.3
      vertex 131.533 48.6294 30.7
      vertex 131.533 48.6294 31.3
    endloop
  endfacet
  facet normal 0.963243 -0.268633 0
    outer loop
      vertex 131.533 48.6294 30.7
      vertex 131.512 48.5541 31.3
      vertex 131.512 48.5541 30.7
    endloop
  endfacet
  facet normal 0.94332 -0.331885 0
    outer loop
      vertex 131.486 48.4802 31.3
      vertex 131.512 48.5541 30.7
      vertex 131.512 48.5541 31.3
    endloop
  endfacet
  facet normal 0.94332 -0.331885 0
    outer loop
      vertex 131.512 48.5541 30.7
      vertex 131.486 48.4802 31.3
      vertex 131.486 48.4802 30.7
    endloop
  endfacet
  facet normal 0.914643 -0.404262 0
    outer loop
      vertex 131.454 48.4078 31.3
      vertex 131.486 48.4802 30.7
      vertex 131.486 48.4802 31.3
    endloop
  endfacet
  facet normal 0.914643 -0.404262 0
    outer loop
      vertex 131.486 48.4802 30.7
      vertex 131.454 48.4078 31.3
      vertex 131.454 48.4078 30.7
    endloop
  endfacet
  facet normal 0.881859 -0.471514 0
    outer loop
      vertex 131.417 48.3386 31.3
      vertex 131.454 48.4078 30.7
      vertex 131.454 48.4078 31.3
    endloop
  endfacet
  facet normal 0.881859 -0.471514 0
    outer loop
      vertex 131.454 48.4078 30.7
      vertex 131.417 48.3386 31.3
      vertex 131.417 48.3386 30.7
    endloop
  endfacet
  facet normal 0.836048 -0.548656 0
    outer loop
      vertex 131.375 48.2746 31.3
      vertex 131.417 48.3386 30.7
      vertex 131.417 48.3386 31.3
    endloop
  endfacet
  facet normal 0.836048 -0.548656 0
    outer loop
      vertex 131.417 48.3386 30.7
      vertex 131.375 48.2746 31.3
      vertex 131.375 48.2746 30.7
    endloop
  endfacet
  facet normal 0.787618 -0.616164 0
    outer loop
      vertex 131.329 48.2158 31.3
      vertex 131.375 48.2746 30.7
      vertex 131.375 48.2746 31.3
    endloop
  endfacet
  facet normal 0.787618 -0.616164 0
    outer loop
      vertex 131.375 48.2746 30.7
      vertex 131.329 48.2158 31.3
      vertex 131.329 48.2158 30.7
    endloop
  endfacet
  facet normal 0.731871 -0.681444 0
    outer loop
      vertex 131.279 48.1621 31.3
      vertex 131.329 48.2158 30.7
      vertex 131.329 48.2158 31.3
    endloop
  endfacet
  facet normal 0.731871 -0.681444 0
    outer loop
      vertex 131.329 48.2158 30.7
      vertex 131.279 48.1621 31.3
      vertex 131.279 48.1621 30.7
    endloop
  endfacet
  facet normal 0.660628 -0.750714 0
    outer loop
      vertex 131.224 48.1137 30.7
      vertex 131.279 48.1621 31.3
      vertex 131.224 48.1137 31.3
    endloop
  endfacet
  facet normal 0.660628 -0.750714 0
    outer loop
      vertex 131.279 48.1621 31.3
      vertex 131.224 48.1137 30.7
      vertex 131.279 48.1621 30.7
    endloop
  endfacet
  facet normal 0.585194 -0.810893 0
    outer loop
      vertex 131.164 48.0704 30.7
      vertex 131.224 48.1137 31.3
      vertex 131.164 48.0704 31.3
    endloop
  endfacet
  facet normal 0.585194 -0.810893 0
    outer loop
      vertex 131.224 48.1137 31.3
      vertex 131.164 48.0704 30.7
      vertex 131.224 48.1137 30.7
    endloop
  endfacet
  facet normal 0.515512 -0.856883 0
    outer loop
      vertex 131.102 48.0331 30.7
      vertex 131.164 48.0704 31.3
      vertex 131.102 48.0331 31.3
    endloop
  endfacet
  facet normal 0.515512 -0.856883 0
    outer loop
      vertex 131.164 48.0704 31.3
      vertex 131.102 48.0331 30.7
      vertex 131.164 48.0704 30.7
    endloop
  endfacet
  facet normal 0.424791 -0.905292 0
    outer loop
      vertex 131.037 48.0026 30.7
      vertex 131.102 48.0331 31.3
      vertex 131.037 48.0026 31.3
    endloop
  endfacet
  facet normal 0.424791 -0.905292 0
    outer loop
      vertex 131.102 48.0331 31.3
      vertex 131.037 48.0026 30.7
      vertex 131.102 48.0331 30.7
    endloop
  endfacet
  facet normal 0.334732 -0.942313 0
    outer loop
      vertex 130.97 47.9788 30.7
      vertex 131.037 48.0026 31.3
      vertex 130.97 47.9788 31.3
    endloop
  endfacet
  facet normal 0.334732 -0.942313 0
    outer loop
      vertex 131.037 48.0026 31.3
      vertex 130.97 47.9788 30.7
      vertex 131.037 48.0026 30.7
    endloop
  endfacet
  facet normal 0.234686 -0.972071 0
    outer loop
      vertex 130.9 47.9619 30.7
      vertex 130.97 47.9788 31.3
      vertex 130.9 47.9619 31.3
    endloop
  endfacet
  facet normal 0.234686 -0.972071 0
    outer loop
      vertex 130.97 47.9788 31.3
      vertex 130.9 47.9619 30.7
      vertex 130.97 47.9788 30.7
    endloop
  endfacet
  facet normal 0.142202 -0.989838 0
    outer loop
      vertex 130.829 47.9517 30.7
      vertex 130.9 47.9619 31.3
      vertex 130.829 47.9517 31.3
    endloop
  endfacet
  facet normal 0.142202 -0.989838 0
    outer loop
      vertex 130.9 47.9619 31.3
      vertex 130.829 47.9517 30.7
      vertex 130.9 47.9619 30.7
    endloop
  endfacet
  facet normal 0.0465249 -0.998917 0
    outer loop
      vertex 130.756 47.9483 30.7
      vertex 130.829 47.9517 31.3
      vertex 130.756 47.9483 31.3
    endloop
  endfacet
  facet normal 0.0465249 -0.998917 0
    outer loop
      vertex 130.829 47.9517 31.3
      vertex 130.756 47.9483 30.7
      vertex 130.829 47.9517 30.7
    endloop
  endfacet
  facet normal -0.0552999 -0.99847 0
    outer loop
      vertex 130.691 47.9519 30.7
      vertex 130.756 47.9483 31.3
      vertex 130.691 47.9519 31.3
    endloop
  endfacet
  facet normal -0.0552999 -0.99847 -0
    outer loop
      vertex 130.756 47.9483 31.3
      vertex 130.691 47.9519 30.7
      vertex 130.756 47.9483 30.7
    endloop
  endfacet
  facet normal -0.0959834 0.995383 0
    outer loop
      vertex 151.137 47.3017 30.7
      vertex 150.997 47.2882 31.3
      vertex 151.137 47.3017 31.3
    endloop
  endfacet
  facet normal -0.0959834 0.995383 0
    outer loop
      vertex 150.997 47.2882 31.3
      vertex 151.137 47.3017 30.7
      vertex 150.997 47.2882 30.7
    endloop
  endfacet
  facet normal -0.16181 0.986822 0
    outer loop
      vertex 151.273 47.324 30.7
      vertex 151.137 47.3017 31.3
      vertex 151.273 47.324 31.3
    endloop
  endfacet
  facet normal -0.16181 0.986822 0
    outer loop
      vertex 151.137 47.3017 31.3
      vertex 151.273 47.324 30.7
      vertex 151.137 47.3017 30.7
    endloop
  endfacet
  facet normal -0.233092 0.972455 0
    outer loop
      vertex 151.404 47.3554 30.7
      vertex 151.273 47.324 31.3
      vertex 151.404 47.3554 31.3
    endloop
  endfacet
  facet normal -0.233092 0.972455 0
    outer loop
      vertex 151.273 47.324 31.3
      vertex 151.404 47.3554 30.7
      vertex 151.273 47.324 30.7
    endloop
  endfacet
  facet normal -0.303953 0.952687 0
    outer loop
      vertex 151.53 47.3956 30.7
      vertex 151.404 47.3554 31.3
      vertex 151.53 47.3956 31.3
    endloop
  endfacet
  facet normal -0.303953 0.952687 0
    outer loop
      vertex 151.404 47.3554 31.3
      vertex 151.53 47.3956 30.7
      vertex 151.404 47.3554 30.7
    endloop
  endfacet
  facet normal -0.376665 0.92635 0
    outer loop
      vertex 151.651 47.4448 30.7
      vertex 151.53 47.3956 31.3
      vertex 151.651 47.4448 31.3
    endloop
  endfacet
  facet normal -0.376665 0.92635 0
    outer loop
      vertex 151.53 47.3956 31.3
      vertex 151.651 47.4448 30.7
      vertex 151.53 47.3956 30.7
    endloop
  endfacet
  facet normal -0.446591 0.894738 0
    outer loop
      vertex 151.766 47.5022 30.7
      vertex 151.651 47.4448 31.3
      vertex 151.766 47.5022 31.3
    endloop
  endfacet
  facet normal -0.446591 0.894738 0
    outer loop
      vertex 151.651 47.4448 31.3
      vertex 151.766 47.5022 30.7
      vertex 151.651 47.4448 30.7
    endloop
  endfacet
  facet normal -0.518603 0.855015 0
    outer loop
      vertex 151.873 47.5671 30.7
      vertex 151.766 47.5022 31.3
      vertex 151.873 47.5671 31.3
    endloop
  endfacet
  facet normal -0.518603 0.855015 0
    outer loop
      vertex 151.766 47.5022 31.3
      vertex 151.873 47.5671 30.7
      vertex 151.766 47.5022 30.7
    endloop
  endfacet
  facet normal -0.585905 0.81038 0
    outer loop
      vertex 151.973 47.6394 30.7
      vertex 151.873 47.5671 31.3
      vertex 151.973 47.6394 31.3
    endloop
  endfacet
  facet normal -0.585905 0.81038 0
    outer loop
      vertex 151.873 47.5671 31.3
      vertex 151.973 47.6394 30.7
      vertex 151.873 47.5671 30.7
    endloop
  endfacet
  facet normal -0.654774 0.755825 0
    outer loop
      vertex 152.065 47.7191 30.7
      vertex 151.973 47.6394 31.3
      vertex 152.065 47.7191 31.3
    endloop
  endfacet
  facet normal -0.654774 0.755825 0
    outer loop
      vertex 151.973 47.6394 31.3
      vertex 152.065 47.7191 30.7
      vertex 151.973 47.6394 30.7
    endloop
  endfacet
  facet normal -0.7198 0.694181 0
    outer loop
      vertex 152.065 47.7191 30.7
      vertex 152.149 47.8062 31.3
      vertex 152.149 47.8062 30.7
    endloop
  endfacet
  facet normal -0.7198 0.694181 0
    outer loop
      vertex 152.149 47.8062 31.3
      vertex 152.065 47.7191 30.7
      vertex 152.065 47.7191 31.3
    endloop
  endfacet
  facet normal -0.775562 0.631271 0
    outer loop
      vertex 152.149 47.8062 30.7
      vertex 152.226 47.9008 31.3
      vertex 152.226 47.9008 30.7
    endloop
  endfacet
  facet normal -0.775562 0.631271 0
    outer loop
      vertex 152.226 47.9008 31.3
      vertex 152.149 47.8062 30.7
      vertex 152.149 47.8062 31.3
    endloop
  endfacet
  facet normal -0.828486 0.56001 0
    outer loop
      vertex 152.226 47.9008 30.7
      vertex 152.294 48.0014 31.3
      vertex 152.294 48.0014 30.7
    endloop
  endfacet
  facet normal -0.828486 0.56001 0
    outer loop
      vertex 152.294 48.0014 31.3
      vertex 152.226 47.9008 30.7
      vertex 152.226 47.9008 31.3
    endloop
  endfacet
  facet normal -0.871996 0.489513 0
    outer loop
      vertex 152.294 48.0014 30.7
      vertex 152.353 48.1065 31.3
      vertex 152.353 48.1065 30.7
    endloop
  endfacet
  facet normal -0.871996 0.489513 0
    outer loop
      vertex 152.353 48.1065 31.3
      vertex 152.294 48.0014 30.7
      vertex 152.294 48.0014 31.3
    endloop
  endfacet
  facet normal -0.90994 0.41474 0
    outer loop
      vertex 152.353 48.1065 30.7
      vertex 152.403 48.2162 31.3
      vertex 152.403 48.2162 30.7
    endloop
  endfacet
  facet normal -0.90994 0.41474 0
    outer loop
      vertex 152.403 48.2162 31.3
      vertex 152.353 48.1065 30.7
      vertex 152.353 48.1065 31.3
    endloop
  endfacet
  facet normal -0.943691 0.330829 0
    outer loop
      vertex 152.403 48.2162 30.7
      vertex 152.443 48.3303 31.3
      vertex 152.443 48.3303 30.7
    endloop
  endfacet
  facet normal -0.943691 0.330829 0
    outer loop
      vertex 152.443 48.3303 31.3
      vertex 152.403 48.2162 30.7
      vertex 152.403 48.2162 31.3
    endloop
  endfacet
  facet normal -0.967548 0.252687 0
    outer loop
      vertex 152.443 48.3303 30.7
      vertex 152.474 48.449 31.3
      vertex 152.474 48.449 30.7
    endloop
  endfacet
  facet normal -0.967548 0.252687 0
    outer loop
      vertex 152.474 48.449 31.3
      vertex 152.443 48.3303 30.7
      vertex 152.443 48.3303 31.3
    endloop
  endfacet
  facet normal -0.984428 0.175791 0
    outer loop
      vertex 152.474 48.449 30.7
      vertex 152.496 48.5722 31.3
      vertex 152.496 48.5722 30.7
    endloop
  endfacet
  facet normal -0.984428 0.175791 0
    outer loop
      vertex 152.496 48.5722 31.3
      vertex 152.474 48.449 30.7
      vertex 152.474 48.449 31.3
    endloop
  endfacet
  facet normal -0.0460327 -0.99894 0
    outer loop
      vertex 151.539 48.6163 30.7
      vertex 152.496 48.5722 31.3
      vertex 151.539 48.6163 31.3
    endloop
  endfacet
  facet normal -0.0460327 -0.99894 -0
    outer loop
      vertex 152.496 48.5722 31.3
      vertex 151.539 48.6163 30.7
      vertex 152.496 48.5722 30.7
    endloop
  endfacet
  facet normal 0.986492 -0.163809 0
    outer loop
      vertex 151.521 48.5079 31.3
      vertex 151.539 48.6163 30.7
      vertex 151.539 48.6163 31.3
    endloop
  endfacet
  facet normal 0.986492 -0.163809 0
    outer loop
      vertex 151.539 48.6163 30.7
      vertex 151.521 48.5079 31.3
      vertex 151.521 48.5079 30.7
    endloop
  endfacet
  facet normal 0.967201 -0.254012 0
    outer loop
      vertex 151.495 48.4089 31.3
      vertex 151.521 48.5079 30.7
      vertex 151.521 48.5079 31.3
    endloop
  endfacet
  facet normal 0.967201 -0.254012 0
    outer loop
      vertex 151.521 48.5079 30.7
      vertex 151.495 48.4089 31.3
      vertex 151.495 48.4089 30.7
    endloop
  endfacet
  facet normal 0.935081 -0.354434 0
    outer loop
      vertex 151.461 48.3192 31.3
      vertex 151.495 48.4089 30.7
      vertex 151.495 48.4089 31.3
    endloop
  endfacet
  facet normal 0.935081 -0.354434 0
    outer loop
      vertex 151.495 48.4089 30.7
      vertex 151.461 48.3192 31.3
      vertex 151.461 48.3192 30.7
    endloop
  endfacet
  facet normal 0.886349 -0.463018 0
    outer loop
      vertex 151.419 48.2388 31.3
      vertex 151.461 48.3192 30.7
      vertex 151.461 48.3192 31.3
    endloop
  endfacet
  facet normal 0.886349 -0.463018 0
    outer loop
      vertex 151.461 48.3192 30.7
      vertex 151.419 48.2388 31.3
      vertex 151.419 48.2388 30.7
    endloop
  endfacet
  facet normal 0.817987 -0.575237 0
    outer loop
      vertex 151.369 48.1677 31.3
      vertex 151.419 48.2388 30.7
      vertex 151.419 48.2388 31.3
    endloop
  endfacet
  facet normal 0.817987 -0.575237 0
    outer loop
      vertex 151.419 48.2388 30.7
      vertex 151.369 48.1677 31.3
      vertex 151.369 48.1677 30.7
    endloop
  endfacet
  facet normal 0.73453 -0.678577 0
    outer loop
      vertex 151.312 48.106 31.3
      vertex 151.369 48.1677 30.7
      vertex 151.369 48.1677 31.3
    endloop
  endfacet
  facet normal 0.73453 -0.678577 0
    outer loop
      vertex 151.369 48.1677 30.7
      vertex 151.312 48.106 31.3
      vertex 151.312 48.106 30.7
    endloop
  endfacet
  facet normal 0.638742 -0.769421 0
    outer loop
      vertex 151.249 48.0537 30.7
      vertex 151.312 48.106 31.3
      vertex 151.249 48.0537 31.3
    endloop
  endfacet
  facet normal 0.638742 -0.769421 0
    outer loop
      vertex 151.312 48.106 31.3
      vertex 151.249 48.0537 30.7
      vertex 151.312 48.106 30.7
    endloop
  endfacet
  facet normal 0.527118 -0.849792 0
    outer loop
      vertex 151.18 48.0109 30.7
      vertex 151.249 48.0537 31.3
      vertex 151.18 48.0109 31.3
    endloop
  endfacet
  facet normal 0.527118 -0.849792 0
    outer loop
      vertex 151.249 48.0537 31.3
      vertex 151.18 48.0109 30.7
      vertex 151.249 48.0537 30.7
    endloop
  endfacet
  facet normal 0.415023 -0.909811 0
    outer loop
      vertex 151.107 47.9776 30.7
      vertex 151.18 48.0109 31.3
      vertex 151.107 47.9776 31.3
    endloop
  endfacet
  facet normal 0.415023 -0.909811 0
    outer loop
      vertex 151.18 48.0109 31.3
      vertex 151.107 47.9776 30.7
      vertex 151.18 48.0109 30.7
    endloop
  endfacet
  facet normal 0.291845 -0.956466 0
    outer loop
      vertex 151.029 47.9538 30.7
      vertex 151.107 47.9776 31.3
      vertex 151.029 47.9538 31.3
    endloop
  endfacet
  facet normal 0.291845 -0.956466 0
    outer loop
      vertex 151.107 47.9776 31.3
      vertex 151.029 47.9538 30.7
      vertex 151.107 47.9776 30.7
    endloop
  endfacet
  facet normal 0.169788 -0.985481 0
    outer loop
      vertex 150.946 47.9395 30.7
      vertex 151.029 47.9538 31.3
      vertex 150.946 47.9395 31.3
    endloop
  endfacet
  facet normal 0.169788 -0.985481 0
    outer loop
      vertex 151.029 47.9538 31.3
      vertex 150.946 47.9395 30.7
      vertex 151.029 47.9538 30.7
    endloop
  endfacet
  facet normal 0.0533331 -0.998577 0
    outer loop
      vertex 150.858 47.9348 30.7
      vertex 150.946 47.9395 31.3
      vertex 150.858 47.9348 31.3
    endloop
  endfacet
  facet normal 0.0533331 -0.998577 0
    outer loop
      vertex 150.946 47.9395 31.3
      vertex 150.858 47.9348 30.7
      vertex 150.946 47.9395 30.7
    endloop
  endfacet
  facet normal -0.151927 -0.988392 0
    outer loop
      vertex 150.629 47.97 30.7
      vertex 150.858 47.9348 31.3
      vertex 150.629 47.97 31.3
    endloop
  endfacet
  facet normal -0.151927 -0.988392 -0
    outer loop
      vertex 150.858 47.9348 31.3
      vertex 150.629 47.97 30.7
      vertex 150.858 47.9348 30.7
    endloop
  endfacet
  facet normal -0.492073 -0.870554 0
    outer loop
      vertex 150.442 48.0757 30.7
      vertex 150.629 47.97 31.3
      vertex 150.442 48.0757 31.3
    endloop
  endfacet
  facet normal -0.492073 -0.870554 -0
    outer loop
      vertex 150.629 47.97 31.3
      vertex 150.442 48.0757 30.7
      vertex 150.629 47.97 30.7
    endloop
  endfacet
  facet normal -0.769831 -0.638247 0
    outer loop
      vertex 150.442 48.0757 30.7
      vertex 150.296 48.2518 31.3
      vertex 150.296 48.2518 30.7
    endloop
  endfacet
  facet normal -0.769831 -0.638247 0
    outer loop
      vertex 150.296 48.2518 31.3
      vertex 150.442 48.0757 30.7
      vertex 150.442 48.0757 31.3
    endloop
  endfacet
  facet normal -0.92141 -0.388591 0
    outer loop
      vertex 150.296 48.2518 30.7
      vertex 150.192 48.4984 31.3
      vertex 150.192 48.4984 30.7
    endloop
  endfacet
  facet normal -0.92141 -0.388591 0
    outer loop
      vertex 150.192 48.4984 31.3
      vertex 150.296 48.2518 30.7
      vertex 150.296 48.2518 31.3
    endloop
  endfacet
  facet normal -0.980818 -0.194926 0
    outer loop
      vertex 150.192 48.4984 30.7
      vertex 150.129 48.8154 31.3
      vertex 150.129 48.8154 30.7
    endloop
  endfacet
  facet normal -0.980818 -0.194926 0
    outer loop
      vertex 150.129 48.8154 31.3
      vertex 150.192 48.4984 30.7
      vertex 150.192 48.4984 31.3
    endloop
  endfacet
  facet normal -0.998671 -0.0515443 0
    outer loop
      vertex 150.129 48.8154 30.7
      vertex 150.109 49.2029 31.3
      vertex 150.109 49.2029 30.7
    endloop
  endfacet
  facet normal -0.998671 -0.0515443 0
    outer loop
      vertex 150.109 49.2029 31.3
      vertex 150.129 48.8154 30.7
      vertex 150.129 48.8154 31.3
    endloop
  endfacet
  facet normal -0.998589 0.0531023 0
    outer loop
      vertex 150.109 49.2029 30.7
      vertex 150.129 49.579 31.3
      vertex 150.129 49.579 30.7
    endloop
  endfacet
  facet normal -0.998589 0.0531023 0
    outer loop
      vertex 150.129 49.579 31.3
      vertex 150.109 49.2029 30.7
      vertex 150.109 49.2029 31.3
    endloop
  endfacet
  facet normal -0.980898 0.194521 0
    outer loop
      vertex 150.129 49.579 30.7
      vertex 150.19 49.8866 31.3
      vertex 150.19 49.8866 30.7
    endloop
  endfacet
  facet normal -0.980898 0.194521 0
    outer loop
      vertex 150.19 49.8866 31.3
      vertex 150.129 49.579 30.7
      vertex 150.129 49.579 31.3
    endloop
  endfacet
  facet normal -0.918588 0.395216 0
    outer loop
      vertex 150.19 49.8866 30.7
      vertex 150.293 50.126 31.3
      vertex 150.293 50.126 30.7
    endloop
  endfacet
  facet normal -0.918588 0.395216 0
    outer loop
      vertex 150.293 50.126 31.3
      vertex 150.19 49.8866 30.7
      vertex 150.19 49.8866 31.3
    endloop
  endfacet
  facet normal -0.766932 0.641728 0
    outer loop
      vertex 150.293 50.126 30.7
      vertex 150.436 50.2969 31.3
      vertex 150.436 50.2969 30.7
    endloop
  endfacet
  facet normal -0.766932 0.641728 0
    outer loop
      vertex 150.436 50.2969 31.3
      vertex 150.293 50.126 30.7
      vertex 150.293 50.126 31.3
    endloop
  endfacet
  facet normal -0.487013 0.873395 0
    outer loop
      vertex 150.62 50.3995 30.7
      vertex 150.436 50.2969 31.3
      vertex 150.62 50.3995 31.3
    endloop
  endfacet
  facet normal -0.487013 0.873395 0
    outer loop
      vertex 150.436 50.2969 31.3
      vertex 150.62 50.3995 30.7
      vertex 150.436 50.2969 30.7
    endloop
  endfacet
  facet normal -0.15093 0.988545 0
    outer loop
      vertex 150.844 50.4337 30.7
      vertex 150.62 50.3995 31.3
      vertex 150.844 50.4337 31.3
    endloop
  endfacet
  facet normal -0.15093 0.988545 0
    outer loop
      vertex 150.62 50.3995 31.3
      vertex 150.844 50.4337 30.7
      vertex 150.62 50.3995 30.7
    endloop
  endfacet
  facet normal 0.0488998 0.998804 -0
    outer loop
      vertex 150.94 50.429 30.7
      vertex 150.844 50.4337 31.3
      vertex 150.94 50.429 31.3
    endloop
  endfacet
  facet normal 0.0488998 0.998804 0
    outer loop
      vertex 150.844 50.4337 31.3
      vertex 150.94 50.429 30.7
      vertex 150.844 50.4337 30.7
    endloop
  endfacet
  facet normal 0.157115 0.98758 -0
    outer loop
      vertex 151.028 50.415 30.7
      vertex 150.94 50.429 31.3
      vertex 151.028 50.415 31.3
    endloop
  endfacet
  facet normal 0.157115 0.98758 0
    outer loop
      vertex 150.94 50.429 31.3
      vertex 151.028 50.415 30.7
      vertex 150.94 50.429 30.7
    endloop
  endfacet
  facet normal 0.276444 0.96103 -0
    outer loop
      vertex 151.109 50.3917 30.7
      vertex 151.028 50.415 31.3
      vertex 151.109 50.3917 31.3
    endloop
  endfacet
  facet normal 0.276444 0.96103 0
    outer loop
      vertex 151.028 50.415 31.3
      vertex 151.109 50.3917 30.7
      vertex 151.028 50.415 30.7
    endloop
  endfacet
  facet normal 0.407763 0.913088 -0
    outer loop
      vertex 151.182 50.3591 30.7
      vertex 151.109 50.3917 31.3
      vertex 151.182 50.3591 31.3
    endloop
  endfacet
  facet normal 0.407763 0.913088 0
    outer loop
      vertex 151.109 50.3917 31.3
      vertex 151.182 50.3591 30.7
      vertex 151.109 50.3917 30.7
    endloop
  endfacet
  facet normal 0.542715 0.839917 -0
    outer loop
      vertex 151.247 50.3171 30.7
      vertex 151.182 50.3591 31.3
      vertex 151.247 50.3171 31.3
    endloop
  endfacet
  facet normal 0.542715 0.839917 0
    outer loop
      vertex 151.182 50.3591 31.3
      vertex 151.247 50.3171 30.7
      vertex 151.182 50.3591 30.7
    endloop
  endfacet
  facet normal 0.656147 0.754633 -0
    outer loop
      vertex 151.306 50.2658 30.7
      vertex 151.247 50.3171 31.3
      vertex 151.306 50.2658 31.3
    endloop
  endfacet
  facet normal 0.656147 0.754633 0
    outer loop
      vertex 151.247 50.3171 31.3
      vertex 151.306 50.2658 30.7
      vertex 151.247 50.3171 30.7
    endloop
  endfacet
  facet normal 0.763435 0.645884 0
    outer loop
      vertex 151.356 50.2067 31.3
      vertex 151.306 50.2658 30.7
      vertex 151.306 50.2658 31.3
    endloop
  endfacet
  facet normal 0.763435 0.645884 0
    outer loop
      vertex 151.306 50.2658 30.7
      vertex 151.356 50.2067 31.3
      vertex 151.356 50.2067 30.7
    endloop
  endfacet
  facet normal 0.829701 0.558208 0
    outer loop
      vertex 151.4 50.1413 31.3
      vertex 151.356 50.2067 30.7
      vertex 151.356 50.2067 31.3
    endloop
  endfacet
  facet normal 0.829701 0.558208 0
    outer loop
      vertex 151.356 50.2067 30.7
      vertex 151.4 50.1413 31.3
      vertex 151.4 50.1413 30.7
    endloop
  endfacet
  facet normal 0.883578 0.468284 0
    outer loop
      vertex 151.438 50.0696 31.3
      vertex 151.4 50.1413 30.7
      vertex 151.4 50.1413 31.3
    endloop
  endfacet
  facet normal 0.883578 0.468284 0
    outer loop
      vertex 151.4 50.1413 30.7
      vertex 151.438 50.0696 31.3
      vertex 151.438 50.0696 30.7
    endloop
  endfacet
  facet normal 0.9335 0.358579 0
    outer loop
      vertex 151.468 49.9915 31.3
      vertex 151.438 50.0696 30.7
      vertex 151.438 50.0696 31.3
    endloop
  endfacet
  facet normal 0.9335 0.358579 0
    outer loop
      vertex 151.438 50.0696 30.7
      vertex 151.468 49.9915 31.3
      vertex 151.468 49.9915 30.7
    endloop
  endfacet
  facet normal 0.961782 0.273817 0
    outer loop
      vertex 151.492 49.9072 31.3
      vertex 151.468 49.9915 30.7
      vertex 151.468 49.9915 31.3
    endloop
  endfacet
  facet normal 0.961782 0.273817 0
    outer loop
      vertex 151.468 49.9915 30.7
      vertex 151.492 49.9072 31.3
      vertex 151.492 49.9072 30.7
    endloop
  endfacet
  facet normal 0.982848 0.18442 0
    outer loop
      vertex 151.509 49.8166 31.3
      vertex 151.492 49.9072 30.7
      vertex 151.492 49.9072 31.3
    endloop
  endfacet
  facet normal 0.982848 0.18442 0
    outer loop
      vertex 151.492 49.9072 30.7
      vertex 151.509 49.8166 31.3
      vertex 151.509 49.8166 30.7
    endloop
  endfacet
  facet normal -0.0493662 0.998781 0
    outer loop
      vertex 152.468 49.864 30.7
      vertex 151.509 49.8166 31.3
      vertex 152.468 49.864 31.3
    endloop
  endfacet
  facet normal -0.0493662 0.998781 0
    outer loop
      vertex 151.509 49.8166 31.3
      vertex 152.468 49.864 30.7
      vertex 151.509 49.8166 30.7
    endloop
  endfacet
  facet normal -0.972607 -0.232454 0
    outer loop
      vertex 152.468 49.864 30.7
      vertex 152.424 50.0481 31.3
      vertex 152.424 50.0481 30.7
    endloop
  endfacet
  facet normal -0.972607 -0.232454 0
    outer loop
      vertex 152.424 50.0481 31.3
      vertex 152.468 49.864 30.7
      vertex 152.468 49.864 31.3
    endloop
  endfacet
  facet normal -0.937948 -0.346776 0
    outer loop
      vertex 152.424 50.0481 30.7
      vertex 152.361 50.2185 31.3
      vertex 152.361 50.2185 30.7
    endloop
  endfacet
  facet normal -0.937948 -0.346776 0
    outer loop
      vertex 152.361 50.2185 31.3
      vertex 152.424 50.0481 30.7
      vertex 152.424 50.0481 31.3
    endloop
  endfacet
  facet normal -0.890527 -0.454931 0
    outer loop
      vertex 152.361 50.2185 30.7
      vertex 152.281 50.3751 31.3
      vertex 152.281 50.3751 30.7
    endloop
  endfacet
  facet normal -0.890527 -0.454931 0
    outer loop
      vertex 152.281 50.3751 31.3
      vertex 152.361 50.2185 30.7
      vertex 152.361 50.2185 31.3
    endloop
  endfacet
  facet normal -0.827389 -0.561629 0
    outer loop
      vertex 152.281 50.3751 30.7
      vertex 152.184 50.518 31.3
      vertex 152.184 50.518 30.7
    endloop
  endfacet
  facet normal -0.827389 -0.561629 0
    outer loop
      vertex 152.184 50.518 31.3
      vertex 152.281 50.3751 30.7
      vertex 152.281 50.3751 31.3
    endloop
  endfacet
  facet normal -0.746707 -0.665153 0
    outer loop
      vertex 152.184 50.518 30.7
      vertex 152.069 50.6471 31.3
      vertex 152.069 50.6471 30.7
    endloop
  endfacet
  facet normal -0.746707 -0.665153 0
    outer loop
      vertex 152.069 50.6471 31.3
      vertex 152.184 50.518 30.7
      vertex 152.184 50.518 31.3
    endloop
  endfacet
  facet normal -0.655363 -0.755314 0
    outer loop
      vertex 151.936 50.7625 30.7
      vertex 152.069 50.6471 31.3
      vertex 151.936 50.7625 31.3
    endloop
  endfacet
  facet normal -0.655363 -0.755314 -0
    outer loop
      vertex 152.069 50.6471 31.3
      vertex 151.936 50.7625 30.7
      vertex 152.069 50.6471 30.7
    endloop
  endfacet
  facet normal -0.560537 -0.82813 0
    outer loop
      vertex 151.789 50.862 30.7
      vertex 151.936 50.7625 31.3
      vertex 151.789 50.862 31.3
    endloop
  endfacet
  facet normal -0.560537 -0.82813 -0
    outer loop
      vertex 151.936 50.7625 31.3
      vertex 151.789 50.862 30.7
      vertex 151.936 50.7625 30.7
    endloop
  endfacet
  facet normal -0.452999 -0.891511 0
    outer loop
      vertex 151.629 50.9433 30.7
      vertex 151.789 50.862 31.3
      vertex 151.629 50.9433 31.3
    endloop
  endfacet
  facet normal -0.452999 -0.891511 -0
    outer loop
      vertex 151.789 50.862 31.3
      vertex 151.629 50.9433 30.7
      vertex 151.789 50.862 30.7
    endloop
  endfacet
  facet normal -0.343617 -0.93911 0
    outer loop
      vertex 151.456 51.0066 30.7
      vertex 151.629 50.9433 31.3
      vertex 151.456 51.0066 31.3
    endloop
  endfacet
  facet normal -0.343617 -0.93911 -0
    outer loop
      vertex 151.629 50.9433 31.3
      vertex 151.456 51.0066 30.7
      vertex 151.629 50.9433 30.7
    endloop
  endfacet
  facet normal -0.23856 -0.971128 0
    outer loop
      vertex 151.272 51.0518 30.7
      vertex 151.456 51.0066 31.3
      vertex 151.272 51.0518 31.3
    endloop
  endfacet
  facet normal -0.23856 -0.971128 -0
    outer loop
      vertex 151.456 51.0066 31.3
      vertex 151.272 51.0518 30.7
      vertex 151.456 51.0066 30.7
    endloop
  endfacet
  facet normal -0.136096 -0.990696 0
    outer loop
      vertex 151.074 51.079 30.7
      vertex 151.272 51.0518 31.3
      vertex 151.074 51.079 31.3
    endloop
  endfacet
  facet normal -0.136096 -0.990696 -0
    outer loop
      vertex 151.272 51.0518 31.3
      vertex 151.074 51.079 30.7
      vertex 151.272 51.0518 30.7
    endloop
  endfacet
  facet normal -0.0430223 -0.999074 0
    outer loop
      vertex 150.865 51.088 30.7
      vertex 151.074 51.079 31.3
      vertex 150.865 51.088 31.3
    endloop
  endfacet
  facet normal -0.0430223 -0.999074 -0
    outer loop
      vertex 151.074 51.079 31.3
      vertex 150.865 51.088 30.7
      vertex 151.074 51.079 30.7
    endloop
  endfacet
  facet normal 0.0521512 -0.998639 0
    outer loop
      vertex 150.595 51.0739 30.7
      vertex 150.865 51.088 31.3
      vertex 150.595 51.0739 31.3
    endloop
  endfacet
  facet normal 0.0521512 -0.998639 0
    outer loop
      vertex 150.865 51.088 31.3
      vertex 150.595 51.0739 30.7
      vertex 150.865 51.088 30.7
    endloop
  endfacet
  facet normal 0.16775 -0.98583 0
    outer loop
      vertex 150.347 51.0317 30.7
      vertex 150.595 51.0739 31.3
      vertex 150.347 51.0317 31.3
    endloop
  endfacet
  facet normal 0.16775 -0.98583 0
    outer loop
      vertex 150.595 51.0739 31.3
      vertex 150.347 51.0317 30.7
      vertex 150.595 51.0739 30.7
    endloop
  endfacet
  facet normal 0.296214 -0.955122 0
    outer loop
      vertex 150.12 50.9613 30.7
      vertex 150.347 51.0317 31.3
      vertex 150.12 50.9613 31.3
    endloop
  endfacet
  facet normal 0.296214 -0.955122 0
    outer loop
      vertex 150.347 51.0317 31.3
      vertex 150.12 50.9613 30.7
      vertex 150.347 51.0317 30.7
    endloop
  endfacet
  facet normal 0.431734 -0.902001 0
    outer loop
      vertex 149.914 50.8627 30.7
      vertex 150.12 50.9613 31.3
      vertex 149.914 50.8627 31.3
    endloop
  endfacet
  facet normal 0.431734 -0.902001 0
    outer loop
      vertex 150.12 50.9613 31.3
      vertex 149.914 50.8627 30.7
      vertex 150.12 50.9613 30.7
    endloop
  endfacet
  facet normal 0.565052 -0.825056 0
    outer loop
      vertex 149.729 50.736 30.7
      vertex 149.914 50.8627 31.3
      vertex 149.729 50.736 31.3
    endloop
  endfacet
  facet normal 0.565052 -0.825056 0
    outer loop
      vertex 149.914 50.8627 31.3
      vertex 149.729 50.736 30.7
      vertex 149.914 50.8627 30.7
    endloop
  endfacet
  facet normal 0.688866 -0.724888 0
    outer loop
      vertex 149.566 50.5811 30.7
      vertex 149.729 50.736 31.3
      vertex 149.566 50.5811 31.3
    endloop
  endfacet
  facet normal 0.688866 -0.724888 0
    outer loop
      vertex 149.729 50.736 31.3
      vertex 149.566 50.5811 30.7
      vertex 149.729 50.736 30.7
    endloop
  endfacet
  facet normal 0.789517 -0.613728 0
    outer loop
      vertex 149.426 50.401 31.3
      vertex 149.566 50.5811 30.7
      vertex 149.566 50.5811 31.3
    endloop
  endfacet
  facet normal 0.789517 -0.613728 0
    outer loop
      vertex 149.566 50.5811 30.7
      vertex 149.426 50.401 31.3
      vertex 149.426 50.401 30.7
    endloop
  endfacet
  facet normal 0.871403 -0.490568 0
    outer loop
      vertex 149.312 50.1985 31.3
      vertex 149.426 50.401 30.7
      vertex 149.426 50.401 31.3
    endloop
  endfacet
  facet normal 0.871403 -0.490568 0
    outer loop
      vertex 149.426 50.401 30.7
      vertex 149.312 50.1985 31.3
      vertex 149.312 50.1985 30.7
    endloop
  endfacet
  facet normal 0.929727 -0.36825 0
    outer loop
      vertex 149.223 49.9738 31.3
      vertex 149.312 50.1985 30.7
      vertex 149.312 50.1985 31.3
    endloop
  endfacet
  facet normal 0.929727 -0.36825 0
    outer loop
      vertex 149.312 50.1985 30.7
      vertex 149.223 49.9738 31.3
      vertex 149.223 49.9738 30.7
    endloop
  endfacet
  facet normal 0.968057 -0.250731 0
    outer loop
      vertex 149.159 49.7267 31.3
      vertex 149.223 49.9738 30.7
      vertex 149.223 49.9738 31.3
    endloop
  endfacet
  facet normal 0.968057 -0.250731 0
    outer loop
      vertex 149.223 49.9738 30.7
      vertex 149.159 49.7267 31.3
      vertex 149.159 49.7267 30.7
    endloop
  endfacet
  facet normal 0.990198 -0.139672 0
    outer loop
      vertex 149.121 49.4573 31.3
      vertex 149.159 49.7267 30.7
      vertex 149.159 49.7267 31.3
    endloop
  endfacet
  facet normal 0.990198 -0.139672 0
    outer loop
      vertex 149.159 49.7267 30.7
      vertex 149.121 49.4573 31.3
      vertex 149.121 49.4573 30.7
    endloop
  endfacet
  facet normal 0.999008 -0.0445221 0
    outer loop
      vertex 149.108 49.1656 31.3
      vertex 149.121 49.4573 30.7
      vertex 149.121 49.4573 31.3
    endloop
  endfacet
  facet normal 0.999008 -0.0445221 0
    outer loop
      vertex 149.121 49.4573 30.7
      vertex 149.108 49.1656 31.3
      vertex 149.108 49.1656 30.7
    endloop
  endfacet
  facet normal 0.998963 0.0455188 0
    outer loop
      vertex 149.121 48.8803 31.3
      vertex 149.108 49.1656 30.7
      vertex 149.108 49.1656 31.3
    endloop
  endfacet
  facet normal 0.998963 0.0455188 0
    outer loop
      vertex 149.108 49.1656 30.7
      vertex 149.121 48.8803 31.3
      vertex 149.121 48.8803 30.7
    endloop
  endfacet
  facet normal 0.989761 0.142736 0
    outer loop
      vertex 149.159 48.6168 31.3
      vertex 149.121 48.8803 30.7
      vertex 149.121 48.8803 31.3
    endloop
  endfacet
  facet normal 0.989761 0.142736 0
    outer loop
      vertex 149.121 48.8803 30.7
      vertex 149.159 48.6168 31.3
      vertex 149.159 48.6168 30.7
    endloop
  endfacet
  facet normal 0.967668 0.252226 0
    outer loop
      vertex 149.222 48.3751 31.3
      vertex 149.159 48.6168 30.7
      vertex 149.159 48.6168 31.3
    endloop
  endfacet
  facet normal 0.967668 0.252226 0
    outer loop
      vertex 149.159 48.6168 30.7
      vertex 149.222 48.3751 31.3
      vertex 149.222 48.3751 30.7
    endloop
  endfacet
  facet normal 0.928477 0.371391 0
    outer loop
      vertex 149.31 48.1551 31.3
      vertex 149.222 48.3751 30.7
      vertex 149.222 48.3751 31.3
    endloop
  endfacet
  facet normal 0.928477 0.371391 0
    outer loop
      vertex 149.222 48.3751 30.7
      vertex 149.31 48.1551 31.3
      vertex 149.31 48.1551 30.7
    endloop
  endfacet
  facet normal 0.86684 0.498586 0
    outer loop
      vertex 149.424 47.9569 31.3
      vertex 149.31 48.1551 30.7
      vertex 149.31 48.1551 31.3
    endloop
  endfacet
  facet normal 0.86684 0.498586 0
    outer loop
      vertex 149.31 48.1551 30.7
      vertex 149.424 47.9569 31.3
      vertex 149.424 47.9569 30.7
    endloop
  endfacet
  facet normal 0.785452 0.618922 0
    outer loop
      vertex 149.563 47.7805 31.3
      vertex 149.424 47.9569 30.7
      vertex 149.424 47.9569 31.3
    endloop
  endfacet
  facet normal 0.785452 0.618922 0
    outer loop
      vertex 149.424 47.9569 30.7
      vertex 149.563 47.7805 31.3
      vertex 149.563 47.7805 30.7
    endloop
  endfacet
  facet normal 0.683761 0.729706 -0
    outer loop
      vertex 149.725 47.6287 30.7
      vertex 149.563 47.7805 31.3
      vertex 149.725 47.6287 31.3
    endloop
  endfacet
  facet normal 0.683761 0.729706 0
    outer loop
      vertex 149.563 47.7805 31.3
      vertex 149.725 47.6287 30.7
      vertex 149.563 47.7805 30.7
    endloop
  endfacet
  facet normal 0.561568 0.827431 -0
    outer loop
      vertex 149.908 47.5045 30.7
      vertex 149.725 47.6287 31.3
      vertex 149.908 47.5045 31.3
    endloop
  endfacet
  facet normal 0.561568 0.827431 0
    outer loop
      vertex 149.725 47.6287 31.3
      vertex 149.908 47.5045 30.7
      vertex 149.725 47.6287 30.7
    endloop
  endfacet
  facet normal 0.42761 0.903963 -0
    outer loop
      vertex 150.112 47.408 30.7
      vertex 149.908 47.5045 31.3
      vertex 150.112 47.408 31.3
    endloop
  endfacet
  facet normal 0.42761 0.903963 0
    outer loop
      vertex 149.908 47.5045 31.3
      vertex 150.112 47.408 30.7
      vertex 149.908 47.5045 30.7
    endloop
  endfacet
  facet normal 0.29319 0.956054 -0
    outer loop
      vertex 150.337 47.339 30.7
      vertex 150.112 47.408 31.3
      vertex 150.337 47.339 31.3
    endloop
  endfacet
  facet normal 0.29319 0.956054 0
    outer loop
      vertex 150.112 47.408 31.3
      vertex 150.337 47.339 30.7
      vertex 150.112 47.408 30.7
    endloop
  endfacet
  facet normal 0.165305 0.986242 -0
    outer loop
      vertex 150.584 47.2976 30.7
      vertex 150.337 47.339 31.3
      vertex 150.584 47.2976 31.3
    endloop
  endfacet
  facet normal 0.165305 0.986242 0
    outer loop
      vertex 150.337 47.339 31.3
      vertex 150.584 47.2976 30.7
      vertex 150.337 47.339 30.7
    endloop
  endfacet
  facet normal 0.0516165 0.998667 -0
    outer loop
      vertex 150.851 47.2838 30.7
      vertex 150.584 47.2976 31.3
      vertex 150.851 47.2838 31.3
    endloop
  endfacet
  facet normal 0.0516165 0.998667 0
    outer loop
      vertex 150.584 47.2976 31.3
      vertex 150.851 47.2838 30.7
      vertex 150.584 47.2976 30.7
    endloop
  endfacet
  facet normal -0.0301233 0.999546 0
    outer loop
      vertex 150.997 47.2882 30.7
      vertex 150.851 47.2838 31.3
      vertex 150.997 47.2882 31.3
    endloop
  endfacet
  facet normal -0.0301233 0.999546 0
    outer loop
      vertex 150.851 47.2838 31.3
      vertex 150.997 47.2882 30.7
      vertex 150.851 47.2838 30.7
    endloop
  endfacet
  facet normal -0.248157 0.96872 0
    outer loop
      vertex 144.632 47.364 30.7
      vertex 144.397 47.3038 31.3
      vertex 144.632 47.364 31.3
    endloop
  endfacet
  facet normal -0.248157 0.96872 0
    outer loop
      vertex 144.397 47.3038 31.3
      vertex 144.632 47.364 30.7
      vertex 144.397 47.3038 30.7
    endloop
  endfacet
  facet normal -0.426022 0.904713 0
    outer loop
      vertex 144.845 47.4643 30.7
      vertex 144.632 47.364 31.3
      vertex 144.845 47.4643 31.3
    endloop
  endfacet
  facet normal -0.426022 0.904713 0
    outer loop
      vertex 144.632 47.364 31.3
      vertex 144.845 47.4643 30.7
      vertex 144.632 47.364 30.7
    endloop
  endfacet
  facet normal -0.594296 0.804247 0
    outer loop
      vertex 145.035 47.6047 30.7
      vertex 144.845 47.4643 31.3
      vertex 145.035 47.6047 31.3
    endloop
  endfacet
  facet normal -0.594296 0.804247 0
    outer loop
      vertex 144.845 47.4643 31.3
      vertex 145.035 47.6047 30.7
      vertex 144.845 47.4643 30.7
    endloop
  endfacet
  facet normal -0.734211 0.678921 0
    outer loop
      vertex 145.035 47.6047 30.7
      vertex 145.202 47.7853 31.3
      vertex 145.202 47.7853 30.7
    endloop
  endfacet
  facet normal -0.734211 0.678921 0
    outer loop
      vertex 145.202 47.7853 31.3
      vertex 145.035 47.6047 30.7
      vertex 145.035 47.6047 31.3
    endloop
  endfacet
  facet normal -0.83576 0.549095 0
    outer loop
      vertex 145.202 47.7853 30.7
      vertex 145.347 48.006 31.3
      vertex 145.347 48.006 30.7
    endloop
  endfacet
  facet normal -0.83576 0.549095 0
    outer loop
      vertex 145.347 48.006 31.3
      vertex 145.202 47.7853 30.7
      vertex 145.202 47.7853 31.3
    endloop
  endfacet
  facet normal 0 1 -0
    outer loop
      vertex 145.367 48.006 30.7
      vertex 145.347 48.006 31.3
      vertex 145.367 48.006 31.3
    endloop
  endfacet
  facet normal 0 1 0
    outer loop
      vertex 145.347 48.006 31.3
      vertex 145.367 48.006 30.7
      vertex 145.347 48.006 30.7
    endloop
  endfacet
  facet normal 0.990764 0.135597 0
    outer loop
      vertex 145.382 47.8964 31.3
      vertex 145.367 48.006 30.7
      vertex 145.367 48.006 31.3
    endloop
  endfacet
  facet normal 0.990764 0.135597 0
    outer loop
      vertex 145.367 48.006 30.7
      vertex 145.382 47.8964 31.3
      vertex 145.382 47.8964 30.7
    endloop
  endfacet
  facet normal 0.974701 0.223511 0
    outer loop
      vertex 145.405 47.7961 31.3
      vertex 145.382 47.8964 30.7
      vertex 145.382 47.8964 31.3
    endloop
  endfacet
  facet normal 0.974701 0.223511 0
    outer loop
      vertex 145.382 47.8964 30.7
      vertex 145.405 47.7961 31.3
      vertex 145.405 47.7961 30.7
    endloop
  endfacet
  facet normal 0.949824 0.312785 0
    outer loop
      vertex 145.435 47.705 31.3
      vertex 145.405 47.7961 30.7
      vertex 145.405 47.7961 31.3
    endloop
  endfacet
  facet normal 0.949824 0.312785 0
    outer loop
      vertex 145.405 47.7961 30.7
      vertex 145.435 47.705 31.3
      vertex 145.435 47.705 30.7
    endloop
  endfacet
  facet normal 0.906918 0.421307 0
    outer loop
      vertex 145.473 47.6232 31.3
      vertex 145.435 47.705 30.7
      vertex 145.435 47.705 31.3
    endloop
  endfacet
  facet normal 0.906918 0.421307 0
    outer loop
      vertex 145.435 47.705 30.7
      vertex 145.473 47.6232 31.3
      vertex 145.473 47.6232 30.7
    endloop
  endfacet
  facet normal 0.844714 0.535218 0
    outer loop
      vertex 145.519 47.5506 31.3
      vertex 145.473 47.6232 30.7
      vertex 145.473 47.6232 31.3
    endloop
  endfacet
  facet normal 0.844714 0.535218 0
    outer loop
      vertex 145.473 47.6232 30.7
      vertex 145.519 47.5506 31.3
      vertex 145.519 47.5506 30.7
    endloop
  endfacet
  facet normal 0.767228 0.641374 0
    outer loop
      vertex 145.572 47.4872 31.3
      vertex 145.519 47.5506 30.7
      vertex 145.519 47.5506 31.3
    endloop
  endfacet
  facet normal 0.767228 0.641374 0
    outer loop
      vertex 145.519 47.5506 30.7
      vertex 145.572 47.4872 31.3
      vertex 145.572 47.4872 30.7
    endloop
  endfacet
  facet normal 0.656088 0.754684 -0
    outer loop
      vertex 145.634 47.4333 30.7
      vertex 145.572 47.4872 31.3
      vertex 145.634 47.4333 31.3
    endloop
  endfacet
  facet normal 0.656088 0.754684 0
    outer loop
      vertex 145.572 47.4872 31.3
      vertex 145.634 47.4333 30.7
      vertex 145.572 47.4872 30.7
    endloop
  endfacet
  facet normal 0.51708 0.855937 -0
    outer loop
      vertex 145.707 47.3892 30.7
      vertex 145.634 47.4333 31.3
      vertex 145.707 47.3892 31.3
    endloop
  endfacet
  facet normal 0.51708 0.855937 0
    outer loop
      vertex 145.634 47.4333 31.3
      vertex 145.707 47.3892 30.7
      vertex 145.634 47.4333 30.7
    endloop
  endfacet
  facet normal 0.381926 0.924193 -0
    outer loop
      vertex 145.79 47.3549 30.7
      vertex 145.707 47.3892 31.3
      vertex 145.79 47.3549 31.3
    endloop
  endfacet
  facet normal 0.381926 0.924193 0
    outer loop
      vertex 145.707 47.3892 31.3
      vertex 145.79 47.3549 30.7
      vertex 145.707 47.3892 30.7
    endloop
  endfacet
  facet normal 0.251248 0.967923 -0
    outer loop
      vertex 145.884 47.3305 30.7
      vertex 145.79 47.3549 31.3
      vertex 145.884 47.3305 31.3
    endloop
  endfacet
  facet normal 0.251248 0.967923 0
    outer loop
      vertex 145.79 47.3549 31.3
      vertex 145.884 47.3305 30.7
      vertex 145.79 47.3549 30.7
    endloop
  endfacet
  facet normal 0.139955 0.990158 -0
    outer loop
      vertex 145.988 47.3158 30.7
      vertex 145.884 47.3305 31.3
      vertex 145.988 47.3158 31.3
    endloop
  endfacet
  facet normal 0.139955 0.990158 0
    outer loop
      vertex 145.884 47.3305 31.3
      vertex 145.988 47.3158 30.7
      vertex 145.884 47.3305 30.7
    endloop
  endfacet
  facet normal 0.0425701 0.999093 -0
    outer loop
      vertex 146.103 47.3109 30.7
      vertex 145.988 47.3158 31.3
      vertex 146.103 47.3109 31.3
    endloop
  endfacet
  facet normal 0.0425701 0.999093 0
    outer loop
      vertex 145.988 47.3158 31.3
      vertex 146.103 47.3109 30.7
      vertex 145.988 47.3158 30.7
    endloop
  endfacet
  facet normal -0.00606049 0.999982 0
    outer loop
      vertex 146.136 47.3111 30.7
      vertex 146.103 47.3109 31.3
      vertex 146.136 47.3111 31.3
    endloop
  endfacet
  facet normal -0.00606049 0.999982 0
    outer loop
      vertex 146.103 47.3109 31.3
      vertex 146.136 47.3111 30.7
      vertex 146.103 47.3109 30.7
    endloop
  endfacet
  facet normal -0.0156231 0.999878 0
    outer loop
      vertex 146.168 47.3116 30.7
      vertex 146.136 47.3111 31.3
      vertex 146.168 47.3116 31.3
    endloop
  endfacet
  facet normal -0.0156231 0.999878 0
    outer loop
      vertex 146.136 47.3111 31.3
      vertex 146.168 47.3116 30.7
      vertex 146.136 47.3111 30.7
    endloop
  endfacet
  facet normal -0.0333148 0.999445 0
    outer loop
      vertex 146.198 47.3126 30.7
      vertex 146.168 47.3116 31.3
      vertex 146.198 47.3126 31.3
    endloop
  endfacet
  facet normal -0.0333148 0.999445 0
    outer loop
      vertex 146.168 47.3116 31.3
      vertex 146.198 47.3126 30.7
      vertex 146.168 47.3116 30.7
    endloop
  endfacet
  facet normal -0.0447826 0.998997 0
    outer loop
      vertex 146.227 47.3139 30.7
      vertex 146.198 47.3126 31.3
      vertex 146.227 47.3139 31.3
    endloop
  endfacet
  facet normal -0.0447826 0.998997 0
    outer loop
      vertex 146.198 47.3126 31.3
      vertex 146.227 47.3139 30.7
      vertex 146.198 47.3126 30.7
    endloop
  endfacet
  facet normal -0.0606027 0.998162 0
    outer loop
      vertex 146.255 47.3156 30.7
      vertex 146.227 47.3139 31.3
      vertex 146.255 47.3156 31.3
    endloop
  endfacet
  facet normal -0.0606027 0.998162 0
    outer loop
      vertex 146.227 47.3139 31.3
      vertex 146.255 47.3156 30.7
      vertex 146.227 47.3139 30.7
    endloop
  endfacet
  facet normal -0.0805071 0.996754 0
    outer loop
      vertex 146.281 47.3177 30.7
      vertex 146.255 47.3156 31.3
      vertex 146.281 47.3177 31.3
    endloop
  endfacet
  facet normal -0.0805071 0.996754 0
    outer loop
      vertex 146.255 47.3156 31.3
      vertex 146.281 47.3177 30.7
      vertex 146.255 47.3156 30.7
    endloop
  endfacet
  facet normal -0.0916131 0.995795 0
    outer loop
      vertex 146.306 47.32 30.7
      vertex 146.281 47.3177 31.3
      vertex 146.306 47.32 31.3
    endloop
  endfacet
  facet normal -0.0916131 0.995795 0
    outer loop
      vertex 146.281 47.3177 31.3
      vertex 146.306 47.32 30.7
      vertex 146.281 47.3177 30.7
    endloop
  endfacet
  facet normal -0.0995037 0.995037 0
    outer loop
      vertex 146.331 47.3225 30.7
      vertex 146.306 47.32 31.3
      vertex 146.331 47.3225 31.3
    endloop
  endfacet
  facet normal -0.0995037 0.995037 0
    outer loop
      vertex 146.306 47.32 31.3
      vertex 146.331 47.3225 30.7
      vertex 146.306 47.32 30.7
    endloop
  endfacet
  facet normal -0.115881 0.993263 0
    outer loop
      vertex 146.355 47.3253 30.7
      vertex 146.331 47.3225 31.3
      vertex 146.355 47.3253 31.3
    endloop
  endfacet
  facet normal -0.115881 0.993263 0
    outer loop
      vertex 146.331 47.3225 31.3
      vertex 146.355 47.3253 30.7
      vertex 146.331 47.3225 30.7
    endloop
  endfacet
  facet normal -0.119961 0.992779 0
    outer loop
      vertex 146.379 47.3282 30.7
      vertex 146.355 47.3253 31.3
      vertex 146.379 47.3282 31.3
    endloop
  endfacet
  facet normal -0.119961 0.992779 0
    outer loop
      vertex 146.355 47.3253 31.3
      vertex 146.379 47.3282 30.7
      vertex 146.355 47.3253 30.7
    endloop
  endfacet
  facet normal -0.133575 0.991039 0
    outer loop
      vertex 146.402 47.3313 30.7
      vertex 146.379 47.3282 31.3
      vertex 146.402 47.3313 31.3
    endloop
  endfacet
  facet normal -0.133575 0.991039 0
    outer loop
      vertex 146.379 47.3282 31.3
      vertex 146.402 47.3313 30.7
      vertex 146.379 47.3282 30.7
    endloop
  endfacet
  facet normal -0.142024 0.989863 0
    outer loop
      vertex 146.425 47.3346 30.7
      vertex 146.402 47.3313 31.3
      vertex 146.425 47.3346 31.3
    endloop
  endfacet
  facet normal -0.142024 0.989863 0
    outer loop
      vertex 146.402 47.3313 31.3
      vertex 146.425 47.3346 30.7
      vertex 146.402 47.3313 30.7
    endloop
  endfacet
  facet normal -0.154639 0.987971 0
    outer loop
      vertex 146.448 47.3382 30.7
      vertex 146.425 47.3346 31.3
      vertex 146.448 47.3382 31.3
    endloop
  endfacet
  facet normal -0.154639 0.987971 0
    outer loop
      vertex 146.425 47.3346 31.3
      vertex 146.448 47.3382 30.7
      vertex 146.425 47.3346 30.7
    endloop
  endfacet
  facet normal -0.174551 0.984648 0
    outer loop
      vertex 146.47 47.3421 30.7
      vertex 146.448 47.3382 31.3
      vertex 146.47 47.3421 31.3
    endloop
  endfacet
  facet normal -0.174551 0.984648 0
    outer loop
      vertex 146.448 47.3382 31.3
      vertex 146.47 47.3421 30.7
      vertex 146.448 47.3382 30.7
    endloop
  endfacet
  facet normal -0.187897 0.982189 0
    outer loop
      vertex 146.493 47.3465 30.7
      vertex 146.47 47.3421 31.3
      vertex 146.493 47.3465 31.3
    endloop
  endfacet
  facet normal -0.187897 0.982189 0
    outer loop
      vertex 146.47 47.3421 31.3
      vertex 146.493 47.3465 30.7
      vertex 146.47 47.3421 30.7
    endloop
  endfacet
  facet normal -0.208922 0.977932 0
    outer loop
      vertex 146.515 47.3512 30.7
      vertex 146.493 47.3465 31.3
      vertex 146.515 47.3512 31.3
    endloop
  endfacet
  facet normal -0.208922 0.977932 0
    outer loop
      vertex 146.493 47.3465 31.3
      vertex 146.515 47.3512 30.7
      vertex 146.493 47.3465 30.7
    endloop
  endfacet
  facet normal -0.216481 0.976287 0
    outer loop
      vertex 146.538 47.3563 30.7
      vertex 146.515 47.3512 31.3
      vertex 146.538 47.3563 31.3
    endloop
  endfacet
  facet normal -0.216481 0.976287 0
    outer loop
      vertex 146.515 47.3512 31.3
      vertex 146.538 47.3563 30.7
      vertex 146.515 47.3512 30.7
    endloop
  endfacet
  facet normal -0.228567 0.973528 0
    outer loop
      vertex 146.561 47.3617 30.7
      vertex 146.538 47.3563 31.3
      vertex 146.561 47.3617 31.3
    endloop
  endfacet
  facet normal -0.228567 0.973528 0
    outer loop
      vertex 146.538 47.3563 31.3
      vertex 146.561 47.3617 30.7
      vertex 146.538 47.3563 30.7
    endloop
  endfacet
  facet normal -0.244519 0.969644 0
    outer loop
      vertex 146.584 47.3675 30.7
      vertex 146.561 47.3617 31.3
      vertex 146.584 47.3675 31.3
    endloop
  endfacet
  facet normal -0.244519 0.969644 0
    outer loop
      vertex 146.561 47.3617 31.3
      vertex 146.584 47.3675 30.7
      vertex 146.561 47.3617 30.7
    endloop
  endfacet
  facet normal -0.238726 0.971087 0
    outer loop
      vertex 146.608 47.3734 30.7
      vertex 146.584 47.3675 31.3
      vertex 146.608 47.3734 31.3
    endloop
  endfacet
  facet normal -0.238726 0.971087 0
    outer loop
      vertex 146.584 47.3675 31.3
      vertex 146.608 47.3734 30.7
      vertex 146.584 47.3675 30.7
    endloop
  endfacet
  facet normal -0.238052 0.971252 0
    outer loop
      vertex 146.659 47.3859 30.7
      vertex 146.608 47.3734 31.3
      vertex 146.659 47.3859 31.3
    endloop
  endfacet
  facet normal -0.238052 0.971252 0
    outer loop
      vertex 146.608 47.3734 31.3
      vertex 146.659 47.3859 30.7
      vertex 146.608 47.3734 30.7
    endloop
  endfacet
  facet normal -0.235755 0.971813 0
    outer loop
      vertex 146.713 47.399 30.7
      vertex 146.659 47.3859 31.3
      vertex 146.713 47.399 31.3
    endloop
  endfacet
  facet normal -0.235755 0.971813 0
    outer loop
      vertex 146.659 47.3859 31.3
      vertex 146.713 47.399 30.7
      vertex 146.659 47.3859 30.7
    endloop
  endfacet
  facet normal -1 0 0
    outer loop
      vertex 146.713 47.399 30.7
      vertex 146.713 47.9144 31.3
      vertex 146.713 47.9144 30.7
    endloop
  endfacet
  facet normal -1 -0 0
    outer loop
      vertex 146.713 47.9144 31.3
      vertex 146.713 47.399 30.7
      vertex 146.713 47.399 31.3
    endloop
  endfacet
  facet normal 0.179395 -0.983777 0
    outer loop
      vertex 146.679 47.9082 30.7
      vertex 146.713 47.9144 31.3
      vertex 146.679 47.9082 31.3
    endloop
  endfacet
  facet normal 0.179395 -0.983777 0
    outer loop
      vertex 146.713 47.9144 31.3
      vertex 146.679 47.9082 30.7
      vertex 146.713 47.9144 30.7
    endloop
  endfacet
  facet normal 0.14834 -0.988936 0
    outer loop
      vertex 146.645 47.9031 30.7
      vertex 146.679 47.9082 31.3
      vertex 146.645 47.9031 31.3
    endloop
  endfacet
  facet normal 0.14834 -0.988936 0
    outer loop
      vertex 146.679 47.9082 31.3
      vertex 146.645 47.9031 30.7
      vertex 146.679 47.9082 30.7
    endloop
  endfacet
  facet normal 0.110743 -0.993849 0
    outer loop
      vertex 146.61 47.8992 30.7
      vertex 146.645 47.9031 31.3
      vertex 146.61 47.8992 31.3
    endloop
  endfacet
  facet normal 0.110743 -0.993849 0
    outer loop
      vertex 146.645 47.9031 31.3
      vertex 146.61 47.8992 30.7
      vertex 146.645 47.9031 30.7
    endloop
  endfacet
  facet normal 0.0825742 -0.996585 0
    outer loop
      vertex 146.575 47.8963 30.7
      vertex 146.61 47.8992 31.3
      vertex 146.575 47.8963 31.3
    endloop
  endfacet
  facet normal 0.0825742 -0.996585 0
    outer loop
      vertex 146.61 47.8992 31.3
      vertex 146.575 47.8963 30.7
      vertex 146.61 47.8992 30.7
    endloop
  endfacet
  facet normal 0.0471697 -0.998887 0
    outer loop
      vertex 146.539 47.8946 30.7
      vertex 146.575 47.8963 31.3
      vertex 146.539 47.8946 31.3
    endloop
  endfacet
  facet normal 0.0471697 -0.998887 0
    outer loop
      vertex 146.575 47.8963 31.3
      vertex 146.539 47.8946 30.7
      vertex 146.575 47.8963 30.7
    endloop
  endfacet
  facet normal 0.0138875 -0.999904 0
    outer loop
      vertex 146.503 47.8941 30.7
      vertex 146.539 47.8946 31.3
      vertex 146.503 47.8941 31.3
    endloop
  endfacet
  facet normal 0.0138875 -0.999904 0
    outer loop
      vertex 146.539 47.8946 31.3
      vertex 146.503 47.8941 30.7
      vertex 146.539 47.8946 30.7
    endloop
  endfacet
  facet normal -0.0614223 -0.998112 0
    outer loop
      vertex 146.451 47.8973 30.7
      vertex 146.503 47.8941 31.3
      vertex 146.451 47.8973 31.3
    endloop
  endfacet
  facet normal -0.0614223 -0.998112 -0
    outer loop
      vertex 146.503 47.8941 31.3
      vertex 146.451 47.8973 30.7
      vertex 146.503 47.8941 30.7
    endloop
  endfacet
  facet normal -0.208367 -0.978051 0
    outer loop
      vertex 146.405 47.9071 30.7
      vertex 146.451 47.8973 31.3
      vertex 146.405 47.9071 31.3
    endloop
  endfacet
  facet normal -0.208367 -0.978051 -0
    outer loop
      vertex 146.451 47.8973 31.3
      vertex 146.405 47.9071 30.7
      vertex 146.451 47.8973 30.7
    endloop
  endfacet
  facet normal -0.359872 -0.933002 0
    outer loop
      vertex 146.363 47.9233 30.7
      vertex 146.405 47.9071 31.3
      vertex 146.363 47.9233 31.3
    endloop
  endfacet
  facet normal -0.359872 -0.933002 -0
    outer loop
      vertex 146.405 47.9071 31.3
      vertex 146.363 47.9233 30.7
      vertex 146.405 47.9071 30.7
    endloop
  endfacet
  facet normal -0.535052 -0.844819 0
    outer loop
      vertex 146.327 47.9461 30.7
      vertex 146.363 47.9233 31.3
      vertex 146.327 47.9461 31.3
    endloop
  endfacet
  facet normal -0.535052 -0.844819 -0
    outer loop
      vertex 146.363 47.9233 31.3
      vertex 146.327 47.9461 30.7
      vertex 146.363 47.9233 30.7
    endloop
  endfacet
  facet normal -0.685658 -0.727924 0
    outer loop
      vertex 146.296 47.9753 30.7
      vertex 146.327 47.9461 31.3
      vertex 146.296 47.9753 31.3
    endloop
  endfacet
  facet normal -0.685658 -0.727924 -0
    outer loop
      vertex 146.327 47.9461 31.3
      vertex 146.296 47.9753 30.7
      vertex 146.327 47.9461 30.7
    endloop
  endfacet
  facet normal -0.819124 -0.573616 0
    outer loop
      vertex 146.296 47.9753 30.7
      vertex 146.271 48.011 31.3
      vertex 146.271 48.011 30.7
    endloop
  endfacet
  facet normal -0.819124 -0.573616 0
    outer loop
      vertex 146.271 48.011 31.3
      vertex 146.296 47.9753 30.7
      vertex 146.296 47.9753 31.3
    endloop
  endfacet
  facet normal -0.895637 -0.444786 0
    outer loop
      vertex 146.271 48.011 30.7
      vertex 146.249 48.0553 31.3
      vertex 146.249 48.0553 30.7
    endloop
  endfacet
  facet normal -0.895637 -0.444786 0
    outer loop
      vertex 146.249 48.0553 31.3
      vertex 146.271 48.011 30.7
      vertex 146.271 48.011 31.3
    endloop
  endfacet
  facet normal -0.955403 -0.295306 0
    outer loop
      vertex 146.249 48.0553 30.7
      vertex 146.232 48.1103 31.3
      vertex 146.232 48.1103 30.7
    endloop
  endfacet
  facet normal -0.955403 -0.295306 0
    outer loop
      vertex 146.232 48.1103 31.3
      vertex 146.249 48.0553 30.7
      vertex 146.249 48.0553 31.3
    endloop
  endfacet
  facet normal -0.980924 -0.19439 0
    outer loop
      vertex 146.232 48.1103 30.7
      vertex 146.219 48.1759 31.3
      vertex 146.219 48.1759 30.7
    endloop
  endfacet
  facet normal -0.980924 -0.19439 0
    outer loop
      vertex 146.219 48.1759 31.3
      vertex 146.232 48.1103 30.7
      vertex 146.232 48.1103 31.3
    endloop
  endfacet
  facet normal -0.991521 -0.12995 0
    outer loop
      vertex 146.219 48.1759 30.7
      vertex 146.209 48.2522 31.3
      vertex 146.209 48.2522 30.7
    endloop
  endfacet
  facet normal -0.991521 -0.12995 0
    outer loop
      vertex 146.209 48.2522 31.3
      vertex 146.219 48.1759 30.7
      vertex 146.219 48.1759 31.3
    endloop
  endfacet
  facet normal -0.997619 -0.0689599 0
    outer loop
      vertex 146.209 48.2522 30.7
      vertex 146.203 48.339 31.3
      vertex 146.203 48.339 30.7
    endloop
  endfacet
  facet normal -0.997619 -0.0689599 0
    outer loop
      vertex 146.203 48.339 31.3
      vertex 146.209 48.2522 30.7
      vertex 146.209 48.2522 31.3
    endloop
  endfacet
  facet normal -0.99979 -0.0204875 0
    outer loop
      vertex 146.203 48.339 30.7
      vertex 146.201 48.4366 31.3
      vertex 146.201 48.4366 30.7
    endloop
  endfacet
  facet normal -0.99979 -0.0204875 0
    outer loop
      vertex 146.201 48.4366 31.3
      vertex 146.203 48.339 30.7
      vertex 146.203 48.339 31.3
    endloop
  endfacet
  facet normal -1 0 0
    outer loop
      vertex 146.201 48.4366 30.7
      vertex 146.201 49.7725 31.3
      vertex 146.201 49.7725 30.7
    endloop
  endfacet
  facet normal -1 -0 0
    outer loop
      vertex 146.201 49.7725 31.3
      vertex 146.201 48.4366 30.7
      vertex 146.201 48.4366 31.3
    endloop
  endfacet
  facet normal -0.998779 -0.0493956 0
    outer loop
      vertex 146.201 49.7725 30.7
      vertex 146.191 49.9747 31.3
      vertex 146.191 49.9747 30.7
    endloop
  endfacet
  facet normal -0.998779 -0.0493956 0
    outer loop
      vertex 146.191 49.9747 31.3
      vertex 146.201 49.7725 30.7
      vertex 146.201 49.7725 31.3
    endloop
  endfacet
  facet normal -0.985552 -0.169375 0
    outer loop
      vertex 146.191 49.9747 30.7
      vertex 146.159 50.1609 31.3
      vertex 146.159 50.1609 30.7
    endloop
  endfacet
  facet normal -0.985552 -0.169375 0
    outer loop
      vertex 146.159 50.1609 31.3
      vertex 146.191 49.9747 30.7
      vertex 146.191 49.9747 31.3
    endloop
  endfacet
  facet normal -0.95636 -0.29219 0
    outer loop
      vertex 146.159 50.1609 30.7
      vertex 146.107 50.3311 31.3
      vertex 146.107 50.3311 30.7
    endloop
  endfacet
  facet normal -0.95636 -0.29219 0
    outer loop
      vertex 146.107 50.3311 31.3
      vertex 146.159 50.1609 30.7
      vertex 146.159 50.1609 31.3
    endloop
  endfacet
  facet normal -0.903726 -0.428112 0
    outer loop
      vertex 146.107 50.3311 30.7
      vertex 146.034 50.4852 31.3
      vertex 146.034 50.4852 30.7
    endloop
  endfacet
  facet normal -0.903726 -0.428112 0
    outer loop
      vertex 146.034 50.4852 31.3
      vertex 146.107 50.3311 30.7
      vertex 146.107 50.3311 31.3
    endloop
  endfacet
  facet normal -0.82686 -0.562408 0
    outer loop
      vertex 146.034 50.4852 30.7
      vertex 145.94 50.6234 31.3
      vertex 145.94 50.6234 30.7
    endloop
  endfacet
  facet normal -0.82686 -0.562408 0
    outer loop
      vertex 145.94 50.6234 31.3
      vertex 146.034 50.4852 30.7
      vertex 146.034 50.4852 31.3
    endloop
  endfacet
  facet normal -0.728235 -0.685328 0
    outer loop
      vertex 145.94 50.6234 30.7
      vertex 145.825 50.7456 31.3
      vertex 145.825 50.7456 30.7
    endloop
  endfacet
  facet normal -0.728235 -0.685328 0
    outer loop
      vertex 145.825 50.7456 31.3
      vertex 145.94 50.6234 30.7
      vertex 145.94 50.6234 31.3
    endloop
  endfacet
  facet normal -0.61248 -0.790486 0
    outer loop
      vertex 145.69 50.8502 30.7
      vertex 145.825 50.7456 31.3
      vertex 145.69 50.8502 31.3
    endloop
  endfacet
  facet normal -0.61248 -0.790486 -0
    outer loop
      vertex 145.825 50.7456 31.3
      vertex 145.69 50.8502 30.7
      vertex 145.825 50.7456 30.7
    endloop
  endfacet
  facet normal -0.490697 -0.87133 0
    outer loop
      vertex 145.538 50.9358 30.7
      vertex 145.69 50.8502 31.3
      vertex 145.538 50.9358 31.3
    endloop
  endfacet
  facet normal -0.490697 -0.87133 -0
    outer loop
      vertex 145.69 50.8502 31.3
      vertex 145.538 50.9358 30.7
      vertex 145.69 50.8502 30.7
    endloop
  endfacet
  facet normal -0.36664 -0.930363 0
    outer loop
      vertex 145.369 51.0024 30.7
      vertex 145.538 50.9358 31.3
      vertex 145.369 51.0024 31.3
    endloop
  endfacet
  facet normal -0.36664 -0.930363 -0
    outer loop
      vertex 145.538 50.9358 31.3
      vertex 145.369 51.0024 30.7
      vertex 145.538 50.9358 30.7
    endloop
  endfacet
  facet normal -0.244962 -0.969533 0
    outer loop
      vertex 145.181 51.0499 30.7
      vertex 145.369 51.0024 31.3
      vertex 145.181 51.0499 31.3
    endloop
  endfacet
  facet normal -0.244962 -0.969533 -0
    outer loop
      vertex 145.369 51.0024 31.3
      vertex 145.181 51.0499 30.7
      vertex 145.369 51.0024 30.7
    endloop
  endfacet
  facet normal -0.138174 -0.990408 0
    outer loop
      vertex 144.976 51.0785 30.7
      vertex 145.181 51.0499 31.3
      vertex 144.976 51.0785 31.3
    endloop
  endfacet
  facet normal -0.138174 -0.990408 -0
    outer loop
      vertex 145.181 51.0499 31.3
      vertex 144.976 51.0785 30.7
      vertex 145.181 51.0499 30.7
    endloop
  endfacet
  facet normal -0.0425623 -0.999094 0
    outer loop
      vertex 144.753 51.088 30.7
      vertex 144.976 51.0785 31.3
      vertex 144.753 51.088 31.3
    endloop
  endfacet
  facet normal -0.0425623 -0.999094 -0
    outer loop
      vertex 144.976 51.0785 31.3
      vertex 144.753 51.088 30.7
      vertex 144.976 51.0785 30.7
    endloop
  endfacet
  facet normal 0.0348205 -0.999394 0
    outer loop
      vertex 144.532 51.0803 30.7
      vertex 144.753 51.088 31.3
      vertex 144.532 51.0803 31.3
    endloop
  endfacet
  facet normal 0.0348205 -0.999394 0
    outer loop
      vertex 144.753 51.088 31.3
      vertex 144.532 51.0803 30.7
      vertex 144.753 51.088 30.7
    endloop
  endfacet
  facet normal 0.111496 -0.993765 0
    outer loop
      vertex 144.327 51.0573 30.7
      vertex 144.532 51.0803 31.3
      vertex 144.327 51.0573 31.3
    endloop
  endfacet
  facet normal 0.111496 -0.993765 0
    outer loop
      vertex 144.532 51.0803 31.3
      vertex 144.327 51.0573 30.7
      vertex 144.532 51.0803 30.7
    endloop
  endfacet
  facet normal 0.199107 -0.979978 0
    outer loop
      vertex 144.138 51.0189 30.7
      vertex 144.327 51.0573 31.3
      vertex 144.138 51.0189 31.3
    endloop
  endfacet
  facet normal 0.199107 -0.979978 0
    outer loop
      vertex 144.327 51.0573 31.3
      vertex 144.138 51.0189 30.7
      vertex 144.327 51.0573 30.7
    endloop
  endfacet
  facet normal 0.294896 -0.955529 0
    outer loop
      vertex 143.964 50.9652 30.7
      vertex 144.138 51.0189 31.3
      vertex 143.964 50.9652 31.3
    endloop
  endfacet
  facet normal 0.294896 -0.955529 0
    outer loop
      vertex 144.138 51.0189 31.3
      vertex 143.964 50.9652 30.7
      vertex 144.138 51.0189 30.7
    endloop
  endfacet
  facet normal 0.402836 -0.915272 0
    outer loop
      vertex 143.807 50.8961 30.7
      vertex 143.964 50.9652 31.3
      vertex 143.807 50.8961 31.3
    endloop
  endfacet
  facet normal 0.402836 -0.915272 0
    outer loop
      vertex 143.964 50.9652 31.3
      vertex 143.807 50.8961 30.7
      vertex 143.964 50.9652 30.7
    endloop
  endfacet
  facet normal 0.516294 -0.856412 0
    outer loop
      vertex 143.667 50.8117 30.7
      vertex 143.807 50.8961 31.3
      vertex 143.667 50.8117 31.3
    endloop
  endfacet
  facet normal 0.516294 -0.856412 0
    outer loop
      vertex 143.807 50.8961 31.3
      vertex 143.667 50.8117 30.7
      vertex 143.807 50.8961 30.7
    endloop
  endfacet
  facet normal 0.622402 -0.782698 0
    outer loop
      vertex 143.542 50.7123 30.7
      vertex 143.667 50.8117 31.3
      vertex 143.542 50.7123 31.3
    endloop
  endfacet
  facet normal 0.622402 -0.782698 0
    outer loop
      vertex 143.667 50.8117 31.3
      vertex 143.542 50.7123 30.7
      vertex 143.667 50.8117 30.7
    endloop
  endfacet
  facet normal 0.728238 -0.685325 0
    outer loop
      vertex 143.435 50.5986 31.3
      vertex 143.542 50.7123 30.7
      vertex 143.542 50.7123 31.3
    endloop
  endfacet
  facet normal 0.728238 -0.685325 0
    outer loop
      vertex 143.542 50.7123 30.7
      vertex 143.435 50.5986 31.3
      vertex 143.435 50.5986 30.7
    endloop
  endfacet
  facet normal 0.81824 -0.574876 0
    outer loop
      vertex 143.345 50.4705 31.3
      vertex 143.435 50.5986 30.7
      vertex 143.435 50.5986 31.3
    endloop
  endfacet
  facet normal 0.81824 -0.574876 0
    outer loop
      vertex 143.435 50.5986 30.7
      vertex 143.345 50.4705 31.3
      vertex 143.345 50.4705 30.7
    endloop
  endfacet
  facet normal 0.890012 -0.455936 0
    outer loop
      vertex 143.272 50.328 31.3
      vertex 143.345 50.4705 30.7
      vertex 143.345 50.4705 31.3
    endloop
  endfacet
  facet normal 0.890012 -0.455936 0
    outer loop
      vertex 143.345 50.4705 30.7
      vertex 143.272 50.328 31.3
      vertex 143.272 50.328 30.7
    endloop
  endfacet
  facet normal 0.941878 -0.335956 0
    outer loop
      vertex 143.216 50.171 31.3
      vertex 143.272 50.328 30.7
      vertex 143.272 50.328 31.3
    endloop
  endfacet
  facet normal 0.941878 -0.335956 0
    outer loop
      vertex 143.272 50.328 30.7
      vertex 143.216 50.171 31.3
      vertex 143.216 50.171 30.7
    endloop
  endfacet
  facet normal 0.975049 -0.22199 0
    outer loop
      vertex 143.177 49.9997 31.3
      vertex 143.216 50.171 30.7
      vertex 143.216 50.171 31.3
    endloop
  endfacet
  facet normal 0.975049 -0.22199 0
    outer loop
      vertex 143.216 50.171 30.7
      vertex 143.177 49.9997 31.3
      vertex 143.177 49.9997 30.7
    endloop
  endfacet
  facet normal 0.0477802 0.998858 -0
    outer loop
      vertex 144.17 49.9522 30.7
      vertex 143.177 49.9997 31.3
      vertex 144.17 49.9522 31.3
    endloop
  endfacet
  facet normal 0.0477802 0.998858 0
    outer loop
      vertex 143.177 49.9997 31.3
      vertex 144.17 49.9522 30.7
      vertex 143.177 49.9997 30.7
    endloop
  endfacet
  facet normal -0.989335 0.145655 0
    outer loop
      vertex 144.17 49.9522 30.7
      vertex 144.183 50.0405 31.3
      vertex 144.183 50.0405 30.7
    endloop
  endfacet
  facet normal -0.989335 0.145655 0
    outer loop
      vertex 144.183 50.0405 31.3
      vertex 144.17 49.9522 30.7
      vertex 144.17 49.9522 31.3
    endloop
  endfacet
  facet normal -0.975313 0.220826 0
    outer loop
      vertex 144.183 50.0405 30.7
      vertex 144.201 50.12 31.3
      vertex 144.201 50.12 30.7
    endloop
  endfacet
  facet normal -0.975313 0.220826 0
    outer loop
      vertex 144.201 50.12 31.3
      vertex 144.183 50.0405 30.7
      vertex 144.183 50.0405 31.3
    endloop
  endfacet
  facet normal -0.951074 0.308965 0
    outer loop
      vertex 144.201 50.12 30.7
      vertex 144.224 50.1908 31.3
      vertex 144.224 50.1908 30.7
    endloop
  endfacet
  facet normal -0.951074 0.308965 0
    outer loop
      vertex 144.224 50.1908 31.3
      vertex 144.201 50.12 30.7
      vertex 144.201 50.12 31.3
    endloop
  endfacet
  facet normal -0.911371 0.411587 0
    outer loop
      vertex 144.224 50.1908 30.7
      vertex 144.252 50.2528 31.3
      vertex 144.252 50.2528 30.7
    endloop
  endfacet
  facet normal -0.911371 0.411587 0
    outer loop
      vertex 144.252 50.2528 31.3
      vertex 144.224 50.1908 30.7
      vertex 144.224 50.1908 31.3
    endloop
  endfacet
  facet normal -0.843075 0.537796 0
    outer loop
      vertex 144.252 50.2528 30.7
      vertex 144.286 50.3061 31.3
      vertex 144.286 50.3061 30.7
    endloop
  endfacet
  facet normal -0.843075 0.537796 0
    outer loop
      vertex 144.286 50.3061 31.3
      vertex 144.252 50.2528 30.7
      vertex 144.252 50.2528 31.3
    endloop
  endfacet
  facet normal -0.760462 0.649383 0
    outer loop
      vertex 144.286 50.3061 30.7
      vertex 144.324 50.3506 31.3
      vertex 144.324 50.3506 30.7
    endloop
  endfacet
  facet normal -0.760462 0.649383 0
    outer loop
      vertex 144.324 50.3506 31.3
      vertex 144.286 50.3061 30.7
      vertex 144.286 50.3061 31.3
    endloop
  endfacet
  facet normal -0.624695 0.780869 0
    outer loop
      vertex 144.37 50.3874 30.7
      vertex 144.324 50.3506 31.3
      vertex 144.37 50.3874 31.3
    endloop
  endfacet
  facet normal -0.624695 0.780869 0
    outer loop
      vertex 144.324 50.3506 31.3
      vertex 144.37 50.3874 30.7
      vertex 144.324 50.3506 30.7
    endloop
  endfacet
  facet normal -0.492598 0.870257 0
    outer loop
      vertex 144.423 50.4174 30.7
      vertex 144.37 50.3874 31.3
      vertex 144.423 50.4174 31.3
    endloop
  endfacet
  facet normal -0.492598 0.870257 0
    outer loop
      vertex 144.37 50.3874 31.3
      vertex 144.423 50.4174 30.7
      vertex 144.37 50.3874 30.7
    endloop
  endfacet
  facet normal -0.363345 0.931655 0
    outer loop
      vertex 144.483 50.4408 30.7
      vertex 144.423 50.4174 31.3
      vertex 144.483 50.4408 31.3
    endloop
  endfacet
  facet normal -0.363345 0.931655 0
    outer loop
      vertex 144.423 50.4174 31.3
      vertex 144.483 50.4408 30.7
      vertex 144.423 50.4174 30.7
    endloop
  endfacet
  facet normal -0.236567 0.971615 0
    outer loop
      vertex 144.552 50.4576 30.7
      vertex 144.483 50.4408 31.3
      vertex 144.552 50.4576 31.3
    endloop
  endfacet
  facet normal -0.236567 0.971615 0
    outer loop
      vertex 144.483 50.4408 31.3
      vertex 144.552 50.4576 30.7
      vertex 144.483 50.4408 30.7
    endloop
  endfacet
  facet normal -0.130455 0.991454 0
    outer loop
      vertex 144.628 50.4676 30.7
      vertex 144.552 50.4576 31.3
      vertex 144.628 50.4676 31.3
    endloop
  endfacet
  facet normal -0.130455 0.991454 0
    outer loop
      vertex 144.552 50.4576 31.3
      vertex 144.628 50.4676 30.7
      vertex 144.552 50.4576 30.7
    endloop
  endfacet
  facet normal -0.039968 0.999201 0
    outer loop
      vertex 144.713 50.471 30.7
      vertex 144.628 50.4676 31.3
      vertex 144.713 50.471 31.3
    endloop
  endfacet
  facet normal -0.039968 0.999201 0
    outer loop
      vertex 144.628 50.4676 31.3
      vertex 144.713 50.471 30.7
      vertex 144.628 50.4676 30.7
    endloop
  endfacet
  facet normal 0.0543639 0.998521 -0
    outer loop
      vertex 144.803 50.4661 30.7
      vertex 144.713 50.471 31.3
      vertex 144.803 50.4661 31.3
    endloop
  endfacet
  facet normal 0.0543639 0.998521 0
    outer loop
      vertex 144.713 50.471 31.3
      vertex 144.803 50.4661 30.7
      vertex 144.713 50.471 30.7
    endloop
  endfacet
  facet normal 0.175292 0.984516 -0
    outer loop
      vertex 144.885 50.4515 30.7
      vertex 144.803 50.4661 31.3
      vertex 144.885 50.4515 31.3
    endloop
  endfacet
  facet normal 0.175292 0.984516 0
    outer loop
      vertex 144.803 50.4661 31.3
      vertex 144.885 50.4515 30.7
      vertex 144.803 50.4661 30.7
    endloop
  endfacet
  facet normal 0.314667 0.949202 -0
    outer loop
      vertex 144.958 50.4273 30.7
      vertex 144.885 50.4515 31.3
      vertex 144.958 50.4273 31.3
    endloop
  endfacet
  facet normal 0.314667 0.949202 0
    outer loop
      vertex 144.885 50.4515 31.3
      vertex 144.958 50.4273 30.7
      vertex 144.885 50.4515 30.7
    endloop
  endfacet
  facet normal 0.469155 0.883116 -0
    outer loop
      vertex 145.022 50.3933 30.7
      vertex 144.958 50.4273 31.3
      vertex 145.022 50.3933 31.3
    endloop
  endfacet
  facet normal 0.469155 0.883116 0
    outer loop
      vertex 144.958 50.4273 31.3
      vertex 145.022 50.3933 30.7
      vertex 144.958 50.4273 30.7
    endloop
  endfacet
  facet normal 0.621214 0.783641 -0
    outer loop
      vertex 145.077 50.3497 30.7
      vertex 145.022 50.3933 31.3
      vertex 145.077 50.3497 31.3
    endloop
  endfacet
  facet normal 0.621214 0.783641 0
    outer loop
      vertex 145.022 50.3933 31.3
      vertex 145.077 50.3497 30.7
      vertex 145.022 50.3933 30.7
    endloop
  endfacet
  facet normal 0.757652 0.652659 0
    outer loop
      vertex 145.123 50.2963 31.3
      vertex 145.077 50.3497 30.7
      vertex 145.077 50.3497 31.3
    endloop
  endfacet
  facet normal 0.757652 0.652659 0
    outer loop
      vertex 145.077 50.3497 30.7
      vertex 145.123 50.2963 31.3
      vertex 145.123 50.2963 30.7
    endloop
  endfacet
  facet normal 0.857373 0.514695 0
    outer loop
      vertex 145.161 50.233 31.3
      vertex 145.123 50.2963 30.7
      vertex 145.123 50.2963 31.3
    endloop
  endfacet
  facet normal 0.857373 0.514695 0
    outer loop
      vertex 145.123 50.2963 30.7
      vertex 145.161 50.233 31.3
      vertex 145.161 50.233 30.7
    endloop
  endfacet
  facet normal 0.91707 0.398726 0
    outer loop
      vertex 145.193 50.1594 31.3
      vertex 145.161 50.233 30.7
      vertex 145.161 50.233 31.3
    endloop
  endfacet
  facet normal 0.91707 0.398726 0
    outer loop
      vertex 145.161 50.233 30.7
      vertex 145.193 50.1594 31.3
      vertex 145.193 50.1594 30.7
    endloop
  endfacet
  facet normal 0.961437 0.275024 0
    outer loop
      vertex 145.217 50.0755 31.3
      vertex 145.193 50.1594 30.7
      vertex 145.193 50.1594 31.3
    endloop
  endfacet
  facet normal 0.961437 0.275024 0
    outer loop
      vertex 145.193 50.1594 30.7
      vertex 145.217 50.0755 31.3
      vertex 145.217 50.0755 30.7
    endloop
  endfacet
  facet normal 0.98407 0.177781 0
    outer loop
      vertex 145.234 49.9814 31.3
      vertex 145.217 50.0755 30.7
      vertex 145.217 50.0755 31.3
    endloop
  endfacet
  facet normal 0.98407 0.177781 0
    outer loop
      vertex 145.217 50.0755 30.7
      vertex 145.234 49.9814 31.3
      vertex 145.234 49.9814 30.7
    endloop
  endfacet
  facet normal 0.994495 0.104784 0
    outer loop
      vertex 145.245 49.877 31.3
      vertex 145.234 49.9814 30.7
      vertex 145.234 49.9814 31.3
    endloop
  endfacet
  facet normal 0.994495 0.104784 0
    outer loop
      vertex 145.234 49.9814 30.7
      vertex 145.245 49.877 31.3
      vertex 145.245 49.877 30.7
    endloop
  endfacet
  facet normal 0.999658 0.0261462 0
    outer loop
      vertex 145.248 49.7623 31.3
      vertex 145.245 49.877 30.7
      vertex 145.245 49.877 31.3
    endloop
  endfacet
  facet normal 0.999658 0.0261462 0
    outer loop
      vertex 145.245 49.877 30.7
      vertex 145.248 49.7623 31.3
      vertex 145.248 49.7623 30.7
    endloop
  endfacet
  facet normal 1 -0 0
    outer loop
      vertex 145.248 49.5758 31.3
      vertex 145.248 49.7623 30.7
      vertex 145.248 49.7623 31.3
    endloop
  endfacet
  facet normal 1 0 0
    outer loop
      vertex 145.248 49.7623 30.7
      vertex 145.248 49.5758 31.3
      vertex 145.248 49.5758 30.7
    endloop
  endfacet
  facet normal 0.0170861 -0.999854 0
    outer loop
      vertex 144.458 49.5623 30.7
      vertex 145.248 49.5758 31.3
      vertex 144.458 49.5623 31.3
    endloop
  endfacet
  facet normal 0.0170861 -0.999854 0
    outer loop
      vertex 145.248 49.5758 31.3
      vertex 144.458 49.5623 30.7
      vertex 145.248 49.5758 30.7
    endloop
  endfacet
  facet normal 0.0461729 -0.998933 0
    outer loop
      vertex 144.233 49.5519 30.7
      vertex 144.458 49.5623 31.3
      vertex 144.233 49.5519 31.3
    endloop
  endfacet
  facet normal 0.0461729 -0.998933 0
    outer loop
      vertex 144.458 49.5623 31.3
      vertex 144.233 49.5519 30.7
      vertex 144.458 49.5623 30.7
    endloop
  endfacet
  facet normal 0.126852 -0.991922 0
    outer loop
      vertex 144.025 49.5253 30.7
      vertex 144.233 49.5519 31.3
      vertex 144.025 49.5253 31.3
    endloop
  endfacet
  facet normal 0.126852 -0.991922 0
    outer loop
      vertex 144.233 49.5519 31.3
      vertex 144.025 49.5253 30.7
      vertex 144.233 49.5519 30.7
    endloop
  endfacet
  facet normal 0.221487 -0.975163 0
    outer loop
      vertex 143.837 49.4826 30.7
      vertex 144.025 49.5253 31.3
      vertex 143.837 49.4826 31.3
    endloop
  endfacet
  facet normal 0.221487 -0.975163 0
    outer loop
      vertex 144.025 49.5253 31.3
      vertex 143.837 49.4826 30.7
      vertex 144.025 49.5253 30.7
    endloop
  endfacet
  facet normal 0.326161 -0.945314 0
    outer loop
      vertex 143.666 49.4236 30.7
      vertex 143.837 49.4826 31.3
      vertex 143.666 49.4236 31.3
    endloop
  endfacet
  facet normal 0.326161 -0.945314 0
    outer loop
      vertex 143.837 49.4826 31.3
      vertex 143.666 49.4236 30.7
      vertex 143.837 49.4826 30.7
    endloop
  endfacet
  facet normal 0.44579 -0.895137 0
    outer loop
      vertex 143.515 49.3484 30.7
      vertex 143.666 49.4236 31.3
      vertex 143.515 49.3484 31.3
    endloop
  endfacet
  facet normal 0.44579 -0.895137 0
    outer loop
      vertex 143.666 49.4236 31.3
      vertex 143.515 49.3484 30.7
      vertex 143.666 49.4236 30.7
    endloop
  endfacet
  facet normal 0.56595 -0.82444 0
    outer loop
      vertex 143.382 49.2571 30.7
      vertex 143.515 49.3484 31.3
      vertex 143.382 49.2571 31.3
    endloop
  endfacet
  facet normal 0.56595 -0.82444 0
    outer loop
      vertex 143.515 49.3484 31.3
      vertex 143.382 49.2571 30.7
      vertex 143.515 49.3484 30.7
    endloop
  endfacet
  facet normal 0.684367 -0.729138 0
    outer loop
      vertex 143.268 49.1501 30.7
      vertex 143.382 49.2571 31.3
      vertex 143.268 49.1501 31.3
    endloop
  endfacet
  facet normal 0.684367 -0.729138 0
    outer loop
      vertex 143.382 49.2571 31.3
      vertex 143.268 49.1501 30.7
      vertex 143.382 49.2571 30.7
    endloop
  endfacet
  facet normal 0.798664 -0.601778 0
    outer loop
      vertex 143.176 49.028 31.3
      vertex 143.268 49.1501 30.7
      vertex 143.268 49.1501 31.3
    endloop
  endfacet
  facet normal 0.798664 -0.601778 0
    outer loop
      vertex 143.268 49.1501 30.7
      vertex 143.176 49.028 31.3
      vertex 143.176 49.028 30.7
    endloop
  endfacet
  facet normal 0.882674 -0.469987 0
    outer loop
      vertex 143.103 48.8909 31.3
      vertex 143.176 49.028 30.7
      vertex 143.176 49.028 31.3
    endloop
  endfacet
  facet normal 0.882674 -0.469987 0
    outer loop
      vertex 143.176 49.028 30.7
      vertex 143.103 48.8909 31.3
      vertex 143.103 48.8909 30.7
    endloop
  endfacet
  facet normal 0.948184 -0.317723 0
    outer loop
      vertex 143.052 48.7387 31.3
      vertex 143.103 48.8909 30.7
      vertex 143.103 48.8909 31.3
    endloop
  endfacet
  facet normal 0.948184 -0.317723 0
    outer loop
      vertex 143.103 48.8909 30.7
      vertex 143.052 48.7387 31.3
      vertex 143.052 48.7387 30.7
    endloop
  endfacet
  facet normal 0.983263 -0.182194 0
    outer loop
      vertex 143.021 48.5714 31.3
      vertex 143.052 48.7387 30.7
      vertex 143.052 48.7387 31.3
    endloop
  endfacet
  facet normal 0.983263 -0.182194 0
    outer loop
      vertex 143.052 48.7387 30.7
      vertex 143.021 48.5714 31.3
      vertex 143.021 48.5714 30.7
    endloop
  endfacet
  facet normal 0.998499 -0.0547723 0
    outer loop
      vertex 143.011 48.3891 31.3
      vertex 143.021 48.5714 30.7
      vertex 143.021 48.5714 31.3
    endloop
  endfacet
  facet normal 0.998499 -0.0547723 0
    outer loop
      vertex 143.021 48.5714 30.7
      vertex 143.011 48.3891 31.3
      vertex 143.011 48.3891 30.7
    endloop
  endfacet
  facet normal 0.998876 0.0473963 0
    outer loop
      vertex 143.019 48.2205 31.3
      vertex 143.011 48.3891 30.7
      vertex 143.011 48.3891 31.3
    endloop
  endfacet
  facet normal 0.998876 0.0473963 0
    outer loop
      vertex 143.011 48.3891 30.7
      vertex 143.019 48.2205 31.3
      vertex 143.019 48.2205 30.7
    endloop
  endfacet
  facet normal 0.987337 0.158634 0
    outer loop
      vertex 143.044 48.0649 31.3
      vertex 143.019 48.2205 30.7
      vertex 143.019 48.2205 31.3
    endloop
  endfacet
  facet normal 0.987337 0.158634 0
    outer loop
      vertex 143.019 48.2205 30.7
      vertex 143.044 48.0649 31.3
      vertex 143.044 48.0649 30.7
    endloop
  endfacet
  facet normal 0.960962 0.276681 0
    outer loop
      vertex 143.085 47.9225 31.3
      vertex 143.044 48.0649 30.7
      vertex 143.044 48.0649 31.3
    endloop
  endfacet
  facet normal 0.960962 0.276681 0
    outer loop
      vertex 143.044 48.0649 30.7
      vertex 143.085 47.9225 31.3
      vertex 143.085 47.9225 30.7
    endloop
  endfacet
  facet normal 0.912527 0.409015 0
    outer loop
      vertex 143.143 47.7931 31.3
      vertex 143.085 47.9225 30.7
      vertex 143.085 47.9225 31.3
    endloop
  endfacet
  facet normal 0.912527 0.409015 0
    outer loop
      vertex 143.085 47.9225 30.7
      vertex 143.143 47.7931 31.3
      vertex 143.143 47.7931 30.7
    endloop
  endfacet
  facet normal 0.84019 0.542292 0
    outer loop
      vertex 143.218 47.6769 31.3
      vertex 143.143 47.7931 30.7
      vertex 143.143 47.7931 31.3
    endloop
  endfacet
  facet normal 0.84019 0.542292 0
    outer loop
      vertex 143.143 47.7931 30.7
      vertex 143.218 47.6769 31.3
      vertex 143.218 47.6769 30.7
    endloop
  endfacet
  facet normal 0.75005 0.661381 0
    outer loop
      vertex 143.309 47.5737 31.3
      vertex 143.218 47.6769 30.7
      vertex 143.218 47.6769 31.3
    endloop
  endfacet
  facet normal 0.75005 0.661381 0
    outer loop
      vertex 143.218 47.6769 30.7
      vertex 143.309 47.5737 31.3
      vertex 143.309 47.5737 30.7
    endloop
  endfacet
  facet normal 0.641323 0.767271 -0
    outer loop
      vertex 143.415 47.4851 30.7
      vertex 143.309 47.5737 31.3
      vertex 143.415 47.4851 31.3
    endloop
  endfacet
  facet normal 0.641323 0.767271 0
    outer loop
      vertex 143.309 47.5737 31.3
      vertex 143.415 47.4851 30.7
      vertex 143.309 47.5737 30.7
    endloop
  endfacet
  facet normal 0.520288 0.853991 -0
    outer loop
      vertex 143.534 47.4126 30.7
      vertex 143.415 47.4851 31.3
      vertex 143.534 47.4126 31.3
    endloop
  endfacet
  facet normal 0.520288 0.853991 0
    outer loop
      vertex 143.415 47.4851 31.3
      vertex 143.534 47.4126 30.7
      vertex 143.415 47.4851 30.7
    endloop
  endfacet
  facet normal 0.39291 0.919577 -0
    outer loop
      vertex 143.666 47.3562 30.7
      vertex 143.534 47.4126 31.3
      vertex 143.666 47.3562 31.3
    endloop
  endfacet
  facet normal 0.39291 0.919577 0
    outer loop
      vertex 143.534 47.4126 31.3
      vertex 143.666 47.3562 30.7
      vertex 143.534 47.4126 30.7
    endloop
  endfacet
  facet normal 0.267164 0.963651 -0
    outer loop
      vertex 143.811 47.316 30.7
      vertex 143.666 47.3562 31.3
      vertex 143.811 47.316 31.3
    endloop
  endfacet
  facet normal 0.267164 0.963651 0
    outer loop
      vertex 143.666 47.3562 31.3
      vertex 143.811 47.316 30.7
      vertex 143.666 47.3562 30.7
    endloop
  endfacet
  facet normal 0.151399 0.988473 -0
    outer loop
      vertex 143.969 47.2918 30.7
      vertex 143.811 47.316 31.3
      vertex 143.969 47.2918 31.3
    endloop
  endfacet
  facet normal 0.151399 0.988473 0
    outer loop
      vertex 143.811 47.316 31.3
      vertex 143.969 47.2918 30.7
      vertex 143.811 47.316 30.7
    endloop
  endfacet
  facet normal 0.0467325 0.998907 -0
    outer loop
      vertex 144.14 47.2838 30.7
      vertex 143.969 47.2918 31.3
      vertex 144.14 47.2838 31.3
    endloop
  endfacet
  facet normal 0.0467325 0.998907 0
    outer loop
      vertex 143.969 47.2918 31.3
      vertex 144.14 47.2838 30.7
      vertex 143.969 47.2918 30.7
    endloop
  endfacet
  facet normal -0.0775864 0.996986 0
    outer loop
      vertex 144.397 47.3038 30.7
      vertex 144.14 47.2838 31.3
      vertex 144.397 47.3038 31.3
    endloop
  endfacet
  facet normal -0.0775864 0.996986 0
    outer loop
      vertex 144.14 47.2838 31.3
      vertex 144.397 47.3038 30.7
      vertex 144.14 47.2838 30.7
    endloop
  endfacet
  facet normal -0.173973 -0.98475 0
    outer loop
      vertex 144.32 47.9625 30.7
      vertex 144.38 47.9519 31.3
      vertex 144.32 47.9625 31.3
    endloop
  endfacet
  facet normal -0.173973 -0.98475 -0
    outer loop
      vertex 144.38 47.9519 31.3
      vertex 144.32 47.9625 30.7
      vertex 144.38 47.9519 30.7
    endloop
  endfacet
  facet normal -0.304776 -0.952424 0
    outer loop
      vertex 144.265 47.9801 30.7
      vertex 144.32 47.9625 31.3
      vertex 144.265 47.9801 31.3
    endloop
  endfacet
  facet normal -0.304776 -0.952424 -0
    outer loop
      vertex 144.32 47.9625 31.3
      vertex 144.265 47.9801 30.7
      vertex 144.32 47.9625 30.7
    endloop
  endfacet
  facet normal -0.435884 -0.900003 0
    outer loop
      vertex 144.214 48.0048 30.7
      vertex 144.265 47.9801 31.3
      vertex 144.214 48.0048 31.3
    endloop
  endfacet
  facet normal -0.435884 -0.900003 -0
    outer loop
      vertex 144.265 47.9801 31.3
      vertex 144.214 48.0048 30.7
      vertex 144.265 47.9801 30.7
    endloop
  endfacet
  facet normal -0.56038 -0.828235 0
    outer loop
      vertex 144.167 48.0366 30.7
      vertex 144.214 48.0048 31.3
      vertex 144.167 48.0366 31.3
    endloop
  endfacet
  facet normal -0.56038 -0.828235 -0
    outer loop
      vertex 144.214 48.0048 31.3
      vertex 144.167 48.0366 30.7
      vertex 144.214 48.0048 30.7
    endloop
  endfacet
  facet normal -0.670868 -0.741577 0
    outer loop
      vertex 144.124 48.0755 30.7
      vertex 144.167 48.0366 31.3
      vertex 144.124 48.0755 31.3
    endloop
  endfacet
  facet normal -0.670868 -0.741577 -0
    outer loop
      vertex 144.167 48.0366 31.3
      vertex 144.124 48.0755 30.7
      vertex 144.167 48.0366 30.7
    endloop
  endfacet
  facet normal -0.788154 -0.615478 0
    outer loop
      vertex 144.124 48.0755 30.7
      vertex 144.088 48.1216 31.3
      vertex 144.088 48.1216 30.7
    endloop
  endfacet
  facet normal -0.788154 -0.615478 0
    outer loop
      vertex 144.088 48.1216 31.3
      vertex 144.124 48.0755 30.7
      vertex 144.124 48.0755 31.3
    endloop
  endfacet
  facet normal -0.872228 -0.4891 0
    outer loop
      vertex 144.088 48.1216 30.7
      vertex 144.058 48.1751 31.3
      vertex 144.058 48.1751 30.7
    endloop
  endfacet
  facet normal -0.872228 -0.4891 0
    outer loop
      vertex 144.058 48.1751 31.3
      vertex 144.088 48.1216 30.7
      vertex 144.088 48.1216 31.3
    endloop
  endfacet
  facet normal -0.930566 -0.366124 0
    outer loop
      vertex 144.058 48.1751 30.7
      vertex 144.034 48.2361 31.3
      vertex 144.034 48.2361 30.7
    endloop
  endfacet
  facet normal -0.930566 -0.366124 0
    outer loop
      vertex 144.034 48.2361 31.3
      vertex 144.058 48.1751 30.7
      vertex 144.058 48.1751 31.3
    endloop
  endfacet
  facet normal -0.970475 -0.2412 0
    outer loop
      vertex 144.034 48.2361 30.7
      vertex 144.017 48.3045 31.3
      vertex 144.017 48.3045 30.7
    endloop
  endfacet
  facet normal -0.970475 -0.2412 0
    outer loop
      vertex 144.017 48.3045 31.3
      vertex 144.034 48.2361 30.7
      vertex 144.034 48.2361 31.3
    endloop
  endfacet
  facet normal -0.991432 -0.130623 0
    outer loop
      vertex 144.017 48.3045 30.7
      vertex 144.007 48.3804 31.3
      vertex 144.007 48.3804 30.7
    endloop
  endfacet
  facet normal -0.991432 -0.130623 0
    outer loop
      vertex 144.007 48.3804 31.3
      vertex 144.017 48.3045 30.7
      vertex 144.017 48.3045 31.3
    endloop
  endfacet
  facet normal -0.999352 -0.0359911 0
    outer loop
      vertex 144.007 48.3804 30.7
      vertex 144.004 48.4637 31.3
      vertex 144.004 48.4637 30.7
    endloop
  endfacet
  facet normal -0.999352 -0.0359911 0
    outer loop
      vertex 144.004 48.4637 31.3
      vertex 144.007 48.3804 30.7
      vertex 144.007 48.3804 31.3
    endloop
  endfacet
  facet normal -0.999536 0.0304736 0
    outer loop
      vertex 144.004 48.4637 30.7
      vertex 144.006 48.5293 31.3
      vertex 144.006 48.5293 30.7
    endloop
  endfacet
  facet normal -0.999536 0.0304736 0
    outer loop
      vertex 144.006 48.5293 31.3
      vertex 144.004 48.4637 30.7
      vertex 144.004 48.4637 31.3
    endloop
  endfacet
  facet normal -0.995197 0.0978883 0
    outer loop
      vertex 144.006 48.5293 30.7
      vertex 144.012 48.5903 31.3
      vertex 144.012 48.5903 30.7
    endloop
  endfacet
  facet normal -0.995197 0.0978883 0
    outer loop
      vertex 144.012 48.5903 31.3
      vertex 144.006 48.5293 30.7
      vertex 144.006 48.5293 31.3
    endloop
  endfacet
  facet normal -0.984696 0.174282 0
    outer loop
      vertex 144.012 48.5903 30.7
      vertex 144.022 48.6468 31.3
      vertex 144.022 48.6468 30.7
    endloop
  endfacet
  facet normal -0.984696 0.174282 0
    outer loop
      vertex 144.022 48.6468 31.3
      vertex 144.012 48.5903 30.7
      vertex 144.012 48.5903 31.3
    endloop
  endfacet
  facet normal -0.965616 0.259973 0
    outer loop
      vertex 144.022 48.6468 30.7
      vertex 144.036 48.6988 31.3
      vertex 144.036 48.6988 30.7
    endloop
  endfacet
  facet normal -0.965616 0.259973 0
    outer loop
      vertex 144.036 48.6988 31.3
      vertex 144.022 48.6468 30.7
      vertex 144.022 48.6468 31.3
    endloop
  endfacet
  facet normal -0.928206 0.372066 0
    outer loop
      vertex 144.036 48.6988 30.7
      vertex 144.055 48.7462 31.3
      vertex 144.055 48.7462 30.7
    endloop
  endfacet
  facet normal -0.928206 0.372066 0
    outer loop
      vertex 144.055 48.7462 31.3
      vertex 144.036 48.6988 30.7
      vertex 144.036 48.6988 31.3
    endloop
  endfacet
  facet normal -0.890248 0.455476 0
    outer loop
      vertex 144.055 48.7462 30.7
      vertex 144.077 48.7892 31.3
      vertex 144.077 48.7892 30.7
    endloop
  endfacet
  facet normal -0.890248 0.455476 0
    outer loop
      vertex 144.077 48.7892 31.3
      vertex 144.055 48.7462 30.7
      vertex 144.055 48.7462 31.3
    endloop
  endfacet
  facet normal -0.831392 0.555686 0
    outer loop
      vertex 144.077 48.7892 30.7
      vertex 144.103 48.8281 31.3
      vertex 144.103 48.8281 30.7
    endloop
  endfacet
  facet normal -0.831392 0.555686 0
    outer loop
      vertex 144.103 48.8281 31.3
      vertex 144.077 48.7892 30.7
      vertex 144.077 48.7892 31.3
    endloop
  endfacet
  facet normal -0.763794 0.64546 0
    outer loop
      vertex 144.103 48.8281 30.7
      vertex 144.133 48.8636 31.3
      vertex 144.133 48.8636 30.7
    endloop
  endfacet
  facet normal -0.763794 0.64546 0
    outer loop
      vertex 144.133 48.8636 31.3
      vertex 144.103 48.8281 30.7
      vertex 144.103 48.8281 31.3
    endloop
  endfacet
  facet normal -0.696146 0.7179 0
    outer loop
      vertex 144.166 48.8956 30.7
      vertex 144.133 48.8636 31.3
      vertex 144.166 48.8956 31.3
    endloop
  endfacet
  facet normal -0.696146 0.7179 0
    outer loop
      vertex 144.133 48.8636 31.3
      vertex 144.166 48.8956 30.7
      vertex 144.133 48.8636 30.7
    endloop
  endfacet
  facet normal -0.6 0.8 0
    outer loop
      vertex 144.204 48.9241 30.7
      vertex 144.166 48.8956 31.3
      vertex 144.204 48.9241 31.3
    endloop
  endfacet
  facet normal -0.6 0.8 0
    outer loop
      vertex 144.166 48.8956 31.3
      vertex 144.204 48.9241 30.7
      vertex 144.166 48.8956 30.7
    endloop
  endfacet
  facet normal -0.529999 0.847998 0
    outer loop
      vertex 144.244 48.9491 30.7
      vertex 144.204 48.9241 31.3
      vertex 144.244 48.9491 31.3
    endloop
  endfacet
  facet normal -0.529999 0.847998 0
    outer loop
      vertex 144.204 48.9241 31.3
      vertex 144.244 48.9491 30.7
      vertex 144.204 48.9241 30.7
    endloop
  endfacet
  facet normal -0.431101 0.902304 0
    outer loop
      vertex 144.289 48.9706 30.7
      vertex 144.244 48.9491 31.3
      vertex 144.289 48.9706 31.3
    endloop
  endfacet
  facet normal -0.431101 0.902304 0
    outer loop
      vertex 144.244 48.9491 31.3
      vertex 144.289 48.9706 30.7
      vertex 144.244 48.9491 30.7
    endloop
  endfacet
  facet normal -0.335188 0.942151 0
    outer loop
      vertex 144.341 48.9891 30.7
      vertex 144.289 48.9706 31.3
      vertex 144.341 48.9891 31.3
    endloop
  endfacet
  facet normal -0.335188 0.942151 0
    outer loop
      vertex 144.289 48.9706 31.3
      vertex 144.341 48.9891 30.7
      vertex 144.289 48.9706 30.7
    endloop
  endfacet
  facet normal -0.248413 0.968654 0
    outer loop
      vertex 144.403 49.005 30.7
      vertex 144.341 48.9891 31.3
      vertex 144.403 49.005 31.3
    endloop
  endfacet
  facet normal -0.248413 0.968654 0
    outer loop
      vertex 144.341 48.9891 31.3
      vertex 144.403 49.005 30.7
      vertex 144.341 48.9891 30.7
    endloop
  endfacet
  facet normal -0.181848 0.983327 0
    outer loop
      vertex 144.476 49.0185 30.7
      vertex 144.403 49.005 31.3
      vertex 144.476 49.0185 31.3
    endloop
  endfacet
  facet normal -0.181848 0.983327 0
    outer loop
      vertex 144.403 49.005 31.3
      vertex 144.476 49.0185 30.7
      vertex 144.403 49.005 30.7
    endloop
  endfacet
  facet normal -0.128683 0.991686 0
    outer loop
      vertex 144.56 49.0294 30.7
      vertex 144.476 49.0185 31.3
      vertex 144.56 49.0294 31.3
    endloop
  endfacet
  facet normal -0.128683 0.991686 0
    outer loop
      vertex 144.476 49.0185 31.3
      vertex 144.56 49.0294 30.7
      vertex 144.476 49.0185 30.7
    endloop
  endfacet
  facet normal -0.0870369 0.996205 0
    outer loop
      vertex 144.655 49.0377 30.7
      vertex 144.56 49.0294 31.3
      vertex 144.655 49.0377 31.3
    endloop
  endfacet
  facet normal -0.0870369 0.996205 0
    outer loop
      vertex 144.56 49.0294 31.3
      vertex 144.655 49.0377 30.7
      vertex 144.56 49.0294 30.7
    endloop
  endfacet
  facet normal -0.055154 0.998478 0
    outer loop
      vertex 144.76 49.0435 30.7
      vertex 144.655 49.0377 31.3
      vertex 144.76 49.0435 31.3
    endloop
  endfacet
  facet normal -0.055154 0.998478 0
    outer loop
      vertex 144.655 49.0377 31.3
      vertex 144.76 49.0435 30.7
      vertex 144.655 49.0377 30.7
    endloop
  endfacet
  facet normal -0.0139331 0.999903 0
    outer loop
      vertex 145.248 49.0503 30.7
      vertex 144.76 49.0435 31.3
      vertex 145.248 49.0503 31.3
    endloop
  endfacet
  facet normal -0.0139331 0.999903 0
    outer loop
      vertex 144.76 49.0435 31.3
      vertex 145.248 49.0503 30.7
      vertex 144.76 49.0435 30.7
    endloop
  endfacet
  facet normal 1 -0 0
    outer loop
      vertex 145.248 48.8638 31.3
      vertex 145.248 49.0503 30.7
      vertex 145.248 49.0503 31.3
    endloop
  endfacet
  facet normal 1 0 0
    outer loop
      vertex 145.248 49.0503 30.7
      vertex 145.248 48.8638 31.3
      vertex 145.248 48.8638 30.7
    endloop
  endfacet
  facet normal 0.999291 -0.0376617 0
    outer loop
      vertex 145.245 48.7842 31.3
      vertex 145.248 48.8638 30.7
      vertex 145.248 48.8638 31.3
    endloop
  endfacet
  facet normal 0.999291 -0.0376617 0
    outer loop
      vertex 145.248 48.8638 30.7
      vertex 145.245 48.7842 31.3
      vertex 145.245 48.7842 30.7
    endloop
  endfacet
  facet normal 0.994795 -0.1019 0
    outer loop
      vertex 145.237 48.7061 31.3
      vertex 145.245 48.7842 30.7
      vertex 145.245 48.7842 31.3
    endloop
  endfacet
  facet normal 0.994795 -0.1019 0
    outer loop
      vertex 145.245 48.7842 30.7
      vertex 145.237 48.7061 31.3
      vertex 145.237 48.7061 30.7
    endloop
  endfacet
  facet normal 0.981408 -0.191931 0
    outer loop
      vertex 145.222 48.6294 31.3
      vertex 145.237 48.7061 30.7
      vertex 145.237 48.7061 31.3
    endloop
  endfacet
  facet normal 0.981408 -0.191931 0
    outer loop
      vertex 145.237 48.7061 30.7
      vertex 145.222 48.6294 31.3
      vertex 145.222 48.6294 30.7
    endloop
  endfacet
  facet normal 0.96649 -0.256704 0
    outer loop
      vertex 145.202 48.5541 31.3
      vertex 145.222 48.6294 30.7
      vertex 145.222 48.6294 31.3
    endloop
  endfacet
  facet normal 0.96649 -0.256704 0
    outer loop
      vertex 145.222 48.6294 30.7
      vertex 145.202 48.5541 31.3
      vertex 145.202 48.5541 30.7
    endloop
  endfacet
  facet normal 0.939273 -0.343171 0
    outer loop
      vertex 145.175 48.4802 31.3
      vertex 145.202 48.5541 30.7
      vertex 145.202 48.5541 31.3
    endloop
  endfacet
  facet normal 0.939273 -0.343171 0
    outer loop
      vertex 145.202 48.5541 30.7
      vertex 145.175 48.4802 31.3
      vertex 145.175 48.4802 30.7
    endloop
  endfacet
  facet normal 0.914643 -0.404262 0
    outer loop
      vertex 145.143 48.4078 31.3
      vertex 145.175 48.4802 30.7
      vertex 145.175 48.4802 31.3
    endloop
  endfacet
  facet normal 0.914643 -0.404262 0
    outer loop
      vertex 145.175 48.4802 30.7
      vertex 145.143 48.4078 31.3
      vertex 145.143 48.4078 30.7
    endloop
  endfacet
  facet normal 0.881859 -0.471514 0
    outer loop
      vertex 145.106 48.3386 31.3
      vertex 145.143 48.4078 30.7
      vertex 145.143 48.4078 31.3
    endloop
  endfacet
  facet normal 0.881859 -0.471514 0
    outer loop
      vertex 145.143 48.4078 30.7
      vertex 145.106 48.3386 31.3
      vertex 145.106 48.3386 30.7
    endloop
  endfacet
  facet normal 0.836048 -0.548656 0
    outer loop
      vertex 145.064 48.2746 31.3
      vertex 145.106 48.3386 30.7
      vertex 145.106 48.3386 31.3
    endloop
  endfacet
  facet normal 0.836048 -0.548656 0
    outer loop
      vertex 145.106 48.3386 30.7
      vertex 145.064 48.2746 31.3
      vertex 145.064 48.2746 30.7
    endloop
  endfacet
  facet normal 0.787618 -0.616164 0
    outer loop
      vertex 145.018 48.2158 31.3
      vertex 145.064 48.2746 30.7
      vertex 145.064 48.2746 31.3
    endloop
  endfacet
  facet normal 0.787618 -0.616164 0
    outer loop
      vertex 145.064 48.2746 30.7
      vertex 145.018 48.2158 31.3
      vertex 145.018 48.2158 30.7
    endloop
  endfacet
  facet normal 0.731871 -0.681444 0
    outer loop
      vertex 144.968 48.1621 31.3
      vertex 145.018 48.2158 30.7
      vertex 145.018 48.2158 31.3
    endloop
  endfacet
  facet normal 0.731871 -0.681444 0
    outer loop
      vertex 145.018 48.2158 30.7
      vertex 144.968 48.1621 31.3
      vertex 144.968 48.1621 30.7
    endloop
  endfacet
  facet normal 0.660628 -0.750714 0
    outer loop
      vertex 144.913 48.1137 30.7
      vertex 144.968 48.1621 31.3
      vertex 144.913 48.1137 31.3
    endloop
  endfacet
  facet normal 0.660628 -0.750714 0
    outer loop
      vertex 144.968 48.1621 31.3
      vertex 144.913 48.1137 30.7
      vertex 144.968 48.1621 30.7
    endloop
  endfacet
  facet normal 0.585194 -0.810893 0
    outer loop
      vertex 144.853 48.0704 30.7
      vertex 144.913 48.1137 31.3
      vertex 144.853 48.0704 31.3
    endloop
  endfacet
  facet normal 0.585194 -0.810893 0
    outer loop
      vertex 144.913 48.1137 31.3
      vertex 144.853 48.0704 30.7
      vertex 144.913 48.1137 30.7
    endloop
  endfacet
  facet normal 0.515512 -0.856883 0
    outer loop
      vertex 144.791 48.0331 30.7
      vertex 144.853 48.0704 31.3
      vertex 144.791 48.0331 31.3
    endloop
  endfacet
  facet normal 0.515512 -0.856883 0
    outer loop
      vertex 144.853 48.0704 31.3
      vertex 144.791 48.0331 30.7
      vertex 144.853 48.0704 30.7
    endloop
  endfacet
  facet normal 0.424791 -0.905292 0
    outer loop
      vertex 144.726 48.0026 30.7
      vertex 144.791 48.0331 31.3
      vertex 144.726 48.0026 31.3
    endloop
  endfacet
  facet normal 0.424791 -0.905292 0
    outer loop
      vertex 144.791 48.0331 31.3
      vertex 144.726 48.0026 30.7
      vertex 144.791 48.0331 30.7
    endloop
  endfacet
  facet normal 0.334732 -0.942313 0
    outer loop
      vertex 144.659 47.9788 30.7
      vertex 144.726 48.0026 31.3
      vertex 144.659 47.9788 31.3
    endloop
  endfacet
  facet normal 0.334732 -0.942313 0
    outer loop
      vertex 144.726 48.0026 31.3
      vertex 144.659 47.9788 30.7
      vertex 144.726 48.0026 30.7
    endloop
  endfacet
  facet normal 0.237896 -0.971291 0
    outer loop
      vertex 144.59 47.9619 30.7
      vertex 144.659 47.9788 31.3
      vertex 144.59 47.9619 31.3
    endloop
  endfacet
  facet normal 0.237896 -0.971291 0
    outer loop
      vertex 144.659 47.9788 31.3
      vertex 144.59 47.9619 30.7
      vertex 144.659 47.9788 30.7
    endloop
  endfacet
  facet normal 0.140266 -0.990114 0
    outer loop
      vertex 144.518 47.9517 30.7
      vertex 144.59 47.9619 31.3
      vertex 144.518 47.9517 31.3
    endloop
  endfacet
  facet normal 0.140266 -0.990114 0
    outer loop
      vertex 144.59 47.9619 31.3
      vertex 144.518 47.9517 30.7
      vertex 144.59 47.9619 30.7
    endloop
  endfacet
  facet normal 0.0465249 -0.998917 0
    outer loop
      vertex 144.445 47.9483 30.7
      vertex 144.518 47.9517 31.3
      vertex 144.445 47.9483 31.3
    endloop
  endfacet
  facet normal 0.0465249 -0.998917 0
    outer loop
      vertex 144.518 47.9517 31.3
      vertex 144.445 47.9483 30.7
      vertex 144.518 47.9517 30.7
    endloop
  endfacet
  facet normal -0.0552999 -0.99847 0
    outer loop
      vertex 144.38 47.9519 30.7
      vertex 144.445 47.9483 31.3
      vertex 144.38 47.9519 31.3
    endloop
  endfacet
  facet normal -0.0552999 -0.99847 -0
    outer loop
      vertex 144.445 47.9483 31.3
      vertex 144.38 47.9519 30.7
      vertex 144.445 47.9483 30.7
    endloop
  endfacet
  facet normal 0 -1 0
    outer loop
      vertex 133.374 51.0202 30.7
      vertex 134.327 51.0202 31.3
      vertex 133.374 51.0202 31.3
    endloop
  endfacet
  facet normal 0 -1 -0
    outer loop
      vertex 134.327 51.0202 31.3
      vertex 133.374 51.0202 30.7
      vertex 134.327 51.0202 30.7
    endloop
  endfacet
  facet normal 1 -0 0
    outer loop
      vertex 133.374 47.3516 31.3
      vertex 133.374 51.0202 30.7
      vertex 133.374 51.0202 31.3
    endloop
  endfacet
  facet normal 1 0 0
    outer loop
      vertex 133.374 51.0202 30.7
      vertex 133.374 47.3516 31.3
      vertex 133.374 47.3516 30.7
    endloop
  endfacet
  facet normal 0 1 -0
    outer loop
      vertex 134.327 47.3516 30.7
      vertex 133.374 47.3516 31.3
      vertex 134.327 47.3516 31.3
    endloop
  endfacet
  facet normal 0 1 0
    outer loop
      vertex 133.374 47.3516 31.3
      vertex 134.327 47.3516 30.7
      vertex 133.374 47.3516 30.7
    endloop
  endfacet
  facet normal -1 0 0
    outer loop
      vertex 134.327 47.3516 30.7
      vertex 134.327 51.0202 31.3
      vertex 134.327 51.0202 30.7
    endloop
  endfacet
  facet normal -1 -0 0
    outer loop
      vertex 134.327 51.0202 31.3
      vertex 134.327 47.3516 30.7
      vertex 134.327 47.3516 31.3
    endloop
  endfacet
endsolid OpenSCAD_Model
