solid OpenSCAD_Model
  facet normal 0.688534 -0.166144 0.705916
    outer loop
      vertex 130.173 2.65584 35.5
      vertex 130.092 2.32016 35.5
      vertex 130.963 2.5307 34.7
    endloop
  endfacet
  facet normal 0.370316 0.603645 0.70603
    outer loop
      vertex 129.362 133.673 34.7
      vertex 128.999 132.96 35.5
      vertex 129.763 133.427 34.7
    endloop
  endfacet
  facet normal 0.0557028 0.70607 0.705948
    outer loop
      vertex 128.469 133.963 34.7
      vertex 128 134 34.7
      vertex 128.344 133.173 35.5
    endloop
  endfacet
  facet normal 0.270766 0.654352 0.706052
    outer loop
      vertex 129.362 133.673 34.7
      vertex 128.68 133.092 35.5
      vertex 128.999 132.96 35.5
    endloop
  endfacet
  facet normal 0.369864 0.604111 0.705869
    outer loop
      vertex 129.763 133.427 34.7
      vertex 128.999 132.96 35.5
      vertex 129.293 132.78 35.5
    endloop
  endfacet
  facet normal 0.23332 -0.9724 0
    outer loop
      vertex 128.469 0.0369415 0
      vertex 128.927 0.146835 34.7
      vertex 128.469 0.0369415 34.7
    endloop
  endfacet
  facet normal 0.23332 -0.9724 0
    outer loop
      vertex 128.927 0.146835 34.7
      vertex 128.469 0.0369415 0
      vertex 128.927 0.146835 0
    endloop
  endfacet
  facet normal 0.382352 0.924017 -0
    outer loop
      vertex 129.362 133.673 0
      vertex 128.927 133.853 34.7
      vertex 129.362 133.673 34.7
    endloop
  endfacet
  facet normal 0.382352 0.924017 0
    outer loop
      vertex 128.927 133.853 34.7
      vertex 129.362 133.673 0
      vertex 128.927 133.853 0
    endloop
  endfacet
  facet normal 1 -0 0
    outer loop
      vertex 131 3 34.7
      vertex 131 131 0
      vertex 131 131 34.7
    endloop
  endfacet
  facet normal 1 0 0
    outer loop
      vertex 131 131 0
      vertex 131 3 34.7
      vertex 131 3 0
    endloop
  endfacet
  facet normal 0.70602 0.0554144 0.70602
    outer loop
      vertex 131 131 34.7
      vertex 130.173 131.344 35.5
      vertex 130.2 131 35.5
    endloop
  endfacet
  facet normal 0.53877 -0.459733 0.705955
    outer loop
      vertex 129.78 1.70688 35.5
      vertex 129.556 1.44437 35.5
      vertex 130.427 1.23665 34.7
    endloop
  endfacet
  facet normal 0 1 0
    outer loop
      vertex 70.9624 134 26.6938
      vertex 70.433 134 27.1271
      vertex 70.5133 134 27.1227
    endloop
  endfacet
  facet normal 0 1 0
    outer loop
      vertex 70.433 134 27.1271
      vertex 69.9133 134 26.7188
      vertex 70.3677 134 27.1244
    endloop
  endfacet
  facet normal 0 1 0
    outer loop
      vertex 70.9418 134 26.774
      vertex 70.5133 134 27.1227
      vertex 70.5879 134 27.1094
    endloop
  endfacet
  facet normal -0 1 0
    outer loop
      vertex 69.9329 134 26.7868
      vertex 70.3677 134 27.1244
      vertex 69.9133 134 26.7188
    endloop
  endfacet
  facet normal 0 1 0
    outer loop
      vertex 70.913 134 26.8465
      vertex 70.5879 134 27.1094
      vertex 70.657 134 27.0873
    endloop
  endfacet
  facet normal -0 1 0
    outer loop
      vertex 69.957 134 26.8483
      vertex 70.3062 134 27.1163
      vertex 69.9329 134 26.7868
    endloop
  endfacet
  facet normal 0 1 0
    outer loop
      vertex 70.3062 134 27.1163
      vertex 69.957 134 26.8483
      vertex 70.2485 134 27.1028
    endloop
  endfacet
  facet normal 0 1 0
    outer loop
      vertex 70.913 134 26.8465
      vertex 70.657 134 27.0873
      vertex 70.7205 134 27.0564
    endloop
  endfacet
  facet normal 0 1 0
    outer loop
      vertex 70.2485 134 27.1028
      vertex 69.957 134 26.8483
      vertex 70.1946 134 27.0838
    endloop
  endfacet
  facet normal 0 1 0
    outer loop
      vertex 70.913 134 26.8465
      vertex 70.7205 134 27.0564
      vertex 70.7783 134 27.0167
    endloop
  endfacet
  facet normal 0 1 0
    outer loop
      vertex 70.1946 134 27.0838
      vertex 69.9856 134 26.9034
      vertex 70.1445 134 27.0595
    endloop
  endfacet
  facet normal 0 1 0
    outer loop
      vertex 70.913 134 26.8465
      vertex 70.7783 134 27.0167
      vertex 70.8306 134 26.9681
    endloop
  endfacet
  facet normal 0 1 0
    outer loop
      vertex 70.1445 134 27.0595
      vertex 69.9856 134 26.9034
      vertex 70.0983 134 27.0298
    endloop
  endfacet
  facet normal 0 1 0
    outer loop
      vertex 70.913 134 26.8465
      vertex 70.8306 134 26.9681
      vertex 70.8759 134 26.9112
    endloop
  endfacet
  facet normal 0 1 0
    outer loop
      vertex 70.0563 134 26.9941
      vertex 69.9856 134 26.9034
      vertex 70.0187 134 26.952
    endloop
  endfacet
  facet normal 0 1 0
    outer loop
      vertex 70.0983 134 27.0298
      vertex 69.9856 134 26.9034
      vertex 70.0563 134 26.9941
    endloop
  endfacet
  facet normal 0 1 0
    outer loop
      vertex 70.5879 134 27.1094
      vertex 70.913 134 26.8465
      vertex 70.9418 134 26.774
    endloop
  endfacet
  facet normal -0 1 0
    outer loop
      vertex 69.9856 134 26.9034
      vertex 70.1946 134 27.0838
      vertex 69.957 134 26.8483
    endloop
  endfacet
  facet normal 0 1 0
    outer loop
      vertex 70.5133 134 27.1227
      vertex 70.9418 134 26.774
      vertex 70.9624 134 26.6938
    endloop
  endfacet
  facet normal 0 1 0
    outer loop
      vertex 70.3677 134 27.1244
      vertex 69.9329 134 26.7868
      vertex 70.3062 134 27.1163
    endloop
  endfacet
  facet normal 0 1 0
    outer loop
      vertex 70.433 134 27.1271
      vertex 70.9624 134 26.6938
      vertex 69.9133 134 26.7188
    endloop
  endfacet
  facet normal 0 1 0
    outer loop
      vertex 128 134 34.7
      vertex 70.4259 134 27.6564
      vertex 0 134 34.7
    endloop
  endfacet
  facet normal 0 1 -0
    outer loop
      vertex 73.7164 134 27.6089
      vertex 70.4259 134 27.6564
      vertex 128 134 34.7
    endloop
  endfacet
  facet normal 0 1 -0
    outer loop
      vertex 73.0067 134 27.6089
      vertex 70.4259 134 27.6564
      vertex 73.7164 134 27.6089
    endloop
  endfacet
  facet normal 0 1 0
    outer loop
      vertex 70.4259 134 27.6564
      vertex 73.0067 134 27.6089
      vertex 70.6113 134 27.6476
    endloop
  endfacet
  facet normal 0 1 -0
    outer loop
      vertex 102 134 11.15
      vertex 73.7164 134 27.6089
      vertex 128 134 34.7
    endloop
  endfacet
  facet normal 0 1 0
    outer loop
      vertex 76.5 134 16.5
      vertex 74.2219 134 24.2647
      vertex 74.9458 134 24.2647
    endloop
  endfacet
  facet normal 0 1 0
    outer loop
      vertex 74.2219 134 24.2647
      vertex 76.5 134 16.5
      vertex 72.5012 134 24.2647
    endloop
  endfacet
  facet normal 0 1 0
    outer loop
      vertex 72.5012 134 24.2647
      vertex 76.5 134 16.5
      vertex 71.7701 134 24.2647
    endloop
  endfacet
  facet normal 0 1 0
    outer loop
      vertex 67.5 134 16.5
      vertex 71.7701 134 24.2647
      vertex 76.5 134 16.5
    endloop
  endfacet
  facet normal 0 1 0
    outer loop
      vertex 71.7701 134 24.2647
      vertex 67.5 134 16.5
      vertex 71.4702 134 24.2647
    endloop
  endfacet
  facet normal 0 1 -0
    outer loop
      vertex 93 134 11.15
      vertex 73.7164 134 27.6089
      vertex 102 134 11.15
    endloop
  endfacet
  facet normal 0 1 0
    outer loop
      vertex 102 134 11.15
      vertex 128 134 34.7
      vertex 111 134 11.15
    endloop
  endfacet
  facet normal 0 1 0
    outer loop
      vertex 128 134 34.7
      vertex 114 134 8.15
      vertex 111 134 11.15
    endloop
  endfacet
  facet normal 0 1 0
    outer loop
      vertex 128 134 0
      vertex 102 134 5.15
      vertex 111 134 5.15
    endloop
  endfacet
  facet normal 0 1 0
    outer loop
      vertex 102 134 5.15
      vertex 76.5 134 0
      vertex 93 134 5.15
    endloop
  endfacet
  facet normal 0 1 0
    outer loop
      vertex 102 134 5.15
      vertex 128 134 0
      vertex 76.5 134 0
    endloop
  endfacet
  facet normal 0 1 0
    outer loop
      vertex 114 134 8.15
      vertex 128 134 0
      vertex 111 134 5.15
    endloop
  endfacet
  facet normal 0 1 -0
    outer loop
      vertex 128 134 0
      vertex 114 134 8.15
      vertex 128 134 34.7
    endloop
  endfacet
  facet normal 0 1 -0
    outer loop
      vertex 70.2637 134 27.6501
      vertex 0 134 34.7
      vertex 70.4259 134 27.6564
    endloop
  endfacet
  facet normal 0 1 -0
    outer loop
      vertex 70.1127 134 27.6312
      vertex 0 134 34.7
      vertex 70.2637 134 27.6501
    endloop
  endfacet
  facet normal 0 1 -0
    outer loop
      vertex 69.9729 134 27.5997
      vertex 0 134 34.7
      vertex 70.1127 134 27.6312
    endloop
  endfacet
  facet normal 0 1 -0
    outer loop
      vertex 69.8441 134 27.5556
      vertex 0 134 34.7
      vertex 69.9729 134 27.5997
    endloop
  endfacet
  facet normal 0 1 -0
    outer loop
      vertex 69.7266 134 27.499
      vertex 0 134 34.7
      vertex 69.8441 134 27.5556
    endloop
  endfacet
  facet normal 0 1 -0
    outer loop
      vertex 69.6201 134 27.4297
      vertex 0 134 34.7
      vertex 69.7266 134 27.499
    endloop
  endfacet
  facet normal 0 1 -0
    outer loop
      vertex 69.5257 134 27.3485
      vertex 0 134 34.7
      vertex 69.6201 134 27.4297
    endloop
  endfacet
  facet normal 0 1 -0
    outer loop
      vertex 69.4441 134 27.256
      vertex 0 134 34.7
      vertex 69.5257 134 27.3485
    endloop
  endfacet
  facet normal 0 1 0
    outer loop
      vertex 39 134 11.15
      vertex 69.4441 134 27.256
      vertex 69.3754 134 27.1523
    endloop
  endfacet
  facet normal 0 1 0
    outer loop
      vertex 39 134 11.15
      vertex 69.3754 134 27.1523
      vertex 69.3195 134 27.0373
    endloop
  endfacet
  facet normal 0 1 0
    outer loop
      vertex 48 134 11.15
      vertex 69.3195 134 27.0373
      vertex 69.2765 134 26.911
    endloop
  endfacet
  facet normal 0 1 0
    outer loop
      vertex 48 134 11.15
      vertex 69.2765 134 26.911
      vertex 69.2463 134 26.7735
    endloop
  endfacet
  facet normal 0 1 0
    outer loop
      vertex 70.9748 134 26.6058
      vertex 69.9133 134 26.7188
      vertex 70.9624 134 26.6938
    endloop
  endfacet
  facet normal 0 1 0
    outer loop
      vertex 70.9789 134 26.51
      vertex 69.9133 134 26.7188
      vertex 70.9748 134 26.6058
    endloop
  endfacet
  facet normal 0 1 0
    outer loop
      vertex 69.9133 134 26.7188
      vertex 70.9789 134 26.51
      vertex 69.9939 134 26.1469
    endloop
  endfacet
  facet normal 0 1 0
    outer loop
      vertex 69.3436 134 26.1469
      vertex 69.9133 134 26.7188
      vertex 69.9939 134 26.1469
    endloop
  endfacet
  facet normal 0 1 0
    outer loop
      vertex 69.9939 134 26.1469
      vertex 70.9789 134 26.51
      vertex 70.975 134 26.4251
    endloop
  endfacet
  facet normal 0 1 0
    outer loop
      vertex 70.4473 134 25.9309
      vertex 70.975 134 26.4251
      vertex 70.9633 134 26.3461
    endloop
  endfacet
  facet normal 0 1 0
    outer loop
      vertex 70.4473 134 25.9309
      vertex 70.9633 134 26.3461
      vertex 70.9439 134 26.273
    endloop
  endfacet
  facet normal 0 1 0
    outer loop
      vertex 70.528 134 25.9353
      vertex 70.9439 134 26.273
      vertex 70.9167 134 26.2057
    endloop
  endfacet
  facet normal 0 1 0
    outer loop
      vertex 69.9133 134 26.7188
      vertex 69.3436 134 26.1469
      vertex 69.2463 134 26.7735
    endloop
  endfacet
  facet normal 0 1 0
    outer loop
      vertex 57 134 11.15
      vertex 69.2463 134 26.7735
      vertex 69.3436 134 26.1469
    endloop
  endfacet
  facet normal 0 1 0
    outer loop
      vertex 57 134 11.15
      vertex 69.3436 134 26.1469
      vertex 69.4599 134 24.2647
    endloop
  endfacet
  facet normal 0 1 0
    outer loop
      vertex 71.4702 134 24.2647
      vertex 67.5 134 16.5
      vertex 69.4599 134 24.2647
    endloop
  endfacet
  facet normal 0 1 0
    outer loop
      vertex 57 134 11.15
      vertex 69.4599 134 24.2647
      vertex 67.5 134 16.5
    endloop
  endfacet
  facet normal 0 1 0
    outer loop
      vertex 69.2463 134 26.7735
      vertex 57 134 11.15
      vertex 48 134 11.15
    endloop
  endfacet
  facet normal 0 1 0
    outer loop
      vertex 69.3195 134 27.0373
      vertex 48 134 11.15
      vertex 39 134 11.15
    endloop
  endfacet
  facet normal 0 1 0
    outer loop
      vertex 69.4441 134 27.256
      vertex 39 134 11.15
      vertex 0 134 34.7
    endloop
  endfacet
  facet normal 0 1 -0
    outer loop
      vertex 30 134 11.15
      vertex 0 134 34.7
      vertex 39 134 11.15
    endloop
  endfacet
  facet normal 0 1 -0
    outer loop
      vertex 21 134 11.15
      vertex 0 134 34.7
      vertex 30 134 11.15
    endloop
  endfacet
  facet normal 0 1 -0
    outer loop
      vertex 18 134 8.15
      vertex 0 134 34.7
      vertex 21 134 11.15
    endloop
  endfacet
  facet normal 0 1 0
    outer loop
      vertex 18 134 8.15
      vertex 0 134 0
      vertex 0 134 34.7
    endloop
  endfacet
  facet normal 0 1 0
    outer loop
      vertex 21 134 5.15
      vertex 0 134 0
      vertex 18 134 8.15
    endloop
  endfacet
  facet normal 0 1 0
    outer loop
      vertex 30 134 5.15
      vertex 0 134 0
      vertex 21 134 5.15
    endloop
  endfacet
  facet normal 0 1 0
    outer loop
      vertex 70.6113 134 27.6476
      vertex 73.0067 134 27.6089
      vertex 70.7831 134 27.6214
    endloop
  endfacet
  facet normal 0 1 0
    outer loop
      vertex 73.0067 134 27.6089
      vertex 70.9412 134 27.5777
      vertex 70.7831 134 27.6214
    endloop
  endfacet
  facet normal 0 1 0
    outer loop
      vertex 73.0067 134 27.6089
      vertex 71.0857 134 27.5166
      vertex 70.9412 134 27.5777
    endloop
  endfacet
  facet normal 0 1 0
    outer loop
      vertex 73.0067 134 27.6089
      vertex 71.2165 134 27.438
      vertex 71.0857 134 27.5166
    endloop
  endfacet
  facet normal 0 1 0
    outer loop
      vertex 73.0067 134 27.6089
      vertex 71.3337 134 27.3419
      vertex 71.2165 134 27.438
    endloop
  endfacet
  facet normal 0 1 0
    outer loop
      vertex 73.0067 134 27.6089
      vertex 71.4349 134 27.231
      vertex 71.3337 134 27.3419
    endloop
  endfacet
  facet normal 0 1 0
    outer loop
      vertex 73.0067 134 27.6089
      vertex 71.5177 134 27.1081
      vertex 71.4349 134 27.231
    endloop
  endfacet
  facet normal 0 1 0
    outer loop
      vertex 73.0067 134 27.6089
      vertex 71.582 134 26.9731
      vertex 71.5177 134 27.1081
    endloop
  endfacet
  facet normal 0 1 0
    outer loop
      vertex 73.0067 134 27.6089
      vertex 71.628 134 26.8261
      vertex 71.582 134 26.9731
    endloop
  endfacet
  facet normal 0 1 0
    outer loop
      vertex 73.0067 134 27.6089
      vertex 71.6556 134 26.6669
      vertex 71.628 134 26.8261
    endloop
  endfacet
  facet normal 0 1 0
    outer loop
      vertex 73.0067 134 27.6089
      vertex 71.6648 134 26.4958
      vertex 71.6556 134 26.6669
    endloop
  endfacet
  facet normal 0 1 0
    outer loop
      vertex 73.0067 134 27.6089
      vertex 71.6569 134 26.3316
      vertex 71.6648 134 26.4958
    endloop
  endfacet
  facet normal 0 1 0
    outer loop
      vertex 73.0067 134 27.6089
      vertex 71.633 134 26.1793
      vertex 71.6569 134 26.3316
    endloop
  endfacet
  facet normal 0 1 0
    outer loop
      vertex 73.0067 134 27.6089
      vertex 71.5933 134 26.0389
      vertex 71.633 134 26.1793
    endloop
  endfacet
  facet normal 0 1 -0
    outer loop
      vertex 71.7701 134 24.2647
      vertex 71.5933 134 26.0389
      vertex 73.0067 134 27.6089
    endloop
  endfacet
  facet normal 0 1 0
    outer loop
      vertex 71.5933 134 26.0389
      vertex 71.7701 134 24.2647
      vertex 71.5377 134 25.9103
    endloop
  endfacet
  facet normal -0 1 0
    outer loop
      vertex 71.4702 134 24.7608
      vertex 71.5377 134 25.9103
      vertex 71.7701 134 24.2647
    endloop
  endfacet
  facet normal 0 1 0
    outer loop
      vertex 70.0652 134 24.7608
      vertex 70.7695 134 25.4004
      vertex 71.4702 134 24.7608
    endloop
  endfacet
  facet normal 0 1 0
    outer loop
      vertex 70.9126 134 25.4251
      vertex 71.4702 134 24.7608
      vertex 70.7695 134 25.4004
    endloop
  endfacet
  facet normal 0 1 0
    outer loop
      vertex 71.0451 134 25.4663
      vertex 71.4702 134 24.7608
      vertex 70.9126 134 25.4251
    endloop
  endfacet
  facet normal 0 1 0
    outer loop
      vertex 71.1669 134 25.524
      vertex 71.4702 134 24.7608
      vertex 71.0451 134 25.4663
    endloop
  endfacet
  facet normal 0 1 0
    outer loop
      vertex 71.2782 134 25.5982
      vertex 71.4702 134 24.7608
      vertex 71.1669 134 25.524
    endloop
  endfacet
  facet normal 0 1 0
    outer loop
      vertex 71.3788 134 25.6888
      vertex 71.4702 134 24.7608
      vertex 71.2782 134 25.5982
    endloop
  endfacet
  facet normal 0 1 0
    outer loop
      vertex 71.5377 134 25.9103
      vertex 71.4702 134 24.7608
      vertex 71.4662 134 25.7936
    endloop
  endfacet
  facet normal 0 1 0
    outer loop
      vertex 71.4662 134 25.7936
      vertex 71.4702 134 24.7608
      vertex 71.3788 134 25.6888
    endloop
  endfacet
  facet normal 0 1 0
    outer loop
      vertex 71.4702 134 24.7608
      vertex 71.7701 134 24.2647
      vertex 71.4702 134 24.2647
    endloop
  endfacet
  facet normal 0 1 -0
    outer loop
      vertex 27 134 8.15
      vertex 21 134 11.15
      vertex 30 134 11.15
    endloop
  endfacet
  facet normal 0 1 0
    outer loop
      vertex 27 134 8.15
      vertex 24 134 8.15
      vertex 21 134 11.15
    endloop
  endfacet
  facet normal 0 1 0
    outer loop
      vertex 30 134 5.15
      vertex 24 134 8.15
      vertex 27 134 8.15
    endloop
  endfacet
  facet normal 0 1 0
    outer loop
      vertex 24 134 8.15
      vertex 30 134 5.15
      vertex 21 134 5.15
    endloop
  endfacet
  facet normal 0 1 -0
    outer loop
      vertex 36 134 8.15
      vertex 30 134 11.15
      vertex 39 134 11.15
    endloop
  endfacet
  facet normal 0 1 0
    outer loop
      vertex 36 134 8.15
      vertex 33 134 8.15
      vertex 30 134 11.15
    endloop
  endfacet
  facet normal 0 1 0
    outer loop
      vertex 39 134 5.15
      vertex 33 134 8.15
      vertex 36 134 8.15
    endloop
  endfacet
  facet normal 0 1 0
    outer loop
      vertex 33 134 8.15
      vertex 39 134 5.15
      vertex 30 134 5.15
    endloop
  endfacet
  facet normal 0 1 -0
    outer loop
      vertex 45 134 8.15
      vertex 39 134 11.15
      vertex 48 134 11.15
    endloop
  endfacet
  facet normal 0 1 0
    outer loop
      vertex 45 134 8.15
      vertex 42 134 8.15
      vertex 39 134 11.15
    endloop
  endfacet
  facet normal 0 1 0
    outer loop
      vertex 48 134 5.15
      vertex 42 134 8.15
      vertex 45 134 8.15
    endloop
  endfacet
  facet normal 0 1 0
    outer loop
      vertex 42 134 8.15
      vertex 48 134 5.15
      vertex 39 134 5.15
    endloop
  endfacet
  facet normal 0 1 -0
    outer loop
      vertex 54 134 8.15
      vertex 48 134 11.15
      vertex 57 134 11.15
    endloop
  endfacet
  facet normal 0 1 0
    outer loop
      vertex 54 134 8.15
      vertex 51 134 8.15
      vertex 48 134 11.15
    endloop
  endfacet
  facet normal 0 1 0
    outer loop
      vertex 57 134 5.15
      vertex 51 134 8.15
      vertex 54 134 8.15
    endloop
  endfacet
  facet normal 0 1 0
    outer loop
      vertex 51 134 8.15
      vertex 57 134 5.15
      vertex 48 134 5.15
    endloop
  endfacet
  facet normal 0 1 0
    outer loop
      vertex 67.5 134 16.5
      vertex 60 134 8.15
      vertex 57 134 11.15
    endloop
  endfacet
  facet normal 0 1 0
    outer loop
      vertex 67.5 134 0
      vertex 48 134 5.15
      vertex 57 134 5.15
    endloop
  endfacet
  facet normal 0 1 0
    outer loop
      vertex 48 134 5.15
      vertex 67.5 134 0
      vertex 39 134 5.15
    endloop
  endfacet
  facet normal 0 1 0
    outer loop
      vertex 39 134 5.15
      vertex 67.5 134 0
      vertex 30 134 5.15
    endloop
  endfacet
  facet normal 0 1 0
    outer loop
      vertex 0 134 0
      vertex 30 134 5.15
      vertex 67.5 134 0
    endloop
  endfacet
  facet normal 0 1 0
    outer loop
      vertex 60 134 8.15
      vertex 67.5 134 0
      vertex 57 134 5.15
    endloop
  endfacet
  facet normal 0 1 -0
    outer loop
      vertex 67.5 134 0
      vertex 60 134 8.15
      vertex 67.5 134 16.5
    endloop
  endfacet
  facet normal 0 1 -0
    outer loop
      vertex 90 134 8.15
      vertex 84 134 11.15
      vertex 93 134 11.15
    endloop
  endfacet
  facet normal 0 1 0
    outer loop
      vertex 90 134 8.15
      vertex 87 134 8.15
      vertex 84 134 11.15
    endloop
  endfacet
  facet normal 0 1 0
    outer loop
      vertex 93 134 5.15
      vertex 87 134 8.15
      vertex 90 134 8.15
    endloop
  endfacet
  facet normal 0 1 0
    outer loop
      vertex 87 134 8.15
      vertex 93 134 5.15
      vertex 84 134 5.15
    endloop
  endfacet
  facet normal 0 1 -0
    outer loop
      vertex 99 134 8.15
      vertex 93 134 11.15
      vertex 102 134 11.15
    endloop
  endfacet
  facet normal 0 1 0
    outer loop
      vertex 99 134 8.15
      vertex 96 134 8.15
      vertex 93 134 11.15
    endloop
  endfacet
  facet normal 0 1 0
    outer loop
      vertex 102 134 5.15
      vertex 96 134 8.15
      vertex 99 134 8.15
    endloop
  endfacet
  facet normal 0 1 0
    outer loop
      vertex 96 134 8.15
      vertex 102 134 5.15
      vertex 93 134 5.15
    endloop
  endfacet
  facet normal 0 1 -0
    outer loop
      vertex 108 134 8.15
      vertex 102 134 11.15
      vertex 111 134 11.15
    endloop
  endfacet
  facet normal 0 1 0
    outer loop
      vertex 108 134 8.15
      vertex 105 134 8.15
      vertex 102 134 11.15
    endloop
  endfacet
  facet normal 0 1 0
    outer loop
      vertex 111 134 5.15
      vertex 105 134 8.15
      vertex 108 134 8.15
    endloop
  endfacet
  facet normal 0 1 0
    outer loop
      vertex 105 134 8.15
      vertex 111 134 5.15
      vertex 102 134 5.15
    endloop
  endfacet
  facet normal 0 1 0
    outer loop
      vertex 70.528 134 25.9353
      vertex 70.9167 134 26.2057
      vertex 70.8817 134 26.1443
    endloop
  endfacet
  facet normal 0 1 0
    outer loop
      vertex 70.6026 134 25.9484
      vertex 70.8817 134 26.1443
      vertex 70.8389 134 26.0887
    endloop
  endfacet
  facet normal 0 1 0
    outer loop
      vertex 70.975 134 26.4251
      vertex 70.0553 134 26.0809
      vertex 69.9939 134 26.1469
    endloop
  endfacet
  facet normal 0 1 0
    outer loop
      vertex 70.6026 134 25.9484
      vertex 70.8389 134 26.0887
      vertex 70.7891 134 26.0405
    endloop
  endfacet
  facet normal 0 1 0
    outer loop
      vertex 70.975 134 26.4251
      vertex 70.4473 134 25.9309
      vertex 70.3575 134 25.9369
    endloop
  endfacet
  facet normal 0 1 0
    outer loop
      vertex 70.6026 134 25.9484
      vertex 70.7891 134 26.0405
      vertex 70.7331 134 26.0011
    endloop
  endfacet
  facet normal 0 1 0
    outer loop
      vertex 70.975 134 26.4251
      vertex 70.3575 134 25.9369
      vertex 70.0553 134 26.0809
    endloop
  endfacet
  facet normal 0 1 0
    outer loop
      vertex 70.6026 134 25.9484
      vertex 70.7331 134 26.0011
      vertex 70.6709 134 25.9704
    endloop
  endfacet
  facet normal 0 1 0
    outer loop
      vertex 70.0553 134 26.0809
      vertex 70.3575 134 25.9369
      vertex 70.1223 134 26.0269
    endloop
  endfacet
  facet normal 0 1 0
    outer loop
      vertex 70.8817 134 26.1443
      vertex 70.6026 134 25.9484
      vertex 70.528 134 25.9353
    endloop
  endfacet
  facet normal 0 1 0
    outer loop
      vertex 70.1951 134 25.9849
      vertex 70.3575 134 25.9369
      vertex 70.2735 134 25.9549
    endloop
  endfacet
  facet normal 0 1 0
    outer loop
      vertex 70.9439 134 26.273
      vertex 70.528 134 25.9353
      vertex 70.4473 134 25.9309
    endloop
  endfacet
  facet normal 0 1 0
    outer loop
      vertex 70.1223 134 26.0269
      vertex 70.3575 134 25.9369
      vertex 70.1951 134 25.9849
    endloop
  endfacet
  facet normal 0 1 0
    outer loop
      vertex 70.7695 134 25.4004
      vertex 70.0652 134 24.7608
      vertex 70.6158 134 25.3921
    endloop
  endfacet
  facet normal 0 1 0
    outer loop
      vertex 70.6158 134 25.3921
      vertex 70.0652 134 24.7608
      vertex 70.4981 134 25.3981
    endloop
  endfacet
  facet normal 0 1 0
    outer loop
      vertex 70.4981 134 25.3981
      vertex 70.0652 134 24.7608
      vertex 70.3871 134 25.4158
    endloop
  endfacet
  facet normal 0 1 0
    outer loop
      vertex 70.3871 134 25.4158
      vertex 70.0652 134 24.7608
      vertex 70.2829 134 25.4455
    endloop
  endfacet
  facet normal 0 1 0
    outer loop
      vertex 70.0946 134 25.5405
      vertex 70.0652 134 24.7608
      vertex 70.0105 134 25.6057
    endloop
  endfacet
  facet normal 0 1 0
    outer loop
      vertex 70.1854 134 25.4871
      vertex 70.0652 134 24.7608
      vertex 70.0946 134 25.5405
    endloop
  endfacet
  facet normal 0 1 0
    outer loop
      vertex 70.2829 134 25.4455
      vertex 70.0652 134 24.7608
      vertex 70.1854 134 25.4871
    endloop
  endfacet
  facet normal 0 1 0
    outer loop
      vertex 73.4149 134 26.8399
      vertex 73.3292 134 26.9091
      vertex 73.3651 134 27.044
    endloop
  endfacet
  facet normal 0 1 0
    outer loop
      vertex 73.4149 134 26.8399
      vertex 73.296 134 26.7861
      vertex 73.3292 134 26.9091
    endloop
  endfacet
  facet normal 0 1 0
    outer loop
      vertex 73.4149 134 26.8399
      vertex 73.2654 134 26.675
      vertex 73.296 134 26.7861
    endloop
  endfacet
  facet normal 0 1 0
    outer loop
      vertex 73.536 134 26.4127
      vertex 73.2654 134 26.675
      vertex 73.4149 134 26.8399
    endloop
  endfacet
  facet normal 0 1 0
    outer loop
      vertex 73.2654 134 26.675
      vertex 73.536 134 26.4127
      vertex 73.2374 134 26.5757
    endloop
  endfacet
  facet normal 0 1 0
    outer loop
      vertex 73.2374 134 26.5757
      vertex 73.536 134 26.4127
      vertex 73.2121 134 26.4882
    endloop
  endfacet
  facet normal 0 1 0
    outer loop
      vertex 73.536 134 26.4127
      vertex 73.1894 134 26.4127
      vertex 73.2121 134 26.4882
    endloop
  endfacet
  facet normal 0 1 0
    outer loop
      vertex 74.2219 134 24.2647
      vertex 73.1894 134 26.4127
      vertex 73.536 134 26.4127
    endloop
  endfacet
  facet normal 0 1 0
    outer loop
      vertex 73.1894 134 26.4127
      vertex 74.2219 134 24.2647
      vertex 72.5012 134 24.2647
    endloop
  endfacet
  facet normal 0 1 0
    outer loop
      vertex 73.7164 134 27.6089
      vertex 93 134 11.15
      vertex 74.9458 134 24.2647
    endloop
  endfacet
  facet normal 0 1 -0
    outer loop
      vertex 84 134 11.15
      vertex 74.9458 134 24.2647
      vertex 93 134 11.15
    endloop
  endfacet
  facet normal 0 1 0
    outer loop
      vertex 74.9458 134 24.2647
      vertex 84 134 11.15
      vertex 76.5 134 16.5
    endloop
  endfacet
  facet normal 0 1 -0
    outer loop
      vertex 81 134 8.15
      vertex 76.5 134 16.5
      vertex 84 134 11.15
    endloop
  endfacet
  facet normal 0 1 0
    outer loop
      vertex 81 134 8.15
      vertex 76.5 134 0
      vertex 76.5 134 16.5
    endloop
  endfacet
  facet normal 0 1 0
    outer loop
      vertex 84 134 5.15
      vertex 76.5 134 0
      vertex 81 134 8.15
    endloop
  endfacet
  facet normal 0 1 0
    outer loop
      vertex 93 134 5.15
      vertex 76.5 134 0
      vertex 84 134 5.15
    endloop
  endfacet
  facet normal 0.165377 0.688569 0.706062
    outer loop
      vertex 128.927 133.853 34.7
      vertex 128.469 133.963 34.7
      vertex 128.68 133.092 35.5
    endloop
  endfacet
  facet normal 0.165996 0.688578 0.705908
    outer loop
      vertex 128.469 133.963 34.7
      vertex 128.344 133.173 35.5
      vertex 128.68 133.092 35.5
    endloop
  endfacet
  facet normal 0.0786469 0.996903 -0
    outer loop
      vertex 128.469 133.963 0
      vertex 128 134 34.7
      vertex 128.469 133.963 34.7
    endloop
  endfacet
  facet normal 0.0786469 0.996903 0
    outer loop
      vertex 128 134 34.7
      vertex 128.469 133.963 0
      vertex 128 134 0
    endloop
  endfacet
  facet normal 0.522911 0.852387 -0
    outer loop
      vertex 129.763 133.427 0
      vertex 129.362 133.673 34.7
      vertex 129.763 133.427 34.7
    endloop
  endfacet
  facet normal 0.522911 0.852387 0
    outer loop
      vertex 129.362 133.673 34.7
      vertex 129.763 133.427 0
      vertex 129.362 133.673 0
    endloop
  endfacet
  facet normal 0.0554144 0.70602 0.70602
    outer loop
      vertex 128.344 133.173 35.5
      vertex 128 134 34.7
      vertex 128 133.2 35.5
    endloop
  endfacet
  facet normal 0.270766 0.654352 0.706052
    outer loop
      vertex 128.927 133.853 34.7
      vertex 128.68 133.092 35.5
      vertex 129.362 133.673 34.7
    endloop
  endfacet
  facet normal -0 0.707107 0.707107
    outer loop
      vertex 0 134 34.7
      vertex 128 133.2 35.5
      vertex 128 134 34.7
    endloop
  endfacet
  facet normal 0 0.707107 0.707107
    outer loop
      vertex 128 133.2 35.5
      vertex 0 134 34.7
      vertex 0 133.2 35.5
    endloop
  endfacet
  facet normal 0 -1 0
    outer loop
      vertex 105 0 8.15
      vertex 111 0 11.15
      vertex 102 0 11.15
    endloop
  endfacet
  facet normal 0 -1 0
    outer loop
      vertex 105 0 8.15
      vertex 108 0 8.15
      vertex 111 0 11.15
    endloop
  endfacet
  facet normal 0 -1 0
    outer loop
      vertex 102 0 5.15
      vertex 108 0 8.15
      vertex 105 0 8.15
    endloop
  endfacet
  facet normal 0 -1 -0
    outer loop
      vertex 108 0 8.15
      vertex 102 0 5.15
      vertex 111 0 5.15
    endloop
  endfacet
  facet normal 0 -1 0
    outer loop
      vertex 96 0 8.15
      vertex 102 0 11.15
      vertex 93 0 11.15
    endloop
  endfacet
  facet normal 0 -1 0
    outer loop
      vertex 96 0 8.15
      vertex 99 0 8.15
      vertex 102 0 11.15
    endloop
  endfacet
  facet normal 0 -1 0
    outer loop
      vertex 93 0 5.15
      vertex 99 0 8.15
      vertex 96 0 8.15
    endloop
  endfacet
  facet normal 0 -1 -0
    outer loop
      vertex 99 0 8.15
      vertex 93 0 5.15
      vertex 102 0 5.15
    endloop
  endfacet
  facet normal 0 -1 0
    outer loop
      vertex 87 0 8.15
      vertex 93 0 11.15
      vertex 84 0 11.15
    endloop
  endfacet
  facet normal 0 -1 0
    outer loop
      vertex 87 0 8.15
      vertex 90 0 8.15
      vertex 93 0 11.15
    endloop
  endfacet
  facet normal 0 -1 0
    outer loop
      vertex 84 0 5.15
      vertex 90 0 8.15
      vertex 87 0 8.15
    endloop
  endfacet
  facet normal 0 -1 -0
    outer loop
      vertex 90 0 8.15
      vertex 84 0 5.15
      vertex 93 0 5.15
    endloop
  endfacet
  facet normal 0 -1 0
    outer loop
      vertex 60 0 8.15
      vertex 84 0 11.15
      vertex 57 0 11.15
    endloop
  endfacet
  facet normal 0 -1 0
    outer loop
      vertex 60 0 8.15
      vertex 81 0 8.15
      vertex 84 0 11.15
    endloop
  endfacet
  facet normal 0 -1 0
    outer loop
      vertex 57 0 5.15
      vertex 81 0 8.15
      vertex 60 0 8.15
    endloop
  endfacet
  facet normal 0 -1 -0
    outer loop
      vertex 81 0 8.15
      vertex 57 0 5.15
      vertex 84 0 5.15
    endloop
  endfacet
  facet normal 0 -1 0
    outer loop
      vertex 51 0 8.15
      vertex 57 0 11.15
      vertex 48 0 11.15
    endloop
  endfacet
  facet normal 0 -1 0
    outer loop
      vertex 51 0 8.15
      vertex 54 0 8.15
      vertex 57 0 11.15
    endloop
  endfacet
  facet normal 0 -1 0
    outer loop
      vertex 48 0 5.15
      vertex 54 0 8.15
      vertex 51 0 8.15
    endloop
  endfacet
  facet normal 0 -1 -0
    outer loop
      vertex 54 0 8.15
      vertex 48 0 5.15
      vertex 57 0 5.15
    endloop
  endfacet
  facet normal 0 -1 0
    outer loop
      vertex 42 0 8.15
      vertex 48 0 11.15
      vertex 39 0 11.15
    endloop
  endfacet
  facet normal 0 -1 0
    outer loop
      vertex 42 0 8.15
      vertex 45 0 8.15
      vertex 48 0 11.15
    endloop
  endfacet
  facet normal 0 -1 0
    outer loop
      vertex 39 0 5.15
      vertex 45 0 8.15
      vertex 42 0 8.15
    endloop
  endfacet
  facet normal 0 -1 -0
    outer loop
      vertex 45 0 8.15
      vertex 39 0 5.15
      vertex 48 0 5.15
    endloop
  endfacet
  facet normal 0 -1 0
    outer loop
      vertex 33 0 8.15
      vertex 39 0 11.15
      vertex 30 0 11.15
    endloop
  endfacet
  facet normal 0 -1 0
    outer loop
      vertex 33 0 8.15
      vertex 36 0 8.15
      vertex 39 0 11.15
    endloop
  endfacet
  facet normal 0 -1 0
    outer loop
      vertex 30 0 5.15
      vertex 36 0 8.15
      vertex 33 0 8.15
    endloop
  endfacet
  facet normal 0 -1 -0
    outer loop
      vertex 36 0 8.15
      vertex 30 0 5.15
      vertex 39 0 5.15
    endloop
  endfacet
  facet normal 0 -1 0
    outer loop
      vertex 24 0 8.15
      vertex 30 0 11.15
      vertex 21 0 11.15
    endloop
  endfacet
  facet normal 0 -1 0
    outer loop
      vertex 24 0 8.15
      vertex 27 0 8.15
      vertex 30 0 11.15
    endloop
  endfacet
  facet normal 0 -1 0
    outer loop
      vertex 21 0 5.15
      vertex 27 0 8.15
      vertex 24 0 8.15
    endloop
  endfacet
  facet normal 0 -1 -0
    outer loop
      vertex 27 0 8.15
      vertex 21 0 5.15
      vertex 30 0 5.15
    endloop
  endfacet
  facet normal 0 -1 0
    outer loop
      vertex 30 0 11.15
      vertex 0 0 34.7
      vertex 21 0 11.15
    endloop
  endfacet
  facet normal 0 -1 0
    outer loop
      vertex 0 0 34.7
      vertex 18 0 8.15
      vertex 21 0 11.15
    endloop
  endfacet
  facet normal 0 -1 0
    outer loop
      vertex 0 0 0
      vertex 30 0 5.15
      vertex 21 0 5.15
    endloop
  endfacet
  facet normal 0 -1 -0
    outer loop
      vertex 30 0 5.15
      vertex 0 0 0
      vertex 39 0 5.15
    endloop
  endfacet
  facet normal 0 -1 -0
    outer loop
      vertex 39 0 5.15
      vertex 0 0 0
      vertex 48 0 5.15
    endloop
  endfacet
  facet normal 0 -1 -0
    outer loop
      vertex 48 0 5.15
      vertex 0 0 0
      vertex 57 0 5.15
    endloop
  endfacet
  facet normal 0 -1 0
    outer loop
      vertex 128 0 0
      vertex 57 0 5.15
      vertex 0 0 0
    endloop
  endfacet
  facet normal 0 -1 0
    outer loop
      vertex 57 0 5.15
      vertex 128 0 0
      vertex 84 0 5.15
    endloop
  endfacet
  facet normal 0 -1 0
    outer loop
      vertex 84 0 5.15
      vertex 128 0 0
      vertex 93 0 5.15
    endloop
  endfacet
  facet normal 0 -1 0
    outer loop
      vertex 93 0 5.15
      vertex 128 0 0
      vertex 102 0 5.15
    endloop
  endfacet
  facet normal 0 -1 -0
    outer loop
      vertex 18 0 8.15
      vertex 0 0 0
      vertex 21 0 5.15
    endloop
  endfacet
  facet normal 0 -1 0
    outer loop
      vertex 0 0 0
      vertex 18 0 8.15
      vertex 0 0 34.7
    endloop
  endfacet
  facet normal 0 -1 0
    outer loop
      vertex 39 0 11.15
      vertex 0 0 34.7
      vertex 30 0 11.15
    endloop
  endfacet
  facet normal 0 -1 0
    outer loop
      vertex 48 0 11.15
      vertex 0 0 34.7
      vertex 39 0 11.15
    endloop
  endfacet
  facet normal 0 -1 0
    outer loop
      vertex 57 0 11.15
      vertex 0 0 34.7
      vertex 48 0 11.15
    endloop
  endfacet
  facet normal 0 -1 0
    outer loop
      vertex 0 0 34.7
      vertex 57 0 11.15
      vertex 128 0 34.7
    endloop
  endfacet
  facet normal 0 -1 0
    outer loop
      vertex 84 0 11.15
      vertex 128 0 34.7
      vertex 57 0 11.15
    endloop
  endfacet
  facet normal 0 -1 0
    outer loop
      vertex 93 0 11.15
      vertex 128 0 34.7
      vertex 84 0 11.15
    endloop
  endfacet
  facet normal 0 -1 0
    outer loop
      vertex 102 0 11.15
      vertex 128 0 34.7
      vertex 93 0 11.15
    endloop
  endfacet
  facet normal 0 -1 0
    outer loop
      vertex 111 0 11.15
      vertex 128 0 34.7
      vertex 102 0 11.15
    endloop
  endfacet
  facet normal 0 -1 0
    outer loop
      vertex 114 0 8.15
      vertex 128 0 34.7
      vertex 111 0 11.15
    endloop
  endfacet
  facet normal 0 -1 0
    outer loop
      vertex 114 0 8.15
      vertex 128 0 0
      vertex 128 0 34.7
    endloop
  endfacet
  facet normal 0 -1 0
    outer loop
      vertex 111 0 5.15
      vertex 128 0 0
      vertex 114 0 8.15
    endloop
  endfacet
  facet normal 0 -1 0
    outer loop
      vertex 102 0 5.15
      vertex 128 0 0
      vertex 111 0 5.15
    endloop
  endfacet
  facet normal 0.165244 -0.688681 0.705984
    outer loop
      vertex 128.68 0.907669 35.5
      vertex 128.469 0.0369415 34.7
      vertex 128.927 0.146835 34.7
    endloop
  endfacet
  facet normal 0.538657 0.460416 0.705596
    outer loop
      vertex 130.121 133.121 34.7
      vertex 129.556 132.556 35.5
      vertex 130.427 132.763 34.7
    endloop
  endfacet
  facet normal 0.270989 -0.65434 0.705977
    outer loop
      vertex 128.999 1.03978 35.5
      vertex 128.68 0.907669 35.5
      vertex 129.362 0.326981 34.7
    endloop
  endfacet
  facet normal 0.459461 -0.538975 0.705976
    outer loop
      vertex 129.556 1.44437 35.5
      vertex 129.293 1.22017 35.5
      vertex 129.763 0.572952 34.7
    endloop
  endfacet
  facet normal 0.924017 0.382352 0
    outer loop
      vertex 130.853 131.927 34.7
      vertex 130.673 132.362 0
      vertex 130.673 132.362 34.7
    endloop
  endfacet
  facet normal 0.924017 0.382352 0
    outer loop
      vertex 130.673 132.362 0
      vertex 130.853 131.927 34.7
      vertex 130.853 131.927 0
    endloop
  endfacet
  facet normal 0.706069 -0.0556671 0.705951
    outer loop
      vertex 131 3 34.7
      vertex 130.173 2.65584 35.5
      vertex 130.963 2.5307 34.7
    endloop
  endfacet
  facet normal 0.538488 -0.460306 0.705797
    outer loop
      vertex 130.427 1.23665 34.7
      vertex 129.556 1.44437 35.5
      vertex 130.121 0.878677 34.7
    endloop
  endfacet
  facet normal 0.688524 -0.165456 0.706087
    outer loop
      vertex 130.963 2.5307 34.7
      vertex 130.092 2.32016 35.5
      vertex 130.853 2.07295 34.7
    endloop
  endfacet
  facet normal 0 -0.707105 0.707108
    outer loop
      vertex 0 0.800003 35.5
      vertex 128 0 34.7
      vertex 128 0.800003 35.5
    endloop
  endfacet
  facet normal 0 -0.707105 0.707108
    outer loop
      vertex 128 0 34.7
      vertex 0 0.800003 35.5
      vertex 0 0 34.7
    endloop
  endfacet
  facet normal 0.654303 -0.270797 0.706086
    outer loop
      vertex 130.092 2.32016 35.5
      vertex 129.96 2.00122 35.5
      vertex 130.673 1.63803 34.7
    endloop
  endfacet
  facet normal 0.654352 0.270766 0.706052
    outer loop
      vertex 130.673 132.362 34.7
      vertex 130.092 131.68 35.5
      vertex 130.853 131.927 34.7
    endloop
  endfacet
  facet normal 0.852608 -0.522551 0
    outer loop
      vertex 130.427 1.23665 34.7
      vertex 130.673 1.63803 0
      vertex 130.673 1.63803 34.7
    endloop
  endfacet
  facet normal 0.852608 -0.522551 0
    outer loop
      vertex 130.673 1.63803 0
      vertex 130.427 1.23665 34.7
      vertex 130.427 1.23665 0
    endloop
  endfacet
  facet normal 0.707107 0 0.707107
    outer loop
      vertex 130.2 131 35.5
      vertex 131 3 34.7
      vertex 131 131 34.7
    endloop
  endfacet
  facet normal 0.707107 0 0.707107
    outer loop
      vertex 131 3 34.7
      vertex 130.2 131 35.5
      vertex 130.2 3 35.5
    endloop
  endfacet
  facet normal 0.604111 0.369864 0.705869
    outer loop
      vertex 130.427 132.763 34.7
      vertex 129.78 132.293 35.5
      vertex 129.96 131.999 35.5
    endloop
  endfacet
  facet normal 0.233534 0.972349 -0
    outer loop
      vertex 128.927 133.853 0
      vertex 128.469 133.963 34.7
      vertex 128.927 133.853 34.7
    endloop
  endfacet
  facet normal 0.233534 0.972349 0
    outer loop
      vertex 128.469 133.963 34.7
      vertex 128.927 133.853 0
      vertex 128.469 133.963 0
    endloop
  endfacet
  facet normal 0.654303 -0.270796 0.706085
    outer loop
      vertex 130.853 2.07295 34.7
      vertex 130.092 2.32016 35.5
      vertex 130.673 1.63803 34.7
    endloop
  endfacet
  facet normal 0.460416 0.538657 0.705596
    outer loop
      vertex 129.763 133.427 34.7
      vertex 129.556 132.556 35.5
      vertex 130.121 133.121 34.7
    endloop
  endfacet
  facet normal 0.165164 -0.68868 0.706003
    outer loop
      vertex 128.68 0.907669 35.5
      vertex 128.344 0.827087 35.5
      vertex 128.469 0.0369415 34.7
    endloop
  endfacet
  facet normal 0.270983 -0.654345 0.705975
    outer loop
      vertex 129.362 0.326981 34.7
      vertex 128.68 0.907669 35.5
      vertex 128.927 0.146835 34.7
    endloop
  endfacet
  facet normal 0 0 -1
    outer loop
      vertex 14 119.5 0
      vertex 10.15 121.85 0
      vertex 14 123.5 0
    endloop
  endfacet
  facet normal 0 0 -1
    outer loop
      vertex 0 119.5 0
      vertex 10.15 121.85 0
      vertex 14 119.5 0
    endloop
  endfacet
  facet normal -0 0 -1
    outer loop
      vertex 10.15 121.85 0
      vertex 0 119.5 0
      vertex 0 123.85 0
    endloop
  endfacet
  facet normal 0 0 -1
    outer loop
      vertex 14 123.5 0
      vertex 67.5 134 0
      vertex 67.5 123.5 0
    endloop
  endfacet
  facet normal 0 0 -1
    outer loop
      vertex 10.15 130.15 0
      vertex 14 123.5 0
      vertex 10.15 121.85 0
    endloop
  endfacet
  facet normal 0 0 -1
    outer loop
      vertex 10.15 130.15 0
      vertex 67.5 134 0
      vertex 14 123.5 0
    endloop
  endfacet
  facet normal 0 0 -1
    outer loop
      vertex 10.15 130.15 0
      vertex 0 134 0
      vertex 67.5 134 0
    endloop
  endfacet
  facet normal 0 0 -1
    outer loop
      vertex 0 134 0
      vertex 10.15 130.15 0
      vertex 0 128.15 0
    endloop
  endfacet
  facet normal 0 0 -1
    outer loop
      vertex 128 0 0
      vertex 131 3 0
      vertex 130.963 2.5307 0
    endloop
  endfacet
  facet normal 0 0 -1
    outer loop
      vertex 131 3 0
      vertex 120.5 10.5 0
      vertex 131 131 0
    endloop
  endfacet
  facet normal 0 0 -1
    outer loop
      vertex 128 0 0
      vertex 130.963 2.5307 0
      vertex 130.853 2.07295 0
    endloop
  endfacet
  facet normal 0 0 -1
    outer loop
      vertex 120.5 123.5 0
      vertex 131 131 0
      vertex 120.5 10.5 0
    endloop
  endfacet
  facet normal 0 0 -1
    outer loop
      vertex 128 0 0
      vertex 130.853 2.07295 0
      vertex 130.673 1.63803 0
    endloop
  endfacet
  facet normal 0 -0 -1
    outer loop
      vertex 128 134 0
      vertex 131 131 0
      vertex 120.5 123.5 0
    endloop
  endfacet
  facet normal 0 0 -1
    outer loop
      vertex 128 0 0
      vertex 130.673 1.63803 0
      vertex 130.427 1.23665 0
    endloop
  endfacet
  facet normal 0 0 -1
    outer loop
      vertex 131 131 0
      vertex 128 134 0
      vertex 130.963 131.469 0
    endloop
  endfacet
  facet normal 0 0 -1
    outer loop
      vertex 128 0 0
      vertex 130.427 1.23665 0
      vertex 130.121 0.878677 0
    endloop
  endfacet
  facet normal 0 0 -1
    outer loop
      vertex 130.963 131.469 0
      vertex 128 134 0
      vertex 130.853 131.927 0
    endloop
  endfacet
  facet normal 0 0 -1
    outer loop
      vertex 128 0 0
      vertex 130.121 0.878677 0
      vertex 129.763 0.572952 0
    endloop
  endfacet
  facet normal 0 0 -1
    outer loop
      vertex 130.853 131.927 0
      vertex 128 134 0
      vertex 130.673 132.362 0
    endloop
  endfacet
  facet normal 0 0 -1
    outer loop
      vertex 128 0 0
      vertex 129.763 0.572952 0
      vertex 129.362 0.326981 0
    endloop
  endfacet
  facet normal 0 0 -1
    outer loop
      vertex 130.673 132.362 0
      vertex 128 134 0
      vertex 130.427 132.763 0
    endloop
  endfacet
  facet normal 0 0 -1
    outer loop
      vertex 128 0 0
      vertex 129.362 0.326981 0
      vertex 128.927 0.146835 0
    endloop
  endfacet
  facet normal 0 0 -1
    outer loop
      vertex 130.427 132.763 0
      vertex 128 134 0
      vertex 130.121 133.121 0
    endloop
  endfacet
  facet normal 0 0 -1
    outer loop
      vertex 128 0 0
      vertex 128.927 0.146835 0
      vertex 128.469 0.0369415 0
    endloop
  endfacet
  facet normal 0 0 -1
    outer loop
      vertex 130.121 133.121 0
      vertex 128 134 0
      vertex 129.763 133.427 0
    endloop
  endfacet
  facet normal -0 0 -1
    outer loop
      vertex 131 3 0
      vertex 128 0 0
      vertex 120.5 10.5 0
    endloop
  endfacet
  facet normal 0 0 -1
    outer loop
      vertex 129.763 133.427 0
      vertex 128 134 0
      vertex 129.362 133.673 0
    endloop
  endfacet
  facet normal 0 0 -1
    outer loop
      vertex 129.362 133.673 0
      vertex 128 134 0
      vertex 128.927 133.853 0
    endloop
  endfacet
  facet normal 0 0 -1
    outer loop
      vertex 128 0 0
      vertex 90 10.5 0
      vertex 120.5 10.5 0
    endloop
  endfacet
  facet normal 0 0 -1
    outer loop
      vertex 84.5 16 0
      vertex 90 20 0
      vertex 90 10.5 0
    endloop
  endfacet
  facet normal 0 0 -1
    outer loop
      vertex 84.4446 16.704 0
      vertex 90 20 0
      vertex 84.5 16 0
    endloop
  endfacet
  facet normal 0 0 -1
    outer loop
      vertex 84.2798 17.3906 0
      vertex 90 20 0
      vertex 84.4446 16.704 0
    endloop
  endfacet
  facet normal 0 0 -1
    outer loop
      vertex 84.0095 18.043 0
      vertex 90 20 0
      vertex 84.2798 17.3906 0
    endloop
  endfacet
  facet normal 0 -0 -1
    outer loop
      vertex 87 23 0
      vertex 90 20 0
      vertex 84.0095 18.043 0
    endloop
  endfacet
  facet normal 0 0 -1
    outer loop
      vertex 90 20 0
      vertex 87 23 0
      vertex 89.9631 20.4693 0
    endloop
  endfacet
  facet normal 0 0 -1
    outer loop
      vertex 89.9631 20.4693 0
      vertex 87 23 0
      vertex 89.8532 20.927 0
    endloop
  endfacet
  facet normal 0 0 -1
    outer loop
      vertex 89.673 21.362 0
      vertex 87 23 0
      vertex 89.427 21.7634 0
    endloop
  endfacet
  facet normal 0 0 -1
    outer loop
      vertex 89.427 21.7634 0
      vertex 87 23 0
      vertex 89.1213 22.1213 0
    endloop
  endfacet
  facet normal 0 0 -1
    outer loop
      vertex 89.1213 22.1213 0
      vertex 87 23 0
      vertex 88.7634 22.427 0
    endloop
  endfacet
  facet normal 0 0 -1
    outer loop
      vertex 89.8532 20.927 0
      vertex 87 23 0
      vertex 89.673 21.362 0
    endloop
  endfacet
  facet normal 0 0 -1
    outer loop
      vertex 90 10.5 0
      vertex 84.4446 15.296 0
      vertex 84.5 16 0
    endloop
  endfacet
  facet normal 0 0 -1
    outer loop
      vertex 90 10.5 0
      vertex 84.2798 14.6094 0
      vertex 84.4446 15.296 0
    endloop
  endfacet
  facet normal 0 0 -1
    outer loop
      vertex 90 10.5 0
      vertex 84.0095 13.957 0
      vertex 84.2798 14.6094 0
    endloop
  endfacet
  facet normal 0 0 -1
    outer loop
      vertex 90 10.5 0
      vertex 83.6406 13.355 0
      vertex 84.0095 13.957 0
    endloop
  endfacet
  facet normal 0 0 -1
    outer loop
      vertex 90 10.5 0
      vertex 83.182 12.818 0
      vertex 83.6406 13.355 0
    endloop
  endfacet
  facet normal 0 0 -1
    outer loop
      vertex 82.25 8 0
      vertex 83.182 12.818 0
      vertex 90 10.5 0
    endloop
  endfacet
  facet normal 0 0 -1
    outer loop
      vertex 81.3225 6.17971 0
      vertex 90 10.5 0
      vertex 128 0 0
    endloop
  endfacet
  facet normal 0 0 -1
    outer loop
      vertex 83.182 12.818 0
      vertex 82.25 8 0
      vertex 82.645 12.3594 0
    endloop
  endfacet
  facet normal 0 0 -1
    outer loop
      vertex 90 10.5 0
      vertex 82.2223 7.64802 0
      vertex 82.25 8 0
    endloop
  endfacet
  facet normal 0 0 -1
    outer loop
      vertex 90 10.5 0
      vertex 82.1399 7.30471 0
      vertex 82.2223 7.64802 0
    endloop
  endfacet
  facet normal 0 0 -1
    outer loop
      vertex 90 10.5 0
      vertex 82.0048 6.97852 0
      vertex 82.1399 7.30471 0
    endloop
  endfacet
  facet normal 0 0 -1
    outer loop
      vertex 90 10.5 0
      vertex 81.8203 6.67748 0
      vertex 82.0048 6.97852 0
    endloop
  endfacet
  facet normal 0 0 -1
    outer loop
      vertex 90 10.5 0
      vertex 81.591 6.40901 0
      vertex 81.8203 6.67748 0
    endloop
  endfacet
  facet normal 0 0 -1
    outer loop
      vertex 90 10.5 0
      vertex 81.3225 6.17971 0
      vertex 81.591 6.40901 0
    endloop
  endfacet
  facet normal 0 0 -1
    outer loop
      vertex 128 0 0
      vertex 81.0215 5.99524 0
      vertex 81.3225 6.17971 0
    endloop
  endfacet
  facet normal 0 0 -1
    outer loop
      vertex 128 0 0
      vertex 80.6953 5.86012 0
      vertex 81.0215 5.99524 0
    endloop
  endfacet
  facet normal 0 0 -1
    outer loop
      vertex 128 0 0
      vertex 80.352 5.7777 0
      vertex 80.6953 5.86012 0
    endloop
  endfacet
  facet normal 0 0 -1
    outer loop
      vertex 128 0 0
      vertex 80 5.75 0
      vertex 80.352 5.7777 0
    endloop
  endfacet
  facet normal 0 0 -1
    outer loop
      vertex 0 0 0
      vertex 80 5.75 0
      vertex 128 0 0
    endloop
  endfacet
  facet normal 0 0 -1
    outer loop
      vertex 77.75 8 0
      vertex 77.355 12.3594 0
      vertex 77.75 12.1173 0
    endloop
  endfacet
  facet normal 0 0 -1
    outer loop
      vertex 70 10.5 0
      vertex 77.75 8 0
      vertex 77.7777 7.64802 0
    endloop
  endfacet
  facet normal 0 0 -1
    outer loop
      vertex 77.75 8 0
      vertex 76.818 12.818 0
      vertex 77.355 12.3594 0
    endloop
  endfacet
  facet normal 0 0 -1
    outer loop
      vertex 77.75 8 0
      vertex 70 10.5 0
      vertex 76.818 12.818 0
    endloop
  endfacet
  facet normal 0 0 -1
    outer loop
      vertex 70 10.5 0
      vertex 77.7777 7.64802 0
      vertex 77.8601 7.30471 0
    endloop
  endfacet
  facet normal -0 0 -1
    outer loop
      vertex 76.818 12.818 0
      vertex 70 10.5 0
      vertex 76.3594 13.355 0
    endloop
  endfacet
  facet normal -0 0 -1
    outer loop
      vertex 76.3594 13.355 0
      vertex 70 10.5 0
      vertex 75.9905 13.957 0
    endloop
  endfacet
  facet normal 0 0 -1
    outer loop
      vertex 70 20 0
      vertex 75.5 16 0
      vertex 75.5554 15.296 0
    endloop
  endfacet
  facet normal 0 0 -1
    outer loop
      vertex 70 10.5 0
      vertex 75.5554 15.296 0
      vertex 75.7202 14.6094 0
    endloop
  endfacet
  facet normal -0 0 -1
    outer loop
      vertex 75.9905 13.957 0
      vertex 70 10.5 0
      vertex 75.7202 14.6094 0
    endloop
  endfacet
  facet normal 0 0 -1
    outer loop
      vertex 75.5 16 0
      vertex 70 20 0
      vertex 73 23 0
    endloop
  endfacet
  facet normal 0 0 -1
    outer loop
      vertex 73 23 0
      vertex 70 20 0
      vertex 72.5307 22.9631 0
    endloop
  endfacet
  facet normal 0 0 -1
    outer loop
      vertex 72.5307 22.9631 0
      vertex 70 20 0
      vertex 72.073 22.8532 0
    endloop
  endfacet
  facet normal 0 0 -1
    outer loop
      vertex 72.073 22.8532 0
      vertex 70 20 0
      vertex 71.638 22.673 0
    endloop
  endfacet
  facet normal 0 0 -1
    outer loop
      vertex 70 10.5 0
      vertex 77.8601 7.30471 0
      vertex 77.9952 6.97852 0
    endloop
  endfacet
  facet normal 0 0 -1
    outer loop
      vertex 71.638 22.673 0
      vertex 70 20 0
      vertex 71.2366 22.427 0
    endloop
  endfacet
  facet normal 0 0 -1
    outer loop
      vertex 71.2366 22.427 0
      vertex 70 20 0
      vertex 70.8787 22.1213 0
    endloop
  endfacet
  facet normal 0 0 -1
    outer loop
      vertex 70.8787 22.1213 0
      vertex 70 20 0
      vertex 70.573 21.7634 0
    endloop
  endfacet
  facet normal 0 0 -1
    outer loop
      vertex 70.573 21.7634 0
      vertex 70 20 0
      vertex 70.327 21.362 0
    endloop
  endfacet
  facet normal 0 0 -1
    outer loop
      vertex 70.327 21.362 0
      vertex 70 20 0
      vertex 70.1468 20.927 0
    endloop
  endfacet
  facet normal -0 0 -1
    outer loop
      vertex 75.5554 15.296 0
      vertex 70 10.5 0
      vertex 70 20 0
    endloop
  endfacet
  facet normal 0 0 -1
    outer loop
      vertex 78.1797 6.67748 0
      vertex 70 10.5 0
      vertex 77.9952 6.97852 0
    endloop
  endfacet
  facet normal 0 0 -1
    outer loop
      vertex 78.409 6.40901 0
      vertex 70 10.5 0
      vertex 78.1797 6.67748 0
    endloop
  endfacet
  facet normal 0 0 -1
    outer loop
      vertex 78.6775 6.17971 0
      vertex 70 10.5 0
      vertex 78.409 6.40901 0
    endloop
  endfacet
  facet normal 0 0 -1
    outer loop
      vertex 78.9785 5.99524 0
      vertex 70 10.5 0
      vertex 78.6775 6.17971 0
    endloop
  endfacet
  facet normal 0 0 -1
    outer loop
      vertex 10.15 3.85001 0
      vertex 70 10.5 0
      vertex 78.9785 5.99524 0
    endloop
  endfacet
  facet normal 0 0 -1
    outer loop
      vertex 10.15 3.85001 0
      vertex 78.9785 5.99524 0
      vertex 79.3047 5.86012 0
    endloop
  endfacet
  facet normal 0 0 -1
    outer loop
      vertex 0 0 0
      vertex 79.3047 5.86012 0
      vertex 79.648 5.7777 0
    endloop
  endfacet
  facet normal -0 0 -1
    outer loop
      vertex 80 5.75 0
      vertex 0 0 0
      vertex 79.648 5.7777 0
    endloop
  endfacet
  facet normal 0 0 -1
    outer loop
      vertex 10.15 12.15 0
      vertex 14 10.5 0
      vertex 10.15 3.85001 0
    endloop
  endfacet
  facet normal -0 0 -1
    outer loop
      vertex 70 10.5 0
      vertex 10.15 3.85001 0
      vertex 14 10.5 0
    endloop
  endfacet
  facet normal 0 0 -1
    outer loop
      vertex 79.3047 5.86012 0
      vertex 0 0 0
      vertex 10.15 3.85001 0
    endloop
  endfacet
  facet normal -0 0 -1
    outer loop
      vertex 10.15 3.85001 0
      vertex 0 0 0
      vertex 0 5.85001 0
    endloop
  endfacet
  facet normal 0 0 -1
    outer loop
      vertex 128.927 133.853 0
      vertex 128 134 0
      vertex 128.469 133.963 0
    endloop
  endfacet
  facet normal 0 0 -1
    outer loop
      vertex 76.5 134 0
      vertex 120.5 123.5 0
      vertex 76.5 123.5 0
    endloop
  endfacet
  facet normal 0 0 -1
    outer loop
      vertex 120.5 123.5 0
      vertex 76.5 134 0
      vertex 128 134 0
    endloop
  endfacet
  facet normal 0 0 -1
    outer loop
      vertex 88.7634 22.427 0
      vertex 87 23 0
      vertex 88.362 22.673 0
    endloop
  endfacet
  facet normal 0 0 -1
    outer loop
      vertex 88.362 22.673 0
      vertex 87 23 0
      vertex 87.927 22.8532 0
    endloop
  endfacet
  facet normal 0 0 -1
    outer loop
      vertex 87.927 22.8532 0
      vertex 87 23 0
      vertex 87.4693 22.9631 0
    endloop
  endfacet
  facet normal 0 0 -1
    outer loop
      vertex 83.6406 18.645 0
      vertex 87 23 0
      vertex 84.0095 18.043 0
    endloop
  endfacet
  facet normal 0 0 -1
    outer loop
      vertex 83.182 19.182 0
      vertex 87 23 0
      vertex 83.6406 18.645 0
    endloop
  endfacet
  facet normal 0 0 -1
    outer loop
      vertex 82.645 19.6406 0
      vertex 87 23 0
      vertex 83.182 19.182 0
    endloop
  endfacet
  facet normal 0 0 -1
    outer loop
      vertex 82.043 20.0095 0
      vertex 87 23 0
      vertex 82.645 19.6406 0
    endloop
  endfacet
  facet normal 0 0 -1
    outer loop
      vertex 81.3906 20.2798 0
      vertex 87 23 0
      vertex 82.043 20.0095 0
    endloop
  endfacet
  facet normal 0 0 -1
    outer loop
      vertex 80.704 20.4446 0
      vertex 87 23 0
      vertex 81.3906 20.2798 0
    endloop
  endfacet
  facet normal 0 0 -1
    outer loop
      vertex 80 20.5 0
      vertex 87 23 0
      vertex 80.704 20.4446 0
    endloop
  endfacet
  facet normal 0 0 -1
    outer loop
      vertex 73 23 0
      vertex 80 20.5 0
      vertex 79.296 20.4446 0
    endloop
  endfacet
  facet normal 0 0 -1
    outer loop
      vertex 73 23 0
      vertex 79.296 20.4446 0
      vertex 78.6094 20.2798 0
    endloop
  endfacet
  facet normal 0 0 -1
    outer loop
      vertex 80 20.5 0
      vertex 73 23 0
      vertex 87 23 0
    endloop
  endfacet
  facet normal 0 0 -1
    outer loop
      vertex 77.957 20.0095 0
      vertex 73 23 0
      vertex 78.6094 20.2798 0
    endloop
  endfacet
  facet normal 0 0 -1
    outer loop
      vertex 77.355 19.6406 0
      vertex 73 23 0
      vertex 77.957 20.0095 0
    endloop
  endfacet
  facet normal 0 0 -1
    outer loop
      vertex 76.818 19.182 0
      vertex 73 23 0
      vertex 77.355 19.6406 0
    endloop
  endfacet
  facet normal 0 0 -1
    outer loop
      vertex 76.3594 18.645 0
      vertex 73 23 0
      vertex 76.818 19.182 0
    endloop
  endfacet
  facet normal 0 0 -1
    outer loop
      vertex 75.9905 18.043 0
      vertex 73 23 0
      vertex 76.3594 18.645 0
    endloop
  endfacet
  facet normal 0 0 -1
    outer loop
      vertex 75.7202 17.3906 0
      vertex 73 23 0
      vertex 75.9905 18.043 0
    endloop
  endfacet
  facet normal 0 0 -1
    outer loop
      vertex 75.5554 16.704 0
      vertex 73 23 0
      vertex 75.7202 17.3906 0
    endloop
  endfacet
  facet normal 0 0 -1
    outer loop
      vertex 73 23 0
      vertex 75.5554 16.704 0
      vertex 75.5 16 0
    endloop
  endfacet
  facet normal 0 0 -1
    outer loop
      vertex 82.645 12.3594 0
      vertex 82.25 8 0
      vertex 82.25 12.1173 0
    endloop
  endfacet
  facet normal 0 0 -1
    outer loop
      vertex 70.1468 20.927 0
      vertex 70 20 0
      vertex 70.0369 20.4693 0
    endloop
  endfacet
  facet normal 0 0 -1
    outer loop
      vertex 14 10.5 0
      vertex 10.15 12.15 0
      vertex 14 14.5 0
    endloop
  endfacet
  facet normal 0 0 -1
    outer loop
      vertex 0 14.5 0
      vertex 10.15 12.15 0
      vertex 0 10.15 0
    endloop
  endfacet
  facet normal 0 0 -1
    outer loop
      vertex 10.15 12.15 0
      vertex 0 14.5 0
      vertex 14 14.5 0
    endloop
  endfacet
  facet normal 0.688569 0.165377 0.706062
    outer loop
      vertex 130.853 131.927 34.7
      vertex 130.092 131.68 35.5
      vertex 130.963 131.469 34.7
    endloop
  endfacet
  facet normal 0.654352 0.270766 0.706052
    outer loop
      vertex 130.673 132.362 34.7
      vertex 129.96 131.999 35.5
      vertex 130.092 131.68 35.5
    endloop
  endfacet
  facet normal 0.0556105 -0.706016 0.706009
    outer loop
      vertex 128.344 0.827087 35.5
      vertex 128 0 34.7
      vertex 128.469 0.0369415 34.7
    endloop
  endfacet
  facet normal 0.522866 -0.852415 0
    outer loop
      vertex 129.362 0.326981 0
      vertex 129.763 0.572952 34.7
      vertex 129.362 0.326981 34.7
    endloop
  endfacet
  facet normal 0.522866 -0.852415 0
    outer loop
      vertex 129.763 0.572952 34.7
      vertex 129.362 0.326981 0
      vertex 129.763 0.572952 0
    endloop
  endfacet
  facet normal 0.852387 0.522911 0
    outer loop
      vertex 130.673 132.362 34.7
      vertex 130.427 132.763 0
      vertex 130.427 132.763 34.7
    endloop
  endfacet
  facet normal 0.852387 0.522911 0
    outer loop
      vertex 130.427 132.763 0
      vertex 130.673 132.362 34.7
      vertex 130.673 132.362 0
    endloop
  endfacet
  facet normal 0.539224 0.459263 0.705914
    outer loop
      vertex 130.427 132.763 34.7
      vertex 129.556 132.556 35.5
      vertex 129.78 132.293 35.5
    endloop
  endfacet
  facet normal 0.706021 -0.0553887 0.706021
    outer loop
      vertex 130.2 3 35.5
      vertex 130.173 2.65584 35.5
      vertex 131 3 34.7
    endloop
  endfacet
  facet normal 0.760155 0.649742 0
    outer loop
      vertex 130.427 132.763 34.7
      vertex 130.121 133.121 0
      vertex 130.121 133.121 34.7
    endloop
  endfacet
  facet normal 0.760155 0.649742 0
    outer loop
      vertex 130.121 133.121 0
      vertex 130.427 132.763 34.7
      vertex 130.427 132.763 0
    endloop
  endfacet
  facet normal 0.923992 -0.382412 0
    outer loop
      vertex 130.673 1.63803 34.7
      vertex 130.853 2.07295 0
      vertex 130.853 2.07295 34.7
    endloop
  endfacet
  facet normal 0.923992 -0.382412 0
    outer loop
      vertex 130.853 2.07295 0
      vertex 130.673 1.63803 34.7
      vertex 130.673 1.63803 0
    endloop
  endfacet
  facet normal 0.0555861 -0.706012 0.706015
    outer loop
      vertex 128.344 0.827087 35.5
      vertex 128 0.800003 35.5
      vertex 128 0 34.7
    endloop
  endfacet
  facet normal 0.996903 0.0786469 0
    outer loop
      vertex 131 131 34.7
      vertex 130.963 131.469 0
      vertex 130.963 131.469 34.7
    endloop
  endfacet
  facet normal 0.996903 0.0786469 0
    outer loop
      vertex 130.963 131.469 0
      vertex 131 131 34.7
      vertex 131 131 0
    endloop
  endfacet
  facet normal 0.97232 -0.233654 0
    outer loop
      vertex 130.853 2.07295 34.7
      vertex 130.963 2.5307 0
      vertex 130.963 2.5307 34.7
    endloop
  endfacet
  facet normal 0.97232 -0.233654 0
    outer loop
      vertex 130.963 2.5307 0
      vertex 130.853 2.07295 34.7
      vertex 130.853 2.07295 0
    endloop
  endfacet
  facet normal 0.459263 0.539224 0.705914
    outer loop
      vertex 129.763 133.427 34.7
      vertex 129.293 132.78 35.5
      vertex 129.556 132.556 35.5
    endloop
  endfacet
  facet normal 0.649742 0.760155 -0
    outer loop
      vertex 130.121 133.121 0
      vertex 129.763 133.427 34.7
      vertex 130.121 133.121 34.7
    endloop
  endfacet
  facet normal 0.649742 0.760155 0
    outer loop
      vertex 129.763 133.427 34.7
      vertex 130.121 133.121 0
      vertex 129.763 133.427 0
    endloop
  endfacet
  facet normal 0.460034 -0.538693 0.705818
    outer loop
      vertex 130.121 0.878677 34.7
      vertex 129.556 1.44437 35.5
      vertex 129.763 0.572952 34.7
    endloop
  endfacet
  facet normal 0.996906 -0.0785969 0
    outer loop
      vertex 130.963 2.5307 34.7
      vertex 131 3 0
      vertex 131 3 34.7
    endloop
  endfacet
  facet normal 0.996906 -0.0785969 0
    outer loop
      vertex 131 3 0
      vertex 130.963 2.5307 34.7
      vertex 130.963 2.5307 0
    endloop
  endfacet
  facet normal 0.760131 -0.64977 0
    outer loop
      vertex 130.121 0.878677 34.7
      vertex 130.427 1.23665 0
      vertex 130.427 1.23665 34.7
    endloop
  endfacet
  facet normal 0.760131 -0.64977 0
    outer loop
      vertex 130.427 1.23665 0
      vertex 130.121 0.878677 34.7
      vertex 130.121 0.878677 0
    endloop
  endfacet
  facet normal 0.0785233 -0.996912 0
    outer loop
      vertex 128 0 0
      vertex 128.469 0.0369415 34.7
      vertex 128 0 34.7
    endloop
  endfacet
  facet normal 0.0785233 -0.996912 0
    outer loop
      vertex 128.469 0.0369415 34.7
      vertex 128 0 0
      vertex 128.469 0.0369415 0
    endloop
  endfacet
  facet normal 0.603754 -0.370032 0.706086
    outer loop
      vertex 130.673 1.63803 34.7
      vertex 129.96 2.00122 35.5
      vertex 130.427 1.23665 34.7
    endloop
  endfacet
  facet normal 0.603645 0.370316 0.70603
    outer loop
      vertex 130.427 132.763 34.7
      vertex 129.96 131.999 35.5
      vertex 130.673 132.362 34.7
    endloop
  endfacet
  facet normal 0.370323 -0.603728 0.705955
    outer loop
      vertex 129.763 0.572952 34.7
      vertex 128.999 1.03978 35.5
      vertex 129.362 0.326981 34.7
    endloop
  endfacet
  facet normal 0.370389 -0.603661 0.705979
    outer loop
      vertex 129.293 1.22017 35.5
      vertex 128.999 1.03978 35.5
      vertex 129.763 0.572952 34.7
    endloop
  endfacet
  facet normal 0.604268 -0.369532 0.705908
    outer loop
      vertex 129.96 2.00122 35.5
      vertex 129.78 1.70688 35.5
      vertex 130.427 1.23665 34.7
    endloop
  endfacet
  facet normal 0.70607 0.0557028 0.705948
    outer loop
      vertex 130.963 131.469 34.7
      vertex 130.173 131.344 35.5
      vertex 131 131 34.7
    endloop
  endfacet
  facet normal 0.688578 0.165996 0.705908
    outer loop
      vertex 130.963 131.469 34.7
      vertex 130.092 131.68 35.5
      vertex 130.173 131.344 35.5
    endloop
  endfacet
  facet normal 0.649404 -0.760444 0
    outer loop
      vertex 129.763 0.572952 0
      vertex 130.121 0.878677 34.7
      vertex 129.763 0.572952 34.7
    endloop
  endfacet
  facet normal 0.649404 -0.760444 0
    outer loop
      vertex 130.121 0.878677 34.7
      vertex 129.763 0.572952 0
      vertex 130.121 0.878677 0
    endloop
  endfacet
  facet normal 0.972349 0.233534 0
    outer loop
      vertex 130.963 131.469 34.7
      vertex 130.853 131.927 0
      vertex 130.853 131.927 34.7
    endloop
  endfacet
  facet normal 0.972349 0.233534 0
    outer loop
      vertex 130.853 131.927 0
      vertex 130.963 131.469 34.7
      vertex 130.963 131.469 0
    endloop
  endfacet
  facet normal 0.382617 -0.923907 0
    outer loop
      vertex 128.927 0.146835 0
      vertex 129.362 0.326981 34.7
      vertex 128.927 0.146835 34.7
    endloop
  endfacet
  facet normal 0.382617 -0.923907 0
    outer loop
      vertex 129.362 0.326981 34.7
      vertex 128.927 0.146835 0
      vertex 129.362 0.326981 0
    endloop
  endfacet
  facet normal 0 0 1
    outer loop
      vertex 128.5 131.5 35.5
      vertex 130.2 131 35.5
      vertex 130.173 131.344 35.5
    endloop
  endfacet
  facet normal 0 0 1
    outer loop
      vertex 130.2 131 35.5
      vertex 128.5 131.5 35.5
      vertex 130.2 3 35.5
    endloop
  endfacet
  facet normal -0 0 1
    outer loop
      vertex 128.5 131.5 35.5
      vertex 130.173 131.344 35.5
      vertex 130.092 131.68 35.5
    endloop
  endfacet
  facet normal 0 0 1
    outer loop
      vertex 128.5 2.5 35.5
      vertex 130.2 3 35.5
      vertex 128.5 131.5 35.5
    endloop
  endfacet
  facet normal 0 0 1
    outer loop
      vertex 128.5 131.5 35.5
      vertex 130.092 131.68 35.5
      vertex 129.96 131.999 35.5
    endloop
  endfacet
  facet normal 0 0 1
    outer loop
      vertex 130.2 3 35.5
      vertex 128.5 2.5 35.5
      vertex 130.173 2.65584 35.5
    endloop
  endfacet
  facet normal 0 0 1
    outer loop
      vertex 128.5 131.5 35.5
      vertex 129.96 131.999 35.5
      vertex 129.78 132.293 35.5
    endloop
  endfacet
  facet normal 0 0 1
    outer loop
      vertex 130.173 2.65584 35.5
      vertex 128.5 2.5 35.5
      vertex 130.092 2.32016 35.5
    endloop
  endfacet
  facet normal 0 0 1
    outer loop
      vertex 128.5 131.5 35.5
      vertex 129.78 132.293 35.5
      vertex 129.556 132.556 35.5
    endloop
  endfacet
  facet normal 0 0 1
    outer loop
      vertex 130.092 2.32016 35.5
      vertex 128.5 2.5 35.5
      vertex 129.96 2.00122 35.5
    endloop
  endfacet
  facet normal 0 0 1
    outer loop
      vertex 128.5 131.5 35.5
      vertex 129.556 132.556 35.5
      vertex 129.293 132.78 35.5
    endloop
  endfacet
  facet normal 0 0 1
    outer loop
      vertex 129.96 2.00122 35.5
      vertex 128.5 2.5 35.5
      vertex 129.78 1.70688 35.5
    endloop
  endfacet
  facet normal 0 0 1
    outer loop
      vertex 128.5 131.5 35.5
      vertex 129.293 132.78 35.5
      vertex 128.999 132.96 35.5
    endloop
  endfacet
  facet normal 0 0 1
    outer loop
      vertex 129.78 1.70688 35.5
      vertex 128.5 2.5 35.5
      vertex 129.556 1.44437 35.5
    endloop
  endfacet
  facet normal 0 0 1
    outer loop
      vertex 128.5 131.5 35.5
      vertex 128.999 132.96 35.5
      vertex 128.68 133.092 35.5
    endloop
  endfacet
  facet normal 0 0 1
    outer loop
      vertex 129.556 1.44437 35.5
      vertex 128.5 2.5 35.5
      vertex 129.293 1.22017 35.5
    endloop
  endfacet
  facet normal 0 0 1
    outer loop
      vertex 129.293 1.22017 35.5
      vertex 128.5 2.5 35.5
      vertex 128.999 1.03978 35.5
    endloop
  endfacet
  facet normal 0 0 1
    outer loop
      vertex 128.344 133.173 35.5
      vertex 128.5 131.5 35.5
      vertex 128.68 133.092 35.5
    endloop
  endfacet
  facet normal 0 0 1
    outer loop
      vertex 128 133.2 35.5
      vertex 128.5 131.5 35.5
      vertex 128.344 133.173 35.5
    endloop
  endfacet
  facet normal 0 0 1
    outer loop
      vertex 0 131.5 35.5
      vertex 128 133.2 35.5
      vertex 0 133.2 35.5
    endloop
  endfacet
  facet normal 0 0 1
    outer loop
      vertex 128 133.2 35.5
      vertex 0 131.5 35.5
      vertex 128.5 131.5 35.5
    endloop
  endfacet
  facet normal 0 0 1
    outer loop
      vertex 128.999 1.03978 35.5
      vertex 128.5 2.5 35.5
      vertex 128.68 0.907669 35.5
    endloop
  endfacet
  facet normal 0 0 1
    outer loop
      vertex 128.5 2.5 35.5
      vertex 128.344 0.827087 35.5
      vertex 128.68 0.907669 35.5
    endloop
  endfacet
  facet normal 0 0 1
    outer loop
      vertex 128.5 2.5 35.5
      vertex 128 0.800003 35.5
      vertex 128.344 0.827087 35.5
    endloop
  endfacet
  facet normal -0 0 1
    outer loop
      vertex 0 2.5 35.5
      vertex 128 0.800003 35.5
      vertex 128.5 2.5 35.5
    endloop
  endfacet
  facet normal 0 0 1
    outer loop
      vertex 128 0.800003 35.5
      vertex 0 2.5 35.5
      vertex 0 0.800003 35.5
    endloop
  endfacet
  facet normal -1 0 0
    outer loop
      vertex 128.5 2.5 3
      vertex 128.5 131.5 13.3
      vertex 128.5 131.5 3
    endloop
  endfacet
  facet normal -1 -0 0
    outer loop
      vertex 128.5 131.5 13.3
      vertex 128.5 2.5 3
      vertex 128.5 2.5 13.3
    endloop
  endfacet
  facet normal -1 0 0
    outer loop
      vertex 128.5 2.5 21.3
      vertex 128.5 131.5 35.5
      vertex 128.5 131.5 21.3
    endloop
  endfacet
  facet normal -1 -0 0
    outer loop
      vertex 128.5 131.5 35.5
      vertex 128.5 2.5 21.3
      vertex 128.5 2.5 35.5
    endloop
  endfacet
  facet normal 0 1 -0
    outer loop
      vertex 128.5 2.5 21.3
      vertex 0 2.5 35.5
      vertex 128.5 2.5 35.5
    endloop
  endfacet
  facet normal 0 1 0
    outer loop
      vertex 0 2.5 35.5
      vertex 128.5 2.5 21.3
      vertex 0 2.5 21.3
    endloop
  endfacet
  facet normal 0 1 -0
    outer loop
      vertex 27 2.5 8.15
      vertex 21 2.5 11.15
      vertex 30 2.5 11.15
    endloop
  endfacet
  facet normal 0 1 0
    outer loop
      vertex 27 2.5 8.15
      vertex 24 2.5 8.15
      vertex 21 2.5 11.15
    endloop
  endfacet
  facet normal 0 1 0
    outer loop
      vertex 30 2.5 5.15
      vertex 24 2.5 8.15
      vertex 27 2.5 8.15
    endloop
  endfacet
  facet normal 0 1 0
    outer loop
      vertex 24 2.5 8.15
      vertex 30 2.5 5.15
      vertex 21 2.5 5.15
    endloop
  endfacet
  facet normal 0 1 -0
    outer loop
      vertex 36 2.5 8.15
      vertex 30 2.5 11.15
      vertex 39 2.5 11.15
    endloop
  endfacet
  facet normal 0 1 0
    outer loop
      vertex 36 2.5 8.15
      vertex 33 2.5 8.15
      vertex 30 2.5 11.15
    endloop
  endfacet
  facet normal 0 1 0
    outer loop
      vertex 39 2.5 5.15
      vertex 33 2.5 8.15
      vertex 36 2.5 8.15
    endloop
  endfacet
  facet normal 0 1 0
    outer loop
      vertex 33 2.5 8.15
      vertex 39 2.5 5.15
      vertex 30 2.5 5.15
    endloop
  endfacet
  facet normal 0 1 -0
    outer loop
      vertex 45 2.5 8.15
      vertex 39 2.5 11.15
      vertex 48 2.5 11.15
    endloop
  endfacet
  facet normal 0 1 0
    outer loop
      vertex 45 2.5 8.15
      vertex 42 2.5 8.15
      vertex 39 2.5 11.15
    endloop
  endfacet
  facet normal 0 1 0
    outer loop
      vertex 48 2.5 5.15
      vertex 42 2.5 8.15
      vertex 45 2.5 8.15
    endloop
  endfacet
  facet normal 0 1 0
    outer loop
      vertex 42 2.5 8.15
      vertex 48 2.5 5.15
      vertex 39 2.5 5.15
    endloop
  endfacet
  facet normal 0 1 -0
    outer loop
      vertex 54 2.5 8.15
      vertex 48 2.5 11.15
      vertex 57 2.5 11.15
    endloop
  endfacet
  facet normal 0 1 0
    outer loop
      vertex 54 2.5 8.15
      vertex 51 2.5 8.15
      vertex 48 2.5 11.15
    endloop
  endfacet
  facet normal 0 1 0
    outer loop
      vertex 57 2.5 5.15
      vertex 51 2.5 8.15
      vertex 54 2.5 8.15
    endloop
  endfacet
  facet normal 0 1 0
    outer loop
      vertex 51 2.5 8.15
      vertex 57 2.5 5.15
      vertex 48 2.5 5.15
    endloop
  endfacet
  facet normal 0 1 -0
    outer loop
      vertex 81 2.5 8.15
      vertex 57 2.5 11.15
      vertex 84 2.5 11.15
    endloop
  endfacet
  facet normal 0 1 0
    outer loop
      vertex 81 2.5 8.15
      vertex 60 2.5 8.15
      vertex 57 2.5 11.15
    endloop
  endfacet
  facet normal 0 1 0
    outer loop
      vertex 84 2.5 5.15
      vertex 60 2.5 8.15
      vertex 81 2.5 8.15
    endloop
  endfacet
  facet normal 0 1 0
    outer loop
      vertex 60 2.5 8.15
      vertex 84 2.5 5.15
      vertex 57 2.5 5.15
    endloop
  endfacet
  facet normal 0 1 -0
    outer loop
      vertex 90 2.5 8.15
      vertex 84 2.5 11.15
      vertex 93 2.5 11.15
    endloop
  endfacet
  facet normal 0 1 0
    outer loop
      vertex 90 2.5 8.15
      vertex 87 2.5 8.15
      vertex 84 2.5 11.15
    endloop
  endfacet
  facet normal 0 1 0
    outer loop
      vertex 93 2.5 5.15
      vertex 87 2.5 8.15
      vertex 90 2.5 8.15
    endloop
  endfacet
  facet normal 0 1 0
    outer loop
      vertex 87 2.5 8.15
      vertex 93 2.5 5.15
      vertex 84 2.5 5.15
    endloop
  endfacet
  facet normal 0 1 -0
    outer loop
      vertex 99 2.5 8.15
      vertex 93 2.5 11.15
      vertex 102 2.5 11.15
    endloop
  endfacet
  facet normal 0 1 0
    outer loop
      vertex 99 2.5 8.15
      vertex 96 2.5 8.15
      vertex 93 2.5 11.15
    endloop
  endfacet
  facet normal 0 1 0
    outer loop
      vertex 102 2.5 5.15
      vertex 96 2.5 8.15
      vertex 99 2.5 8.15
    endloop
  endfacet
  facet normal 0 1 0
    outer loop
      vertex 96 2.5 8.15
      vertex 102 2.5 5.15
      vertex 93 2.5 5.15
    endloop
  endfacet
  facet normal 0 1 -0
    outer loop
      vertex 108 2.5 8.15
      vertex 102 2.5 11.15
      vertex 111 2.5 11.15
    endloop
  endfacet
  facet normal 0 1 0
    outer loop
      vertex 108 2.5 8.15
      vertex 105 2.5 8.15
      vertex 102 2.5 11.15
    endloop
  endfacet
  facet normal 0 1 0
    outer loop
      vertex 111 2.5 5.15
      vertex 105 2.5 8.15
      vertex 108 2.5 8.15
    endloop
  endfacet
  facet normal 0 1 0
    outer loop
      vertex 105 2.5 8.15
      vertex 111 2.5 5.15
      vertex 102 2.5 5.15
    endloop
  endfacet
  facet normal 0 1 0
    outer loop
      vertex 102 2.5 11.15
      vertex 128.5 2.5 13.3
      vertex 111 2.5 11.15
    endloop
  endfacet
  facet normal 0 1 0
    outer loop
      vertex 128.5 2.5 13.3
      vertex 114 2.5 8.15
      vertex 111 2.5 11.15
    endloop
  endfacet
  facet normal 0 1 -0
    outer loop
      vertex 128.5 2.5 3
      vertex 114 2.5 8.15
      vertex 128.5 2.5 13.3
    endloop
  endfacet
  facet normal 0 1 0
    outer loop
      vertex 128.5 2.5 3
      vertex 102 2.5 5.15
      vertex 111 2.5 5.15
    endloop
  endfacet
  facet normal 0 1 0
    outer loop
      vertex 102 2.5 5.15
      vertex 128.5 2.5 3
      vertex 93 2.5 5.15
    endloop
  endfacet
  facet normal 0 1 0
    outer loop
      vertex 93 2.5 5.15
      vertex 128.5 2.5 3
      vertex 84 2.5 5.15
    endloop
  endfacet
  facet normal 0 1 0
    outer loop
      vertex 84 2.5 5.15
      vertex 128.5 2.5 3
      vertex 57 2.5 5.15
    endloop
  endfacet
  facet normal 0 1 0
    outer loop
      vertex 14 2.5 3
      vertex 57 2.5 5.15
      vertex 128.5 2.5 3
    endloop
  endfacet
  facet normal 0 1 0
    outer loop
      vertex 57 2.5 5.15
      vertex 14 2.5 3
      vertex 48 2.5 5.15
    endloop
  endfacet
  facet normal 0 1 0
    outer loop
      vertex 39 2.5 5.15
      vertex 14 2.5 3
      vertex 30 2.5 5.15
    endloop
  endfacet
  facet normal 0 1 0
    outer loop
      vertex 48 2.5 5.15
      vertex 14 2.5 3
      vertex 39 2.5 5.15
    endloop
  endfacet
  facet normal 0 1 0
    outer loop
      vertex 114 2.5 8.15
      vertex 128.5 2.5 3
      vertex 111 2.5 5.15
    endloop
  endfacet
  facet normal 0 1 0
    outer loop
      vertex 93 2.5 11.15
      vertex 128.5 2.5 13.3
      vertex 102 2.5 11.15
    endloop
  endfacet
  facet normal 0 1 0
    outer loop
      vertex 84 2.5 11.15
      vertex 128.5 2.5 13.3
      vertex 93 2.5 11.15
    endloop
  endfacet
  facet normal 0 1 0
    outer loop
      vertex 128.5 2.5 13.3
      vertex 84 2.5 11.15
      vertex 14 2.5 13.3
    endloop
  endfacet
  facet normal 0 1 -0
    outer loop
      vertex 57 2.5 11.15
      vertex 14 2.5 13.3
      vertex 84 2.5 11.15
    endloop
  endfacet
  facet normal 0 1 -0
    outer loop
      vertex 48 2.5 11.15
      vertex 14 2.5 13.3
      vertex 57 2.5 11.15
    endloop
  endfacet
  facet normal 0 1 -0
    outer loop
      vertex 39 2.5 11.15
      vertex 14 2.5 13.3
      vertex 48 2.5 11.15
    endloop
  endfacet
  facet normal 0 1 -0
    outer loop
      vertex 30 2.5 11.15
      vertex 14 2.5 13.3
      vertex 39 2.5 11.15
    endloop
  endfacet
  facet normal 0 1 -0
    outer loop
      vertex 21 2.5 11.15
      vertex 14 2.5 13.3
      vertex 30 2.5 11.15
    endloop
  endfacet
  facet normal 0 1 -0
    outer loop
      vertex 18 2.5 8.15
      vertex 14 2.5 13.3
      vertex 21 2.5 11.15
    endloop
  endfacet
  facet normal 0 1 0
    outer loop
      vertex 18 2.5 8.15
      vertex 14 2.5 3
      vertex 14 2.5 13.3
    endloop
  endfacet
  facet normal 0 1 0
    outer loop
      vertex 21 2.5 5.15
      vertex 14 2.5 3
      vertex 18 2.5 8.15
    endloop
  endfacet
  facet normal 0 1 0
    outer loop
      vertex 30 2.5 5.15
      vertex 14 2.5 3
      vertex 21 2.5 5.15
    endloop
  endfacet
  facet normal 0 -1 0
    outer loop
      vertex 105 131.5 8.15
      vertex 111 131.5 11.15
      vertex 102 131.5 11.15
    endloop
  endfacet
  facet normal 0 -1 0
    outer loop
      vertex 105 131.5 8.15
      vertex 108 131.5 8.15
      vertex 111 131.5 11.15
    endloop
  endfacet
  facet normal 0 -1 0
    outer loop
      vertex 102 131.5 5.15
      vertex 108 131.5 8.15
      vertex 105 131.5 8.15
    endloop
  endfacet
  facet normal 0 -1 -0
    outer loop
      vertex 108 131.5 8.15
      vertex 102 131.5 5.15
      vertex 111 131.5 5.15
    endloop
  endfacet
  facet normal 0 -1 0
    outer loop
      vertex 96 131.5 8.15
      vertex 102 131.5 11.15
      vertex 93 131.5 11.15
    endloop
  endfacet
  facet normal 0 -1 0
    outer loop
      vertex 96 131.5 8.15
      vertex 99 131.5 8.15
      vertex 102 131.5 11.15
    endloop
  endfacet
  facet normal 0 -1 0
    outer loop
      vertex 93 131.5 5.15
      vertex 99 131.5 8.15
      vertex 96 131.5 8.15
    endloop
  endfacet
  facet normal 0 -1 -0
    outer loop
      vertex 99 131.5 8.15
      vertex 93 131.5 5.15
      vertex 102 131.5 5.15
    endloop
  endfacet
  facet normal 0 -1 0
    outer loop
      vertex 87 131.5 8.15
      vertex 93 131.5 11.15
      vertex 84 131.5 11.15
    endloop
  endfacet
  facet normal 0 -1 0
    outer loop
      vertex 87 131.5 8.15
      vertex 90 131.5 8.15
      vertex 93 131.5 11.15
    endloop
  endfacet
  facet normal 0 -1 0
    outer loop
      vertex 84 131.5 5.15
      vertex 90 131.5 8.15
      vertex 87 131.5 8.15
    endloop
  endfacet
  facet normal 0 -1 -0
    outer loop
      vertex 90 131.5 8.15
      vertex 84 131.5 5.15
      vertex 93 131.5 5.15
    endloop
  endfacet
  facet normal 0 -1 0
    outer loop
      vertex 93 131.5 11.15
      vertex 76.5 131.5 13.3
      vertex 84 131.5 11.15
    endloop
  endfacet
  facet normal 0 -1 0
    outer loop
      vertex 76.5 131.5 13.3
      vertex 81 131.5 8.15
      vertex 84 131.5 11.15
    endloop
  endfacet
  facet normal 0 -1 0
    outer loop
      vertex 76.5 131.5 3
      vertex 93 131.5 5.15
      vertex 84 131.5 5.15
    endloop
  endfacet
  facet normal 0 -1 -0
    outer loop
      vertex 93 131.5 5.15
      vertex 76.5 131.5 3
      vertex 102 131.5 5.15
    endloop
  endfacet
  facet normal 0 -1 0
    outer loop
      vertex 128.5 131.5 3
      vertex 102 131.5 5.15
      vertex 76.5 131.5 3
    endloop
  endfacet
  facet normal 0 -1 -0
    outer loop
      vertex 81 131.5 8.15
      vertex 76.5 131.5 3
      vertex 84 131.5 5.15
    endloop
  endfacet
  facet normal 0 -1 0
    outer loop
      vertex 76.5 131.5 3
      vertex 81 131.5 8.15
      vertex 76.5 131.5 13.3
    endloop
  endfacet
  facet normal 0 -1 0
    outer loop
      vertex 102 131.5 11.15
      vertex 76.5 131.5 13.3
      vertex 93 131.5 11.15
    endloop
  endfacet
  facet normal 0 -1 0
    outer loop
      vertex 76.5 131.5 13.3
      vertex 102 131.5 11.15
      vertex 128.5 131.5 13.3
    endloop
  endfacet
  facet normal 0 -1 0
    outer loop
      vertex 111 131.5 11.15
      vertex 128.5 131.5 13.3
      vertex 102 131.5 11.15
    endloop
  endfacet
  facet normal 0 -1 0
    outer loop
      vertex 114 131.5 8.15
      vertex 128.5 131.5 13.3
      vertex 111 131.5 11.15
    endloop
  endfacet
  facet normal 0 -1 0
    outer loop
      vertex 128.5 131.5 3
      vertex 114 131.5 8.15
      vertex 111 131.5 5.15
    endloop
  endfacet
  facet normal 0 -1 0
    outer loop
      vertex 114 131.5 8.15
      vertex 128.5 131.5 3
      vertex 128.5 131.5 13.3
    endloop
  endfacet
  facet normal 0 -1 0
    outer loop
      vertex 102 131.5 5.15
      vertex 128.5 131.5 3
      vertex 111 131.5 5.15
    endloop
  endfacet
  facet normal 0 -1 0
    outer loop
      vertex 0 131.5 21.3
      vertex 128.5 131.5 35.5
      vertex 0 131.5 35.5
    endloop
  endfacet
  facet normal 0 -1 -0
    outer loop
      vertex 128.5 131.5 35.5
      vertex 0 131.5 21.3
      vertex 128.5 131.5 21.3
    endloop
  endfacet
  facet normal 0 -1 0
    outer loop
      vertex 51 131.5 8.15
      vertex 57 131.5 11.15
      vertex 48 131.5 11.15
    endloop
  endfacet
  facet normal 0 -1 0
    outer loop
      vertex 51 131.5 8.15
      vertex 54 131.5 8.15
      vertex 57 131.5 11.15
    endloop
  endfacet
  facet normal 0 -1 0
    outer loop
      vertex 48 131.5 5.15
      vertex 54 131.5 8.15
      vertex 51 131.5 8.15
    endloop
  endfacet
  facet normal 0 -1 -0
    outer loop
      vertex 54 131.5 8.15
      vertex 48 131.5 5.15
      vertex 57 131.5 5.15
    endloop
  endfacet
  facet normal 0 -1 0
    outer loop
      vertex 42 131.5 8.15
      vertex 48 131.5 11.15
      vertex 39 131.5 11.15
    endloop
  endfacet
  facet normal 0 -1 0
    outer loop
      vertex 42 131.5 8.15
      vertex 45 131.5 8.15
      vertex 48 131.5 11.15
    endloop
  endfacet
  facet normal 0 -1 0
    outer loop
      vertex 39 131.5 5.15
      vertex 45 131.5 8.15
      vertex 42 131.5 8.15
    endloop
  endfacet
  facet normal 0 -1 -0
    outer loop
      vertex 45 131.5 8.15
      vertex 39 131.5 5.15
      vertex 48 131.5 5.15
    endloop
  endfacet
  facet normal 0 -1 0
    outer loop
      vertex 33 131.5 8.15
      vertex 39 131.5 11.15
      vertex 30 131.5 11.15
    endloop
  endfacet
  facet normal 0 -1 0
    outer loop
      vertex 33 131.5 8.15
      vertex 36 131.5 8.15
      vertex 39 131.5 11.15
    endloop
  endfacet
  facet normal 0 -1 0
    outer loop
      vertex 30 131.5 5.15
      vertex 36 131.5 8.15
      vertex 33 131.5 8.15
    endloop
  endfacet
  facet normal 0 -1 -0
    outer loop
      vertex 36 131.5 8.15
      vertex 30 131.5 5.15
      vertex 39 131.5 5.15
    endloop
  endfacet
  facet normal 0 -1 0
    outer loop
      vertex 24 131.5 8.15
      vertex 30 131.5 11.15
      vertex 21 131.5 11.15
    endloop
  endfacet
  facet normal 0 -1 0
    outer loop
      vertex 24 131.5 8.15
      vertex 27 131.5 8.15
      vertex 30 131.5 11.15
    endloop
  endfacet
  facet normal 0 -1 0
    outer loop
      vertex 21 131.5 5.15
      vertex 27 131.5 8.15
      vertex 24 131.5 8.15
    endloop
  endfacet
  facet normal 0 -1 -0
    outer loop
      vertex 27 131.5 8.15
      vertex 21 131.5 5.15
      vertex 30 131.5 5.15
    endloop
  endfacet
  facet normal 0 -1 0
    outer loop
      vertex 30 131.5 11.15
      vertex 14 131.5 13.3
      vertex 21 131.5 11.15
    endloop
  endfacet
  facet normal 0 -1 0
    outer loop
      vertex 14 131.5 13.3
      vertex 18 131.5 8.15
      vertex 21 131.5 11.15
    endloop
  endfacet
  facet normal 0 -1 0
    outer loop
      vertex 14 131.5 3
      vertex 30 131.5 5.15
      vertex 21 131.5 5.15
    endloop
  endfacet
  facet normal 0 -1 -0
    outer loop
      vertex 30 131.5 5.15
      vertex 14 131.5 3
      vertex 39 131.5 5.15
    endloop
  endfacet
  facet normal 0 -1 0
    outer loop
      vertex 67.5 131.5 3
      vertex 39 131.5 5.15
      vertex 14 131.5 3
    endloop
  endfacet
  facet normal 0 -1 0
    outer loop
      vertex 39 131.5 5.15
      vertex 67.5 131.5 3
      vertex 48 131.5 5.15
    endloop
  endfacet
  facet normal 0 -1 -0
    outer loop
      vertex 18 131.5 8.15
      vertex 14 131.5 3
      vertex 21 131.5 5.15
    endloop
  endfacet
  facet normal 0 -1 0
    outer loop
      vertex 14 131.5 3
      vertex 18 131.5 8.15
      vertex 14 131.5 13.3
    endloop
  endfacet
  facet normal 0 -1 0
    outer loop
      vertex 39 131.5 11.15
      vertex 14 131.5 13.3
      vertex 30 131.5 11.15
    endloop
  endfacet
  facet normal 0 -1 0
    outer loop
      vertex 14 131.5 13.3
      vertex 39 131.5 11.15
      vertex 67.5 131.5 13.3
    endloop
  endfacet
  facet normal 0 -1 0
    outer loop
      vertex 48 131.5 11.15
      vertex 67.5 131.5 13.3
      vertex 39 131.5 11.15
    endloop
  endfacet
  facet normal 0 -1 0
    outer loop
      vertex 57 131.5 11.15
      vertex 67.5 131.5 13.3
      vertex 48 131.5 11.15
    endloop
  endfacet
  facet normal 0 -1 0
    outer loop
      vertex 60 131.5 8.15
      vertex 67.5 131.5 13.3
      vertex 57 131.5 11.15
    endloop
  endfacet
  facet normal 0 -1 0
    outer loop
      vertex 67.5 131.5 3
      vertex 60 131.5 8.15
      vertex 57 131.5 5.15
    endloop
  endfacet
  facet normal 0 -1 0
    outer loop
      vertex 60 131.5 8.15
      vertex 67.5 131.5 3
      vertex 67.5 131.5 13.3
    endloop
  endfacet
  facet normal 0 -1 0
    outer loop
      vertex 48 131.5 5.15
      vertex 67.5 131.5 3
      vertex 57 131.5 5.15
    endloop
  endfacet
  facet normal 0 0 0
    outer loop
      vertex 10.15 125.5 21.3
      vertex 14 125.5 21.3
      vertex 122.5 125.5 21.3
    endloop
  endfacet
  facet normal 0 -1 0
    outer loop
      vertex 14 125.5 19.3
      vertex 122.5 125.5 21.3
      vertex 14 125.5 21.3
    endloop
  endfacet
  facet normal 0 -1 -0
    outer loop
      vertex 122.5 125.5 21.3
      vertex 14 125.5 19.3
      vertex 122.5 125.5 19.3
    endloop
  endfacet
  facet normal 0 -0.707107 -0.707107
    outer loop
      vertex 14 125.5 19.3
      vertex 67.5 128.3 16.5
      vertex 122.5 125.5 19.3
    endloop
  endfacet
  facet normal 1.40868e-16 -0.707107 -0.707107
    outer loop
      vertex 14 131.5 13.3
      vertex 67.5 128.3 16.5
      vertex 14 125.5 19.3
    endloop
  endfacet
  facet normal 0 -0.707107 -0.707107
    outer loop
      vertex 67.5 128.3 16.5
      vertex 14 131.5 13.3
      vertex 67.5 131.5 13.3
    endloop
  endfacet
  facet normal -0 -0.707107 -0.707107
    outer loop
      vertex 76.5 128.3 16.5
      vertex 122.5 125.5 19.3
      vertex 67.5 128.3 16.5
    endloop
  endfacet
  facet normal -3.07192e-16 -0.707107 -0.707107
    outer loop
      vertex 76.5 131.5 13.3
      vertex 122.5 125.5 19.3
      vertex 76.5 128.3 16.5
    endloop
  endfacet
  facet normal 0 -0.707107 -0.707107
    outer loop
      vertex 122.5 125.5 19.3
      vertex 76.5 131.5 13.3
      vertex 128.5 131.5 13.3
    endloop
  endfacet
  facet normal 0 0 1
    outer loop
      vertex 128.5 131.5 21.3
      vertex 122.5 125.5 21.3
      vertex 128.5 2.5 21.3
    endloop
  endfacet
  facet normal 0 0 1
    outer loop
      vertex 128.5 131.5 21.3
      vertex 10.15 130.15 21.3
      vertex 122.5 125.5 21.3
    endloop
  endfacet
  facet normal -0 0 1
    outer loop
      vertex 0 131.5 21.3
      vertex 10.15 130.15 21.3
      vertex 128.5 131.5 21.3
    endloop
  endfacet
  facet normal 0 0 1
    outer loop
      vertex 10.15 130.15 21.3
      vertex 0 131.5 21.3
      vertex 0 128.15 21.3
    endloop
  endfacet
  facet normal -0 0 1
    outer loop
      vertex 122.5 8.5 21.3
      vertex 128.5 2.5 21.3
      vertex 122.5 125.5 21.3
    endloop
  endfacet
  facet normal 0 0 1
    outer loop
      vertex 10.15 3.85001 21.3
      vertex 122.5 8.5 21.3
      vertex 10.15 8.5 21.3
    endloop
  endfacet
  facet normal 0 0 1
    outer loop
      vertex 122.5 8.5 21.3
      vertex 10.15 3.85001 21.3
      vertex 128.5 2.5 21.3
    endloop
  endfacet
  facet normal 0 0 1
    outer loop
      vertex 10.15 3.85001 21.3
      vertex 0 2.5 21.3
      vertex 128.5 2.5 21.3
    endloop
  endfacet
  facet normal 0 0 1
    outer loop
      vertex 0 2.5 21.3
      vertex 10.15 3.85001 21.3
      vertex 0 5.85001 21.3
    endloop
  endfacet
  facet normal 0 0 1
    outer loop
      vertex 122.5 125.5 21.3
      vertex 10.15 130.15 21.3
      vertex 10.15 125.5 21.3
    endloop
  endfacet
  facet normal 0 0.707107 -0.707107
    outer loop
      vertex 14 2.5 13.3
      vertex 122.5 8.5 19.3
      vertex 128.5 2.5 13.3
    endloop
  endfacet
  facet normal 0 0.707107 -0.707107
    outer loop
      vertex 122.5 8.5 19.3
      vertex 14 2.5 13.3
      vertex 14 8.5 19.3
    endloop
  endfacet
  facet normal 0 0 0
    outer loop
      vertex 122.5 8.5 21.3
      vertex 14 8.5 21.3
      vertex 10.15 8.5 21.3
    endloop
  endfacet
  facet normal 0 1 -0
    outer loop
      vertex 122.5 8.5 19.3
      vertex 14 8.5 21.3
      vertex 122.5 8.5 21.3
    endloop
  endfacet
  facet normal 0 1 0
    outer loop
      vertex 14 8.5 21.3
      vertex 122.5 8.5 19.3
      vertex 14 8.5 19.3
    endloop
  endfacet
  facet normal -0.707107 0 -0.707107
    outer loop
      vertex 128.5 131.5 13.3
      vertex 122.5 8.5 19.3
      vertex 122.5 125.5 19.3
    endloop
  endfacet
  facet normal -0.707107 0 -0.707107
    outer loop
      vertex 122.5 8.5 19.3
      vertex 128.5 131.5 13.3
      vertex 128.5 2.5 13.3
    endloop
  endfacet
  facet normal -1 0 0
    outer loop
      vertex 122.5 8.5 19.3
      vertex 122.5 125.5 21.3
      vertex 122.5 125.5 19.3
    endloop
  endfacet
  facet normal -1 -0 0
    outer loop
      vertex 122.5 125.5 21.3
      vertex 122.5 8.5 19.3
      vertex 122.5 8.5 21.3
    endloop
  endfacet
  facet normal 0 -1 0
    outer loop
      vertex 76.5 123.5 0
      vertex 120.5 123.5 3
      vertex 76.5 123.5 3
    endloop
  endfacet
  facet normal 0 -1 -0
    outer loop
      vertex 120.5 123.5 3
      vertex 76.5 123.5 0
      vertex 120.5 123.5 0
    endloop
  endfacet
  facet normal 0 -1 0
    outer loop
      vertex 14 123.5 0
      vertex 67.5 123.5 3
      vertex 14 123.5 3
    endloop
  endfacet
  facet normal 0 -1 -0
    outer loop
      vertex 67.5 123.5 3
      vertex 14 123.5 0
      vertex 67.5 123.5 0
    endloop
  endfacet
  facet normal 0 0 1
    outer loop
      vertex 87 23 3
      vertex 90 20 3
      vertex 89.9631 20.4693 3
    endloop
  endfacet
  facet normal 0 0 1
    outer loop
      vertex 128.5 131.5 3
      vertex 120.5 123.5 3
      vertex 128.5 2.5 3
    endloop
  endfacet
  facet normal -0 0 1
    outer loop
      vertex 76.5 131.5 3
      vertex 120.5 123.5 3
      vertex 128.5 131.5 3
    endloop
  endfacet
  facet normal 0 0 1
    outer loop
      vertex 120.5 123.5 3
      vertex 76.5 131.5 3
      vertex 76.5 123.5 3
    endloop
  endfacet
  facet normal -0 0 1
    outer loop
      vertex 120.5 10.5 3
      vertex 128.5 2.5 3
      vertex 120.5 123.5 3
    endloop
  endfacet
  facet normal -0 0 1
    outer loop
      vertex 90 10.5 3
      vertex 128.5 2.5 3
      vertex 120.5 10.5 3
    endloop
  endfacet
  facet normal 0 0 1
    outer loop
      vertex 87 23 3
      vertex 89.9631 20.4693 3
      vertex 89.8532 20.927 3
    endloop
  endfacet
  facet normal 0 0 1
    outer loop
      vertex 87 23 3
      vertex 89.8532 20.927 3
      vertex 89.673 21.362 3
    endloop
  endfacet
  facet normal 0 0 1
    outer loop
      vertex 87 23 3
      vertex 89.673 21.362 3
      vertex 89.427 21.7634 3
    endloop
  endfacet
  facet normal 0 0 1
    outer loop
      vertex 87 23 3
      vertex 89.427 21.7634 3
      vertex 89.1213 22.1213 3
    endloop
  endfacet
  facet normal 0 0 1
    outer loop
      vertex 87 23 3
      vertex 89.1213 22.1213 3
      vertex 88.7634 22.427 3
    endloop
  endfacet
  facet normal 0 0 1
    outer loop
      vertex 87 23 3
      vertex 88.7634 22.427 3
      vertex 88.362 22.673 3
    endloop
  endfacet
  facet normal 0 0 1
    outer loop
      vertex 87 23 3
      vertex 88.362 22.673 3
      vertex 87.927 22.8532 3
    endloop
  endfacet
  facet normal 0 0 1
    outer loop
      vertex 87 23 3
      vertex 87.927 22.8532 3
      vertex 87.4693 22.9631 3
    endloop
  endfacet
  facet normal 0 0 1
    outer loop
      vertex 90 20 3
      vertex 87 23 3
      vertex 84.0095 18.043 3
    endloop
  endfacet
  facet normal 0 0 1
    outer loop
      vertex 90 20 3
      vertex 84.4446 16.704 3
      vertex 84.5 16 3
    endloop
  endfacet
  facet normal -0 0 1
    outer loop
      vertex 84.4446 15.296 3
      vertex 90 10.5 3
      vertex 84.5 16 3
    endloop
  endfacet
  facet normal -0 0 1
    outer loop
      vertex 84.2798 14.6094 3
      vertex 90 10.5 3
      vertex 84.4446 15.296 3
    endloop
  endfacet
  facet normal -0 0 1
    outer loop
      vertex 84.0095 13.957 3
      vertex 90 10.5 3
      vertex 84.2798 14.6094 3
    endloop
  endfacet
  facet normal -0 0 1
    outer loop
      vertex 83.6406 13.355 3
      vertex 90 10.5 3
      vertex 84.0095 13.957 3
    endloop
  endfacet
  facet normal -0 0 1
    outer loop
      vertex 83.182 12.818 3
      vertex 90 10.5 3
      vertex 83.6406 13.355 3
    endloop
  endfacet
  facet normal 0 0 1
    outer loop
      vertex 82.25 8 3
      vertex 83.182 12.818 3
      vertex 82.645 12.3594 3
    endloop
  endfacet
  facet normal 0 0 1
    outer loop
      vertex 82.25 8 3
      vertex 82.645 12.3594 3
      vertex 82.25 12.1173 3
    endloop
  endfacet
  facet normal 0 0 1
    outer loop
      vertex 83.182 12.818 3
      vertex 82.25 8 3
      vertex 90 10.5 3
    endloop
  endfacet
  facet normal 0 0 1
    outer loop
      vertex 82.2223 7.64802 3
      vertex 90 10.5 3
      vertex 82.25 8 3
    endloop
  endfacet
  facet normal 0 0 1
    outer loop
      vertex 82.1399 7.30471 3
      vertex 90 10.5 3
      vertex 82.2223 7.64802 3
    endloop
  endfacet
  facet normal 0 0 1
    outer loop
      vertex 82.0048 6.97852 3
      vertex 90 10.5 3
      vertex 82.1399 7.30471 3
    endloop
  endfacet
  facet normal 0 0 1
    outer loop
      vertex 81.8203 6.67748 3
      vertex 90 10.5 3
      vertex 82.0048 6.97852 3
    endloop
  endfacet
  facet normal 0 0 1
    outer loop
      vertex 81.591 6.40901 3
      vertex 90 10.5 3
      vertex 81.8203 6.67748 3
    endloop
  endfacet
  facet normal 0 0 1
    outer loop
      vertex 81.3225 6.17971 3
      vertex 90 10.5 3
      vertex 81.591 6.40901 3
    endloop
  endfacet
  facet normal 0 0 1
    outer loop
      vertex 90 10.5 3
      vertex 81.3225 6.17971 3
      vertex 128.5 2.5 3
    endloop
  endfacet
  facet normal -0 0 1
    outer loop
      vertex 81.0215 5.99524 3
      vertex 128.5 2.5 3
      vertex 81.3225 6.17971 3
    endloop
  endfacet
  facet normal -0 0 1
    outer loop
      vertex 80.6953 5.86012 3
      vertex 128.5 2.5 3
      vertex 81.0215 5.99524 3
    endloop
  endfacet
  facet normal -0 0 1
    outer loop
      vertex 80.352 5.7777 3
      vertex 128.5 2.5 3
      vertex 80.6953 5.86012 3
    endloop
  endfacet
  facet normal -0 0 1
    outer loop
      vertex 80 5.75 3
      vertex 128.5 2.5 3
      vertex 80.352 5.7777 3
    endloop
  endfacet
  facet normal 0 0 1
    outer loop
      vertex 76.818 12.818 3
      vertex 77.75 8 3
      vertex 77.355 12.3594 3
    endloop
  endfacet
  facet normal -0 0 1
    outer loop
      vertex 70 10.5 3
      vertex 77.75 8 3
      vertex 76.818 12.818 3
    endloop
  endfacet
  facet normal 0 0 1
    outer loop
      vertex 70 10.5 3
      vertex 76.818 12.818 3
      vertex 76.3594 13.355 3
    endloop
  endfacet
  facet normal 0 0 1
    outer loop
      vertex 77.75 8 3
      vertex 70 10.5 3
      vertex 77.7777 7.64802 3
    endloop
  endfacet
  facet normal 0 0 1
    outer loop
      vertex 70 10.5 3
      vertex 76.3594 13.355 3
      vertex 75.9905 13.957 3
    endloop
  endfacet
  facet normal 0 0 1
    outer loop
      vertex 70 10.5 3
      vertex 75.9905 13.957 3
      vertex 75.7202 14.6094 3
    endloop
  endfacet
  facet normal 0 0 1
    outer loop
      vertex 75.5554 16.704 3
      vertex 70 20 3
      vertex 75.5 16 3
    endloop
  endfacet
  facet normal 0 0 1
    outer loop
      vertex 75.5 16 3
      vertex 70 20 3
      vertex 75.5554 15.296 3
    endloop
  endfacet
  facet normal 0 0 1
    outer loop
      vertex 70 10.5 3
      vertex 75.5554 15.296 3
      vertex 70 20 3
    endloop
  endfacet
  facet normal 0 0 1
    outer loop
      vertex 70 20 3
      vertex 73 23 3
      vertex 72.5307 22.9631 3
    endloop
  endfacet
  facet normal 0 0 1
    outer loop
      vertex 70 20 3
      vertex 72.5307 22.9631 3
      vertex 72.073 22.8532 3
    endloop
  endfacet
  facet normal 0 0 1
    outer loop
      vertex 70 20 3
      vertex 72.073 22.8532 3
      vertex 71.638 22.673 3
    endloop
  endfacet
  facet normal 0 0 1
    outer loop
      vertex 70 20 3
      vertex 71.638 22.673 3
      vertex 71.2366 22.427 3
    endloop
  endfacet
  facet normal 0 0 1
    outer loop
      vertex 75.5554 15.296 3
      vertex 70 10.5 3
      vertex 75.7202 14.6094 3
    endloop
  endfacet
  facet normal 0 0 1
    outer loop
      vertex 70 20 3
      vertex 71.2366 22.427 3
      vertex 70.8787 22.1213 3
    endloop
  endfacet
  facet normal 0 0 1
    outer loop
      vertex 70 20 3
      vertex 70.8787 22.1213 3
      vertex 70.573 21.7634 3
    endloop
  endfacet
  facet normal 0 0 1
    outer loop
      vertex 70 20 3
      vertex 70.573 21.7634 3
      vertex 70.327 21.362 3
    endloop
  endfacet
  facet normal 0 0 1
    outer loop
      vertex 70 20 3
      vertex 70.327 21.362 3
      vertex 70.1468 20.927 3
    endloop
  endfacet
  facet normal 0 0 1
    outer loop
      vertex 70 20 3
      vertex 70.1468 20.927 3
      vertex 70.0369 20.4693 3
    endloop
  endfacet
  facet normal 0 0 1
    outer loop
      vertex 77.7777 7.64802 3
      vertex 70 10.5 3
      vertex 77.8601 7.30471 3
    endloop
  endfacet
  facet normal 0 0 1
    outer loop
      vertex 77.8601 7.30471 3
      vertex 70 10.5 3
      vertex 77.9952 6.97852 3
    endloop
  endfacet
  facet normal 0 0 1
    outer loop
      vertex 77.9952 6.97852 3
      vertex 70 10.5 3
      vertex 78.1797 6.67748 3
    endloop
  endfacet
  facet normal 0 0 1
    outer loop
      vertex 70 10.5 3
      vertex 78.409 6.40901 3
      vertex 78.1797 6.67748 3
    endloop
  endfacet
  facet normal 0 0 1
    outer loop
      vertex 70 10.5 3
      vertex 78.6775 6.17971 3
      vertex 78.409 6.40901 3
    endloop
  endfacet
  facet normal 0 0 1
    outer loop
      vertex 70 10.5 3
      vertex 78.9785 5.99524 3
      vertex 78.6775 6.17971 3
    endloop
  endfacet
  facet normal 0 0 1
    outer loop
      vertex 14 2.5 3
      vertex 70 10.5 3
      vertex 14 10.5 3
    endloop
  endfacet
  facet normal 0 0 1
    outer loop
      vertex 70 10.5 3
      vertex 14 2.5 3
      vertex 78.9785 5.99524 3
    endloop
  endfacet
  facet normal 0 0 1
    outer loop
      vertex 78.9785 5.99524 3
      vertex 14 2.5 3
      vertex 79.3047 5.86012 3
    endloop
  endfacet
  facet normal 0 0 1
    outer loop
      vertex 79.3047 5.86012 3
      vertex 14 2.5 3
      vertex 79.648 5.7777 3
    endloop
  endfacet
  facet normal 0 0 1
    outer loop
      vertex 80 5.75 3
      vertex 14 2.5 3
      vertex 128.5 2.5 3
    endloop
  endfacet
  facet normal 0 0 1
    outer loop
      vertex 79.648 5.7777 3
      vertex 14 2.5 3
      vertex 80 5.75 3
    endloop
  endfacet
  facet normal 0 0 1
    outer loop
      vertex 77.75 12.1173 3
      vertex 77.355 12.3594 3
      vertex 77.75 8 3
    endloop
  endfacet
  facet normal 0 0 1
    outer loop
      vertex 90 20 3
      vertex 84.5 16 3
      vertex 90 10.5 3
    endloop
  endfacet
  facet normal 0 0 1
    outer loop
      vertex 90 20 3
      vertex 84.2798 17.3906 3
      vertex 84.4446 16.704 3
    endloop
  endfacet
  facet normal 0 0 1
    outer loop
      vertex 90 20 3
      vertex 84.0095 18.043 3
      vertex 84.2798 17.3906 3
    endloop
  endfacet
  facet normal 0 0 1
    outer loop
      vertex 87 23 3
      vertex 83.6406 18.645 3
      vertex 84.0095 18.043 3
    endloop
  endfacet
  facet normal 0 0 1
    outer loop
      vertex 87 23 3
      vertex 83.182 19.182 3
      vertex 83.6406 18.645 3
    endloop
  endfacet
  facet normal 0 0 1
    outer loop
      vertex 87 23 3
      vertex 82.645 19.6406 3
      vertex 83.182 19.182 3
    endloop
  endfacet
  facet normal 0 0 1
    outer loop
      vertex 87 23 3
      vertex 82.043 20.0095 3
      vertex 82.645 19.6406 3
    endloop
  endfacet
  facet normal 0 0 1
    outer loop
      vertex 87 23 3
      vertex 81.3906 20.2798 3
      vertex 82.043 20.0095 3
    endloop
  endfacet
  facet normal 0 0 1
    outer loop
      vertex 87 23 3
      vertex 80.704 20.4446 3
      vertex 81.3906 20.2798 3
    endloop
  endfacet
  facet normal 0 0 1
    outer loop
      vertex 87 23 3
      vertex 80 20.5 3
      vertex 80.704 20.4446 3
    endloop
  endfacet
  facet normal -0 0 1
    outer loop
      vertex 73 23 3
      vertex 80 20.5 3
      vertex 87 23 3
    endloop
  endfacet
  facet normal 0 0 1
    outer loop
      vertex 80 20.5 3
      vertex 73 23 3
      vertex 79.296 20.4446 3
    endloop
  endfacet
  facet normal 0 0 1
    outer loop
      vertex 75.7202 17.3906 3
      vertex 70 20 3
      vertex 75.5554 16.704 3
    endloop
  endfacet
  facet normal 0 0 1
    outer loop
      vertex 75.9905 18.043 3
      vertex 70 20 3
      vertex 75.7202 17.3906 3
    endloop
  endfacet
  facet normal -0 0 1
    outer loop
      vertex 70 20 3
      vertex 75.9905 18.043 3
      vertex 73 23 3
    endloop
  endfacet
  facet normal 0 0 1
    outer loop
      vertex 76.3594 18.645 3
      vertex 73 23 3
      vertex 75.9905 18.043 3
    endloop
  endfacet
  facet normal 0 0 1
    outer loop
      vertex 76.818 19.182 3
      vertex 73 23 3
      vertex 76.3594 18.645 3
    endloop
  endfacet
  facet normal 0 0 1
    outer loop
      vertex 77.355 19.6406 3
      vertex 73 23 3
      vertex 76.818 19.182 3
    endloop
  endfacet
  facet normal 0 0 1
    outer loop
      vertex 77.957 20.0095 3
      vertex 73 23 3
      vertex 77.355 19.6406 3
    endloop
  endfacet
  facet normal 0 0 1
    outer loop
      vertex 78.6094 20.2798 3
      vertex 73 23 3
      vertex 77.957 20.0095 3
    endloop
  endfacet
  facet normal 0 0 1
    outer loop
      vertex 79.296 20.4446 3
      vertex 73 23 3
      vertex 78.6094 20.2798 3
    endloop
  endfacet
  facet normal -0 0 1
    outer loop
      vertex 14 131.5 3
      vertex 67.5 123.5 3
      vertex 67.5 131.5 3
    endloop
  endfacet
  facet normal 0 0 1
    outer loop
      vertex 67.5 123.5 3
      vertex 14 131.5 3
      vertex 14 123.5 3
    endloop
  endfacet
  facet normal 0 1 -0
    outer loop
      vertex 120.5 10.5 0
      vertex 90 10.5 3
      vertex 120.5 10.5 3
    endloop
  endfacet
  facet normal 0 1 0
    outer loop
      vertex 90 10.5 3
      vertex 120.5 10.5 0
      vertex 90 10.5 0
    endloop
  endfacet
  facet normal 0 1 -0
    outer loop
      vertex 70 10.5 0
      vertex 14 10.5 3
      vertex 70 10.5 3
    endloop
  endfacet
  facet normal 0 1 0
    outer loop
      vertex 14 10.5 3
      vertex 70 10.5 0
      vertex 14 10.5 0
    endloop
  endfacet
  facet normal -1 0 0
    outer loop
      vertex 120.5 10.5 0
      vertex 120.5 123.5 3
      vertex 120.5 123.5 0
    endloop
  endfacet
  facet normal -1 -0 0
    outer loop
      vertex 120.5 123.5 3
      vertex 120.5 10.5 0
      vertex 120.5 10.5 3
    endloop
  endfacet
  facet normal 0.382714 0.923867 -0
    outer loop
      vertex 88.362 22.673 0
      vertex 87.927 22.8532 3
      vertex 88.362 22.673 3
    endloop
  endfacet
  facet normal 0.382714 0.923867 0
    outer loop
      vertex 87.927 22.8532 3
      vertex 88.362 22.673 0
      vertex 87.927 22.8532 0
    endloop
  endfacet
  facet normal -0.972362 0.233477 0
    outer loop
      vertex 70.0369 20.4693 0
      vertex 70.1468 20.927 3
      vertex 70.1468 20.927 0
    endloop
  endfacet
  facet normal -0.972362 0.233477 0
    outer loop
      vertex 70.1468 20.927 3
      vertex 70.0369 20.4693 0
      vertex 70.0369 20.4693 3
    endloop
  endfacet
  facet normal -0.382714 0.923867 0
    outer loop
      vertex 72.073 22.8532 0
      vertex 71.638 22.673 3
      vertex 72.073 22.8532 3
    endloop
  endfacet
  facet normal -0.382714 0.923867 0
    outer loop
      vertex 71.638 22.673 3
      vertex 72.073 22.8532 0
      vertex 71.638 22.673 0
    endloop
  endfacet
  facet normal 0 1 -0
    outer loop
      vertex 87 23 0
      vertex 73 23 3
      vertex 87 23 3
    endloop
  endfacet
  facet normal 0 1 0
    outer loop
      vertex 73 23 3
      vertex 87 23 0
      vertex 73 23 0
    endloop
  endfacet
  facet normal 0.649478 0.76038 -0
    outer loop
      vertex 89.1213 22.1213 0
      vertex 88.7634 22.427 3
      vertex 89.1213 22.1213 3
    endloop
  endfacet
  facet normal 0.649478 0.76038 0
    outer loop
      vertex 88.7634 22.427 3
      vertex 89.1213 22.1213 0
      vertex 88.7634 22.427 0
    endloop
  endfacet
  facet normal -0.85262 0.522532 0
    outer loop
      vertex 70.327 21.362 0
      vertex 70.573 21.7634 3
      vertex 70.573 21.7634 0
    endloop
  endfacet
  facet normal -0.85262 0.522532 0
    outer loop
      vertex 70.573 21.7634 3
      vertex 70.327 21.362 0
      vertex 70.327 21.362 3
    endloop
  endfacet
  facet normal 0.996923 0.0783858 0
    outer loop
      vertex 90 20 3
      vertex 89.9631 20.4693 0
      vertex 89.9631 20.4693 3
    endloop
  endfacet
  facet normal 0.996923 0.0783858 0
    outer loop
      vertex 89.9631 20.4693 0
      vertex 90 20 3
      vertex 90 20 0
    endloop
  endfacet
  facet normal 0.0783858 0.996923 -0
    outer loop
      vertex 87.4693 22.9631 0
      vertex 87 23 3
      vertex 87.4693 22.9631 3
    endloop
  endfacet
  facet normal 0.0783858 0.996923 0
    outer loop
      vertex 87 23 3
      vertex 87.4693 22.9631 0
      vertex 87 23 0
    endloop
  endfacet
  facet normal -0.76038 0.649478 0
    outer loop
      vertex 70.573 21.7634 0
      vertex 70.8787 22.1213 3
      vertex 70.8787 22.1213 0
    endloop
  endfacet
  facet normal -0.76038 0.649478 0
    outer loop
      vertex 70.8787 22.1213 3
      vertex 70.573 21.7634 0
      vertex 70.573 21.7634 3
    endloop
  endfacet
  facet normal -0.0783858 0.996923 0
    outer loop
      vertex 73 23 0
      vertex 72.5307 22.9631 3
      vertex 73 23 3
    endloop
  endfacet
  facet normal -0.0783858 0.996923 0
    outer loop
      vertex 72.5307 22.9631 3
      vertex 73 23 0
      vertex 72.5307 22.9631 0
    endloop
  endfacet
  facet normal -1 0 0
    outer loop
      vertex 70 10.5 0
      vertex 70 20 3
      vertex 70 20 0
    endloop
  endfacet
  facet normal -1 -0 0
    outer loop
      vertex 70 20 3
      vertex 70 10.5 0
      vertex 70 10.5 3
    endloop
  endfacet
  facet normal 1 -0 0
    outer loop
      vertex 90 10.5 3
      vertex 90 20 0
      vertex 90 20 3
    endloop
  endfacet
  facet normal 1 0 0
    outer loop
      vertex 90 20 0
      vertex 90 10.5 3
      vertex 90 10.5 0
    endloop
  endfacet
  facet normal 0.522532 0.85262 -0
    outer loop
      vertex 88.7634 22.427 0
      vertex 88.362 22.673 3
      vertex 88.7634 22.427 3
    endloop
  endfacet
  facet normal 0.522532 0.85262 0
    outer loop
      vertex 88.362 22.673 3
      vertex 88.7634 22.427 0
      vertex 88.362 22.673 0
    endloop
  endfacet
  facet normal -0.522532 0.85262 0
    outer loop
      vertex 71.638 22.673 0
      vertex 71.2366 22.427 3
      vertex 71.638 22.673 3
    endloop
  endfacet
  facet normal -0.522532 0.85262 0
    outer loop
      vertex 71.2366 22.427 3
      vertex 71.638 22.673 0
      vertex 71.2366 22.427 0
    endloop
  endfacet
  facet normal -0.233477 0.972362 0
    outer loop
      vertex 72.5307 22.9631 0
      vertex 72.073 22.8532 3
      vertex 72.5307 22.9631 3
    endloop
  endfacet
  facet normal -0.233477 0.972362 0
    outer loop
      vertex 72.073 22.8532 3
      vertex 72.5307 22.9631 0
      vertex 72.073 22.8532 0
    endloop
  endfacet
  facet normal -0.649478 0.76038 0
    outer loop
      vertex 71.2366 22.427 0
      vertex 70.8787 22.1213 3
      vertex 71.2366 22.427 3
    endloop
  endfacet
  facet normal -0.649478 0.76038 0
    outer loop
      vertex 70.8787 22.1213 3
      vertex 71.2366 22.427 0
      vertex 70.8787 22.1213 0
    endloop
  endfacet
  facet normal 0.233477 0.972362 -0
    outer loop
      vertex 87.927 22.8532 0
      vertex 87.4693 22.9631 3
      vertex 87.927 22.8532 3
    endloop
  endfacet
  facet normal 0.233477 0.972362 0
    outer loop
      vertex 87.4693 22.9631 3
      vertex 87.927 22.8532 0
      vertex 87.4693 22.9631 0
    endloop
  endfacet
  facet normal 0.972362 0.233477 0
    outer loop
      vertex 89.9631 20.4693 3
      vertex 89.8532 20.927 0
      vertex 89.8532 20.927 3
    endloop
  endfacet
  facet normal 0.972362 0.233477 0
    outer loop
      vertex 89.8532 20.927 0
      vertex 89.9631 20.4693 3
      vertex 89.9631 20.4693 0
    endloop
  endfacet
  facet normal -0.996923 0.0783858 0
    outer loop
      vertex 70 20 0
      vertex 70.0369 20.4693 3
      vertex 70.0369 20.4693 0
    endloop
  endfacet
  facet normal -0.996923 0.0783858 0
    outer loop
      vertex 70.0369 20.4693 3
      vertex 70 20 0
      vertex 70 20 3
    endloop
  endfacet
  facet normal -0.923867 0.382714 0
    outer loop
      vertex 70.1468 20.927 0
      vertex 70.327 21.362 3
      vertex 70.327 21.362 0
    endloop
  endfacet
  facet normal -0.923867 0.382714 0
    outer loop
      vertex 70.327 21.362 3
      vertex 70.1468 20.927 0
      vertex 70.1468 20.927 3
    endloop
  endfacet
  facet normal 0.923867 0.382714 0
    outer loop
      vertex 89.8532 20.927 3
      vertex 89.673 21.362 0
      vertex 89.673 21.362 3
    endloop
  endfacet
  facet normal 0.923867 0.382714 0
    outer loop
      vertex 89.673 21.362 0
      vertex 89.8532 20.927 3
      vertex 89.8532 20.927 0
    endloop
  endfacet
  facet normal 0.76038 0.649478 0
    outer loop
      vertex 89.427 21.7634 3
      vertex 89.1213 22.1213 0
      vertex 89.1213 22.1213 3
    endloop
  endfacet
  facet normal 0.76038 0.649478 0
    outer loop
      vertex 89.1213 22.1213 0
      vertex 89.427 21.7634 3
      vertex 89.427 21.7634 0
    endloop
  endfacet
  facet normal 0.85262 0.522532 0
    outer loop
      vertex 89.673 21.362 3
      vertex 89.427 21.7634 0
      vertex 89.427 21.7634 3
    endloop
  endfacet
  facet normal 0.85262 0.522532 0
    outer loop
      vertex 89.427 21.7634 0
      vertex 89.673 21.362 3
      vertex 89.673 21.362 0
    endloop
  endfacet
  facet normal 1 -0 0
    outer loop
      vertex 14 119.5 21.3
      vertex 14 125.5 19.3
      vertex 14 125.5 21.3
    endloop
  endfacet
  facet normal 1 0 0
    outer loop
      vertex 14 125.5 19.3
      vertex 14 119.5 21.3
      vertex 14 123.5 3
    endloop
  endfacet
  facet normal 1 0 0
    outer loop
      vertex 14 119.5 0
      vertex 14 123.5 3
      vertex 14 119.5 21.3
    endloop
  endfacet
  facet normal 1 0 0
    outer loop
      vertex 14 123.5 3
      vertex 14 119.5 0
      vertex 14 123.5 0
    endloop
  endfacet
  facet normal 1 0 0
    outer loop
      vertex 14 123.5 3
      vertex 14 131.5 13.3
      vertex 14 125.5 19.3
    endloop
  endfacet
  facet normal 1 0 0
    outer loop
      vertex 14 131.5 13.3
      vertex 14 123.5 3
      vertex 14 131.5 3
    endloop
  endfacet
  facet normal 0 0 1
    outer loop
      vertex 10.15 121.85 21.3
      vertex 14 125.5 21.3
      vertex 10.15 125.5 21.3
    endloop
  endfacet
  facet normal 0 0 1
    outer loop
      vertex 14 125.5 21.3
      vertex 10.15 121.85 21.3
      vertex 14 119.5 21.3
    endloop
  endfacet
  facet normal 0 0 1
    outer loop
      vertex 0 119.5 21.3
      vertex 10.15 121.85 21.3
      vertex 0 123.85 21.3
    endloop
  endfacet
  facet normal 0 0 1
    outer loop
      vertex 10.15 121.85 21.3
      vertex 0 119.5 21.3
      vertex 14 119.5 21.3
    endloop
  endfacet
  facet normal 0 -1 0
    outer loop
      vertex 0 119.5 0
      vertex 14 119.5 21.3
      vertex 0 119.5 21.3
    endloop
  endfacet
  facet normal 0 -1 -0
    outer loop
      vertex 14 119.5 21.3
      vertex 0 119.5 0
      vertex 14 119.5 0
    endloop
  endfacet
  facet normal 1 0 0
    outer loop
      vertex 14 14.5 21.3
      vertex 14 10.5 3
      vertex 14 14.5 0
    endloop
  endfacet
  facet normal 1 0 0
    outer loop
      vertex 14 8.5 19.3
      vertex 14 14.5 21.3
      vertex 14 8.5 21.3
    endloop
  endfacet
  facet normal 1 0 0
    outer loop
      vertex 14 14.5 21.3
      vertex 14 8.5 19.3
      vertex 14 10.5 3
    endloop
  endfacet
  facet normal 1 -0 0
    outer loop
      vertex 14 2.5 13.3
      vertex 14 10.5 3
      vertex 14 8.5 19.3
    endloop
  endfacet
  facet normal 1 0 0
    outer loop
      vertex 14 10.5 3
      vertex 14 2.5 13.3
      vertex 14 2.5 3
    endloop
  endfacet
  facet normal 1 0 0
    outer loop
      vertex 14 14.5 0
      vertex 14 10.5 3
      vertex 14 10.5 0
    endloop
  endfacet
  facet normal 0 0 1
    outer loop
      vertex 14 14.5 21.3
      vertex 10.15 12.15 21.3
      vertex 14 8.5 21.3
    endloop
  endfacet
  facet normal -0 0 1
    outer loop
      vertex 0 14.5 21.3
      vertex 10.15 12.15 21.3
      vertex 14 14.5 21.3
    endloop
  endfacet
  facet normal 0 0 1
    outer loop
      vertex 10.15 12.15 21.3
      vertex 0 14.5 21.3
      vertex 0 10.15 21.3
    endloop
  endfacet
  facet normal 0 0 1
    outer loop
      vertex 14 8.5 21.3
      vertex 10.15 12.15 21.3
      vertex 10.15 8.5 21.3
    endloop
  endfacet
  facet normal 0 1 -0
    outer loop
      vertex 14 14.5 0
      vertex 0 14.5 21.3
      vertex 14 14.5 21.3
    endloop
  endfacet
  facet normal 0 1 0
    outer loop
      vertex 0 14.5 21.3
      vertex 14 14.5 0
      vertex 0 14.5 0
    endloop
  endfacet
  facet normal 0.923846 -0.382765 0
    outer loop
      vertex 75.7202 17.3906 3
      vertex 75.9905 18.043 0
      vertex 75.9905 18.043 3
    endloop
  endfacet
  facet normal 0.923846 -0.382765 0
    outer loop
      vertex 75.9905 18.043 0
      vertex 75.7202 17.3906 3
      vertex 75.7202 17.3906 0
    endloop
  endfacet
  facet normal -0.0784506 -0.996918 0
    outer loop
      vertex 80 20.5 0
      vertex 80.704 20.4446 3
      vertex 80 20.5 3
    endloop
  endfacet
  facet normal -0.0784506 -0.996918 -0
    outer loop
      vertex 80.704 20.4446 3
      vertex 80 20.5 0
      vertex 80.704 20.4446 0
    endloop
  endfacet
  facet normal -0.972382 0.233394 0
    outer loop
      vertex 84.2798 14.6094 0
      vertex 84.4446 15.296 3
      vertex 84.4446 15.296 0
    endloop
  endfacet
  facet normal -0.972382 0.233394 0
    outer loop
      vertex 84.4446 15.296 3
      vertex 84.2798 14.6094 0
      vertex 84.2798 14.6094 3
    endloop
  endfacet
  facet normal -0.996918 0.0784506 0
    outer loop
      vertex 84.4446 15.296 0
      vertex 84.5 16 3
      vertex 84.5 16 0
    endloop
  endfacet
  facet normal -0.996918 0.0784506 0
    outer loop
      vertex 84.5 16 3
      vertex 84.4446 15.296 0
      vertex 84.4446 15.296 3
    endloop
  endfacet
  facet normal -0.923846 0.382765 0
    outer loop
      vertex 84.0095 13.957 0
      vertex 84.2798 14.6094 3
      vertex 84.2798 14.6094 0
    endloop
  endfacet
  facet normal -0.923846 0.382765 0
    outer loop
      vertex 84.2798 14.6094 3
      vertex 84.0095 13.957 0
      vertex 84.0095 13.957 3
    endloop
  endfacet
  facet normal -0.996918 -0.0784506 0
    outer loop
      vertex 84.5 16 0
      vertex 84.4446 16.704 3
      vertex 84.4446 16.704 0
    endloop
  endfacet
  facet normal -0.996918 -0.0784506 0
    outer loop
      vertex 84.4446 16.704 3
      vertex 84.5 16 0
      vertex 84.5 16 3
    endloop
  endfacet
  facet normal 0.649414 -0.760435 0
    outer loop
      vertex 76.818 19.182 0
      vertex 77.355 19.6406 3
      vertex 76.818 19.182 3
    endloop
  endfacet
  facet normal 0.649414 -0.760435 0
    outer loop
      vertex 77.355 19.6406 3
      vertex 76.818 19.182 0
      vertex 77.355 19.6406 0
    endloop
  endfacet
  facet normal -0.852644 0.522492 0
    outer loop
      vertex 83.6406 13.355 0
      vertex 84.0095 13.957 3
      vertex 84.0095 13.957 0
    endloop
  endfacet
  facet normal -0.852644 0.522492 0
    outer loop
      vertex 84.0095 13.957 3
      vertex 83.6406 13.355 0
      vertex 83.6406 13.355 3
    endloop
  endfacet
  facet normal -0.760435 0.649414 0
    outer loop
      vertex 83.182 12.818 0
      vertex 83.6406 13.355 3
      vertex 83.6406 13.355 0
    endloop
  endfacet
  facet normal -0.760435 0.649414 0
    outer loop
      vertex 83.6406 13.355 3
      vertex 83.182 12.818 0
      vertex 83.182 12.818 3
    endloop
  endfacet
  facet normal 0.522567 0.852598 -0
    outer loop
      vertex 77.75 12.1173 0
      vertex 77.355 12.3594 3
      vertex 77.75 12.1173 3
    endloop
  endfacet
  facet normal 0.522567 0.852598 0
    outer loop
      vertex 77.355 12.3594 3
      vertex 77.75 12.1173 0
      vertex 77.355 12.3594 0
    endloop
  endfacet
  facet normal 0.852644 0.522492 0
    outer loop
      vertex 76.3594 13.355 3
      vertex 75.9905 13.957 0
      vertex 75.9905 13.957 3
    endloop
  endfacet
  facet normal 0.852644 0.522492 0
    outer loop
      vertex 75.9905 13.957 0
      vertex 76.3594 13.355 3
      vertex 76.3594 13.355 0
    endloop
  endfacet
  facet normal 0.996918 0.0784506 0
    outer loop
      vertex 75.5554 15.296 3
      vertex 75.5 16 0
      vertex 75.5 16 3
    endloop
  endfacet
  facet normal 0.996918 0.0784506 0
    outer loop
      vertex 75.5 16 0
      vertex 75.5554 15.296 3
      vertex 75.5554 15.296 0
    endloop
  endfacet
  facet normal -0.382765 -0.923846 0
    outer loop
      vertex 81.3906 20.2798 0
      vertex 82.043 20.0095 3
      vertex 81.3906 20.2798 3
    endloop
  endfacet
  facet normal -0.382765 -0.923846 -0
    outer loop
      vertex 82.043 20.0095 3
      vertex 81.3906 20.2798 0
      vertex 82.043 20.0095 0
    endloop
  endfacet
  facet normal 0.0784506 -0.996918 0
    outer loop
      vertex 79.296 20.4446 0
      vertex 80 20.5 3
      vertex 79.296 20.4446 3
    endloop
  endfacet
  facet normal 0.0784506 -0.996918 0
    outer loop
      vertex 80 20.5 3
      vertex 79.296 20.4446 0
      vertex 80 20.5 0
    endloop
  endfacet
  facet normal -0.923846 -0.382765 0
    outer loop
      vertex 84.2798 17.3906 0
      vertex 84.0095 18.043 3
      vertex 84.0095 18.043 0
    endloop
  endfacet
  facet normal -0.923846 -0.382765 0
    outer loop
      vertex 84.0095 18.043 3
      vertex 84.2798 17.3906 0
      vertex 84.2798 17.3906 3
    endloop
  endfacet
  facet normal 0.996918 -0.0784506 0
    outer loop
      vertex 75.5 16 3
      vertex 75.5554 16.704 0
      vertex 75.5554 16.704 3
    endloop
  endfacet
  facet normal 0.996918 -0.0784506 0
    outer loop
      vertex 75.5554 16.704 0
      vertex 75.5 16 3
      vertex 75.5 16 0
    endloop
  endfacet
  facet normal -0.760435 -0.649414 0
    outer loop
      vertex 83.6406 18.645 0
      vertex 83.182 19.182 3
      vertex 83.182 19.182 0
    endloop
  endfacet
  facet normal -0.760435 -0.649414 0
    outer loop
      vertex 83.182 19.182 3
      vertex 83.6406 18.645 0
      vertex 83.6406 18.645 3
    endloop
  endfacet
  facet normal 0.972382 -0.233394 0
    outer loop
      vertex 75.5554 16.704 3
      vertex 75.7202 17.3906 0
      vertex 75.7202 17.3906 3
    endloop
  endfacet
  facet normal 0.972382 -0.233394 0
    outer loop
      vertex 75.7202 17.3906 0
      vertex 75.5554 16.704 3
      vertex 75.5554 16.704 0
    endloop
  endfacet
  facet normal -0.522567 0.852598 0
    outer loop
      vertex 82.645 12.3594 0
      vertex 82.25 12.1173 3
      vertex 82.645 12.3594 3
    endloop
  endfacet
  facet normal -0.522567 0.852598 0
    outer loop
      vertex 82.25 12.1173 3
      vertex 82.645 12.3594 0
      vertex 82.25 12.1173 0
    endloop
  endfacet
  facet normal -0.233394 -0.972382 0
    outer loop
      vertex 80.704 20.4446 0
      vertex 81.3906 20.2798 3
      vertex 80.704 20.4446 3
    endloop
  endfacet
  facet normal -0.233394 -0.972382 -0
    outer loop
      vertex 81.3906 20.2798 3
      vertex 80.704 20.4446 0
      vertex 81.3906 20.2798 0
    endloop
  endfacet
  facet normal 0.649414 0.760435 -0
    outer loop
      vertex 77.355 12.3594 0
      vertex 76.818 12.818 3
      vertex 77.355 12.3594 3
    endloop
  endfacet
  facet normal 0.649414 0.760435 0
    outer loop
      vertex 76.818 12.818 3
      vertex 77.355 12.3594 0
      vertex 76.818 12.818 0
    endloop
  endfacet
  facet normal 0.972382 0.233394 0
    outer loop
      vertex 75.7202 14.6094 3
      vertex 75.5554 15.296 0
      vertex 75.5554 15.296 3
    endloop
  endfacet
  facet normal 0.972382 0.233394 0
    outer loop
      vertex 75.5554 15.296 0
      vertex 75.7202 14.6094 3
      vertex 75.7202 14.6094 0
    endloop
  endfacet
  facet normal -0.649414 0.760435 0
    outer loop
      vertex 83.182 12.818 0
      vertex 82.645 12.3594 3
      vertex 83.182 12.818 3
    endloop
  endfacet
  facet normal -0.649414 0.760435 0
    outer loop
      vertex 82.645 12.3594 3
      vertex 83.182 12.818 0
      vertex 82.645 12.3594 0
    endloop
  endfacet
  facet normal 0.852644 -0.522492 0
    outer loop
      vertex 75.9905 18.043 3
      vertex 76.3594 18.645 0
      vertex 76.3594 18.645 3
    endloop
  endfacet
  facet normal 0.852644 -0.522492 0
    outer loop
      vertex 76.3594 18.645 0
      vertex 75.9905 18.043 3
      vertex 75.9905 18.043 0
    endloop
  endfacet
  facet normal -0.972382 -0.233394 0
    outer loop
      vertex 84.4446 16.704 0
      vertex 84.2798 17.3906 3
      vertex 84.2798 17.3906 0
    endloop
  endfacet
  facet normal -0.972382 -0.233394 0
    outer loop
      vertex 84.2798 17.3906 3
      vertex 84.4446 16.704 0
      vertex 84.4446 16.704 3
    endloop
  endfacet
  facet normal 0.760435 -0.649414 0
    outer loop
      vertex 76.3594 18.645 3
      vertex 76.818 19.182 0
      vertex 76.818 19.182 3
    endloop
  endfacet
  facet normal 0.760435 -0.649414 0
    outer loop
      vertex 76.818 19.182 0
      vertex 76.3594 18.645 3
      vertex 76.3594 18.645 0
    endloop
  endfacet
  facet normal -0.649414 -0.760435 0
    outer loop
      vertex 82.645 19.6406 0
      vertex 83.182 19.182 3
      vertex 82.645 19.6406 3
    endloop
  endfacet
  facet normal -0.649414 -0.760435 -0
    outer loop
      vertex 83.182 19.182 3
      vertex 82.645 19.6406 0
      vertex 83.182 19.182 0
    endloop
  endfacet
  facet normal -0.522492 -0.852644 0
    outer loop
      vertex 82.043 20.0095 0
      vertex 82.645 19.6406 3
      vertex 82.043 20.0095 3
    endloop
  endfacet
  facet normal -0.522492 -0.852644 -0
    outer loop
      vertex 82.645 19.6406 3
      vertex 82.043 20.0095 0
      vertex 82.645 19.6406 0
    endloop
  endfacet
  facet normal -0.852644 -0.522492 0
    outer loop
      vertex 84.0095 18.043 0
      vertex 83.6406 18.645 3
      vertex 83.6406 18.645 0
    endloop
  endfacet
  facet normal -0.852644 -0.522492 0
    outer loop
      vertex 83.6406 18.645 3
      vertex 84.0095 18.043 0
      vertex 84.0095 18.043 3
    endloop
  endfacet
  facet normal 0.923846 0.382765 0
    outer loop
      vertex 75.9905 13.957 3
      vertex 75.7202 14.6094 0
      vertex 75.7202 14.6094 3
    endloop
  endfacet
  facet normal 0.923846 0.382765 0
    outer loop
      vertex 75.7202 14.6094 0
      vertex 75.9905 13.957 3
      vertex 75.9905 13.957 0
    endloop
  endfacet
  facet normal 0.382765 -0.923846 0
    outer loop
      vertex 77.957 20.0095 0
      vertex 78.6094 20.2798 3
      vertex 77.957 20.0095 3
    endloop
  endfacet
  facet normal 0.382765 -0.923846 0
    outer loop
      vertex 78.6094 20.2798 3
      vertex 77.957 20.0095 0
      vertex 78.6094 20.2798 0
    endloop
  endfacet
  facet normal 0.233394 -0.972382 0
    outer loop
      vertex 78.6094 20.2798 0
      vertex 79.296 20.4446 3
      vertex 78.6094 20.2798 3
    endloop
  endfacet
  facet normal 0.233394 -0.972382 0
    outer loop
      vertex 79.296 20.4446 3
      vertex 78.6094 20.2798 0
      vertex 79.296 20.4446 0
    endloop
  endfacet
  facet normal 0.522492 -0.852644 0
    outer loop
      vertex 77.355 19.6406 0
      vertex 77.957 20.0095 3
      vertex 77.355 19.6406 3
    endloop
  endfacet
  facet normal 0.522492 -0.852644 0
    outer loop
      vertex 77.957 20.0095 3
      vertex 77.355 19.6406 0
      vertex 77.957 20.0095 0
    endloop
  endfacet
  facet normal 0.760435 0.649414 0
    outer loop
      vertex 76.818 12.818 3
      vertex 76.3594 13.355 0
      vertex 76.3594 13.355 3
    endloop
  endfacet
  facet normal 0.760435 0.649414 0
    outer loop
      vertex 76.3594 13.355 0
      vertex 76.818 12.818 3
      vertex 76.818 12.818 0
    endloop
  endfacet
  facet normal -1 0 0
    outer loop
      vertex 82.25 8 0
      vertex 82.25 12.1173 3
      vertex 82.25 12.1173 0
    endloop
  endfacet
  facet normal -1 -0 0
    outer loop
      vertex 82.25 12.1173 3
      vertex 82.25 8 0
      vertex 82.25 8 3
    endloop
  endfacet
  facet normal 1 -0 0
    outer loop
      vertex 77.75 8 3
      vertex 77.75 12.1173 0
      vertex 77.75 12.1173 3
    endloop
  endfacet
  facet normal 1 0 0
    outer loop
      vertex 77.75 12.1173 0
      vertex 77.75 8 3
      vertex 77.75 8 0
    endloop
  endfacet
  facet normal -0.972384 0.233388 0
    outer loop
      vertex 82.1399 7.30471 0
      vertex 82.2223 7.64802 3
      vertex 82.2223 7.64802 0
    endloop
  endfacet
  facet normal -0.972384 0.233388 0
    outer loop
      vertex 82.2223 7.64802 3
      vertex 82.1399 7.30471 0
      vertex 82.1399 7.30471 3
    endloop
  endfacet
  facet normal -0.996918 0.0784551 0
    outer loop
      vertex 82.2223 7.64802 0
      vertex 82.25 8 3
      vertex 82.25 8 0
    endloop
  endfacet
  facet normal -0.996918 0.0784551 0
    outer loop
      vertex 82.25 8 3
      vertex 82.2223 7.64802 0
      vertex 82.2223 7.64802 3
    endloop
  endfacet
  facet normal -0.923892 0.382654 0
    outer loop
      vertex 82.0048 6.97852 0
      vertex 82.1399 7.30471 3
      vertex 82.1399 7.30471 0
    endloop
  endfacet
  facet normal -0.923892 0.382654 0
    outer loop
      vertex 82.1399 7.30471 3
      vertex 82.0048 6.97852 0
      vertex 82.0048 6.97852 3
    endloop
  endfacet
  facet normal 0.233448 0.972369 -0
    outer loop
      vertex 79.648 5.7777 0
      vertex 79.3047 5.86012 3
      vertex 79.648 5.7777 3
    endloop
  endfacet
  facet normal 0.233448 0.972369 0
    outer loop
      vertex 79.3047 5.86012 3
      vertex 79.648 5.7777 0
      vertex 79.3047 5.86012 0
    endloop
  endfacet
  facet normal 0.649414 0.760435 -0
    outer loop
      vertex 78.6775 6.17971 0
      vertex 78.409 6.40901 3
      vertex 78.6775 6.17971 3
    endloop
  endfacet
  facet normal 0.649414 0.760435 0
    outer loop
      vertex 78.409 6.40901 3
      vertex 78.6775 6.17971 0
      vertex 78.409 6.40901 0
    endloop
  endfacet
  facet normal -0.760399 0.649456 0
    outer loop
      vertex 81.591 6.40901 0
      vertex 81.8203 6.67748 3
      vertex 81.8203 6.67748 0
    endloop
  endfacet
  facet normal -0.760399 0.649456 0
    outer loop
      vertex 81.8203 6.67748 3
      vertex 81.591 6.40901 0
      vertex 81.591 6.40901 3
    endloop
  endfacet
  facet normal -0.852612 0.522545 0
    outer loop
      vertex 81.8203 6.67748 0
      vertex 82.0048 6.97852 3
      vertex 82.0048 6.97852 0
    endloop
  endfacet
  facet normal -0.852612 0.522545 0
    outer loop
      vertex 82.0048 6.97852 3
      vertex 81.8203 6.67748 0
      vertex 81.8203 6.67748 3
    endloop
  endfacet
  facet normal 0.760399 0.649456 0
    outer loop
      vertex 78.409 6.40901 3
      vertex 78.1797 6.67748 0
      vertex 78.1797 6.67748 3
    endloop
  endfacet
  facet normal 0.760399 0.649456 0
    outer loop
      vertex 78.1797 6.67748 0
      vertex 78.409 6.40901 3
      vertex 78.409 6.40901 0
    endloop
  endfacet
  facet normal -0.649414 0.760435 0
    outer loop
      vertex 81.591 6.40901 0
      vertex 81.3225 6.17971 3
      vertex 81.591 6.40901 3
    endloop
  endfacet
  facet normal -0.649414 0.760435 0
    outer loop
      vertex 81.3225 6.17971 3
      vertex 81.591 6.40901 0
      vertex 81.3225 6.17971 0
    endloop
  endfacet
  facet normal -0.522533 0.852619 0
    outer loop
      vertex 81.3225 6.17971 0
      vertex 81.0215 5.99524 3
      vertex 81.3225 6.17971 3
    endloop
  endfacet
  facet normal -0.522533 0.852619 0
    outer loop
      vertex 81.0215 5.99524 3
      vertex 81.3225 6.17971 0
      vertex 81.0215 5.99524 0
    endloop
  endfacet
  facet normal 0.852612 0.522545 0
    outer loop
      vertex 78.1797 6.67748 3
      vertex 77.9952 6.97852 0
      vertex 77.9952 6.97852 3
    endloop
  endfacet
  facet normal 0.852612 0.522545 0
    outer loop
      vertex 77.9952 6.97852 0
      vertex 78.1797 6.67748 3
      vertex 78.1797 6.67748 0
    endloop
  endfacet
  facet normal 0.0784506 0.996918 -0
    outer loop
      vertex 80 5.75 0
      vertex 79.648 5.7777 3
      vertex 80 5.75 3
    endloop
  endfacet
  facet normal 0.0784506 0.996918 0
    outer loop
      vertex 79.648 5.7777 3
      vertex 80 5.75 0
      vertex 79.648 5.7777 0
    endloop
  endfacet
  facet normal 0.996918 0.0784551 0
    outer loop
      vertex 77.7777 7.64802 3
      vertex 77.75 8 0
      vertex 77.75 8 3
    endloop
  endfacet
  facet normal 0.996918 0.0784551 0
    outer loop
      vertex 77.75 8 0
      vertex 77.7777 7.64802 3
      vertex 77.7777 7.64802 0
    endloop
  endfacet
  facet normal 0.382692 0.923876 -0
    outer loop
      vertex 79.3047 5.86012 0
      vertex 78.9785 5.99524 3
      vertex 79.3047 5.86012 3
    endloop
  endfacet
  facet normal 0.382692 0.923876 0
    outer loop
      vertex 78.9785 5.99524 3
      vertex 79.3047 5.86012 0
      vertex 78.9785 5.99524 0
    endloop
  endfacet
  facet normal 0.972384 0.233388 0
    outer loop
      vertex 77.8601 7.30471 3
      vertex 77.7777 7.64802 0
      vertex 77.7777 7.64802 3
    endloop
  endfacet
  facet normal 0.972384 0.233388 0
    outer loop
      vertex 77.7777 7.64802 0
      vertex 77.8601 7.30471 3
      vertex 77.8601 7.30471 0
    endloop
  endfacet
  facet normal 0.522533 0.852619 -0
    outer loop
      vertex 78.9785 5.99524 0
      vertex 78.6775 6.17971 3
      vertex 78.9785 5.99524 3
    endloop
  endfacet
  facet normal 0.522533 0.852619 0
    outer loop
      vertex 78.6775 6.17971 3
      vertex 78.9785 5.99524 0
      vertex 78.6775 6.17971 0
    endloop
  endfacet
  facet normal 0.923892 0.382654 0
    outer loop
      vertex 77.9952 6.97852 3
      vertex 77.8601 7.30471 0
      vertex 77.8601 7.30471 3
    endloop
  endfacet
  facet normal 0.923892 0.382654 0
    outer loop
      vertex 77.8601 7.30471 0
      vertex 77.9952 6.97852 3
      vertex 77.9952 6.97852 0
    endloop
  endfacet
  facet normal -0.233448 0.972369 0
    outer loop
      vertex 80.6953 5.86012 0
      vertex 80.352 5.7777 3
      vertex 80.6953 5.86012 3
    endloop
  endfacet
  facet normal -0.233448 0.972369 0
    outer loop
      vertex 80.352 5.7777 3
      vertex 80.6953 5.86012 0
      vertex 80.352 5.7777 0
    endloop
  endfacet
  facet normal -0.382692 0.923876 0
    outer loop
      vertex 81.0215 5.99524 0
      vertex 80.6953 5.86012 3
      vertex 81.0215 5.99524 3
    endloop
  endfacet
  facet normal -0.382692 0.923876 0
    outer loop
      vertex 80.6953 5.86012 3
      vertex 81.0215 5.99524 0
      vertex 80.6953 5.86012 0
    endloop
  endfacet
  facet normal -0.0784506 0.996918 0
    outer loop
      vertex 80.352 5.7777 0
      vertex 80 5.75 3
      vertex 80.352 5.7777 3
    endloop
  endfacet
  facet normal -0.0784506 0.996918 0
    outer loop
      vertex 80 5.75 3
      vertex 80.352 5.7777 0
      vertex 80 5.75 0
    endloop
  endfacet
  facet normal 0.193327 0.981134 -0
    outer loop
      vertex 10.15 121.85 0
      vertex 0 123.85 21.3
      vertex 10.15 121.85 21.3
    endloop
  endfacet
  facet normal 0.193327 0.981134 0
    outer loop
      vertex 0 123.85 21.3
      vertex 10.15 121.85 0
      vertex 0 123.85 0
    endloop
  endfacet
  facet normal 0.193327 -0.981134 0
    outer loop
      vertex 0 128.15 0
      vertex 10.15 130.15 21.3
      vertex 0 128.15 21.3
    endloop
  endfacet
  facet normal 0.193327 -0.981134 0
    outer loop
      vertex 10.15 130.15 21.3
      vertex 0 128.15 0
      vertex 10.15 130.15 0
    endloop
  endfacet
  facet normal -1 0 0
    outer loop
      vertex 10.15 130.15 0
      vertex 10.15 125.5 21.3
      vertex 10.15 130.15 21.3
    endloop
  endfacet
  facet normal -1 0 0
    outer loop
      vertex 10.15 121.85 0
      vertex 10.15 125.5 21.3
      vertex 10.15 130.15 0
    endloop
  endfacet
  facet normal -1 -0 0
    outer loop
      vertex 10.15 125.5 21.3
      vertex 10.15 121.85 0
      vertex 10.15 121.85 21.3
    endloop
  endfacet
  facet normal 0.193327 0.981134 -0
    outer loop
      vertex 10.15 3.85001 0
      vertex 0 5.85001 21.3
      vertex 10.15 3.85001 21.3
    endloop
  endfacet
  facet normal 0.193327 0.981134 0
    outer loop
      vertex 0 5.85001 21.3
      vertex 10.15 3.85001 0
      vertex 0 5.85001 0
    endloop
  endfacet
  facet normal 0.193327 -0.981134 0
    outer loop
      vertex 0 10.15 0
      vertex 10.15 12.15 21.3
      vertex 0 10.15 21.3
    endloop
  endfacet
  facet normal 0.193327 -0.981134 0
    outer loop
      vertex 10.15 12.15 21.3
      vertex 0 10.15 0
      vertex 10.15 12.15 0
    endloop
  endfacet
  facet normal -1 0 0
    outer loop
      vertex 10.15 12.15 0
      vertex 10.15 8.5 21.3
      vertex 10.15 12.15 21.3
    endloop
  endfacet
  facet normal -1 0 0
    outer loop
      vertex 10.15 3.85001 0
      vertex 10.15 8.5 21.3
      vertex 10.15 12.15 0
    endloop
  endfacet
  facet normal -1 0 0
    outer loop
      vertex 10.15 3.85001 21.3
      vertex 10.15 8.5 21.3
      vertex 10.15 3.85001 0
    endloop
  endfacet
  facet normal -0.707107 0 -0.707107
    outer loop
      vertex 24 131.5 8.15
      vertex 21 134 11.15
      vertex 24 134 8.15
    endloop
  endfacet
  facet normal -0.707107 -0 -0.707107
    outer loop
      vertex 21 134 11.15
      vertex 24 131.5 8.15
      vertex 21 131.5 11.15
    endloop
  endfacet
  facet normal -0.707107 0 0.707107
    outer loop
      vertex 21 131.5 5.15
      vertex 24 134 8.15
      vertex 21 134 5.15
    endloop
  endfacet
  facet normal -0.707107 0 0.707107
    outer loop
      vertex 24 134 8.15
      vertex 21 131.5 5.15
      vertex 24 131.5 8.15
    endloop
  endfacet
  facet normal 0.707107 0 -0.707107
    outer loop
      vertex 21 131.5 11.15
      vertex 18 134 8.15
      vertex 21 134 11.15
    endloop
  endfacet
  facet normal 0.707107 0 -0.707107
    outer loop
      vertex 18 134 8.15
      vertex 21 131.5 11.15
      vertex 18 131.5 8.15
    endloop
  endfacet
  facet normal 0.707107 -0 0.707107
    outer loop
      vertex 18 131.5 8.15
      vertex 21 134 5.15
      vertex 18 134 8.15
    endloop
  endfacet
  facet normal 0.707107 0 0.707107
    outer loop
      vertex 21 134 5.15
      vertex 18 131.5 8.15
      vertex 21 131.5 5.15
    endloop
  endfacet
  facet normal -0.707107 0 -0.707107
    outer loop
      vertex 24 0 8.15
      vertex 21 2.5 11.15
      vertex 24 2.5 8.15
    endloop
  endfacet
  facet normal -0.707107 -0 -0.707107
    outer loop
      vertex 21 2.5 11.15
      vertex 24 0 8.15
      vertex 21 0 11.15
    endloop
  endfacet
  facet normal -0.707107 0 0.707107
    outer loop
      vertex 21 0 5.15
      vertex 24 2.5 8.15
      vertex 21 2.5 5.15
    endloop
  endfacet
  facet normal -0.707107 0 0.707107
    outer loop
      vertex 24 2.5 8.15
      vertex 21 0 5.15
      vertex 24 0 8.15
    endloop
  endfacet
  facet normal 0.707107 0 -0.707107
    outer loop
      vertex 21 0 11.15
      vertex 18 2.5 8.15
      vertex 21 2.5 11.15
    endloop
  endfacet
  facet normal 0.707107 0 -0.707107
    outer loop
      vertex 18 2.5 8.15
      vertex 21 0 11.15
      vertex 18 0 8.15
    endloop
  endfacet
  facet normal 0.707107 -0 0.707107
    outer loop
      vertex 18 0 8.15
      vertex 21 2.5 5.15
      vertex 18 2.5 8.15
    endloop
  endfacet
  facet normal 0.707107 0 0.707107
    outer loop
      vertex 21 2.5 5.15
      vertex 18 0 8.15
      vertex 21 0 5.15
    endloop
  endfacet
  facet normal -0.707107 0 -0.707107
    outer loop
      vertex 33 131.5 8.15
      vertex 30 134 11.15
      vertex 33 134 8.15
    endloop
  endfacet
  facet normal -0.707107 -0 -0.707107
    outer loop
      vertex 30 134 11.15
      vertex 33 131.5 8.15
      vertex 30 131.5 11.15
    endloop
  endfacet
  facet normal -0.707107 0 0.707107
    outer loop
      vertex 30 131.5 5.15
      vertex 33 134 8.15
      vertex 30 134 5.15
    endloop
  endfacet
  facet normal -0.707107 0 0.707107
    outer loop
      vertex 33 134 8.15
      vertex 30 131.5 5.15
      vertex 33 131.5 8.15
    endloop
  endfacet
  facet normal 0.707107 0 -0.707107
    outer loop
      vertex 30 131.5 11.15
      vertex 27 134 8.15
      vertex 30 134 11.15
    endloop
  endfacet
  facet normal 0.707107 0 -0.707107
    outer loop
      vertex 27 134 8.15
      vertex 30 131.5 11.15
      vertex 27 131.5 8.15
    endloop
  endfacet
  facet normal 0.707107 -0 0.707107
    outer loop
      vertex 27 131.5 8.15
      vertex 30 134 5.15
      vertex 27 134 8.15
    endloop
  endfacet
  facet normal 0.707107 0 0.707107
    outer loop
      vertex 30 134 5.15
      vertex 27 131.5 8.15
      vertex 30 131.5 5.15
    endloop
  endfacet
  facet normal -0.707107 0 -0.707107
    outer loop
      vertex 33 0 8.15
      vertex 30 2.5 11.15
      vertex 33 2.5 8.15
    endloop
  endfacet
  facet normal -0.707107 -0 -0.707107
    outer loop
      vertex 30 2.5 11.15
      vertex 33 0 8.15
      vertex 30 0 11.15
    endloop
  endfacet
  facet normal -0.707107 0 0.707107
    outer loop
      vertex 30 0 5.15
      vertex 33 2.5 8.15
      vertex 30 2.5 5.15
    endloop
  endfacet
  facet normal -0.707107 0 0.707107
    outer loop
      vertex 33 2.5 8.15
      vertex 30 0 5.15
      vertex 33 0 8.15
    endloop
  endfacet
  facet normal 0.707107 0 -0.707107
    outer loop
      vertex 30 0 11.15
      vertex 27 2.5 8.15
      vertex 30 2.5 11.15
    endloop
  endfacet
  facet normal 0.707107 0 -0.707107
    outer loop
      vertex 27 2.5 8.15
      vertex 30 0 11.15
      vertex 27 0 8.15
    endloop
  endfacet
  facet normal 0.707107 -0 0.707107
    outer loop
      vertex 27 0 8.15
      vertex 30 2.5 5.15
      vertex 27 2.5 8.15
    endloop
  endfacet
  facet normal 0.707107 0 0.707107
    outer loop
      vertex 30 2.5 5.15
      vertex 27 0 8.15
      vertex 30 0 5.15
    endloop
  endfacet
  facet normal -0.707107 0 -0.707107
    outer loop
      vertex 42 131.5 8.15
      vertex 39 134 11.15
      vertex 42 134 8.15
    endloop
  endfacet
  facet normal -0.707107 -0 -0.707107
    outer loop
      vertex 39 134 11.15
      vertex 42 131.5 8.15
      vertex 39 131.5 11.15
    endloop
  endfacet
  facet normal -0.707107 0 0.707107
    outer loop
      vertex 39 131.5 5.15
      vertex 42 134 8.15
      vertex 39 134 5.15
    endloop
  endfacet
  facet normal -0.707107 0 0.707107
    outer loop
      vertex 42 134 8.15
      vertex 39 131.5 5.15
      vertex 42 131.5 8.15
    endloop
  endfacet
  facet normal 0.707107 0 -0.707107
    outer loop
      vertex 39 131.5 11.15
      vertex 36 134 8.15
      vertex 39 134 11.15
    endloop
  endfacet
  facet normal 0.707107 0 -0.707107
    outer loop
      vertex 36 134 8.15
      vertex 39 131.5 11.15
      vertex 36 131.5 8.15
    endloop
  endfacet
  facet normal 0.707107 -0 0.707107
    outer loop
      vertex 36 131.5 8.15
      vertex 39 134 5.15
      vertex 36 134 8.15
    endloop
  endfacet
  facet normal 0.707107 0 0.707107
    outer loop
      vertex 39 134 5.15
      vertex 36 131.5 8.15
      vertex 39 131.5 5.15
    endloop
  endfacet
  facet normal -0.707107 0 -0.707107
    outer loop
      vertex 42 0 8.15
      vertex 39 2.5 11.15
      vertex 42 2.5 8.15
    endloop
  endfacet
  facet normal -0.707107 -0 -0.707107
    outer loop
      vertex 39 2.5 11.15
      vertex 42 0 8.15
      vertex 39 0 11.15
    endloop
  endfacet
  facet normal -0.707107 0 0.707107
    outer loop
      vertex 39 0 5.15
      vertex 42 2.5 8.15
      vertex 39 2.5 5.15
    endloop
  endfacet
  facet normal -0.707107 0 0.707107
    outer loop
      vertex 42 2.5 8.15
      vertex 39 0 5.15
      vertex 42 0 8.15
    endloop
  endfacet
  facet normal 0.707107 0 -0.707107
    outer loop
      vertex 39 0 11.15
      vertex 36 2.5 8.15
      vertex 39 2.5 11.15
    endloop
  endfacet
  facet normal 0.707107 0 -0.707107
    outer loop
      vertex 36 2.5 8.15
      vertex 39 0 11.15
      vertex 36 0 8.15
    endloop
  endfacet
  facet normal 0.707107 -0 0.707107
    outer loop
      vertex 36 0 8.15
      vertex 39 2.5 5.15
      vertex 36 2.5 8.15
    endloop
  endfacet
  facet normal 0.707107 0 0.707107
    outer loop
      vertex 39 2.5 5.15
      vertex 36 0 8.15
      vertex 39 0 5.15
    endloop
  endfacet
  facet normal -0.707107 0 -0.707107
    outer loop
      vertex 51 131.5 8.15
      vertex 48 134 11.15
      vertex 51 134 8.15
    endloop
  endfacet
  facet normal -0.707107 -0 -0.707107
    outer loop
      vertex 48 134 11.15
      vertex 51 131.5 8.15
      vertex 48 131.5 11.15
    endloop
  endfacet
  facet normal -0.707107 0 0.707107
    outer loop
      vertex 48 131.5 5.15
      vertex 51 134 8.15
      vertex 48 134 5.15
    endloop
  endfacet
  facet normal -0.707107 0 0.707107
    outer loop
      vertex 51 134 8.15
      vertex 48 131.5 5.15
      vertex 51 131.5 8.15
    endloop
  endfacet
  facet normal 0.707107 0 -0.707107
    outer loop
      vertex 48 131.5 11.15
      vertex 45 134 8.15
      vertex 48 134 11.15
    endloop
  endfacet
  facet normal 0.707107 0 -0.707107
    outer loop
      vertex 45 134 8.15
      vertex 48 131.5 11.15
      vertex 45 131.5 8.15
    endloop
  endfacet
  facet normal 0.707107 -0 0.707107
    outer loop
      vertex 45 131.5 8.15
      vertex 48 134 5.15
      vertex 45 134 8.15
    endloop
  endfacet
  facet normal 0.707107 0 0.707107
    outer loop
      vertex 48 134 5.15
      vertex 45 131.5 8.15
      vertex 48 131.5 5.15
    endloop
  endfacet
  facet normal -0.707107 0 -0.707107
    outer loop
      vertex 51 0 8.15
      vertex 48 2.5 11.15
      vertex 51 2.5 8.15
    endloop
  endfacet
  facet normal -0.707107 -0 -0.707107
    outer loop
      vertex 48 2.5 11.15
      vertex 51 0 8.15
      vertex 48 0 11.15
    endloop
  endfacet
  facet normal -0.707107 0 0.707107
    outer loop
      vertex 48 0 5.15
      vertex 51 2.5 8.15
      vertex 48 2.5 5.15
    endloop
  endfacet
  facet normal -0.707107 0 0.707107
    outer loop
      vertex 51 2.5 8.15
      vertex 48 0 5.15
      vertex 51 0 8.15
    endloop
  endfacet
  facet normal 0.707107 0 -0.707107
    outer loop
      vertex 48 0 11.15
      vertex 45 2.5 8.15
      vertex 48 2.5 11.15
    endloop
  endfacet
  facet normal 0.707107 0 -0.707107
    outer loop
      vertex 45 2.5 8.15
      vertex 48 0 11.15
      vertex 45 0 8.15
    endloop
  endfacet
  facet normal 0.707107 -0 0.707107
    outer loop
      vertex 45 0 8.15
      vertex 48 2.5 5.15
      vertex 45 2.5 8.15
    endloop
  endfacet
  facet normal 0.707107 0 0.707107
    outer loop
      vertex 48 2.5 5.15
      vertex 45 0 8.15
      vertex 48 0 5.15
    endloop
  endfacet
  facet normal -0.707107 0 -0.707107
    outer loop
      vertex 60 131.5 8.15
      vertex 57 134 11.15
      vertex 60 134 8.15
    endloop
  endfacet
  facet normal -0.707107 -0 -0.707107
    outer loop
      vertex 57 134 11.15
      vertex 60 131.5 8.15
      vertex 57 131.5 11.15
    endloop
  endfacet
  facet normal -0.707107 0 0.707107
    outer loop
      vertex 57 131.5 5.15
      vertex 60 134 8.15
      vertex 57 134 5.15
    endloop
  endfacet
  facet normal -0.707107 0 0.707107
    outer loop
      vertex 60 134 8.15
      vertex 57 131.5 5.15
      vertex 60 131.5 8.15
    endloop
  endfacet
  facet normal 0.707107 0 -0.707107
    outer loop
      vertex 57 131.5 11.15
      vertex 54 134 8.15
      vertex 57 134 11.15
    endloop
  endfacet
  facet normal 0.707107 0 -0.707107
    outer loop
      vertex 54 134 8.15
      vertex 57 131.5 11.15
      vertex 54 131.5 8.15
    endloop
  endfacet
  facet normal 0.707107 -0 0.707107
    outer loop
      vertex 54 131.5 8.15
      vertex 57 134 5.15
      vertex 54 134 8.15
    endloop
  endfacet
  facet normal 0.707107 0 0.707107
    outer loop
      vertex 57 134 5.15
      vertex 54 131.5 8.15
      vertex 57 131.5 5.15
    endloop
  endfacet
  facet normal -0.707107 0 -0.707107
    outer loop
      vertex 60 0 8.15
      vertex 57 2.5 11.15
      vertex 60 2.5 8.15
    endloop
  endfacet
  facet normal -0.707107 -0 -0.707107
    outer loop
      vertex 57 2.5 11.15
      vertex 60 0 8.15
      vertex 57 0 11.15
    endloop
  endfacet
  facet normal -0.707107 0 0.707107
    outer loop
      vertex 57 0 5.15
      vertex 60 2.5 8.15
      vertex 57 2.5 5.15
    endloop
  endfacet
  facet normal -0.707107 0 0.707107
    outer loop
      vertex 60 2.5 8.15
      vertex 57 0 5.15
      vertex 60 0 8.15
    endloop
  endfacet
  facet normal 0.707107 0 -0.707107
    outer loop
      vertex 57 0 11.15
      vertex 54 2.5 8.15
      vertex 57 2.5 11.15
    endloop
  endfacet
  facet normal 0.707107 0 -0.707107
    outer loop
      vertex 54 2.5 8.15
      vertex 57 0 11.15
      vertex 54 0 8.15
    endloop
  endfacet
  facet normal 0.707107 -0 0.707107
    outer loop
      vertex 54 0 8.15
      vertex 57 2.5 5.15
      vertex 54 2.5 8.15
    endloop
  endfacet
  facet normal 0.707107 0 0.707107
    outer loop
      vertex 57 2.5 5.15
      vertex 54 0 8.15
      vertex 57 0 5.15
    endloop
  endfacet
  facet normal -0.707107 0 -0.707107
    outer loop
      vertex 87 131.5 8.15
      vertex 84 134 11.15
      vertex 87 134 8.15
    endloop
  endfacet
  facet normal -0.707107 -0 -0.707107
    outer loop
      vertex 84 134 11.15
      vertex 87 131.5 8.15
      vertex 84 131.5 11.15
    endloop
  endfacet
  facet normal -0.707107 0 0.707107
    outer loop
      vertex 84 131.5 5.15
      vertex 87 134 8.15
      vertex 84 134 5.15
    endloop
  endfacet
  facet normal -0.707107 0 0.707107
    outer loop
      vertex 87 134 8.15
      vertex 84 131.5 5.15
      vertex 87 131.5 8.15
    endloop
  endfacet
  facet normal 0.707107 0 -0.707107
    outer loop
      vertex 84 131.5 11.15
      vertex 81 134 8.15
      vertex 84 134 11.15
    endloop
  endfacet
  facet normal 0.707107 0 -0.707107
    outer loop
      vertex 81 134 8.15
      vertex 84 131.5 11.15
      vertex 81 131.5 8.15
    endloop
  endfacet
  facet normal 0.707107 -0 0.707107
    outer loop
      vertex 81 131.5 8.15
      vertex 84 134 5.15
      vertex 81 134 8.15
    endloop
  endfacet
  facet normal 0.707107 0 0.707107
    outer loop
      vertex 84 134 5.15
      vertex 81 131.5 8.15
      vertex 84 131.5 5.15
    endloop
  endfacet
  facet normal -0.707107 0 -0.707107
    outer loop
      vertex 87 0 8.15
      vertex 84 2.5 11.15
      vertex 87 2.5 8.15
    endloop
  endfacet
  facet normal -0.707107 -0 -0.707107
    outer loop
      vertex 84 2.5 11.15
      vertex 87 0 8.15
      vertex 84 0 11.15
    endloop
  endfacet
  facet normal -0.707107 0 0.707107
    outer loop
      vertex 84 0 5.15
      vertex 87 2.5 8.15
      vertex 84 2.5 5.15
    endloop
  endfacet
  facet normal -0.707107 0 0.707107
    outer loop
      vertex 87 2.5 8.15
      vertex 84 0 5.15
      vertex 87 0 8.15
    endloop
  endfacet
  facet normal 0.707107 0 -0.707107
    outer loop
      vertex 84 0 11.15
      vertex 81 2.5 8.15
      vertex 84 2.5 11.15
    endloop
  endfacet
  facet normal 0.707107 0 -0.707107
    outer loop
      vertex 81 2.5 8.15
      vertex 84 0 11.15
      vertex 81 0 8.15
    endloop
  endfacet
  facet normal 0.707107 -0 0.707107
    outer loop
      vertex 81 0 8.15
      vertex 84 2.5 5.15
      vertex 81 2.5 8.15
    endloop
  endfacet
  facet normal 0.707107 0 0.707107
    outer loop
      vertex 84 2.5 5.15
      vertex 81 0 8.15
      vertex 84 0 5.15
    endloop
  endfacet
  facet normal -0.707107 0 -0.707107
    outer loop
      vertex 96 131.5 8.15
      vertex 93 134 11.15
      vertex 96 134 8.15
    endloop
  endfacet
  facet normal -0.707107 -0 -0.707107
    outer loop
      vertex 93 134 11.15
      vertex 96 131.5 8.15
      vertex 93 131.5 11.15
    endloop
  endfacet
  facet normal -0.707107 0 0.707107
    outer loop
      vertex 93 131.5 5.15
      vertex 96 134 8.15
      vertex 93 134 5.15
    endloop
  endfacet
  facet normal -0.707107 0 0.707107
    outer loop
      vertex 96 134 8.15
      vertex 93 131.5 5.15
      vertex 96 131.5 8.15
    endloop
  endfacet
  facet normal 0.707107 0 -0.707107
    outer loop
      vertex 93 131.5 11.15
      vertex 90 134 8.15
      vertex 93 134 11.15
    endloop
  endfacet
  facet normal 0.707107 0 -0.707107
    outer loop
      vertex 90 134 8.15
      vertex 93 131.5 11.15
      vertex 90 131.5 8.15
    endloop
  endfacet
  facet normal 0.707107 -0 0.707107
    outer loop
      vertex 90 131.5 8.15
      vertex 93 134 5.15
      vertex 90 134 8.15
    endloop
  endfacet
  facet normal 0.707107 0 0.707107
    outer loop
      vertex 93 134 5.15
      vertex 90 131.5 8.15
      vertex 93 131.5 5.15
    endloop
  endfacet
  facet normal -0.707107 0 -0.707107
    outer loop
      vertex 96 0 8.15
      vertex 93 2.5 11.15
      vertex 96 2.5 8.15
    endloop
  endfacet
  facet normal -0.707107 -0 -0.707107
    outer loop
      vertex 93 2.5 11.15
      vertex 96 0 8.15
      vertex 93 0 11.15
    endloop
  endfacet
  facet normal -0.707107 0 0.707107
    outer loop
      vertex 93 0 5.15
      vertex 96 2.5 8.15
      vertex 93 2.5 5.15
    endloop
  endfacet
  facet normal -0.707107 0 0.707107
    outer loop
      vertex 96 2.5 8.15
      vertex 93 0 5.15
      vertex 96 0 8.15
    endloop
  endfacet
  facet normal 0.707107 0 -0.707107
    outer loop
      vertex 93 0 11.15
      vertex 90 2.5 8.15
      vertex 93 2.5 11.15
    endloop
  endfacet
  facet normal 0.707107 0 -0.707107
    outer loop
      vertex 90 2.5 8.15
      vertex 93 0 11.15
      vertex 90 0 8.15
    endloop
  endfacet
  facet normal 0.707107 -0 0.707107
    outer loop
      vertex 90 0 8.15
      vertex 93 2.5 5.15
      vertex 90 2.5 8.15
    endloop
  endfacet
  facet normal 0.707107 0 0.707107
    outer loop
      vertex 93 2.5 5.15
      vertex 90 0 8.15
      vertex 93 0 5.15
    endloop
  endfacet
  facet normal -0.707107 0 -0.707107
    outer loop
      vertex 105 131.5 8.15
      vertex 102 134 11.15
      vertex 105 134 8.15
    endloop
  endfacet
  facet normal -0.707107 -0 -0.707107
    outer loop
      vertex 102 134 11.15
      vertex 105 131.5 8.15
      vertex 102 131.5 11.15
    endloop
  endfacet
  facet normal -0.707107 0 0.707107
    outer loop
      vertex 102 131.5 5.15
      vertex 105 134 8.15
      vertex 102 134 5.15
    endloop
  endfacet
  facet normal -0.707107 0 0.707107
    outer loop
      vertex 105 134 8.15
      vertex 102 131.5 5.15
      vertex 105 131.5 8.15
    endloop
  endfacet
  facet normal 0.707107 0 -0.707107
    outer loop
      vertex 102 131.5 11.15
      vertex 99 134 8.15
      vertex 102 134 11.15
    endloop
  endfacet
  facet normal 0.707107 0 -0.707107
    outer loop
      vertex 99 134 8.15
      vertex 102 131.5 11.15
      vertex 99 131.5 8.15
    endloop
  endfacet
  facet normal 0.707107 -0 0.707107
    outer loop
      vertex 99 131.5 8.15
      vertex 102 134 5.15
      vertex 99 134 8.15
    endloop
  endfacet
  facet normal 0.707107 0 0.707107
    outer loop
      vertex 102 134 5.15
      vertex 99 131.5 8.15
      vertex 102 131.5 5.15
    endloop
  endfacet
  facet normal -0.707107 0 -0.707107
    outer loop
      vertex 105 0 8.15
      vertex 102 2.5 11.15
      vertex 105 2.5 8.15
    endloop
  endfacet
  facet normal -0.707107 -0 -0.707107
    outer loop
      vertex 102 2.5 11.15
      vertex 105 0 8.15
      vertex 102 0 11.15
    endloop
  endfacet
  facet normal -0.707107 0 0.707107
    outer loop
      vertex 102 0 5.15
      vertex 105 2.5 8.15
      vertex 102 2.5 5.15
    endloop
  endfacet
  facet normal -0.707107 0 0.707107
    outer loop
      vertex 105 2.5 8.15
      vertex 102 0 5.15
      vertex 105 0 8.15
    endloop
  endfacet
  facet normal 0.707107 0 -0.707107
    outer loop
      vertex 102 0 11.15
      vertex 99 2.5 8.15
      vertex 102 2.5 11.15
    endloop
  endfacet
  facet normal 0.707107 0 -0.707107
    outer loop
      vertex 99 2.5 8.15
      vertex 102 0 11.15
      vertex 99 0 8.15
    endloop
  endfacet
  facet normal 0.707107 -0 0.707107
    outer loop
      vertex 99 0 8.15
      vertex 102 2.5 5.15
      vertex 99 2.5 8.15
    endloop
  endfacet
  facet normal 0.707107 0 0.707107
    outer loop
      vertex 102 2.5 5.15
      vertex 99 0 8.15
      vertex 102 0 5.15
    endloop
  endfacet
  facet normal -0.707107 0 -0.707107
    outer loop
      vertex 114 131.5 8.15
      vertex 111 134 11.15
      vertex 114 134 8.15
    endloop
  endfacet
  facet normal -0.707107 -0 -0.707107
    outer loop
      vertex 111 134 11.15
      vertex 114 131.5 8.15
      vertex 111 131.5 11.15
    endloop
  endfacet
  facet normal -0.707107 0 0.707107
    outer loop
      vertex 111 131.5 5.15
      vertex 114 134 8.15
      vertex 111 134 5.15
    endloop
  endfacet
  facet normal -0.707107 0 0.707107
    outer loop
      vertex 114 134 8.15
      vertex 111 131.5 5.15
      vertex 114 131.5 8.15
    endloop
  endfacet
  facet normal 0.707107 0 -0.707107
    outer loop
      vertex 111 131.5 11.15
      vertex 108 134 8.15
      vertex 111 134 11.15
    endloop
  endfacet
  facet normal 0.707107 0 -0.707107
    outer loop
      vertex 108 134 8.15
      vertex 111 131.5 11.15
      vertex 108 131.5 8.15
    endloop
  endfacet
  facet normal 0.707107 -0 0.707107
    outer loop
      vertex 108 131.5 8.15
      vertex 111 134 5.15
      vertex 108 134 8.15
    endloop
  endfacet
  facet normal 0.707107 0 0.707107
    outer loop
      vertex 111 134 5.15
      vertex 108 131.5 8.15
      vertex 111 131.5 5.15
    endloop
  endfacet
  facet normal -0.707107 0 -0.707107
    outer loop
      vertex 114 0 8.15
      vertex 111 2.5 11.15
      vertex 114 2.5 8.15
    endloop
  endfacet
  facet normal -0.707107 -0 -0.707107
    outer loop
      vertex 111 2.5 11.15
      vertex 114 0 8.15
      vertex 111 0 11.15
    endloop
  endfacet
  facet normal -0.707107 0 0.707107
    outer loop
      vertex 111 0 5.15
      vertex 114 2.5 8.15
      vertex 111 2.5 5.15
    endloop
  endfacet
  facet normal -0.707107 0 0.707107
    outer loop
      vertex 114 2.5 8.15
      vertex 111 0 5.15
      vertex 114 0 8.15
    endloop
  endfacet
  facet normal 0.707107 0 -0.707107
    outer loop
      vertex 111 0 11.15
      vertex 108 2.5 8.15
      vertex 111 2.5 11.15
    endloop
  endfacet
  facet normal 0.707107 0 -0.707107
    outer loop
      vertex 108 2.5 8.15
      vertex 111 0 11.15
      vertex 108 0 8.15
    endloop
  endfacet
  facet normal 0.707107 -0 0.707107
    outer loop
      vertex 108 0 8.15
      vertex 111 2.5 5.15
      vertex 108 2.5 8.15
    endloop
  endfacet
  facet normal 0.707107 0 0.707107
    outer loop
      vertex 111 2.5 5.15
      vertex 108 0 8.15
      vertex 111 0 5.15
    endloop
  endfacet
  facet normal 0 1 0
    outer loop
      vertex 71.4702 133.4 24.7608
      vertex 71.4702 133.4 24.2647
      vertex 70.0652 133.4 24.7608
    endloop
  endfacet
  facet normal 0 1 -0
    outer loop
      vertex 70.5133 133.4 27.1227
      vertex 70.4259 133.4 27.6564
      vertex 70.6113 133.4 27.6476
    endloop
  endfacet
  facet normal 0 1 0
    outer loop
      vertex 70.3677 133.4 27.1244
      vertex 70.4259 133.4 27.6564
      vertex 70.433 133.4 27.1271
    endloop
  endfacet
  facet normal 0 1 0
    outer loop
      vertex 70.5879 133.4 27.1094
      vertex 70.6113 133.4 27.6476
      vertex 70.7831 133.4 27.6214
    endloop
  endfacet
  facet normal 0 1 0
    outer loop
      vertex 70.4259 133.4 27.6564
      vertex 70.3677 133.4 27.1244
      vertex 70.2637 133.4 27.6501
    endloop
  endfacet
  facet normal 0 1 0
    outer loop
      vertex 70.657 133.4 27.0873
      vertex 70.7831 133.4 27.6214
      vertex 70.9412 133.4 27.5777
    endloop
  endfacet
  facet normal 0 1 -0
    outer loop
      vertex 70.3062 133.4 27.1163
      vertex 70.2637 133.4 27.6501
      vertex 70.3677 133.4 27.1244
    endloop
  endfacet
  facet normal 0 1 0
    outer loop
      vertex 70.7205 133.4 27.0564
      vertex 70.9412 133.4 27.5777
      vertex 71.0857 133.4 27.5166
    endloop
  endfacet
  facet normal 0 1 0
    outer loop
      vertex 70.2637 133.4 27.6501
      vertex 70.3062 133.4 27.1163
      vertex 70.1127 133.4 27.6312
    endloop
  endfacet
  facet normal 0 1 0
    outer loop
      vertex 70.7783 133.4 27.0167
      vertex 71.0857 133.4 27.5166
      vertex 71.2165 133.4 27.438
    endloop
  endfacet
  facet normal 0 1 -0
    outer loop
      vertex 70.2485 133.4 27.1028
      vertex 70.1127 133.4 27.6312
      vertex 70.3062 133.4 27.1163
    endloop
  endfacet
  facet normal 0 1 -0
    outer loop
      vertex 70.1946 133.4 27.0838
      vertex 70.1127 133.4 27.6312
      vertex 70.2485 133.4 27.1028
    endloop
  endfacet
  facet normal 0 1 0
    outer loop
      vertex 70.8306 133.4 26.9681
      vertex 71.2165 133.4 27.438
      vertex 71.3337 133.4 27.3419
    endloop
  endfacet
  facet normal 0 1 0
    outer loop
      vertex 70.1127 133.4 27.6312
      vertex 70.1946 133.4 27.0838
      vertex 69.9729 133.4 27.5997
    endloop
  endfacet
  facet normal 0 1 0
    outer loop
      vertex 70.8759 133.4 26.9112
      vertex 71.3337 133.4 27.3419
      vertex 71.4349 133.4 27.231
    endloop
  endfacet
  facet normal 0 1 -0
    outer loop
      vertex 70.1445 133.4 27.0595
      vertex 69.9729 133.4 27.5997
      vertex 70.1946 133.4 27.0838
    endloop
  endfacet
  facet normal 0 1 0
    outer loop
      vertex 69.9729 133.4 27.5997
      vertex 70.1445 133.4 27.0595
      vertex 69.8441 133.4 27.5556
    endloop
  endfacet
  facet normal 0 1 0
    outer loop
      vertex 70.4259 133.4 27.6564
      vertex 70.5133 133.4 27.1227
      vertex 70.433 133.4 27.1271
    endloop
  endfacet
  facet normal 0 1 0
    outer loop
      vertex 70.6113 133.4 27.6476
      vertex 70.5879 133.4 27.1094
      vertex 70.5133 133.4 27.1227
    endloop
  endfacet
  facet normal 0 1 0
    outer loop
      vertex 70.913 133.4 26.8465
      vertex 71.4349 133.4 27.231
      vertex 71.5177 133.4 27.1081
    endloop
  endfacet
  facet normal 0 1 0
    outer loop
      vertex 70.7831 133.4 27.6214
      vertex 70.657 133.4 27.0873
      vertex 70.5879 133.4 27.1094
    endloop
  endfacet
  facet normal 0 1 0
    outer loop
      vertex 70.9412 133.4 27.5777
      vertex 70.7205 133.4 27.0564
      vertex 70.657 133.4 27.0873
    endloop
  endfacet
  facet normal 0 1 0
    outer loop
      vertex 71.0857 133.4 27.5166
      vertex 70.7783 133.4 27.0167
      vertex 70.7205 133.4 27.0564
    endloop
  endfacet
  facet normal 0 1 0
    outer loop
      vertex 70.9418 133.4 26.774
      vertex 71.5177 133.4 27.1081
      vertex 71.582 133.4 26.9731
    endloop
  endfacet
  facet normal 0 1 0
    outer loop
      vertex 71.2165 133.4 27.438
      vertex 70.8306 133.4 26.9681
      vertex 70.7783 133.4 27.0167
    endloop
  endfacet
  facet normal 0 1 0
    outer loop
      vertex 71.3337 133.4 27.3419
      vertex 70.8759 133.4 26.9112
      vertex 70.8306 133.4 26.9681
    endloop
  endfacet
  facet normal 0 1 0
    outer loop
      vertex 71.4349 133.4 27.231
      vertex 70.913 133.4 26.8465
      vertex 70.8759 133.4 26.9112
    endloop
  endfacet
  facet normal 0 1 0
    outer loop
      vertex 70.9624 133.4 26.6938
      vertex 71.582 133.4 26.9731
      vertex 71.628 133.4 26.8261
    endloop
  endfacet
  facet normal 0 1 0
    outer loop
      vertex 71.5177 133.4 27.1081
      vertex 70.9418 133.4 26.774
      vertex 70.913 133.4 26.8465
    endloop
  endfacet
  facet normal 0 1 0
    outer loop
      vertex 71.582 133.4 26.9731
      vertex 70.9624 133.4 26.6938
      vertex 70.9418 133.4 26.774
    endloop
  endfacet
  facet normal 0 1 0
    outer loop
      vertex 70.9748 133.4 26.6058
      vertex 71.628 133.4 26.8261
      vertex 71.6556 133.4 26.6669
    endloop
  endfacet
  facet normal 0 1 0
    outer loop
      vertex 71.628 133.4 26.8261
      vertex 70.9748 133.4 26.6058
      vertex 70.9624 133.4 26.6938
    endloop
  endfacet
  facet normal 0 1 0
    outer loop
      vertex 71.6556 133.4 26.6669
      vertex 70.9789 133.4 26.51
      vertex 70.9748 133.4 26.6058
    endloop
  endfacet
  facet normal 0 1 0
    outer loop
      vertex 71.6648 133.4 26.4958
      vertex 70.9789 133.4 26.51
      vertex 71.6556 133.4 26.6669
    endloop
  endfacet
  facet normal 0 1 0
    outer loop
      vertex 71.6648 133.4 26.4958
      vertex 70.975 133.4 26.4251
      vertex 70.9789 133.4 26.51
    endloop
  endfacet
  facet normal 0 1 -0
    outer loop
      vertex 71.6569 133.4 26.3316
      vertex 70.975 133.4 26.4251
      vertex 71.6648 133.4 26.4958
    endloop
  endfacet
  facet normal 0 1 0
    outer loop
      vertex 70.975 133.4 26.4251
      vertex 71.6569 133.4 26.3316
      vertex 70.9633 133.4 26.3461
    endloop
  endfacet
  facet normal 0 1 -0
    outer loop
      vertex 71.633 133.4 26.1793
      vertex 70.9633 133.4 26.3461
      vertex 71.6569 133.4 26.3316
    endloop
  endfacet
  facet normal 0 1 0
    outer loop
      vertex 70.9633 133.4 26.3461
      vertex 71.633 133.4 26.1793
      vertex 70.9439 133.4 26.273
    endloop
  endfacet
  facet normal 0 1 -0
    outer loop
      vertex 71.5933 133.4 26.0389
      vertex 70.9439 133.4 26.273
      vertex 71.633 133.4 26.1793
    endloop
  endfacet
  facet normal 0 1 0
    outer loop
      vertex 70.9439 133.4 26.273
      vertex 71.5933 133.4 26.0389
      vertex 70.9167 133.4 26.2057
    endloop
  endfacet
  facet normal 0 1 -0
    outer loop
      vertex 71.5377 133.4 25.9103
      vertex 70.9167 133.4 26.2057
      vertex 71.5933 133.4 26.0389
    endloop
  endfacet
  facet normal 0 1 -0
    outer loop
      vertex 71.4662 133.4 25.7936
      vertex 70.9167 133.4 26.2057
      vertex 71.5377 133.4 25.9103
    endloop
  endfacet
  facet normal 0 1 0
    outer loop
      vertex 70.9167 133.4 26.2057
      vertex 71.4662 133.4 25.7936
      vertex 70.8817 133.4 26.1443
    endloop
  endfacet
  facet normal 0 1 -0
    outer loop
      vertex 71.3788 133.4 25.6888
      vertex 70.8817 133.4 26.1443
      vertex 71.4662 133.4 25.7936
    endloop
  endfacet
  facet normal 0 1 0
    outer loop
      vertex 70.8817 133.4 26.1443
      vertex 71.3788 133.4 25.6888
      vertex 70.8389 133.4 26.0887
    endloop
  endfacet
  facet normal 0 1 -0
    outer loop
      vertex 71.2782 133.4 25.5982
      vertex 70.8389 133.4 26.0887
      vertex 71.3788 133.4 25.6888
    endloop
  endfacet
  facet normal 0 1 0
    outer loop
      vertex 70.8389 133.4 26.0887
      vertex 71.2782 133.4 25.5982
      vertex 70.7891 133.4 26.0405
    endloop
  endfacet
  facet normal 0 1 -0
    outer loop
      vertex 71.0451 133.4 25.4663
      vertex 70.7891 133.4 26.0405
      vertex 71.1669 133.4 25.524
    endloop
  endfacet
  facet normal 0 1 -0
    outer loop
      vertex 71.1669 133.4 25.524
      vertex 70.7891 133.4 26.0405
      vertex 71.2782 133.4 25.5982
    endloop
  endfacet
  facet normal 0 1 -0
    outer loop
      vertex 70.0983 133.4 27.0298
      vertex 69.8441 133.4 27.5556
      vertex 70.1445 133.4 27.0595
    endloop
  endfacet
  facet normal 0 1 0
    outer loop
      vertex 69.8441 133.4 27.5556
      vertex 70.0983 133.4 27.0298
      vertex 69.7266 133.4 27.499
    endloop
  endfacet
  facet normal 0 1 -0
    outer loop
      vertex 70.0563 133.4 26.9941
      vertex 69.7266 133.4 27.499
      vertex 70.0983 133.4 27.0298
    endloop
  endfacet
  facet normal 0 1 0
    outer loop
      vertex 69.7266 133.4 27.499
      vertex 70.0563 133.4 26.9941
      vertex 69.6201 133.4 27.4297
    endloop
  endfacet
  facet normal 0 1 -0
    outer loop
      vertex 70.0187 133.4 26.952
      vertex 69.6201 133.4 27.4297
      vertex 70.0563 133.4 26.9941
    endloop
  endfacet
  facet normal 0 1 0
    outer loop
      vertex 69.6201 133.4 27.4297
      vertex 70.0187 133.4 26.952
      vertex 69.5257 133.4 27.3485
    endloop
  endfacet
  facet normal 0 1 -0
    outer loop
      vertex 69.9856 133.4 26.9034
      vertex 69.5257 133.4 27.3485
      vertex 70.0187 133.4 26.952
    endloop
  endfacet
  facet normal 0 1 0
    outer loop
      vertex 69.5257 133.4 27.3485
      vertex 69.9856 133.4 26.9034
      vertex 69.4441 133.4 27.256
    endloop
  endfacet
  facet normal 0 1 0
    outer loop
      vertex 69.4441 133.4 27.256
      vertex 69.9856 133.4 26.9034
      vertex 69.3754 133.4 27.1523
    endloop
  endfacet
  facet normal 0 1 -0
    outer loop
      vertex 69.957 133.4 26.8483
      vertex 69.3754 133.4 27.1523
      vertex 69.9856 133.4 26.9034
    endloop
  endfacet
  facet normal 0 1 0
    outer loop
      vertex 69.3754 133.4 27.1523
      vertex 69.957 133.4 26.8483
      vertex 69.3195 133.4 27.0373
    endloop
  endfacet
  facet normal 0 1 -0
    outer loop
      vertex 69.9329 133.4 26.7868
      vertex 69.3195 133.4 27.0373
      vertex 69.957 133.4 26.8483
    endloop
  endfacet
  facet normal 0 1 0
    outer loop
      vertex 69.3195 133.4 27.0373
      vertex 69.9329 133.4 26.7868
      vertex 69.2765 133.4 26.911
    endloop
  endfacet
  facet normal 0 1 -0
    outer loop
      vertex 69.9133 133.4 26.7188
      vertex 69.2765 133.4 26.911
      vertex 69.9329 133.4 26.7868
    endloop
  endfacet
  facet normal 0 1 0
    outer loop
      vertex 69.2765 133.4 26.911
      vertex 69.9133 133.4 26.7188
      vertex 69.2463 133.4 26.7735
    endloop
  endfacet
  facet normal 0 1 -0
    outer loop
      vertex 70.0105 133.4 25.6057
      vertex 69.9939 133.4 26.1469
      vertex 70.0553 133.4 26.0809
    endloop
  endfacet
  facet normal 0 1 0
    outer loop
      vertex 70.0105 133.4 25.6057
      vertex 70.0553 133.4 26.0809
      vertex 70.1223 133.4 26.0269
    endloop
  endfacet
  facet normal 0 1 0
    outer loop
      vertex 70.0105 133.4 25.6057
      vertex 70.1223 133.4 26.0269
      vertex 70.1951 133.4 25.9849
    endloop
  endfacet
  facet normal 0 1 0
    outer loop
      vertex 70.0105 133.4 25.6057
      vertex 70.1951 133.4 25.9849
      vertex 70.2735 133.4 25.9549
    endloop
  endfacet
  facet normal 0 1 0
    outer loop
      vertex 70.1854 133.4 25.4871
      vertex 70.2735 133.4 25.9549
      vertex 70.3575 133.4 25.9369
    endloop
  endfacet
  facet normal 0 1 0
    outer loop
      vertex 70.7891 133.4 26.0405
      vertex 71.0451 133.4 25.4663
      vertex 70.7331 133.4 26.0011
    endloop
  endfacet
  facet normal 0 1 -0
    outer loop
      vertex 70.9126 133.4 25.4251
      vertex 70.7331 133.4 26.0011
      vertex 71.0451 133.4 25.4663
    endloop
  endfacet
  facet normal 0 1 0
    outer loop
      vertex 70.7331 133.4 26.0011
      vertex 70.9126 133.4 25.4251
      vertex 70.6709 133.4 25.9704
    endloop
  endfacet
  facet normal 0 1 -0
    outer loop
      vertex 70.7695 133.4 25.4004
      vertex 70.6709 133.4 25.9704
      vertex 70.9126 133.4 25.4251
    endloop
  endfacet
  facet normal 0 1 0
    outer loop
      vertex 69.9939 133.4 26.1469
      vertex 70.0105 133.4 25.6057
      vertex 69.3436 133.4 26.1469
    endloop
  endfacet
  facet normal 0 1 0
    outer loop
      vertex 69.4599 133.4 24.2647
      vertex 70.0105 133.4 25.6057
      vertex 70.0652 133.4 24.7608
    endloop
  endfacet
  facet normal 0 1 0
    outer loop
      vertex 70.0105 133.4 25.6057
      vertex 69.4599 133.4 24.2647
      vertex 69.3436 133.4 26.1469
    endloop
  endfacet
  facet normal 0 1 0
    outer loop
      vertex 69.4599 133.4 24.2647
      vertex 70.0652 133.4 24.7608
      vertex 71.4702 133.4 24.2647
    endloop
  endfacet
  facet normal 0 1 0
    outer loop
      vertex 70.6709 133.4 25.9704
      vertex 70.7695 133.4 25.4004
      vertex 70.6026 133.4 25.9484
    endloop
  endfacet
  facet normal 0 1 0
    outer loop
      vertex 70.528 133.4 25.9353
      vertex 70.4981 133.4 25.3981
      vertex 70.4473 133.4 25.9309
    endloop
  endfacet
  facet normal 0 1 -0
    outer loop
      vertex 70.6158 133.4 25.3921
      vertex 70.6026 133.4 25.9484
      vertex 70.7695 133.4 25.4004
    endloop
  endfacet
  facet normal -0 1 0
    outer loop
      vertex 70.3871 133.4 25.4158
      vertex 70.4473 133.4 25.9309
      vertex 70.4981 133.4 25.3981
    endloop
  endfacet
  facet normal 0 1 0
    outer loop
      vertex 70.6026 133.4 25.9484
      vertex 70.6158 133.4 25.3921
      vertex 70.528 133.4 25.9353
    endloop
  endfacet
  facet normal -0 1 0
    outer loop
      vertex 70.2829 133.4 25.4455
      vertex 70.4473 133.4 25.9309
      vertex 70.3871 133.4 25.4158
    endloop
  endfacet
  facet normal -0 1 0
    outer loop
      vertex 70.4981 133.4 25.3981
      vertex 70.528 133.4 25.9353
      vertex 70.6158 133.4 25.3921
    endloop
  endfacet
  facet normal 0 1 0
    outer loop
      vertex 70.4473 133.4 25.9309
      vertex 70.2829 133.4 25.4455
      vertex 70.3575 133.4 25.9369
    endloop
  endfacet
  facet normal 0 1 0
    outer loop
      vertex 70.2735 133.4 25.9549
      vertex 70.0946 133.4 25.5405
      vertex 70.0105 133.4 25.6057
    endloop
  endfacet
  facet normal 0 1 0
    outer loop
      vertex 70.3575 133.4 25.9369
      vertex 70.2829 133.4 25.4455
      vertex 70.1854 133.4 25.4871
    endloop
  endfacet
  facet normal 0 1 0
    outer loop
      vertex 70.2735 133.4 25.9549
      vertex 70.1854 133.4 25.4871
      vertex 70.0946 133.4 25.5405
    endloop
  endfacet
  facet normal 0 1 0
    outer loop
      vertex 73.7164 133.4 27.6089
      vertex 73.3651 133.4 27.044
      vertex 73.0067 133.4 27.6089
    endloop
  endfacet
  facet normal 0 1 0
    outer loop
      vertex 73.7164 133.4 27.6089
      vertex 73.4149 133.4 26.8399
      vertex 73.3651 133.4 27.044
    endloop
  endfacet
  facet normal 0 1 0
    outer loop
      vertex 73.7164 133.4 27.6089
      vertex 73.536 133.4 26.4127
      vertex 73.4149 133.4 26.8399
    endloop
  endfacet
  facet normal 0 1 0
    outer loop
      vertex 74.9458 133.4 24.2647
      vertex 73.536 133.4 26.4127
      vertex 73.7164 133.4 27.6089
    endloop
  endfacet
  facet normal 0 1 0
    outer loop
      vertex 73.536 133.4 26.4127
      vertex 74.9458 133.4 24.2647
      vertex 74.2219 133.4 24.2647
    endloop
  endfacet
  facet normal 0 1 -0
    outer loop
      vertex 73.3292 133.4 26.9091
      vertex 73.0067 133.4 27.6089
      vertex 73.3651 133.4 27.044
    endloop
  endfacet
  facet normal 0 1 -0
    outer loop
      vertex 73.296 133.4 26.7861
      vertex 73.0067 133.4 27.6089
      vertex 73.3292 133.4 26.9091
    endloop
  endfacet
  facet normal 0 1 -0
    outer loop
      vertex 73.2654 133.4 26.675
      vertex 73.0067 133.4 27.6089
      vertex 73.296 133.4 26.7861
    endloop
  endfacet
  facet normal 0 1 -0
    outer loop
      vertex 73.2374 133.4 26.5757
      vertex 73.0067 133.4 27.6089
      vertex 73.2654 133.4 26.675
    endloop
  endfacet
  facet normal 0 1 -0
    outer loop
      vertex 73.2121 133.4 26.4882
      vertex 73.0067 133.4 27.6089
      vertex 73.2374 133.4 26.5757
    endloop
  endfacet
  facet normal 0 1 -0
    outer loop
      vertex 73.1894 133.4 26.4127
      vertex 73.0067 133.4 27.6089
      vertex 73.2121 133.4 26.4882
    endloop
  endfacet
  facet normal 0 1 0
    outer loop
      vertex 71.7701 133.4 24.2647
      vertex 73.1894 133.4 26.4127
      vertex 72.5012 133.4 24.2647
    endloop
  endfacet
  facet normal 0 1 0
    outer loop
      vertex 73.1894 133.4 26.4127
      vertex 71.7701 133.4 24.2647
      vertex 73.0067 133.4 27.6089
    endloop
  endfacet
  facet normal -0.15076 0 -0.98857
    outer loop
      vertex 70.6113 133.4 27.6476
      vertex 70.7831 134 27.6214
      vertex 70.7831 133.4 27.6214
    endloop
  endfacet
  facet normal -0.15076 0 -0.98857
    outer loop
      vertex 70.7831 134 27.6214
      vertex 70.6113 133.4 27.6476
      vertex 70.6113 134 27.6476
    endloop
  endfacet
  facet normal -0.266417 0 -0.963858
    outer loop
      vertex 70.7831 133.4 27.6214
      vertex 70.9412 134 27.5777
      vertex 70.9412 133.4 27.5777
    endloop
  endfacet
  facet normal -0.266417 0 -0.963858
    outer loop
      vertex 70.9412 134 27.5777
      vertex 70.7831 133.4 27.6214
      vertex 70.7831 134 27.6214
    endloop
  endfacet
  facet normal -0.389453 0 -0.921046
    outer loop
      vertex 70.9412 133.4 27.5777
      vertex 71.0857 134 27.5166
      vertex 71.0857 133.4 27.5166
    endloop
  endfacet
  facet normal -0.389453 0 -0.921046
    outer loop
      vertex 71.0857 134 27.5166
      vertex 70.9412 133.4 27.5777
      vertex 70.9412 134 27.5777
    endloop
  endfacet
  facet normal -0.515074 0 -0.857146
    outer loop
      vertex 71.0857 133.4 27.5166
      vertex 71.2165 134 27.438
      vertex 71.2165 133.4 27.438
    endloop
  endfacet
  facet normal -0.515074 0 -0.857146
    outer loop
      vertex 71.2165 134 27.438
      vertex 71.0857 133.4 27.5166
      vertex 71.0857 134 27.5166
    endloop
  endfacet
  facet normal -0.634064 0 -0.773281
    outer loop
      vertex 71.2165 133.4 27.438
      vertex 71.3337 134 27.3419
      vertex 71.3337 133.4 27.3419
    endloop
  endfacet
  facet normal -0.634064 0 -0.773281
    outer loop
      vertex 71.3337 134 27.3419
      vertex 71.2165 133.4 27.438
      vertex 71.2165 134 27.438
    endloop
  endfacet
  facet normal -0.738673 0 -0.674064
    outer loop
      vertex 71.4349 133.4 27.231
      vertex 71.3337 134 27.3419
      vertex 71.4349 134 27.231
    endloop
  endfacet
  facet normal -0.738673 -0 -0.674064
    outer loop
      vertex 71.3337 134 27.3419
      vertex 71.4349 133.4 27.231
      vertex 71.3337 133.4 27.3419
    endloop
  endfacet
  facet normal -0.829341 0 -0.558742
    outer loop
      vertex 71.5177 133.4 27.1081
      vertex 71.4349 134 27.231
      vertex 71.5177 134 27.1081
    endloop
  endfacet
  facet normal -0.829341 -0 -0.558742
    outer loop
      vertex 71.4349 134 27.231
      vertex 71.5177 133.4 27.1081
      vertex 71.4349 133.4 27.231
    endloop
  endfacet
  facet normal -0.902823 0 -0.430011
    outer loop
      vertex 71.582 133.4 26.9731
      vertex 71.5177 134 27.1081
      vertex 71.582 134 26.9731
    endloop
  endfacet
  facet normal -0.902823 -0 -0.430011
    outer loop
      vertex 71.5177 134 27.1081
      vertex 71.582 133.4 26.9731
      vertex 71.5177 133.4 27.1081
    endloop
  endfacet
  facet normal -0.954364 0 -0.298645
    outer loop
      vertex 71.628 133.4 26.8261
      vertex 71.582 134 26.9731
      vertex 71.628 134 26.8261
    endloop
  endfacet
  facet normal -0.954364 -0 -0.298645
    outer loop
      vertex 71.582 134 26.9731
      vertex 71.628 133.4 26.8261
      vertex 71.582 133.4 26.9731
    endloop
  endfacet
  facet normal -0.985302 0 -0.170819
    outer loop
      vertex 71.6556 133.4 26.6669
      vertex 71.628 134 26.8261
      vertex 71.6556 134 26.6669
    endloop
  endfacet
  facet normal -0.985302 -0 -0.170819
    outer loop
      vertex 71.628 134 26.8261
      vertex 71.6556 133.4 26.6669
      vertex 71.628 133.4 26.8261
    endloop
  endfacet
  facet normal -0.998558 0 -0.0536922
    outer loop
      vertex 71.6648 133.4 26.4958
      vertex 71.6556 134 26.6669
      vertex 71.6648 134 26.4958
    endloop
  endfacet
  facet normal -0.998558 -0 -0.0536922
    outer loop
      vertex 71.6556 134 26.6669
      vertex 71.6648 133.4 26.4958
      vertex 71.6556 133.4 26.6669
    endloop
  endfacet
  facet normal -0.998845 0 0.0480565
    outer loop
      vertex 71.6569 133.4 26.3316
      vertex 71.6648 134 26.4958
      vertex 71.6569 134 26.3316
    endloop
  endfacet
  facet normal -0.998845 0 0.0480565
    outer loop
      vertex 71.6648 134 26.4958
      vertex 71.6569 133.4 26.3316
      vertex 71.6648 133.4 26.4958
    endloop
  endfacet
  facet normal -0.98791 0 0.15503
    outer loop
      vertex 71.633 133.4 26.1793
      vertex 71.6569 134 26.3316
      vertex 71.633 134 26.1793
    endloop
  endfacet
  facet normal -0.98791 0 0.15503
    outer loop
      vertex 71.6569 134 26.3316
      vertex 71.633 133.4 26.1793
      vertex 71.6569 133.4 26.3316
    endloop
  endfacet
  facet normal -0.96227 0 0.272095
    outer loop
      vertex 71.5933 133.4 26.0389
      vertex 71.633 134 26.1793
      vertex 71.5933 134 26.0389
    endloop
  endfacet
  facet normal -0.96227 0 0.272095
    outer loop
      vertex 71.633 134 26.1793
      vertex 71.5933 133.4 26.0389
      vertex 71.633 133.4 26.1793
    endloop
  endfacet
  facet normal -0.917885 0 0.396846
    outer loop
      vertex 71.5377 133.4 25.9103
      vertex 71.5933 134 26.0389
      vertex 71.5377 134 25.9103
    endloop
  endfacet
  facet normal -0.917885 0 0.396846
    outer loop
      vertex 71.5933 134 26.0389
      vertex 71.5377 133.4 25.9103
      vertex 71.5933 133.4 26.0389
    endloop
  endfacet
  facet normal -0.852685 0 0.522425
    outer loop
      vertex 71.4662 133.4 25.7936
      vertex 71.5377 134 25.9103
      vertex 71.4662 134 25.7936
    endloop
  endfacet
  facet normal -0.852685 0 0.522425
    outer loop
      vertex 71.5377 134 25.9103
      vertex 71.4662 133.4 25.7936
      vertex 71.5377 133.4 25.9103
    endloop
  endfacet
  facet normal -0.767981 0 0.640473
    outer loop
      vertex 71.3788 133.4 25.6888
      vertex 71.4662 134 25.7936
      vertex 71.3788 134 25.6888
    endloop
  endfacet
  facet normal -0.767981 0 0.640473
    outer loop
      vertex 71.4662 134 25.7936
      vertex 71.3788 133.4 25.6888
      vertex 71.4662 133.4 25.7936
    endloop
  endfacet
  facet normal -0.66921 0 0.743074
    outer loop
      vertex 71.2782 134 25.5982
      vertex 71.3788 133.4 25.6888
      vertex 71.3788 134 25.6888
    endloop
  endfacet
  facet normal -0.66921 0 0.743074
    outer loop
      vertex 71.3788 133.4 25.6888
      vertex 71.2782 134 25.5982
      vertex 71.2782 133.4 25.5982
    endloop
  endfacet
  facet normal -0.5547 0 0.83205
    outer loop
      vertex 71.1669 134 25.524
      vertex 71.2782 133.4 25.5982
      vertex 71.2782 134 25.5982
    endloop
  endfacet
  facet normal -0.5547 0 0.83205
    outer loop
      vertex 71.2782 133.4 25.5982
      vertex 71.1669 134 25.524
      vertex 71.1669 133.4 25.524
    endloop
  endfacet
  facet normal -0.428118 0 0.903723
    outer loop
      vertex 71.0451 134 25.4663
      vertex 71.1669 133.4 25.524
      vertex 71.1669 134 25.524
    endloop
  endfacet
  facet normal -0.428118 0 0.903723
    outer loop
      vertex 71.1669 133.4 25.524
      vertex 71.0451 134 25.4663
      vertex 71.0451 133.4 25.4663
    endloop
  endfacet
  facet normal -0.296921 0 0.954902
    outer loop
      vertex 70.9126 134 25.4251
      vertex 71.0451 133.4 25.4663
      vertex 71.0451 134 25.4663
    endloop
  endfacet
  facet normal -0.296921 0 0.954902
    outer loop
      vertex 71.0451 133.4 25.4663
      vertex 70.9126 134 25.4251
      vertex 70.9126 133.4 25.4251
    endloop
  endfacet
  facet normal -0.170091 0 0.985428
    outer loop
      vertex 70.7695 134 25.4004
      vertex 70.9126 133.4 25.4251
      vertex 70.9126 134 25.4251
    endloop
  endfacet
  facet normal -0.170091 0 0.985428
    outer loop
      vertex 70.9126 133.4 25.4251
      vertex 70.7695 134 25.4004
      vertex 70.7695 133.4 25.4004
    endloop
  endfacet
  facet normal -0.0539227 0 0.998545
    outer loop
      vertex 70.6158 134 25.3921
      vertex 70.7695 133.4 25.4004
      vertex 70.7695 134 25.4004
    endloop
  endfacet
  facet normal -0.0539227 0 0.998545
    outer loop
      vertex 70.7695 133.4 25.4004
      vertex 70.6158 134 25.3921
      vertex 70.6158 133.4 25.3921
    endloop
  endfacet
  facet normal 0.050911 0 0.998703
    outer loop
      vertex 70.4981 134 25.3981
      vertex 70.6158 133.4 25.3921
      vertex 70.6158 134 25.3921
    endloop
  endfacet
  facet normal 0.050911 0 0.998703
    outer loop
      vertex 70.6158 133.4 25.3921
      vertex 70.4981 134 25.3981
      vertex 70.4981 133.4 25.3981
    endloop
  endfacet
  facet normal 0.15747 0 0.987524
    outer loop
      vertex 70.3871 134 25.4158
      vertex 70.4981 133.4 25.3981
      vertex 70.4981 134 25.3981
    endloop
  endfacet
  facet normal 0.15747 0 0.987524
    outer loop
      vertex 70.4981 133.4 25.3981
      vertex 70.3871 134 25.4158
      vertex 70.3871 133.4 25.4158
    endloop
  endfacet
  facet normal 0.274112 0 0.961698
    outer loop
      vertex 70.2829 134 25.4455
      vertex 70.3871 133.4 25.4158
      vertex 70.3871 134 25.4158
    endloop
  endfacet
  facet normal 0.274112 0 0.961698
    outer loop
      vertex 70.3871 133.4 25.4158
      vertex 70.2829 134 25.4455
      vertex 70.2829 133.4 25.4455
    endloop
  endfacet
  facet normal 0.392439 0 0.919778
    outer loop
      vertex 70.1854 134 25.4871
      vertex 70.2829 133.4 25.4455
      vertex 70.2829 134 25.4455
    endloop
  endfacet
  facet normal 0.392439 0 0.919778
    outer loop
      vertex 70.2829 133.4 25.4455
      vertex 70.1854 134 25.4871
      vertex 70.1854 133.4 25.4871
    endloop
  endfacet
  facet normal 0.506937 0 0.861983
    outer loop
      vertex 70.0946 134 25.5405
      vertex 70.1854 133.4 25.4871
      vertex 70.1854 134 25.4871
    endloop
  endfacet
  facet normal 0.506937 0 0.861983
    outer loop
      vertex 70.1854 133.4 25.4871
      vertex 70.0946 134 25.5405
      vertex 70.0946 133.4 25.5405
    endloop
  endfacet
  facet normal 0.612704 0 0.790313
    outer loop
      vertex 70.0105 134 25.6057
      vertex 70.0946 133.4 25.5405
      vertex 70.0946 134 25.5405
    endloop
  endfacet
  facet normal 0.612704 0 0.790313
    outer loop
      vertex 70.0946 133.4 25.5405
      vertex 70.0105 134 25.6057
      vertex 70.0105 133.4 25.6057
    endloop
  endfacet
  facet normal -0.997911 0 -0.0646061
    outer loop
      vertex 70.0652 133.4 24.7608
      vertex 70.0105 134 25.6057
      vertex 70.0652 134 24.7608
    endloop
  endfacet
  facet normal -0.997911 -0 -0.0646061
    outer loop
      vertex 70.0105 134 25.6057
      vertex 70.0652 133.4 24.7608
      vertex 70.0105 133.4 25.6057
    endloop
  endfacet
  facet normal 0 0 -1
    outer loop
      vertex 70.0652 133.4 24.7608
      vertex 71.4702 134 24.7608
      vertex 71.4702 133.4 24.7608
    endloop
  endfacet
  facet normal -0 0 -1
    outer loop
      vertex 71.4702 134 24.7608
      vertex 70.0652 133.4 24.7608
      vertex 70.0652 134 24.7608
    endloop
  endfacet
  facet normal -1 0 0
    outer loop
      vertex 71.4702 133.4 24.2647
      vertex 71.4702 134 24.7608
      vertex 71.4702 134 24.2647
    endloop
  endfacet
  facet normal -1 -0 0
    outer loop
      vertex 71.4702 134 24.7608
      vertex 71.4702 133.4 24.2647
      vertex 71.4702 133.4 24.7608
    endloop
  endfacet
  facet normal -0 0 1
    outer loop
      vertex 69.4599 134 24.2647
      vertex 71.4702 133.4 24.2647
      vertex 71.4702 134 24.2647
    endloop
  endfacet
  facet normal 0 0 1
    outer loop
      vertex 71.4702 133.4 24.2647
      vertex 69.4599 134 24.2647
      vertex 69.4599 133.4 24.2647
    endloop
  endfacet
  facet normal 0.998096 -0 0.0616718
    outer loop
      vertex 69.3436 133.4 26.1469
      vertex 69.4599 134 24.2647
      vertex 69.3436 134 26.1469
    endloop
  endfacet
  facet normal 0.998096 0 0.0616718
    outer loop
      vertex 69.4599 134 24.2647
      vertex 69.3436 133.4 26.1469
      vertex 69.4599 133.4 24.2647
    endloop
  endfacet
  facet normal 0 0 -1
    outer loop
      vertex 69.3436 133.4 26.1469
      vertex 69.9939 134 26.1469
      vertex 69.9939 133.4 26.1469
    endloop
  endfacet
  facet normal -0 0 -1
    outer loop
      vertex 69.9939 134 26.1469
      vertex 69.3436 133.4 26.1469
      vertex 69.3436 134 26.1469
    endloop
  endfacet
  facet normal -0.732161 0 -0.681132
    outer loop
      vertex 70.0553 133.4 26.0809
      vertex 69.9939 134 26.1469
      vertex 70.0553 134 26.0809
    endloop
  endfacet
  facet normal -0.732161 -0 -0.681132
    outer loop
      vertex 69.9939 134 26.1469
      vertex 70.0553 133.4 26.0809
      vertex 69.9939 133.4 26.1469
    endloop
  endfacet
  facet normal -0.627525 0 -0.778596
    outer loop
      vertex 70.0553 133.4 26.0809
      vertex 70.1223 134 26.0269
      vertex 70.1223 133.4 26.0269
    endloop
  endfacet
  facet normal -0.627525 0 -0.778596
    outer loop
      vertex 70.1223 134 26.0269
      vertex 70.0553 133.4 26.0809
      vertex 70.0553 134 26.0809
    endloop
  endfacet
  facet normal -0.499722 0 -0.866186
    outer loop
      vertex 70.1223 133.4 26.0269
      vertex 70.1951 134 25.9849
      vertex 70.1951 133.4 25.9849
    endloop
  endfacet
  facet normal -0.499722 0 -0.866186
    outer loop
      vertex 70.1951 134 25.9849
      vertex 70.1223 133.4 26.0269
      vertex 70.1223 134 26.0269
    endloop
  endfacet
  facet normal -0.357382 0 -0.933958
    outer loop
      vertex 70.1951 133.4 25.9849
      vertex 70.2735 134 25.9549
      vertex 70.2735 133.4 25.9549
    endloop
  endfacet
  facet normal -0.357382 0 -0.933958
    outer loop
      vertex 70.2735 134 25.9549
      vertex 70.1951 133.4 25.9849
      vertex 70.1951 134 25.9849
    endloop
  endfacet
  facet normal -0.209529 0 -0.977802
    outer loop
      vertex 70.2735 133.4 25.9549
      vertex 70.3575 134 25.9369
      vertex 70.3575 133.4 25.9369
    endloop
  endfacet
  facet normal -0.209529 0 -0.977802
    outer loop
      vertex 70.3575 134 25.9369
      vertex 70.2735 133.4 25.9549
      vertex 70.2735 134 25.9549
    endloop
  endfacet
  facet normal -0.0666665 0 -0.997775
    outer loop
      vertex 70.3575 133.4 25.9369
      vertex 70.4473 134 25.9309
      vertex 70.4473 133.4 25.9309
    endloop
  endfacet
  facet normal -0.0666665 0 -0.997775
    outer loop
      vertex 70.4473 134 25.9309
      vertex 70.3575 133.4 25.9369
      vertex 70.3575 134 25.9369
    endloop
  endfacet
  facet normal 0.0544421 0 -0.998517
    outer loop
      vertex 70.4473 133.4 25.9309
      vertex 70.528 134 25.9353
      vertex 70.528 133.4 25.9353
    endloop
  endfacet
  facet normal 0.0544421 0 -0.998517
    outer loop
      vertex 70.528 134 25.9353
      vertex 70.4473 133.4 25.9309
      vertex 70.4473 134 25.9309
    endloop
  endfacet
  facet normal 0.172957 0 -0.984929
    outer loop
      vertex 70.528 133.4 25.9353
      vertex 70.6026 134 25.9484
      vertex 70.6026 133.4 25.9484
    endloop
  endfacet
  facet normal 0.172957 0 -0.984929
    outer loop
      vertex 70.6026 134 25.9484
      vertex 70.528 133.4 25.9353
      vertex 70.528 134 25.9353
    endloop
  endfacet
  facet normal 0.306596 0 -0.95184
    outer loop
      vertex 70.6026 133.4 25.9484
      vertex 70.6709 134 25.9704
      vertex 70.6709 133.4 25.9704
    endloop
  endfacet
  facet normal 0.306596 0 -0.95184
    outer loop
      vertex 70.6709 134 25.9704
      vertex 70.6026 133.4 25.9484
      vertex 70.6026 134 25.9484
    endloop
  endfacet
  facet normal 0.442594 0 -0.896722
    outer loop
      vertex 70.6709 133.4 25.9704
      vertex 70.7331 134 26.0011
      vertex 70.7331 133.4 26.0011
    endloop
  endfacet
  facet normal 0.442594 0 -0.896722
    outer loop
      vertex 70.7331 134 26.0011
      vertex 70.6709 133.4 25.9704
      vertex 70.6709 134 25.9704
    endloop
  endfacet
  facet normal 0.575421 0 -0.817857
    outer loop
      vertex 70.7331 133.4 26.0011
      vertex 70.7891 134 26.0405
      vertex 70.7891 133.4 26.0405
    endloop
  endfacet
  facet normal 0.575421 0 -0.817857
    outer loop
      vertex 70.7891 134 26.0405
      vertex 70.7331 133.4 26.0011
      vertex 70.7331 134 26.0011
    endloop
  endfacet
  facet normal 0.695469 0 -0.718556
    outer loop
      vertex 70.7891 133.4 26.0405
      vertex 70.8389 134 26.0887
      vertex 70.8389 133.4 26.0887
    endloop
  endfacet
  facet normal 0.695469 0 -0.718556
    outer loop
      vertex 70.8389 134 26.0887
      vertex 70.7891 133.4 26.0405
      vertex 70.7891 134 26.0405
    endloop
  endfacet
  facet normal 0.792412 0 -0.609986
    outer loop
      vertex 70.8817 133.4 26.1443
      vertex 70.8389 134 26.0887
      vertex 70.8817 134 26.1443
    endloop
  endfacet
  facet normal 0.792412 0 -0.609986
    outer loop
      vertex 70.8389 134 26.0887
      vertex 70.8817 133.4 26.1443
      vertex 70.8389 133.4 26.0887
    endloop
  endfacet
  facet normal 0.868765 0 -0.495224
    outer loop
      vertex 70.9167 133.4 26.2057
      vertex 70.8817 134 26.1443
      vertex 70.9167 134 26.2057
    endloop
  endfacet
  facet normal 0.868765 0 -0.495224
    outer loop
      vertex 70.8817 134 26.1443
      vertex 70.9167 133.4 26.2057
      vertex 70.8817 133.4 26.1443
    endloop
  endfacet
  facet normal 0.927141 0 -0.374714
    outer loop
      vertex 70.9439 133.4 26.273
      vertex 70.9167 134 26.2057
      vertex 70.9439 134 26.273
    endloop
  endfacet
  facet normal 0.927141 0 -0.374714
    outer loop
      vertex 70.9167 134 26.2057
      vertex 70.9439 133.4 26.273
      vertex 70.9167 133.4 26.2057
    endloop
  endfacet
  facet normal 0.966541 0 -0.25651
    outer loop
      vertex 70.9633 133.4 26.3461
      vertex 70.9439 134 26.273
      vertex 70.9633 134 26.3461
    endloop
  endfacet
  facet normal 0.966541 0 -0.25651
    outer loop
      vertex 70.9439 134 26.273
      vertex 70.9633 133.4 26.3461
      vertex 70.9439 133.4 26.273
    endloop
  endfacet
  facet normal 0.98921 0 -0.146503
    outer loop
      vertex 70.975 133.4 26.4251
      vertex 70.9633 134 26.3461
      vertex 70.975 134 26.4251
    endloop
  endfacet
  facet normal 0.98921 0 -0.146503
    outer loop
      vertex 70.9633 134 26.3461
      vertex 70.975 133.4 26.4251
      vertex 70.9633 133.4 26.3461
    endloop
  endfacet
  facet normal 0.998947 0 -0.045888
    outer loop
      vertex 70.9789 133.4 26.51
      vertex 70.975 134 26.4251
      vertex 70.9789 134 26.51
    endloop
  endfacet
  facet normal 0.998947 0 -0.045888
    outer loop
      vertex 70.975 134 26.4251
      vertex 70.9789 133.4 26.51
      vertex 70.975 133.4 26.4251
    endloop
  endfacet
  facet normal 0.999085 -0 0.0427584
    outer loop
      vertex 70.9748 133.4 26.6058
      vertex 70.9789 134 26.51
      vertex 70.9748 134 26.6058
    endloop
  endfacet
  facet normal 0.999085 0 0.0427584
    outer loop
      vertex 70.9789 134 26.51
      vertex 70.9748 133.4 26.6058
      vertex 70.9789 133.4 26.51
    endloop
  endfacet
  facet normal 0.990218 -0 0.139531
    outer loop
      vertex 70.9624 133.4 26.6938
      vertex 70.9748 134 26.6058
      vertex 70.9624 134 26.6938
    endloop
  endfacet
  facet normal 0.990218 0 0.139531
    outer loop
      vertex 70.9748 134 26.6058
      vertex 70.9624 133.4 26.6938
      vertex 70.9748 133.4 26.6058
    endloop
  endfacet
  facet normal 0.968559 -0 0.248782
    outer loop
      vertex 70.9418 133.4 26.774
      vertex 70.9624 134 26.6938
      vertex 70.9418 134 26.774
    endloop
  endfacet
  facet normal 0.968559 0 0.248782
    outer loop
      vertex 70.9624 134 26.6938
      vertex 70.9418 133.4 26.774
      vertex 70.9624 133.4 26.6938
    endloop
  endfacet
  facet normal 0.929358 -0 0.369179
    outer loop
      vertex 70.913 133.4 26.8465
      vertex 70.9418 134 26.774
      vertex 70.913 134 26.8465
    endloop
  endfacet
  facet normal 0.929358 0 0.369179
    outer loop
      vertex 70.9418 134 26.774
      vertex 70.913 133.4 26.8465
      vertex 70.9418 133.4 26.774
    endloop
  endfacet
  facet normal 0.8675 -0 0.497438
    outer loop
      vertex 70.8759 133.4 26.9112
      vertex 70.913 134 26.8465
      vertex 70.8759 134 26.9112
    endloop
  endfacet
  facet normal 0.8675 0 0.497438
    outer loop
      vertex 70.913 134 26.8465
      vertex 70.8759 133.4 26.9112
      vertex 70.913 133.4 26.8465
    endloop
  endfacet
  facet normal 0.782342 -0 0.622849
    outer loop
      vertex 70.8306 133.4 26.9681
      vertex 70.8759 134 26.9112
      vertex 70.8306 134 26.9681
    endloop
  endfacet
  facet normal 0.782342 0 0.622849
    outer loop
      vertex 70.8759 134 26.9112
      vertex 70.8306 133.4 26.9681
      vertex 70.8759 133.4 26.9112
    endloop
  endfacet
  facet normal 0.68072 0 0.732544
    outer loop
      vertex 70.7783 134 27.0167
      vertex 70.8306 133.4 26.9681
      vertex 70.8306 134 26.9681
    endloop
  endfacet
  facet normal 0.68072 0 0.732544
    outer loop
      vertex 70.8306 133.4 26.9681
      vertex 70.7783 134 27.0167
      vertex 70.7783 133.4 27.0167
    endloop
  endfacet
  facet normal 0.566166 0 0.824292
    outer loop
      vertex 70.7205 134 27.0564
      vertex 70.7783 133.4 27.0167
      vertex 70.7783 134 27.0167
    endloop
  endfacet
  facet normal 0.566166 0 0.824292
    outer loop
      vertex 70.7783 133.4 27.0167
      vertex 70.7205 134 27.0564
      vertex 70.7205 133.4 27.0564
    endloop
  endfacet
  facet normal 0.437559 0 0.89919
    outer loop
      vertex 70.657 134 27.0873
      vertex 70.7205 133.4 27.0564
      vertex 70.7205 134 27.0564
    endloop
  endfacet
  facet normal 0.437559 0 0.89919
    outer loop
      vertex 70.7205 133.4 27.0564
      vertex 70.657 134 27.0873
      vertex 70.657 133.4 27.0873
    endloop
  endfacet
  facet normal 0.304626 0 0.952472
    outer loop
      vertex 70.5879 134 27.1094
      vertex 70.657 133.4 27.0873
      vertex 70.657 134 27.0873
    endloop
  endfacet
  facet normal 0.304626 0 0.952472
    outer loop
      vertex 70.657 133.4 27.0873
      vertex 70.5879 134 27.1094
      vertex 70.5879 133.4 27.1094
    endloop
  endfacet
  facet normal 0.175517 0 0.984476
    outer loop
      vertex 70.5133 134 27.1227
      vertex 70.5879 133.4 27.1094
      vertex 70.5879 134 27.1094
    endloop
  endfacet
  facet normal 0.175517 0 0.984476
    outer loop
      vertex 70.5879 133.4 27.1094
      vertex 70.5133 134 27.1227
      vertex 70.5133 133.4 27.1227
    endloop
  endfacet
  facet normal 0.0547124 0 0.998502
    outer loop
      vertex 70.433 134 27.1271
      vertex 70.5133 133.4 27.1227
      vertex 70.5133 134 27.1227
    endloop
  endfacet
  facet normal 0.0547124 0 0.998502
    outer loop
      vertex 70.5133 133.4 27.1227
      vertex 70.433 134 27.1271
      vertex 70.433 133.4 27.1271
    endloop
  endfacet
  facet normal -0.0413123 0 0.999146
    outer loop
      vertex 70.3677 134 27.1244
      vertex 70.433 133.4 27.1271
      vertex 70.433 134 27.1271
    endloop
  endfacet
  facet normal -0.0413123 0 0.999146
    outer loop
      vertex 70.433 133.4 27.1271
      vertex 70.3677 134 27.1244
      vertex 70.3677 133.4 27.1244
    endloop
  endfacet
  facet normal -0.13058 0 0.991438
    outer loop
      vertex 70.3062 134 27.1163
      vertex 70.3677 133.4 27.1244
      vertex 70.3677 134 27.1244
    endloop
  endfacet
  facet normal -0.13058 0 0.991438
    outer loop
      vertex 70.3677 133.4 27.1244
      vertex 70.3062 134 27.1163
      vertex 70.3062 133.4 27.1163
    endloop
  endfacet
  facet normal -0.227816 0 0.973704
    outer loop
      vertex 70.2485 134 27.1028
      vertex 70.3062 133.4 27.1163
      vertex 70.3062 134 27.1163
    endloop
  endfacet
  facet normal -0.227816 0 0.973704
    outer loop
      vertex 70.3062 133.4 27.1163
      vertex 70.2485 134 27.1028
      vertex 70.2485 133.4 27.1028
    endloop
  endfacet
  facet normal -0.332454 0 0.943119
    outer loop
      vertex 70.1946 134 27.0838
      vertex 70.2485 133.4 27.1028
      vertex 70.2485 134 27.1028
    endloop
  endfacet
  facet normal -0.332454 0 0.943119
    outer loop
      vertex 70.2485 133.4 27.1028
      vertex 70.1946 134 27.0838
      vertex 70.1946 133.4 27.0838
    endloop
  endfacet
  facet normal -0.436406 0 0.89975
    outer loop
      vertex 70.1445 134 27.0595
      vertex 70.1946 133.4 27.0838
      vertex 70.1946 134 27.0838
    endloop
  endfacet
  facet normal -0.436406 0 0.89975
    outer loop
      vertex 70.1946 133.4 27.0838
      vertex 70.1445 134 27.0595
      vertex 70.1445 133.4 27.0595
    endloop
  endfacet
  facet normal -0.540758 0 0.841178
    outer loop
      vertex 70.0983 134 27.0298
      vertex 70.1445 133.4 27.0595
      vertex 70.1445 134 27.0595
    endloop
  endfacet
  facet normal -0.540758 0 0.841178
    outer loop
      vertex 70.1445 133.4 27.0595
      vertex 70.0983 134 27.0298
      vertex 70.0983 133.4 27.0298
    endloop
  endfacet
  facet normal -0.647648 0 0.761939
    outer loop
      vertex 70.0563 134 26.9941
      vertex 70.0983 133.4 27.0298
      vertex 70.0983 134 27.0298
    endloop
  endfacet
  facet normal -0.647648 0 0.761939
    outer loop
      vertex 70.0983 133.4 27.0298
      vertex 70.0563 134 26.9941
      vertex 70.0563 133.4 26.9941
    endloop
  endfacet
  facet normal -0.745843 0 0.666121
    outer loop
      vertex 70.0187 133.4 26.952
      vertex 70.0563 134 26.9941
      vertex 70.0187 134 26.952
    endloop
  endfacet
  facet normal -0.745843 0 0.666121
    outer loop
      vertex 70.0563 134 26.9941
      vertex 70.0187 133.4 26.952
      vertex 70.0563 133.4 26.9941
    endloop
  endfacet
  facet normal -0.826515 0 0.562915
    outer loop
      vertex 69.9856 133.4 26.9034
      vertex 70.0187 134 26.952
      vertex 69.9856 134 26.9034
    endloop
  endfacet
  facet normal -0.826515 0 0.562915
    outer loop
      vertex 70.0187 134 26.952
      vertex 69.9856 133.4 26.9034
      vertex 70.0187 133.4 26.952
    endloop
  endfacet
  facet normal -0.887559 0 0.460693
    outer loop
      vertex 69.957 133.4 26.8483
      vertex 69.9856 134 26.9034
      vertex 69.957 134 26.8483
    endloop
  endfacet
  facet normal -0.887559 0 0.460693
    outer loop
      vertex 69.9856 134 26.9034
      vertex 69.957 133.4 26.8483
      vertex 69.9856 133.4 26.9034
    endloop
  endfacet
  facet normal -0.931064 0 0.364856
    outer loop
      vertex 69.9329 133.4 26.7868
      vertex 69.957 134 26.8483
      vertex 69.9329 134 26.7868
    endloop
  endfacet
  facet normal -0.931064 0 0.364856
    outer loop
      vertex 69.957 134 26.8483
      vertex 69.9329 133.4 26.7868
      vertex 69.957 133.4 26.8483
    endloop
  endfacet
  facet normal -0.960881 0 0.27696
    outer loop
      vertex 69.9133 133.4 26.7188
      vertex 69.9329 134 26.7868
      vertex 69.9133 134 26.7188
    endloop
  endfacet
  facet normal -0.960881 0 0.27696
    outer loop
      vertex 69.9329 134 26.7868
      vertex 69.9133 133.4 26.7188
      vertex 69.9329 133.4 26.7868
    endloop
  endfacet
  facet normal 0.0817346 0 0.996654
    outer loop
      vertex 69.2463 134 26.7735
      vertex 69.9133 133.4 26.7188
      vertex 69.9133 134 26.7188
    endloop
  endfacet
  facet normal 0.0817346 0 0.996654
    outer loop
      vertex 69.9133 133.4 26.7188
      vertex 69.2463 134 26.7735
      vertex 69.2463 133.4 26.7735
    endloop
  endfacet
  facet normal 0.976719 0 -0.214523
    outer loop
      vertex 69.2765 133.4 26.911
      vertex 69.2463 134 26.7735
      vertex 69.2765 134 26.911
    endloop
  endfacet
  facet normal 0.976719 0 -0.214523
    outer loop
      vertex 69.2463 134 26.7735
      vertex 69.2765 133.4 26.911
      vertex 69.2463 133.4 26.7735
    endloop
  endfacet
  facet normal 0.94664 0 -0.322292
    outer loop
      vertex 69.3195 133.4 27.0373
      vertex 69.2765 134 26.911
      vertex 69.3195 134 27.0373
    endloop
  endfacet
  facet normal 0.94664 0 -0.322292
    outer loop
      vertex 69.2765 134 26.911
      vertex 69.3195 133.4 27.0373
      vertex 69.2765 133.4 26.911
    endloop
  endfacet
  facet normal 0.899376 0 -0.437175
    outer loop
      vertex 69.3754 133.4 27.1523
      vertex 69.3195 134 27.0373
      vertex 69.3754 134 27.1523
    endloop
  endfacet
  facet normal 0.899376 0 -0.437175
    outer loop
      vertex 69.3195 134 27.0373
      vertex 69.3754 133.4 27.1523
      vertex 69.3195 133.4 27.0373
    endloop
  endfacet
  facet normal 0.833655 0 -0.552286
    outer loop
      vertex 69.4441 133.4 27.256
      vertex 69.3754 134 27.1523
      vertex 69.4441 134 27.256
    endloop
  endfacet
  facet normal 0.833655 0 -0.552286
    outer loop
      vertex 69.3754 134 27.1523
      vertex 69.4441 133.4 27.256
      vertex 69.3754 133.4 27.1523
    endloop
  endfacet
  facet normal 0.749909 0 -0.661541
    outer loop
      vertex 69.5257 133.4 27.3485
      vertex 69.4441 134 27.256
      vertex 69.5257 134 27.3485
    endloop
  endfacet
  facet normal 0.749909 0 -0.661541
    outer loop
      vertex 69.4441 134 27.256
      vertex 69.5257 133.4 27.3485
      vertex 69.4441 133.4 27.256
    endloop
  endfacet
  facet normal 0.652113 0 -0.758122
    outer loop
      vertex 69.5257 133.4 27.3485
      vertex 69.6201 134 27.4297
      vertex 69.6201 133.4 27.4297
    endloop
  endfacet
  facet normal 0.652113 0 -0.758122
    outer loop
      vertex 69.6201 134 27.4297
      vertex 69.5257 133.4 27.3485
      vertex 69.5257 134 27.3485
    endloop
  endfacet
  facet normal 0.545403 0 -0.838174
    outer loop
      vertex 69.6201 133.4 27.4297
      vertex 69.7266 134 27.499
      vertex 69.7266 133.4 27.499
    endloop
  endfacet
  facet normal 0.545403 0 -0.838174
    outer loop
      vertex 69.7266 134 27.499
      vertex 69.6201 133.4 27.4297
      vertex 69.6201 134 27.4297
    endloop
  endfacet
  facet normal 0.433977 0 -0.900924
    outer loop
      vertex 69.7266 133.4 27.499
      vertex 69.8441 134 27.5556
      vertex 69.8441 133.4 27.5556
    endloop
  endfacet
  facet normal 0.433977 0 -0.900924
    outer loop
      vertex 69.8441 134 27.5556
      vertex 69.7266 133.4 27.499
      vertex 69.7266 134 27.499
    endloop
  endfacet
  facet normal 0.32393 0 -0.946081
    outer loop
      vertex 69.8441 133.4 27.5556
      vertex 69.9729 134 27.5997
      vertex 69.9729 133.4 27.5997
    endloop
  endfacet
  facet normal 0.32393 0 -0.946081
    outer loop
      vertex 69.9729 134 27.5997
      vertex 69.8441 133.4 27.5556
      vertex 69.8441 134 27.5556
    endloop
  endfacet
  facet normal 0.219811 0 -0.975542
    outer loop
      vertex 69.9729 133.4 27.5997
      vertex 70.1127 134 27.6312
      vertex 70.1127 133.4 27.6312
    endloop
  endfacet
  facet normal 0.219811 0 -0.975542
    outer loop
      vertex 70.1127 134 27.6312
      vertex 69.9729 133.4 27.5997
      vertex 69.9729 134 27.5997
    endloop
  endfacet
  facet normal 0.124196 0 -0.992258
    outer loop
      vertex 70.1127 133.4 27.6312
      vertex 70.2637 134 27.6501
      vertex 70.2637 133.4 27.6501
    endloop
  endfacet
  facet normal 0.124196 0 -0.992258
    outer loop
      vertex 70.2637 134 27.6501
      vertex 70.1127 133.4 27.6312
      vertex 70.1127 134 27.6312
    endloop
  endfacet
  facet normal 0.0388117 0 -0.999247
    outer loop
      vertex 70.2637 133.4 27.6501
      vertex 70.4259 134 27.6564
      vertex 70.4259 133.4 27.6564
    endloop
  endfacet
  facet normal 0.0388117 0 -0.999247
    outer loop
      vertex 70.4259 134 27.6564
      vertex 70.2637 133.4 27.6501
      vertex 70.2637 134 27.6501
    endloop
  endfacet
  facet normal -0.0474116 0 -0.998875
    outer loop
      vertex 70.4259 133.4 27.6564
      vertex 70.6113 134 27.6476
      vertex 70.6113 133.4 27.6476
    endloop
  endfacet
  facet normal -0.0474116 0 -0.998875
    outer loop
      vertex 70.6113 134 27.6476
      vertex 70.4259 133.4 27.6564
      vertex 70.4259 134 27.6564
    endloop
  endfacet
  facet normal -0 0 1
    outer loop
      vertex 74.2219 134 24.2647
      vertex 74.9458 133.4 24.2647
      vertex 74.9458 134 24.2647
    endloop
  endfacet
  facet normal 0 0 1
    outer loop
      vertex 74.9458 133.4 24.2647
      vertex 74.2219 134 24.2647
      vertex 74.2219 133.4 24.2647
    endloop
  endfacet
  facet normal 0.952612 -0 0.304188
    outer loop
      vertex 73.536 133.4 26.4127
      vertex 74.2219 134 24.2647
      vertex 73.536 134 26.4127
    endloop
  endfacet
  facet normal 0.952612 0 0.304188
    outer loop
      vertex 74.2219 134 24.2647
      vertex 73.536 133.4 26.4127
      vertex 74.2219 133.4 24.2647
    endloop
  endfacet
  facet normal 0.962091 -0 0.272728
    outer loop
      vertex 73.4149 133.4 26.8399
      vertex 73.536 134 26.4127
      vertex 73.4149 134 26.8399
    endloop
  endfacet
  facet normal 0.962091 0 0.272728
    outer loop
      vertex 73.536 134 26.4127
      vertex 73.4149 133.4 26.8399
      vertex 73.536 133.4 26.4127
    endloop
  endfacet
  facet normal 0.971499 -0 0.237044
    outer loop
      vertex 73.3651 133.4 27.044
      vertex 73.4149 134 26.8399
      vertex 73.3651 134 27.044
    endloop
  endfacet
  facet normal 0.971499 0 0.237044
    outer loop
      vertex 73.4149 134 26.8399
      vertex 73.3651 133.4 27.044
      vertex 73.4149 133.4 26.8399
    endloop
  endfacet
  facet normal -0.966366 0 0.257172
    outer loop
      vertex 73.3292 133.4 26.9091
      vertex 73.3651 134 27.044
      vertex 73.3292 134 26.9091
    endloop
  endfacet
  facet normal -0.966366 0 0.257172
    outer loop
      vertex 73.3651 134 27.044
      vertex 73.3292 133.4 26.9091
      vertex 73.3651 133.4 27.044
    endloop
  endfacet
  facet normal -0.965449 0 0.260593
    outer loop
      vertex 73.296 133.4 26.7861
      vertex 73.3292 134 26.9091
      vertex 73.296 134 26.7861
    endloop
  endfacet
  facet normal -0.965449 0 0.260593
    outer loop
      vertex 73.3292 134 26.9091
      vertex 73.296 133.4 26.7861
      vertex 73.3292 133.4 26.9091
    endloop
  endfacet
  facet normal -0.9641 0 0.26554
    outer loop
      vertex 73.2654 133.4 26.675
      vertex 73.296 134 26.7861
      vertex 73.2654 134 26.675
    endloop
  endfacet
  facet normal -0.9641 0 0.26554
    outer loop
      vertex 73.296 134 26.7861
      vertex 73.2654 133.4 26.675
      vertex 73.296 133.4 26.7861
    endloop
  endfacet
  facet normal -0.962469 0 0.271391
    outer loop
      vertex 73.2374 133.4 26.5757
      vertex 73.2654 134 26.675
      vertex 73.2374 134 26.5757
    endloop
  endfacet
  facet normal -0.962469 0 0.271391
    outer loop
      vertex 73.2654 134 26.675
      vertex 73.2374 133.4 26.5757
      vertex 73.2654 133.4 26.675
    endloop
  endfacet
  facet normal -0.960649 0 0.277765
    outer loop
      vertex 73.2121 133.4 26.4882
      vertex 73.2374 134 26.5757
      vertex 73.2121 134 26.4882
    endloop
  endfacet
  facet normal -0.960649 0 0.277765
    outer loop
      vertex 73.2374 134 26.5757
      vertex 73.2121 133.4 26.4882
      vertex 73.2374 133.4 26.5757
    endloop
  endfacet
  facet normal -0.957652 0 0.28793
    outer loop
      vertex 73.1894 133.4 26.4127
      vertex 73.2121 134 26.4882
      vertex 73.1894 134 26.4127
    endloop
  endfacet
  facet normal -0.957652 0 0.28793
    outer loop
      vertex 73.2121 134 26.4882
      vertex 73.1894 133.4 26.4127
      vertex 73.2121 133.4 26.4882
    endloop
  endfacet
  facet normal -0.952316 0 0.305114
    outer loop
      vertex 72.5012 133.4 24.2647
      vertex 73.1894 134 26.4127
      vertex 72.5012 134 24.2647
    endloop
  endfacet
  facet normal -0.952316 0 0.305114
    outer loop
      vertex 73.1894 134 26.4127
      vertex 72.5012 133.4 24.2647
      vertex 73.1894 133.4 26.4127
    endloop
  endfacet
  facet normal -0 0 1
    outer loop
      vertex 71.7701 134 24.2647
      vertex 72.5012 133.4 24.2647
      vertex 72.5012 134 24.2647
    endloop
  endfacet
  facet normal 0 0 1
    outer loop
      vertex 72.5012 133.4 24.2647
      vertex 71.7701 134 24.2647
      vertex 71.7701 133.4 24.2647
    endloop
  endfacet
  facet normal 0.937931 0 -0.346823
    outer loop
      vertex 73.0067 133.4 27.6089
      vertex 71.7701 134 24.2647
      vertex 73.0067 134 27.6089
    endloop
  endfacet
  facet normal 0.937931 0 -0.346823
    outer loop
      vertex 71.7701 134 24.2647
      vertex 73.0067 133.4 27.6089
      vertex 71.7701 133.4 24.2647
    endloop
  endfacet
  facet normal 0 0 -1
    outer loop
      vertex 73.0067 133.4 27.6089
      vertex 73.7164 134 27.6089
      vertex 73.7164 133.4 27.6089
    endloop
  endfacet
  facet normal -0 0 -1
    outer loop
      vertex 73.7164 134 27.6089
      vertex 73.0067 133.4 27.6089
      vertex 73.0067 134 27.6089
    endloop
  endfacet
  facet normal -0.938586 0 -0.345045
    outer loop
      vertex 74.9458 133.4 24.2647
      vertex 73.7164 134 27.6089
      vertex 74.9458 134 24.2647
    endloop
  endfacet
  facet normal -0.938586 -0 -0.345045
    outer loop
      vertex 73.7164 134 27.6089
      vertex 74.9458 133.4 24.2647
      vertex 73.7164 133.4 27.6089
    endloop
  endfacet
  facet normal -1 0 0
    outer loop
      vertex 76.5 131.5 13.3
      vertex 76.5 134 0
      vertex 76.5 131.5 3
    endloop
  endfacet
  facet normal -1 0 0
    outer loop
      vertex 76.5 123.5 0
      vertex 76.5 131.5 3
      vertex 76.5 134 0
    endloop
  endfacet
  facet normal -1 -0 0
    outer loop
      vertex 76.5 131.5 3
      vertex 76.5 123.5 0
      vertex 76.5 123.5 3
    endloop
  endfacet
  facet normal -1 0 0
    outer loop
      vertex 76.5 134 0
      vertex 76.5 131.5 13.3
      vertex 76.5 134 16.5
    endloop
  endfacet
  facet normal -1 -0 0
    outer loop
      vertex 76.5 134 16.5
      vertex 76.5 131.5 13.3
      vertex 76.5 128.3 16.5
    endloop
  endfacet
  facet normal 0 0 -1
    outer loop
      vertex 67.5 128.3 16.5
      vertex 76.5 134 16.5
      vertex 76.5 128.3 16.5
    endloop
  endfacet
  facet normal -0 0 -1
    outer loop
      vertex 76.5 134 16.5
      vertex 67.5 128.3 16.5
      vertex 67.5 134 16.5
    endloop
  endfacet
  facet normal 1 0 0
    outer loop
      vertex 67.5 134 16.5
      vertex 67.5 131.5 13.3
      vertex 67.5 134 0
    endloop
  endfacet
  facet normal 1 0 -0
    outer loop
      vertex 67.5 131.5 13.3
      vertex 67.5 134 16.5
      vertex 67.5 128.3 16.5
    endloop
  endfacet
  facet normal 1 -0 0
    outer loop
      vertex 67.5 131.5 3
      vertex 67.5 134 0
      vertex 67.5 131.5 13.3
    endloop
  endfacet
  facet normal 1 0 0
    outer loop
      vertex 67.5 123.5 0
      vertex 67.5 131.5 3
      vertex 67.5 123.5 3
    endloop
  endfacet
  facet normal 1 0 0
    outer loop
      vertex 67.5 131.5 3
      vertex 67.5 123.5 0
      vertex 67.5 134 0
    endloop
  endfacet
  facet normal -1 0 0
    outer loop
      vertex 0 131.5 21.3
      vertex 0 134 34.7
      vertex 0 134 0
    endloop
  endfacet
  facet normal -1 0 0
    outer loop
      vertex 0 131.5 35.5
      vertex 0 134 34.7
      vertex 0 131.5 21.3
    endloop
  endfacet
  facet normal -1 0 0
    outer loop
      vertex 0 128.15 0
      vertex 0 131.5 21.3
      vertex 0 134 0
    endloop
  endfacet
  facet normal -1 -0 0
    outer loop
      vertex 0 131.5 21.3
      vertex 0 128.15 0
      vertex 0 128.15 21.3
    endloop
  endfacet
  facet normal -1 0 0
    outer loop
      vertex 0 134 34.7
      vertex 0 131.5 35.5
      vertex 0 133.2 35.5
    endloop
  endfacet
  facet normal -1 0 0
    outer loop
      vertex 0 5.85001 0
      vertex 0 2.5 21.3
      vertex 0 5.85001 21.3
    endloop
  endfacet
  facet normal -1 0 0
    outer loop
      vertex 0 0 34.7
      vertex 0 2.5 35.5
      vertex 0 2.5 21.3
    endloop
  endfacet
  facet normal -1 0 0
    outer loop
      vertex 0 0 0
      vertex 0 2.5 21.3
      vertex 0 5.85001 0
    endloop
  endfacet
  facet normal -1 0 0
    outer loop
      vertex 0 0 34.7
      vertex 0 2.5 21.3
      vertex 0 0 0
    endloop
  endfacet
  facet normal -1 -0 0
    outer loop
      vertex 0 2.5 35.5
      vertex 0 0 34.7
      vertex 0 0.800003 35.5
    endloop
  endfacet
  facet normal -1 0 0
    outer loop
      vertex 0 119.5 0
      vertex 0 123.85 21.3
      vertex 0 123.85 0
    endloop
  endfacet
  facet normal -1 -0 0
    outer loop
      vertex 0 123.85 21.3
      vertex 0 119.5 0
      vertex 0 119.5 21.3
    endloop
  endfacet
  facet normal -1 0 0
    outer loop
      vertex 0 10.15 0
      vertex 0 14.5 21.3
      vertex 0 14.5 0
    endloop
  endfacet
  facet normal -1 -0 0
    outer loop
      vertex 0 14.5 21.3
      vertex 0 10.15 0
      vertex 0 10.15 21.3
    endloop
  endfacet
endsolid OpenSCAD_Model
