solid OpenSCAD_Model
  facet normal 0.0786053 0.996906 -0
    outer loop
      vertex 80.4577 51.4352 7.62939e-07
      vertex 80.27 51.45 9.2
      vertex 80.4577 51.4352 9.2
    endloop
  endfacet
  facet normal 0.0786053 0.996906 0
    outer loop
      vertex 80.27 51.45 9.2
      vertex 80.4577 51.4352 7.62939e-07
      vertex 80.27 51.45 7.62939e-07
    endloop
  endfacet
  facet normal 0.0784498 -0.996918 0
    outer loop
      vertex 80.27 1.54495e-05 7.62939e-07
      vertex 80.4577 0.014786 9.2
      vertex 80.27 1.54495e-05 9.2
    endloop
  endfacet
  facet normal 0.0784498 -0.996918 0
    outer loop
      vertex 80.4577 0.014786 9.2
      vertex 80.27 1.54495e-05 7.62939e-07
      vertex 80.4577 0.014786 7.62939e-07
    endloop
  endfacet
  facet normal -0.972367 0.233456 0
    outer loop
      vertex 0.0147741 50.4377 7.62939e-07
      vertex 0.0587346 50.6208 9.2
      vertex 0.0587346 50.6208 7.62939e-07
    endloop
  endfacet
  facet normal -0.972367 0.233456 0
    outer loop
      vertex 0.0587346 50.6208 9.2
      vertex 0.0147741 50.4377 7.62939e-07
      vertex 0.0147741 50.4377 9.2
    endloop
  endfacet
  facet normal -1 0 0
    outer loop
      vertex 3.54767e-06 50.25 7.62939e-07
      vertex 3.54767e-06 49.45 2.4
      vertex 3.54767e-06 50.25 9.2
    endloop
  endfacet
  facet normal -1 0 0
    outer loop
      vertex 3.54767e-06 50.25 7.62939e-07
      vertex 3.54767e-06 2 2.4
      vertex 3.54767e-06 49.45 2.4
    endloop
  endfacet
  facet normal -1 0 0
    outer loop
      vertex 3.54767e-06 1.20001 7.62939e-07
      vertex 3.54767e-06 2 2.4
      vertex 3.54767e-06 50.25 7.62939e-07
    endloop
  endfacet
  facet normal -1 0 0
    outer loop
      vertex 3.54767e-06 1.20001 9.2
      vertex 3.54767e-06 2 2.4
      vertex 3.54767e-06 1.20001 7.62939e-07
    endloop
  endfacet
  facet normal -1 0 0
    outer loop
      vertex 3.54767e-06 2 2.4
      vertex 3.54767e-06 1.20001 9.2
      vertex 3.54767e-06 2 9.2
    endloop
  endfacet
  facet normal -1 -0 0
    outer loop
      vertex 3.54767e-06 50.25 9.2
      vertex 3.54767e-06 49.45 2.4
      vertex 3.54767e-06 49.45 9.2
    endloop
  endfacet
  facet normal -0.522502 -0.852638 0
    outer loop
      vertex 0.494663 0.229187 7.62939e-07
      vertex 0.655216 0.130799 9.2
      vertex 0.494663 0.229187 9.2
    endloop
  endfacet
  facet normal -0.522502 -0.852638 -0
    outer loop
      vertex 0.655216 0.130799 9.2
      vertex 0.494663 0.229187 7.62939e-07
      vertex 0.655216 0.130799 7.62939e-07
    endloop
  endfacet
  facet normal -0.760395 -0.64946 0
    outer loop
      vertex 0.351474 0.351486 7.62939e-07
      vertex 0.229175 0.494675 9.2
      vertex 0.229175 0.494675 7.62939e-07
    endloop
  endfacet
  facet normal -0.760395 -0.64946 0
    outer loop
      vertex 0.229175 0.494675 9.2
      vertex 0.351474 0.351486 7.62939e-07
      vertex 0.351474 0.351486 9.2
    endloop
  endfacet
  facet normal 0.760417 0.649435 0
    outer loop
      vertex 81.2408 50.9553 9.2
      vertex 81.1185 51.0985 7.62939e-07
      vertex 81.1185 51.0985 9.2
    endloop
  endfacet
  facet normal 0.760417 0.649435 0
    outer loop
      vertex 81.1185 51.0985 7.62939e-07
      vertex 81.2408 50.9553 9.2
      vertex 81.2408 50.9553 7.62939e-07
    endloop
  endfacet
  facet normal -0.923919 0.382589 0
    outer loop
      vertex 0.0587346 50.6208 7.62939e-07
      vertex 0.130787 50.7948 9.2
      vertex 0.130787 50.7948 7.62939e-07
    endloop
  endfacet
  facet normal -0.923919 0.382589 0
    outer loop
      vertex 0.130787 50.7948 9.2
      vertex 0.0587346 50.6208 7.62939e-07
      vertex 0.0587346 50.6208 9.2
    endloop
  endfacet
  facet normal 0.972437 -0.233168 0
    outer loop
      vertex 81.4113 0.829193 9.2
      vertex 81.4552 1.01228 7.62939e-07
      vertex 81.4552 1.01228 9.2
    endloop
  endfacet
  facet normal 0.972437 -0.233168 0
    outer loop
      vertex 81.4552 1.01228 7.62939e-07
      vertex 81.4113 0.829193 9.2
      vertex 81.4113 0.829193 7.62939e-07
    endloop
  endfacet
  facet normal 0.233456 -0.972367 0
    outer loop
      vertex 80.4577 0.014786 7.62939e-07
      vertex 80.6408 0.0587465 9.2
      vertex 80.4577 0.014786 9.2
    endloop
  endfacet
  facet normal 0.233456 -0.972367 0
    outer loop
      vertex 80.6408 0.0587465 9.2
      vertex 80.4577 0.014786 7.62939e-07
      vertex 80.6408 0.0587465 7.62939e-07
    endloop
  endfacet
  facet normal -0.852638 -0.522502 0
    outer loop
      vertex 0.229175 0.494675 7.62939e-07
      vertex 0.130787 0.655228 9.2
      vertex 0.130787 0.655228 7.62939e-07
    endloop
  endfacet
  facet normal -0.852638 -0.522502 0
    outer loop
      vertex 0.130787 0.655228 9.2
      vertex 0.229175 0.494675 7.62939e-07
      vertex 0.229175 0.494675 9.2
    endloop
  endfacet
  facet normal 0 1 -0
    outer loop
      vertex 80.27 51.45 7.62939e-07
      vertex 1.2 51.45 9.2
      vertex 80.27 51.45 9.2
    endloop
  endfacet
  facet normal 0 1 0
    outer loop
      vertex 1.2 51.45 9.2
      vertex 80.27 51.45 7.62939e-07
      vertex 1.2 51.45 7.62939e-07
    endloop
  endfacet
  facet normal -0.649464 0.760393 0
    outer loop
      vertex 0.494663 51.2208 7.62939e-07
      vertex 0.351474 51.0985 9.2
      vertex 0.494663 51.2208 9.2
    endloop
  endfacet
  facet normal -0.649464 0.760393 0
    outer loop
      vertex 0.351474 51.0985 9.2
      vertex 0.494663 51.2208 7.62939e-07
      vertex 0.351474 51.0985 7.62939e-07
    endloop
  endfacet
  facet normal -0.972364 -0.233471 0
    outer loop
      vertex 0.0587346 0.829193 7.62939e-07
      vertex 0.0147741 1.01228 9.2
      vertex 0.0147741 1.01228 7.62939e-07
    endloop
  endfacet
  facet normal -0.972364 -0.233471 0
    outer loop
      vertex 0.0147741 1.01228 9.2
      vertex 0.0587346 0.829193 7.62939e-07
      vertex 0.0587346 0.829193 9.2
    endloop
  endfacet
  facet normal 0 -1 0
    outer loop
      vertex 1.2 1.54495e-05 7.62939e-07
      vertex 80.27 1.54495e-05 9.2
      vertex 1.2 1.54495e-05 9.2
    endloop
  endfacet
  facet normal 0 -1 -0
    outer loop
      vertex 80.27 1.54495e-05 9.2
      vertex 1.2 1.54495e-05 7.62939e-07
      vertex 80.27 1.54495e-05 7.62939e-07
    endloop
  endfacet
  facet normal -0.0785928 0.996907 0
    outer loop
      vertex 1.2 51.45 7.62939e-07
      vertex 1.01227 51.4352 9.2
      vertex 1.2 51.45 9.2
    endloop
  endfacet
  facet normal -0.0785928 0.996907 0
    outer loop
      vertex 1.01227 51.4352 9.2
      vertex 1.2 51.45 7.62939e-07
      vertex 1.01227 51.4352 7.62939e-07
    endloop
  endfacet
  facet normal -0.0784373 -0.996919 0
    outer loop
      vertex 1.01227 0.014786 7.62939e-07
      vertex 1.2 1.54495e-05 9.2
      vertex 1.01227 0.014786 9.2
    endloop
  endfacet
  facet normal -0.0784373 -0.996919 -0
    outer loop
      vertex 1.2 1.54495e-05 9.2
      vertex 1.01227 0.014786 7.62939e-07
      vertex 1.2 1.54495e-05 7.62939e-07
    endloop
  endfacet
  facet normal -0.233165 0.972437 0
    outer loop
      vertex 1.01227 51.4352 7.62939e-07
      vertex 0.829181 51.3913 9.2
      vertex 1.01227 51.4352 9.2
    endloop
  endfacet
  facet normal -0.233165 0.972437 0
    outer loop
      vertex 0.829181 51.3913 9.2
      vertex 1.01227 51.4352 7.62939e-07
      vertex 0.829181 51.3913 7.62939e-07
    endloop
  endfacet
  facet normal -0.996918 0.0784498 0
    outer loop
      vertex 3.54767e-06 50.25 7.62939e-07
      vertex 0.0147741 50.4377 9.2
      vertex 0.0147741 50.4377 7.62939e-07
    endloop
  endfacet
  facet normal -0.996918 0.0784498 0
    outer loop
      vertex 0.0147741 50.4377 9.2
      vertex 3.54767e-06 50.25 7.62939e-07
      vertex 3.54767e-06 50.25 9.2
    endloop
  endfacet
  facet normal -0.233469 -0.972364 0
    outer loop
      vertex 0.829181 0.0587465 7.62939e-07
      vertex 1.01227 0.014786 9.2
      vertex 0.829181 0.0587465 9.2
    endloop
  endfacet
  facet normal -0.233469 -0.972364 -0
    outer loop
      vertex 1.01227 0.014786 9.2
      vertex 0.829181 0.0587465 7.62939e-07
      vertex 1.01227 0.014786 7.62939e-07
    endloop
  endfacet
  facet normal -0.996919 -0.0784374 0
    outer loop
      vertex 0.0147741 1.01228 7.62939e-07
      vertex 3.54767e-06 1.20001 9.2
      vertex 3.54767e-06 1.20001 7.62939e-07
    endloop
  endfacet
  facet normal -0.996919 -0.0784374 0
    outer loop
      vertex 3.54767e-06 1.20001 9.2
      vertex 0.0147741 1.01228 7.62939e-07
      vertex 0.0147741 1.01228 9.2
    endloop
  endfacet
  facet normal 0.38259 -0.923918 0
    outer loop
      vertex 80.6408 0.0587465 7.62939e-07
      vertex 80.8148 0.130799 9.2
      vertex 80.6408 0.0587465 9.2
    endloop
  endfacet
  facet normal 0.38259 -0.923918 0
    outer loop
      vertex 80.8148 0.130799 9.2
      vertex 80.6408 0.0587465 7.62939e-07
      vertex 80.8148 0.130799 7.62939e-07
    endloop
  endfacet
  facet normal 0.522628 -0.852561 0
    outer loop
      vertex 80.8148 0.130799 7.62939e-07
      vertex 80.9753 0.229187 9.2
      vertex 80.8148 0.130799 9.2
    endloop
  endfacet
  facet normal 0.522628 -0.852561 0
    outer loop
      vertex 80.9753 0.229187 9.2
      vertex 80.8148 0.130799 7.62939e-07
      vertex 80.9753 0.229187 7.62939e-07
    endloop
  endfacet
  facet normal 0.852609 -0.522549 0
    outer loop
      vertex 81.2408 0.494675 9.2
      vertex 81.3392 0.655228 7.62939e-07
      vertex 81.3392 0.655228 9.2
    endloop
  endfacet
  facet normal 0.852609 -0.522549 0
    outer loop
      vertex 81.3392 0.655228 7.62939e-07
      vertex 81.2408 0.494675 9.2
      vertex 81.2408 0.494675 7.62939e-07
    endloop
  endfacet
  facet normal 0.923829 0.382805 0
    outer loop
      vertex 81.4113 50.6208 9.2
      vertex 81.3392 50.7948 7.62939e-07
      vertex 81.3392 50.7948 9.2
    endloop
  endfacet
  facet normal 0.923829 0.382805 0
    outer loop
      vertex 81.3392 50.7948 7.62939e-07
      vertex 81.4113 50.6208 9.2
      vertex 81.4113 50.6208 7.62939e-07
    endloop
  endfacet
  facet normal -0.76042 0.649432 0
    outer loop
      vertex 0.229175 50.9553 7.62939e-07
      vertex 0.351474 51.0985 9.2
      vertex 0.351474 51.0985 7.62939e-07
    endloop
  endfacet
  facet normal -0.76042 0.649432 0
    outer loop
      vertex 0.351474 51.0985 9.2
      vertex 0.229175 50.9553 7.62939e-07
      vertex 0.229175 50.9553 9.2
    endloop
  endfacet
  facet normal -0.522549 0.852609 0
    outer loop
      vertex 0.655216 51.3192 7.62939e-07
      vertex 0.494663 51.2208 9.2
      vertex 0.655216 51.3192 9.2
    endloop
  endfacet
  facet normal -0.522549 0.852609 0
    outer loop
      vertex 0.494663 51.2208 9.2
      vertex 0.655216 51.3192 7.62939e-07
      vertex 0.494663 51.2208 7.62939e-07
    endloop
  endfacet
  facet normal -0.382871 0.923802 0
    outer loop
      vertex 0.829181 51.3913 7.62939e-07
      vertex 0.655216 51.3192 9.2
      vertex 0.829181 51.3913 9.2
    endloop
  endfacet
  facet normal -0.382871 0.923802 0
    outer loop
      vertex 0.655216 51.3192 9.2
      vertex 0.829181 51.3913 7.62939e-07
      vertex 0.655216 51.3192 7.62939e-07
    endloop
  endfacet
  facet normal 0.522674 0.852533 -0
    outer loop
      vertex 80.9753 51.2208 7.62939e-07
      vertex 80.8148 51.3192 9.2
      vertex 80.9753 51.2208 9.2
    endloop
  endfacet
  facet normal 0.522674 0.852533 0
    outer loop
      vertex 80.8148 51.3192 9.2
      vertex 80.9753 51.2208 7.62939e-07
      vertex 80.8148 51.3192 7.62939e-07
    endloop
  endfacet
  facet normal -0.64946 -0.760395 0
    outer loop
      vertex 0.351474 0.351486 7.62939e-07
      vertex 0.494663 0.229187 9.2
      vertex 0.351474 0.351486 9.2
    endloop
  endfacet
  facet normal -0.64946 -0.760395 -0
    outer loop
      vertex 0.494663 0.229187 9.2
      vertex 0.351474 0.351486 7.62939e-07
      vertex 0.494663 0.229187 7.62939e-07
    endloop
  endfacet
  facet normal 1 -0 0
    outer loop
      vertex 81.47 1.20001 9.2
      vertex 81.47 50.25 7.62939e-07
      vertex 81.47 50.25 9.2
    endloop
  endfacet
  facet normal 1 0 0
    outer loop
      vertex 81.47 50.25 7.62939e-07
      vertex 81.47 1.20001 9.2
      vertex 81.47 1.20001 7.62939e-07
    endloop
  endfacet
  facet normal -0.923891 -0.382655 0
    outer loop
      vertex 0.130787 0.655228 7.62939e-07
      vertex 0.0587346 0.829193 9.2
      vertex 0.0587346 0.829193 7.62939e-07
    endloop
  endfacet
  facet normal -0.923891 -0.382655 0
    outer loop
      vertex 0.0587346 0.829193 9.2
      vertex 0.130787 0.655228 7.62939e-07
      vertex 0.130787 0.655228 9.2
    endloop
  endfacet
  facet normal -0.852561 0.522628 0
    outer loop
      vertex 0.130787 50.7948 7.62939e-07
      vertex 0.229175 50.9553 9.2
      vertex 0.229175 50.9553 7.62939e-07
    endloop
  endfacet
  facet normal -0.852561 0.522628 0
    outer loop
      vertex 0.229175 50.9553 9.2
      vertex 0.130787 50.7948 7.62939e-07
      vertex 0.130787 50.7948 9.2
    endloop
  endfacet
  facet normal 0.233152 0.97244 -0
    outer loop
      vertex 80.6408 51.3913 7.62939e-07
      vertex 80.4577 51.4352 9.2
      vertex 80.6408 51.3913 9.2
    endloop
  endfacet
  facet normal 0.233152 0.97244 0
    outer loop
      vertex 80.4577 51.4352 9.2
      vertex 80.6408 51.3913 7.62939e-07
      vertex 80.4577 51.4352 7.62939e-07
    endloop
  endfacet
  facet normal -0.382655 -0.923891 0
    outer loop
      vertex 0.655216 0.130799 7.62939e-07
      vertex 0.829181 0.0587465 9.2
      vertex 0.655216 0.130799 9.2
    endloop
  endfacet
  facet normal -0.382655 -0.923891 -0
    outer loop
      vertex 0.829181 0.0587465 9.2
      vertex 0.655216 0.130799 7.62939e-07
      vertex 0.829181 0.0587465 7.62939e-07
    endloop
  endfacet
  facet normal 0 0 -1
    outer loop
      vertex 22.7194 38.3691 7.62939e-07
      vertex 21.1767 38.3691 7.62939e-07
      vertex 22.7194 42.3734 7.62939e-07
    endloop
  endfacet
  facet normal 0 0 -1
    outer loop
      vertex 28.9944 38.7048 7.62939e-07
      vertex 28.6098 41.8168 7.62939e-07
      vertex 28.6439 41.8106 7.62939e-07
    endloop
  endfacet
  facet normal 0 -0 -1
    outer loop
      vertex 28.1319 39.9525 7.62939e-07
      vertex 28.9944 37.3417 7.62939e-07
      vertex 28.1215 39.7503 7.62939e-07
    endloop
  endfacet
  facet normal 0 0 -1
    outer loop
      vertex 25.2658 37.596 7.62939e-07
      vertex 28.9725 29.651 7.62939e-07
      vertex 28.5508 29.3692 7.62939e-07
    endloop
  endfacet
  facet normal 0 0 -1
    outer loop
      vertex 28.9944 37.3417 7.62939e-07
      vertex 28.1319 39.9525 7.62939e-07
      vertex 28.6098 41.8168 7.62939e-07
    endloop
  endfacet
  facet normal 0 0 -1
    outer loop
      vertex 28.1319 41.2884 7.62939e-07
      vertex 28.6098 41.8168 7.62939e-07
      vertex 28.1319 39.9525 7.62939e-07
    endloop
  endfacet
  facet normal 0 -0 -1
    outer loop
      vertex 28.1339 41.386 7.62939e-07
      vertex 28.6098 41.8168 7.62939e-07
      vertex 28.1319 41.2884 7.62939e-07
    endloop
  endfacet
  facet normal 0 -0 -1
    outer loop
      vertex 28.1397 41.4728 7.62939e-07
      vertex 28.6098 41.8168 7.62939e-07
      vertex 28.1339 41.386 7.62939e-07
    endloop
  endfacet
  facet normal -0 0 -1
    outer loop
      vertex 28.6098 41.8168 7.62939e-07
      vertex 28.1397 41.4728 7.62939e-07
      vertex 28.5754 41.8219 7.62939e-07
    endloop
  endfacet
  facet normal -0 0 -1
    outer loop
      vertex 28.5754 41.8219 7.62939e-07
      vertex 28.1397 41.4728 7.62939e-07
      vertex 28.5405 41.8258 7.62939e-07
    endloop
  endfacet
  facet normal 0 -0 -1
    outer loop
      vertex 28.1493 41.5491 7.62939e-07
      vertex 28.5405 41.8258 7.62939e-07
      vertex 28.1397 41.4728 7.62939e-07
    endloop
  endfacet
  facet normal 0 0 -1
    outer loop
      vertex 25.2658 37.596 7.62939e-07
      vertex 28.5508 29.3692 7.62939e-07
      vertex 28.269 28.9475 7.62939e-07
    endloop
  endfacet
  facet normal -0 0 -1
    outer loop
      vertex 28.5405 41.8258 7.62939e-07
      vertex 28.1493 41.5491 7.62939e-07
      vertex 28.5053 41.8287 7.62939e-07
    endloop
  endfacet
  facet normal 0 -0 -1
    outer loop
      vertex 28.1628 41.6147 7.62939e-07
      vertex 28.4697 41.8304 7.62939e-07
      vertex 28.1493 41.5491 7.62939e-07
    endloop
  endfacet
  facet normal -0 0 -1
    outer loop
      vertex 28.4697 41.8304 7.62939e-07
      vertex 28.1628 41.6147 7.62939e-07
      vertex 28.4337 41.8309 7.62939e-07
    endloop
  endfacet
  facet normal 0 -0 -1
    outer loop
      vertex 28.1802 41.6697 7.62939e-07
      vertex 28.4337 41.8309 7.62939e-07
      vertex 28.1628 41.6147 7.62939e-07
    endloop
  endfacet
  facet normal 0 0 -1
    outer loop
      vertex 21.1767 37.596 7.62939e-07
      vertex 28.269 28.9475 7.62939e-07
      vertex 28.17 28.45 7.62939e-07
    endloop
  endfacet
  facet normal 0 0 -1
    outer loop
      vertex 28.4337 41.8309 7.62939e-07
      vertex 28.1802 41.6697 7.62939e-07
      vertex 28.3821 41.8277 7.62939e-07
    endloop
  endfacet
  facet normal 0 0 -1
    outer loop
      vertex 28.3356 41.8179 7.62939e-07
      vertex 28.2014 41.714 7.62939e-07
      vertex 28.2943 41.8017 7.62939e-07
    endloop
  endfacet
  facet normal -0 0 -1
    outer loop
      vertex 25.366 39.1264 7.62939e-07
      vertex 25.2658 38.3691 7.62939e-07
      vertex 25.2758 39.2545 7.62939e-07
    endloop
  endfacet
  facet normal 0 0 -1
    outer loop
      vertex 23.7197 38.3691 7.62939e-07
      vertex 25.2758 39.2545 7.62939e-07
      vertex 25.2658 38.3691 7.62939e-07
    endloop
  endfacet
  facet normal -0 0 -1
    outer loop
      vertex 25.2758 39.2545 7.62939e-07
      vertex 23.7197 38.3691 7.62939e-07
      vertex 25.2027 39.397 7.62939e-07
    endloop
  endfacet
  facet normal -0 0 -1
    outer loop
      vertex 25.2027 39.397 7.62939e-07
      vertex 23.7197 38.3691 7.62939e-07
      vertex 25.1466 39.554 7.62939e-07
    endloop
  endfacet
  facet normal 0 0 -1
    outer loop
      vertex 25.1075 39.7253 7.62939e-07
      vertex 25.0342 40.8341 7.62939e-07
      vertex 25.1064 40.697 7.62939e-07
    endloop
  endfacet
  facet normal 0 0 -1
    outer loop
      vertex 23.7197 38.3691 7.62939e-07
      vertex 25.0342 40.8341 7.62939e-07
      vertex 25.1075 39.7253 7.62939e-07
    endloop
  endfacet
  facet normal -0 0 -1
    outer loop
      vertex 25.0342 40.8341 7.62939e-07
      vertex 23.7197 38.3691 7.62939e-07
      vertex 24.9826 40.9863 7.62939e-07
    endloop
  endfacet
  facet normal 0 0 -1
    outer loop
      vertex 24.9826 40.9863 7.62939e-07
      vertex 23.7197 42.3734 7.62939e-07
      vertex 24.9517 41.1536 7.62939e-07
    endloop
  endfacet
  facet normal 0 0 -1
    outer loop
      vertex 23.7197 42.3734 7.62939e-07
      vertex 24.9826 40.9863 7.62939e-07
      vertex 23.7197 38.3691 7.62939e-07
    endloop
  endfacet
  facet normal -0 0 -1
    outer loop
      vertex 25.1466 39.554 7.62939e-07
      vertex 23.7197 38.3691 7.62939e-07
      vertex 25.1075 39.7253 7.62939e-07
    endloop
  endfacet
  facet normal 0 0 -1
    outer loop
      vertex 26.3892 40.1627 7.62939e-07
      vertex 27.1792 39.9627 7.62939e-07
      vertex 27.1757 39.848 7.62939e-07
    endloop
  endfacet
  facet normal 0 0 -1
    outer loop
      vertex 26.3892 40.1627 7.62939e-07
      vertex 27.1757 39.848 7.62939e-07
      vertex 27.1653 39.7436 7.62939e-07
    endloop
  endfacet
  facet normal 0 0 -1
    outer loop
      vertex 26.3892 40.1627 7.62939e-07
      vertex 27.1653 39.7436 7.62939e-07
      vertex 27.1478 39.6495 7.62939e-07
    endloop
  endfacet
  facet normal 0 0 -1
    outer loop
      vertex 26.3892 40.1627 7.62939e-07
      vertex 27.1478 39.6495 7.62939e-07
      vertex 27.1234 39.5656 7.62939e-07
    endloop
  endfacet
  facet normal 0 0 -1
    outer loop
      vertex 26.734 39.2589 7.62939e-07
      vertex 27.1234 39.5656 7.62939e-07
      vertex 27.0921 39.492 7.62939e-07
    endloop
  endfacet
  facet normal 0 0 -1
    outer loop
      vertex 26.8156 39.2735 7.62939e-07
      vertex 27.0921 39.492 7.62939e-07
      vertex 27.0537 39.4287 7.62939e-07
    endloop
  endfacet
  facet normal 0 0 -1
    outer loop
      vertex 26.8884 39.2977 7.62939e-07
      vertex 27.0537 39.4287 7.62939e-07
      vertex 27.0075 39.3753 7.62939e-07
    endloop
  endfacet
  facet normal 0 0 -1
    outer loop
      vertex 26.8884 39.2977 7.62939e-07
      vertex 27.0075 39.3753 7.62939e-07
      vertex 26.9524 39.3317 7.62939e-07
    endloop
  endfacet
  facet normal 0 0 -1
    outer loop
      vertex 27.0537 39.4287 7.62939e-07
      vertex 26.8884 39.2977 7.62939e-07
      vertex 26.8156 39.2735 7.62939e-07
    endloop
  endfacet
  facet normal 0 0 -1
    outer loop
      vertex 27.0921 39.492 7.62939e-07
      vertex 26.8156 39.2735 7.62939e-07
      vertex 26.734 39.2589 7.62939e-07
    endloop
  endfacet
  facet normal -0 0 -1
    outer loop
      vertex 27.1234 39.5656 7.62939e-07
      vertex 26.734 39.2589 7.62939e-07
      vertex 26.3892 40.1627 7.62939e-07
    endloop
  endfacet
  facet normal 0 0 -1
    outer loop
      vertex 26.3892 40.1627 7.62939e-07
      vertex 26.734 39.2589 7.62939e-07
      vertex 26.6435 39.254 7.62939e-07
    endloop
  endfacet
  facet normal 0 0 -1
    outer loop
      vertex 26.3892 40.1627 7.62939e-07
      vertex 26.6435 39.254 7.62939e-07
      vertex 26.5592 39.2574 7.62939e-07
    endloop
  endfacet
  facet normal 0 0 -1
    outer loop
      vertex 26.1317 39.605 7.62939e-07
      vertex 26.5592 39.2574 7.62939e-07
      vertex 26.4828 39.2674 7.62939e-07
    endloop
  endfacet
  facet normal 0 0 -1
    outer loop
      vertex 26.1548 39.5342 7.62939e-07
      vertex 26.4828 39.2674 7.62939e-07
      vertex 26.4142 39.2842 7.62939e-07
    endloop
  endfacet
  facet normal 0 0 -1
    outer loop
      vertex 27.1792 39.9627 7.62939e-07
      vertex 26.3892 40.1627 7.62939e-07
      vertex 27.1792 40.1492 7.62939e-07
    endloop
  endfacet
  facet normal 0 0 -1
    outer loop
      vertex 26.1831 39.4722 7.62939e-07
      vertex 26.4142 39.2842 7.62939e-07
      vertex 26.3534 39.3076 7.62939e-07
    endloop
  endfacet
  facet normal 0 0 -1
    outer loop
      vertex 26.2166 39.4189 7.62939e-07
      vertex 26.3534 39.3076 7.62939e-07
      vertex 26.3004 39.3377 7.62939e-07
    endloop
  endfacet
  facet normal 0 0 -1
    outer loop
      vertex 26.2166 39.4189 7.62939e-07
      vertex 26.3004 39.3377 7.62939e-07
      vertex 26.2552 39.3744 7.62939e-07
    endloop
  endfacet
  facet normal 0 0 -1
    outer loop
      vertex 26.3534 39.3076 7.62939e-07
      vertex 26.2166 39.4189 7.62939e-07
      vertex 26.1831 39.4722 7.62939e-07
    endloop
  endfacet
  facet normal 0 0 -1
    outer loop
      vertex 26.4142 39.2842 7.62939e-07
      vertex 26.1831 39.4722 7.62939e-07
      vertex 26.1548 39.5342 7.62939e-07
    endloop
  endfacet
  facet normal 0 0 -1
    outer loop
      vertex 26.4828 39.2674 7.62939e-07
      vertex 26.1548 39.5342 7.62939e-07
      vertex 26.1317 39.605 7.62939e-07
    endloop
  endfacet
  facet normal 0 0 -1
    outer loop
      vertex 26.5592 39.2574 7.62939e-07
      vertex 26.1317 39.605 7.62939e-07
      vertex 26.3892 40.1627 7.62939e-07
    endloop
  endfacet
  facet normal 0 0 -1
    outer loop
      vertex 26.3892 40.1627 7.62939e-07
      vertex 26.1317 39.605 7.62939e-07
      vertex 26.1137 39.6845 7.62939e-07
    endloop
  endfacet
  facet normal 0 0 -1
    outer loop
      vertex 26.101 39.7728 7.62939e-07
      vertex 26.3892 40.1627 7.62939e-07
      vertex 26.1137 39.6845 7.62939e-07
    endloop
  endfacet
  facet normal -0 0 -1
    outer loop
      vertex 26.3892 40.1627 7.62939e-07
      vertex 26.101 39.7728 7.62939e-07
      vertex 26.1634 40.1731 7.62939e-07
    endloop
  endfacet
  facet normal 0 0 -1
    outer loop
      vertex 26.101 39.7728 7.62939e-07
      vertex 25.9561 40.1997 7.62939e-07
      vertex 26.1634 40.1731 7.62939e-07
    endloop
  endfacet
  facet normal 0 0 -1
    outer loop
      vertex 26.101 39.7728 7.62939e-07
      vertex 25.7674 40.2424 7.62939e-07
      vertex 25.9561 40.1997 7.62939e-07
    endloop
  endfacet
  facet normal 0 0 -1
    outer loop
      vertex 25.1075 39.7253 7.62939e-07
      vertex 25.7674 40.2424 7.62939e-07
      vertex 26.101 39.7728 7.62939e-07
    endloop
  endfacet
  facet normal -0 0 -1
    outer loop
      vertex 25.7674 40.2424 7.62939e-07
      vertex 25.1075 39.7253 7.62939e-07
      vertex 25.5973 40.3014 7.62939e-07
    endloop
  endfacet
  facet normal -0 0 -1
    outer loop
      vertex 25.5973 40.3014 7.62939e-07
      vertex 25.1075 39.7253 7.62939e-07
      vertex 25.4457 40.3766 7.62939e-07
    endloop
  endfacet
  facet normal -0 0 -1
    outer loop
      vertex 25.4457 40.3766 7.62939e-07
      vertex 25.1075 39.7253 7.62939e-07
      vertex 25.3126 40.4679 7.62939e-07
    endloop
  endfacet
  facet normal 0 0 -1
    outer loop
      vertex 25.1075 39.7253 7.62939e-07
      vertex 25.1992 40.5749 7.62939e-07
      vertex 25.3126 40.4679 7.62939e-07
    endloop
  endfacet
  facet normal -0 0 -1
    outer loop
      vertex 25.1992 40.5749 7.62939e-07
      vertex 25.1075 39.7253 7.62939e-07
      vertex 25.1064 40.697 7.62939e-07
    endloop
  endfacet
  facet normal 0 0 -1
    outer loop
      vertex 28.9944 38.0436 7.62939e-07
      vertex 29.9472 38.7048 7.62939e-07
      vertex 29.9472 38.0436 7.62939e-07
    endloop
  endfacet
  facet normal -0 0 -1
    outer loop
      vertex 29.9472 38.7048 7.62939e-07
      vertex 28.9944 38.0436 7.62939e-07
      vertex 28.9944 38.7048 7.62939e-07
    endloop
  endfacet
  facet normal -0 0 -1
    outer loop
      vertex 30.8786 37.3417 7.62939e-07
      vertex 29.47 29.75 7.62939e-07
      vertex 29.9472 37.3417 7.62939e-07
    endloop
  endfacet
  facet normal 0 0 -1
    outer loop
      vertex 29.47 29.75 7.62939e-07
      vertex 28.9944 37.3417 7.62939e-07
      vertex 29.9472 37.3417 7.62939e-07
    endloop
  endfacet
  facet normal 0 0 -1
    outer loop
      vertex 28.6098 41.8168 7.62939e-07
      vertex 28.9944 38.0436 7.62939e-07
      vertex 28.9944 37.3417 7.62939e-07
    endloop
  endfacet
  facet normal 0 0 -1
    outer loop
      vertex 28.6098 41.8168 7.62939e-07
      vertex 28.9944 38.7048 7.62939e-07
      vertex 28.9944 38.0436 7.62939e-07
    endloop
  endfacet
  facet normal 0 0 -1
    outer loop
      vertex 25.2658 37.596 7.62939e-07
      vertex 28.9944 37.3417 7.62939e-07
      vertex 28.9725 29.651 7.62939e-07
    endloop
  endfacet
  facet normal 0 0 -1
    outer loop
      vertex 28.9725 29.651 7.62939e-07
      vertex 28.9944 37.3417 7.62939e-07
      vertex 29.47 29.75 7.62939e-07
    endloop
  endfacet
  facet normal 0 0 -1
    outer loop
      vertex 38.269 28.9475 7.62939e-07
      vertex 35.671 28.9475 7.62939e-07
      vertex 38.5508 29.3692 7.62939e-07
    endloop
  endfacet
  facet normal 0 0 -1
    outer loop
      vertex 35.3892 29.3692 7.62939e-07
      vertex 38.5508 29.3692 7.62939e-07
      vertex 35.671 28.9475 7.62939e-07
    endloop
  endfacet
  facet normal 0 0 -1
    outer loop
      vertex 34.9675 29.651 7.62939e-07
      vertex 38.5508 29.3692 7.62939e-07
      vertex 35.3892 29.3692 7.62939e-07
    endloop
  endfacet
  facet normal 0 0 -1
    outer loop
      vertex 38.5508 29.3692 7.62939e-07
      vertex 34.9675 29.651 7.62939e-07
      vertex 36.1263 37.596 7.62939e-07
    endloop
  endfacet
  facet normal -0 0 -1
    outer loop
      vertex 36.1263 37.596 7.62939e-07
      vertex 34.9675 29.651 7.62939e-07
      vertex 35.0074 37.596 7.62939e-07
    endloop
  endfacet
  facet normal 0 0 -1
    outer loop
      vertex 34.47 29.75 7.62939e-07
      vertex 35.0074 37.596 7.62939e-07
      vertex 34.9675 29.651 7.62939e-07
    endloop
  endfacet
  facet normal 0 0 -1
    outer loop
      vertex 35.0074 37.596 7.62939e-07
      vertex 33.2985 37.596 7.62939e-07
      vertex 34.8257 38.3725 7.62939e-07
    endloop
  endfacet
  facet normal -0 0 -1
    outer loop
      vertex 34.8257 38.3725 7.62939e-07
      vertex 33.2985 37.596 7.62939e-07
      vertex 34.6715 39.0339 7.62939e-07
    endloop
  endfacet
  facet normal -0 0 -1
    outer loop
      vertex 35.0074 37.596 7.62939e-07
      vertex 34.47 29.75 7.62939e-07
      vertex 33.2985 37.596 7.62939e-07
    endloop
  endfacet
  facet normal -0 0 -1
    outer loop
      vertex 34.6715 39.0339 7.62939e-07
      vertex 33.2985 37.596 7.62939e-07
      vertex 34.545 39.58 7.62939e-07
    endloop
  endfacet
  facet normal 0 -0 -1
    outer loop
      vertex 33.9902 40.6815 7.62939e-07
      vertex 34.545 39.58 7.62939e-07
      vertex 33.2985 37.596 7.62939e-07
    endloop
  endfacet
  facet normal 0 0 -1
    outer loop
      vertex 34.545 39.58 7.62939e-07
      vertex 33.9902 40.6815 7.62939e-07
      vertex 34.446 40.0109 7.62939e-07
    endloop
  endfacet
  facet normal 0 0 -1
    outer loop
      vertex 34.446 40.0109 7.62939e-07
      vertex 33.9902 40.6815 7.62939e-07
      vertex 34.3747 40.3267 7.62939e-07
    endloop
  endfacet
  facet normal 0 0 -1
    outer loop
      vertex 34.3747 40.3267 7.62939e-07
      vertex 33.9902 40.6815 7.62939e-07
      vertex 34.3309 40.5272 7.62939e-07
    endloop
  endfacet
  facet normal 0 0 -1
    outer loop
      vertex 34.3309 40.5272 7.62939e-07
      vertex 33.9902 40.6815 7.62939e-07
      vertex 34.3008 40.6714 7.62939e-07
    endloop
  endfacet
  facet normal 0 0 -1
    outer loop
      vertex 34.3008 40.6714 7.62939e-07
      vertex 33.9902 40.6815 7.62939e-07
      vertex 34.2705 40.8179 7.62939e-07
    endloop
  endfacet
  facet normal -0 0 -1
    outer loop
      vertex 34.2705 40.8179 7.62939e-07
      vertex 33.9902 40.6815 7.62939e-07
      vertex 34.2398 40.9667 7.62939e-07
    endloop
  endfacet
  facet normal -0 0 -1
    outer loop
      vertex 34.2089 41.1179 7.62939e-07
      vertex 33.9902 40.6815 7.62939e-07
      vertex 34.1777 41.2715 7.62939e-07
    endloop
  endfacet
  facet normal -0 0 -1
    outer loop
      vertex 34.1777 41.2715 7.62939e-07
      vertex 33.9902 40.6815 7.62939e-07
      vertex 34.1462 41.4274 7.62939e-07
    endloop
  endfacet
  facet normal 0 0 -1
    outer loop
      vertex 33.2985 37.596 7.62939e-07
      vertex 34.47 29.75 7.62939e-07
      vertex 33.9725 29.651 7.62939e-07
    endloop
  endfacet
  facet normal 0 0 -1
    outer loop
      vertex 29.9675 29.651 7.62939e-07
      vertex 33.9725 29.651 7.62939e-07
      vertex 33.5508 29.3692 7.62939e-07
    endloop
  endfacet
  facet normal -0 0 -1
    outer loop
      vertex 34.2398 40.9667 7.62939e-07
      vertex 33.9902 40.6815 7.62939e-07
      vertex 34.2089 41.1179 7.62939e-07
    endloop
  endfacet
  facet normal 0 0 -1
    outer loop
      vertex 30.3892 29.3692 7.62939e-07
      vertex 33.5508 29.3692 7.62939e-07
      vertex 33.269 28.9475 7.62939e-07
    endloop
  endfacet
  facet normal 0 0 -1
    outer loop
      vertex 30.671 28.9475 7.62939e-07
      vertex 33.269 28.9475 7.62939e-07
      vertex 33.17 28.45 7.62939e-07
    endloop
  endfacet
  facet normal 0 0 -1
    outer loop
      vertex 33.9725 29.651 7.62939e-07
      vertex 31.8314 37.3417 7.62939e-07
      vertex 33.2985 37.596 7.62939e-07
    endloop
  endfacet
  facet normal 0 0 -1
    outer loop
      vertex 41.8211 39.9525 7.62939e-07
      vertex 42.7481 41.5122 7.62939e-07
      vertex 42.7481 39.349 7.62939e-07
    endloop
  endfacet
  facet normal -0 0 -1
    outer loop
      vertex 42.7481 41.5122 7.62939e-07
      vertex 41.8211 41.2884 7.62939e-07
      vertex 42.3331 41.8106 7.62939e-07
    endloop
  endfacet
  facet normal 0 0 -1
    outer loop
      vertex 41.8211 39.9525 7.62939e-07
      vertex 42.7481 39.349 7.62939e-07
      vertex 42.2835 39.349 7.62939e-07
    endloop
  endfacet
  facet normal 0 0 -1
    outer loop
      vertex 42.7481 41.5122 7.62939e-07
      vertex 41.8211 39.9525 7.62939e-07
      vertex 41.8211 41.2884 7.62939e-07
    endloop
  endfacet
  facet normal 0 0 -1
    outer loop
      vertex 39.9675 29.651 7.62939e-07
      vertex 43.9725 29.651 7.62939e-07
      vertex 43.5508 29.3692 7.62939e-07
    endloop
  endfacet
  facet normal 0 0 -1
    outer loop
      vertex 40.3892 29.3692 7.62939e-07
      vertex 43.5508 29.3692 7.62939e-07
      vertex 43.269 28.9475 7.62939e-07
    endloop
  endfacet
  facet normal 0 0 -1
    outer loop
      vertex 40.671 28.9475 7.62939e-07
      vertex 43.269 28.9475 7.62939e-07
      vertex 43.17 28.45 7.62939e-07
    endloop
  endfacet
  facet normal 0 0 -1
    outer loop
      vertex 43.9725 29.651 7.62939e-07
      vertex 43.0939 37.8435 7.62939e-07
      vertex 43.6907 37.8435 7.62939e-07
    endloop
  endfacet
  facet normal 0 0 -1
    outer loop
      vertex 43.6907 39.349 7.62939e-07
      vertex 44.7792 39.9983 7.62939e-07
      vertex 44.3857 39.349 7.62939e-07
    endloop
  endfacet
  facet normal 0 0 -1
    outer loop
      vertex 43.6907 37.8435 7.62939e-07
      vertex 44.47 29.75 7.62939e-07
      vertex 43.9725 29.651 7.62939e-07
    endloop
  endfacet
  facet normal -0 0 -1
    outer loop
      vertex 45.9667 38.6933 7.62939e-07
      vertex 43.6907 37.8435 7.62939e-07
      vertex 44.3857 38.7048 7.62939e-07
    endloop
  endfacet
  facet normal -0 0 -1
    outer loop
      vertex 44.3857 38.7048 7.62939e-07
      vertex 43.6907 37.8435 7.62939e-07
      vertex 43.6907 38.7048 7.62939e-07
    endloop
  endfacet
  facet normal -0 0 -1
    outer loop
      vertex 44.7792 39.9983 7.62939e-07
      vertex 43.6907 39.349 7.62939e-07
      vertex 44.7411 40.2677 7.62939e-07
    endloop
  endfacet
  facet normal 0 0 -1
    outer loop
      vertex 44.7411 40.2677 7.62939e-07
      vertex 43.6907 41.2545 7.62939e-07
      vertex 44.4264 41.7292 7.62939e-07
    endloop
  endfacet
  facet normal -0 0 -1
    outer loop
      vertex 44.4264 41.7292 7.62939e-07
      vertex 43.6907 41.2545 7.62939e-07
      vertex 44.3601 41.7437 7.62939e-07
    endloop
  endfacet
  facet normal -0 0 -1
    outer loop
      vertex 44.3601 41.7437 7.62939e-07
      vertex 43.6907 41.2545 7.62939e-07
      vertex 44.2991 41.7556 7.62939e-07
    endloop
  endfacet
  facet normal -0 0 -1
    outer loop
      vertex 44.2991 41.7556 7.62939e-07
      vertex 43.6907 41.2545 7.62939e-07
      vertex 44.2433 41.7648 7.62939e-07
    endloop
  endfacet
  facet normal 0 -0 -1
    outer loop
      vertex 43.6935 41.3399 7.62939e-07
      vertex 44.2433 41.7648 7.62939e-07
      vertex 43.6907 41.2545 7.62939e-07
    endloop
  endfacet
  facet normal -0 0 -1
    outer loop
      vertex 44.2433 41.7648 7.62939e-07
      vertex 43.6935 41.3399 7.62939e-07
      vertex 44.1928 41.7714 7.62939e-07
    endloop
  endfacet
  facet normal 0 -0 -1
    outer loop
      vertex 43.702 41.4175 7.62939e-07
      vertex 44.1928 41.7714 7.62939e-07
      vertex 43.6935 41.3399 7.62939e-07
    endloop
  endfacet
  facet normal -0 0 -1
    outer loop
      vertex 44.1928 41.7714 7.62939e-07
      vertex 43.702 41.4175 7.62939e-07
      vertex 44.1476 41.7754 7.62939e-07
    endloop
  endfacet
  facet normal -0 0 -1
    outer loop
      vertex 44.1476 41.7754 7.62939e-07
      vertex 43.702 41.4175 7.62939e-07
      vertex 44.1077 41.7767 7.62939e-07
    endloop
  endfacet
  facet normal 0 -0 -1
    outer loop
      vertex 43.7161 41.4872 7.62939e-07
      vertex 44.1077 41.7767 7.62939e-07
      vertex 43.702 41.4175 7.62939e-07
    endloop
  endfacet
  facet normal 0 0 -1
    outer loop
      vertex 44.1077 41.7767 7.62939e-07
      vertex 43.7161 41.4872 7.62939e-07
      vertex 44.0396 41.7732 7.62939e-07
    endloop
  endfacet
  facet normal 0 -0 -1
    outer loop
      vertex 43.7359 41.5491 7.62939e-07
      vertex 44.0396 41.7732 7.62939e-07
      vertex 43.7161 41.4872 7.62939e-07
    endloop
  endfacet
  facet normal 0 0 -1
    outer loop
      vertex 44.0396 41.7732 7.62939e-07
      vertex 43.7359 41.5491 7.62939e-07
      vertex 43.9777 41.7625 7.62939e-07
    endloop
  endfacet
  facet normal 0 0 -1
    outer loop
      vertex 43.9777 41.7625 7.62939e-07
      vertex 43.7359 41.5491 7.62939e-07
      vertex 43.922 41.7449 7.62939e-07
    endloop
  endfacet
  facet normal 0 -0 -1
    outer loop
      vertex 43.7613 41.6032 7.62939e-07
      vertex 43.922 41.7449 7.62939e-07
      vertex 43.7359 41.5491 7.62939e-07
    endloop
  endfacet
  facet normal 0 0 -1
    outer loop
      vertex 43.922 41.7449 7.62939e-07
      vertex 43.7613 41.6032 7.62939e-07
      vertex 43.8726 41.7202 7.62939e-07
    endloop
  endfacet
  facet normal 0 0 -1
    outer loop
      vertex 43.8726 41.7202 7.62939e-07
      vertex 43.7613 41.6032 7.62939e-07
      vertex 43.8294 41.6884 7.62939e-07
    endloop
  endfacet
  facet normal -0 0 -1
    outer loop
      vertex 44.7411 40.2677 7.62939e-07
      vertex 43.6907 39.349 7.62939e-07
      vertex 43.6907 41.2545 7.62939e-07
    endloop
  endfacet
  facet normal 0 0 -1
    outer loop
      vertex 43.8294 41.6884 7.62939e-07
      vertex 43.7613 41.6032 7.62939e-07
      vertex 43.7924 41.6495 7.62939e-07
    endloop
  endfacet
  facet normal 0 -0 -1
    outer loop
      vertex 41.8289 41.4728 7.62939e-07
      vertex 42.299 41.8168 7.62939e-07
      vertex 41.8231 41.386 7.62939e-07
    endloop
  endfacet
  facet normal 0 0 -1
    outer loop
      vertex 43.269 28.9475 7.62939e-07
      vertex 40.671 28.9475 7.62939e-07
      vertex 40.3892 29.3692 7.62939e-07
    endloop
  endfacet
  facet normal 0 0 -1
    outer loop
      vertex 43.5508 29.3692 7.62939e-07
      vertex 40.3892 29.3692 7.62939e-07
      vertex 39.9675 29.651 7.62939e-07
    endloop
  endfacet
  facet normal 0 0 -1
    outer loop
      vertex 43.9725 29.651 7.62939e-07
      vertex 39.9675 29.651 7.62939e-07
      vertex 43.0939 37.8435 7.62939e-07
    endloop
  endfacet
  facet normal 0 0 -1
    outer loop
      vertex 38.8252 37.596 7.62939e-07
      vertex 43.0939 37.8435 7.62939e-07
      vertex 39.9675 29.651 7.62939e-07
    endloop
  endfacet
  facet normal -0 0 -1
    outer loop
      vertex 43.0939 37.8435 7.62939e-07
      vertex 38.8252 37.596 7.62939e-07
      vertex 40.8013 38.6751 7.62939e-07
    endloop
  endfacet
  facet normal 0 0 -1
    outer loop
      vertex 40.8013 38.6751 7.62939e-07
      vertex 38.8252 37.596 7.62939e-07
      vertex 40.5962 38.6465 7.62939e-07
    endloop
  endfacet
  facet normal 0 0 -1
    outer loop
      vertex 40.5962 38.6465 7.62939e-07
      vertex 38.8252 37.596 7.62939e-07
      vertex 40.3733 38.637 7.62939e-07
    endloop
  endfacet
  facet normal -0 0 -1
    outer loop
      vertex 40.3733 38.637 7.62939e-07
      vertex 38.8252 37.596 7.62939e-07
      vertex 40.1519 38.6447 7.62939e-07
    endloop
  endfacet
  facet normal -0 0 -1
    outer loop
      vertex 40.1519 38.6447 7.62939e-07
      vertex 38.8252 37.596 7.62939e-07
      vertex 39.9467 38.6677 7.62939e-07
    endloop
  endfacet
  facet normal -0 0 -1
    outer loop
      vertex 39.9467 38.6677 7.62939e-07
      vertex 38.8252 37.596 7.62939e-07
      vertex 39.7575 38.7061 7.62939e-07
    endloop
  endfacet
  facet normal 0 0 -1
    outer loop
      vertex 38.8252 37.596 7.62939e-07
      vertex 39.9675 29.651 7.62939e-07
      vertex 39.47 29.75 7.62939e-07
    endloop
  endfacet
  facet normal -0 0 -1
    outer loop
      vertex 39.7575 38.7061 7.62939e-07
      vertex 38.8252 37.596 7.62939e-07
      vertex 39.5844 38.7598 7.62939e-07
    endloop
  endfacet
  facet normal -0 0 -1
    outer loop
      vertex 39.5844 38.7598 7.62939e-07
      vertex 38.8252 37.596 7.62939e-07
      vertex 39.4275 38.8289 7.62939e-07
    endloop
  endfacet
  facet normal -0 0 -1
    outer loop
      vertex 39.4275 38.8289 7.62939e-07
      vertex 38.8252 37.596 7.62939e-07
      vertex 39.2866 38.9133 7.62939e-07
    endloop
  endfacet
  facet normal -0 0 -1
    outer loop
      vertex 39.2866 38.9133 7.62939e-07
      vertex 38.8252 37.596 7.62939e-07
      vertex 39.1624 39.0127 7.62939e-07
    endloop
  endfacet
  facet normal 0 0 -1
    outer loop
      vertex 38.8252 37.596 7.62939e-07
      vertex 39.47 29.75 7.62939e-07
      vertex 38.9725 29.651 7.62939e-07
    endloop
  endfacet
  facet normal -0 0 -1
    outer loop
      vertex 39.1624 39.0127 7.62939e-07
      vertex 38.8252 37.596 7.62939e-07
      vertex 39.0552 39.1264 7.62939e-07
    endloop
  endfacet
  facet normal -0 0 -1
    outer loop
      vertex 39.0552 39.1264 7.62939e-07
      vertex 38.8252 37.596 7.62939e-07
      vertex 38.965 39.2545 7.62939e-07
    endloop
  endfacet
  facet normal -0 0 -1
    outer loop
      vertex 38.965 39.2545 7.62939e-07
      vertex 38.8252 37.596 7.62939e-07
      vertex 38.8919 39.397 7.62939e-07
    endloop
  endfacet
  facet normal -0 0 -1
    outer loop
      vertex 38.8919 39.397 7.62939e-07
      vertex 38.8252 37.596 7.62939e-07
      vertex 38.8358 39.554 7.62939e-07
    endloop
  endfacet
  facet normal 0 0 -1
    outer loop
      vertex 36.1263 37.596 7.62939e-07
      vertex 38.9725 29.651 7.62939e-07
      vertex 38.5508 29.3692 7.62939e-07
    endloop
  endfacet
  facet normal 0 0 -1
    outer loop
      vertex 35.671 28.9475 7.62939e-07
      vertex 38.269 28.9475 7.62939e-07
      vertex 35.77 28.45 7.62939e-07
    endloop
  endfacet
  facet normal 0 0 -1
    outer loop
      vertex 35.77 28.45 7.62939e-07
      vertex 38.269 28.9475 7.62939e-07
      vertex 38.17 28.45 7.62939e-07
    endloop
  endfacet
  facet normal 0 0 -1
    outer loop
      vertex 38.9725 29.651 7.62939e-07
      vertex 37.8114 37.596 7.62939e-07
      vertex 38.8252 37.596 7.62939e-07
    endloop
  endfacet
  facet normal 0 0 -1
    outer loop
      vertex 38.8252 37.596 7.62939e-07
      vertex 38.7967 39.7253 7.62939e-07
      vertex 38.8358 39.554 7.62939e-07
    endloop
  endfacet
  facet normal 0 0 -1
    outer loop
      vertex 38.7967 39.7253 7.62939e-07
      vertex 38.7234 40.8341 7.62939e-07
      vertex 38.7956 40.697 7.62939e-07
    endloop
  endfacet
  facet normal 0 0 -1
    outer loop
      vertex 37.591 42.3734 7.62939e-07
      vertex 38.7967 39.7253 7.62939e-07
      vertex 38.8252 37.596 7.62939e-07
    endloop
  endfacet
  facet normal -0 -0 -1
    outer loop
      vertex 38.6718 40.9863 7.62939e-07
      vertex 38.7967 39.7253 7.62939e-07
      vertex 37.591 42.3734 7.62939e-07
    endloop
  endfacet
  facet normal 0 0 -1
    outer loop
      vertex 38.7967 39.7253 7.62939e-07
      vertex 38.6718 40.9863 7.62939e-07
      vertex 38.7234 40.8341 7.62939e-07
    endloop
  endfacet
  facet normal 0 0 -1
    outer loop
      vertex 38.6718 40.9863 7.62939e-07
      vertex 37.591 42.3734 7.62939e-07
      vertex 38.6409 41.1536 7.62939e-07
    endloop
  endfacet
  facet normal 0 0 -1
    outer loop
      vertex 38.6409 41.1536 7.62939e-07
      vertex 37.591 42.3734 7.62939e-07
      vertex 38.6306 41.3359 7.62939e-07
    endloop
  endfacet
  facet normal 0 0 -1
    outer loop
      vertex 40.0784 40.1627 7.62939e-07
      vertex 40.8684 39.9627 7.62939e-07
      vertex 40.8649 39.848 7.62939e-07
    endloop
  endfacet
  facet normal 0 0 -1
    outer loop
      vertex 40.0784 40.1627 7.62939e-07
      vertex 40.8649 39.848 7.62939e-07
      vertex 40.8544 39.7436 7.62939e-07
    endloop
  endfacet
  facet normal 0 0 -1
    outer loop
      vertex 40.0784 40.1627 7.62939e-07
      vertex 40.8544 39.7436 7.62939e-07
      vertex 40.837 39.6495 7.62939e-07
    endloop
  endfacet
  facet normal 0 0 -1
    outer loop
      vertex 40.0784 40.1627 7.62939e-07
      vertex 40.837 39.6495 7.62939e-07
      vertex 40.8126 39.5656 7.62939e-07
    endloop
  endfacet
  facet normal 0 0 -1
    outer loop
      vertex 40.4232 39.2589 7.62939e-07
      vertex 40.8126 39.5656 7.62939e-07
      vertex 40.7813 39.492 7.62939e-07
    endloop
  endfacet
  facet normal 0 0 -1
    outer loop
      vertex 40.5048 39.2735 7.62939e-07
      vertex 40.7813 39.492 7.62939e-07
      vertex 40.7429 39.4287 7.62939e-07
    endloop
  endfacet
  facet normal 0 0 -1
    outer loop
      vertex 40.5776 39.2977 7.62939e-07
      vertex 40.7429 39.4287 7.62939e-07
      vertex 40.6967 39.3753 7.62939e-07
    endloop
  endfacet
  facet normal 0 0 -1
    outer loop
      vertex 40.5776 39.2977 7.62939e-07
      vertex 40.6967 39.3753 7.62939e-07
      vertex 40.6416 39.3317 7.62939e-07
    endloop
  endfacet
  facet normal 0 0 -1
    outer loop
      vertex 40.7429 39.4287 7.62939e-07
      vertex 40.5776 39.2977 7.62939e-07
      vertex 40.5048 39.2735 7.62939e-07
    endloop
  endfacet
  facet normal 0 0 -1
    outer loop
      vertex 40.7813 39.492 7.62939e-07
      vertex 40.5048 39.2735 7.62939e-07
      vertex 40.4232 39.2589 7.62939e-07
    endloop
  endfacet
  facet normal -0 0 -1
    outer loop
      vertex 40.8126 39.5656 7.62939e-07
      vertex 40.4232 39.2589 7.62939e-07
      vertex 40.0784 40.1627 7.62939e-07
    endloop
  endfacet
  facet normal 0 0 -1
    outer loop
      vertex 40.0784 40.1627 7.62939e-07
      vertex 40.4232 39.2589 7.62939e-07
      vertex 40.3327 39.254 7.62939e-07
    endloop
  endfacet
  facet normal 0 0 -1
    outer loop
      vertex 40.0784 40.1627 7.62939e-07
      vertex 40.3327 39.254 7.62939e-07
      vertex 40.2484 39.2574 7.62939e-07
    endloop
  endfacet
  facet normal 0 0 -1
    outer loop
      vertex 39.8209 39.605 7.62939e-07
      vertex 40.2484 39.2574 7.62939e-07
      vertex 40.172 39.2674 7.62939e-07
    endloop
  endfacet
  facet normal 0 0 -1
    outer loop
      vertex 39.844 39.5342 7.62939e-07
      vertex 40.172 39.2674 7.62939e-07
      vertex 40.1034 39.2842 7.62939e-07
    endloop
  endfacet
  facet normal 0 0 -1
    outer loop
      vertex 40.8684 39.9627 7.62939e-07
      vertex 40.0784 40.1627 7.62939e-07
      vertex 40.8684 40.1492 7.62939e-07
    endloop
  endfacet
  facet normal 0 0 -1
    outer loop
      vertex 39.8723 39.4722 7.62939e-07
      vertex 40.1034 39.2842 7.62939e-07
      vertex 40.0426 39.3076 7.62939e-07
    endloop
  endfacet
  facet normal 0 0 -1
    outer loop
      vertex 39.9058 39.4189 7.62939e-07
      vertex 40.0426 39.3076 7.62939e-07
      vertex 39.9896 39.3377 7.62939e-07
    endloop
  endfacet
  facet normal 0 0 -1
    outer loop
      vertex 39.9058 39.4189 7.62939e-07
      vertex 39.9896 39.3377 7.62939e-07
      vertex 39.9444 39.3744 7.62939e-07
    endloop
  endfacet
  facet normal 0 0 -1
    outer loop
      vertex 40.0426 39.3076 7.62939e-07
      vertex 39.9058 39.4189 7.62939e-07
      vertex 39.8723 39.4722 7.62939e-07
    endloop
  endfacet
  facet normal 0 0 -1
    outer loop
      vertex 40.1034 39.2842 7.62939e-07
      vertex 39.8723 39.4722 7.62939e-07
      vertex 39.844 39.5342 7.62939e-07
    endloop
  endfacet
  facet normal 0 0 -1
    outer loop
      vertex 40.172 39.2674 7.62939e-07
      vertex 39.844 39.5342 7.62939e-07
      vertex 39.8209 39.605 7.62939e-07
    endloop
  endfacet
  facet normal 0 0 -1
    outer loop
      vertex 40.2484 39.2574 7.62939e-07
      vertex 39.8209 39.605 7.62939e-07
      vertex 40.0784 40.1627 7.62939e-07
    endloop
  endfacet
  facet normal 0 0 -1
    outer loop
      vertex 40.0784 40.1627 7.62939e-07
      vertex 39.8209 39.605 7.62939e-07
      vertex 39.8029 39.6845 7.62939e-07
    endloop
  endfacet
  facet normal 0 0 -1
    outer loop
      vertex 39.7902 39.7728 7.62939e-07
      vertex 40.0784 40.1627 7.62939e-07
      vertex 39.8029 39.6845 7.62939e-07
    endloop
  endfacet
  facet normal -0 0 -1
    outer loop
      vertex 40.0784 40.1627 7.62939e-07
      vertex 39.7902 39.7728 7.62939e-07
      vertex 39.8526 40.1731 7.62939e-07
    endloop
  endfacet
  facet normal 0 0 -1
    outer loop
      vertex 39.7902 39.7728 7.62939e-07
      vertex 39.6453 40.1997 7.62939e-07
      vertex 39.8526 40.1731 7.62939e-07
    endloop
  endfacet
  facet normal 0 0 -1
    outer loop
      vertex 39.7902 39.7728 7.62939e-07
      vertex 39.4566 40.2424 7.62939e-07
      vertex 39.6453 40.1997 7.62939e-07
    endloop
  endfacet
  facet normal 0 0 -1
    outer loop
      vertex 38.7967 39.7253 7.62939e-07
      vertex 39.4566 40.2424 7.62939e-07
      vertex 39.7902 39.7728 7.62939e-07
    endloop
  endfacet
  facet normal -0 0 -1
    outer loop
      vertex 39.4566 40.2424 7.62939e-07
      vertex 38.7967 39.7253 7.62939e-07
      vertex 39.2865 40.3014 7.62939e-07
    endloop
  endfacet
  facet normal -0 0 -1
    outer loop
      vertex 39.2865 40.3014 7.62939e-07
      vertex 38.7967 39.7253 7.62939e-07
      vertex 39.1349 40.3766 7.62939e-07
    endloop
  endfacet
  facet normal -0 0 -1
    outer loop
      vertex 39.1349 40.3766 7.62939e-07
      vertex 38.7967 39.7253 7.62939e-07
      vertex 39.0018 40.4679 7.62939e-07
    endloop
  endfacet
  facet normal 0 0 -1
    outer loop
      vertex 38.7967 39.7253 7.62939e-07
      vertex 38.8884 40.5749 7.62939e-07
      vertex 39.0018 40.4679 7.62939e-07
    endloop
  endfacet
  facet normal -0 0 -1
    outer loop
      vertex 38.8884 40.5749 7.62939e-07
      vertex 38.7967 39.7253 7.62939e-07
      vertex 38.7956 40.697 7.62939e-07
    endloop
  endfacet
  facet normal 0 0 -1
    outer loop
      vertex 48.0885 39.861 7.62939e-07
      vertex 47.1595 41.1087 7.62939e-07
      vertex 48.1156 41.1528 7.62939e-07
    endloop
  endfacet
  facet normal 0 0 -1
    outer loop
      vertex 47.1289 39.9085 7.62939e-07
      vertex 47.1595 41.1087 7.62939e-07
      vertex 48.0885 39.861 7.62939e-07
    endloop
  endfacet
  facet normal 0 0 -1
    outer loop
      vertex 45.7286 40.5221 7.62939e-07
      vertex 47.1595 41.1087 7.62939e-07
      vertex 47.1289 39.9085 7.62939e-07
    endloop
  endfacet
  facet normal 0 -0 -1
    outer loop
      vertex 45.7494 40.9096 7.62939e-07
      vertex 47.1595 41.1087 7.62939e-07
      vertex 45.7286 40.5221 7.62939e-07
    endloop
  endfacet
  facet normal 0 0 -1
    outer loop
      vertex 45.8104 39.8384 7.62939e-07
      vertex 47.1289 39.9085 7.62939e-07
      vertex 47.112 39.8178 7.62939e-07
    endloop
  endfacet
  facet normal 0 0 -1
    outer loop
      vertex 45.9126 39.599 7.62939e-07
      vertex 47.112 39.8178 7.62939e-07
      vertex 47.0882 39.7335 7.62939e-07
    endloop
  endfacet
  facet normal 0 -0 -1
    outer loop
      vertex 45.8119 41.2266 7.62939e-07
      vertex 47.1595 41.1087 7.62939e-07
      vertex 45.7494 40.9096 7.62939e-07
    endloop
  endfacet
  facet normal 0 0 -1
    outer loop
      vertex 46.4644 39.2913 7.62939e-07
      vertex 47.0882 39.7335 7.62939e-07
      vertex 47.0577 39.6554 7.62939e-07
    endloop
  endfacet
  facet normal 0 0 -1
    outer loop
      vertex 47.1595 41.1087 7.62939e-07
      vertex 45.8119 41.2266 7.62939e-07
      vertex 47.1409 41.2171 7.62939e-07
    endloop
  endfacet
  facet normal 0 0 -1
    outer loop
      vertex 46.5601 39.296 7.62939e-07
      vertex 47.0577 39.6554 7.62939e-07
      vertex 47.0204 39.5837 7.62939e-07
    endloop
  endfacet
  facet normal 0 0 -1
    outer loop
      vertex 47.1409 41.2171 7.62939e-07
      vertex 45.8119 41.2266 7.62939e-07
      vertex 47.1146 41.3161 7.62939e-07
    endloop
  endfacet
  facet normal 0 0 -1
    outer loop
      vertex 46.6482 39.31 7.62939e-07
      vertex 47.0204 39.5837 7.62939e-07
      vertex 46.9764 39.5183 7.62939e-07
    endloop
  endfacet
  facet normal 0 -0 -1
    outer loop
      vertex 45.9159 41.4732 7.62939e-07
      vertex 47.1146 41.3161 7.62939e-07
      vertex 45.8119 41.2266 7.62939e-07
    endloop
  endfacet
  facet normal 0 0 -1
    outer loop
      vertex 46.6482 39.31 7.62939e-07
      vertex 46.9764 39.5183 7.62939e-07
      vertex 46.9255 39.4592 7.62939e-07
    endloop
  endfacet
  facet normal 0 0 -1
    outer loop
      vertex 47.1146 41.3161 7.62939e-07
      vertex 45.9159 41.4732 7.62939e-07
      vertex 47.0806 41.4058 7.62939e-07
    endloop
  endfacet
  facet normal 0 0 -1
    outer loop
      vertex 46.7289 39.3333 7.62939e-07
      vertex 46.9255 39.4592 7.62939e-07
      vertex 46.8675 39.4079 7.62939e-07
    endloop
  endfacet
  facet normal 0 0 -1
    outer loop
      vertex 46.7289 39.3333 7.62939e-07
      vertex 46.8675 39.4079 7.62939e-07
      vertex 46.8019 39.3659 7.62939e-07
    endloop
  endfacet
  facet normal 0 -0 -1
    outer loop
      vertex 46.4779 41.7902 7.62939e-07
      vertex 47.0806 41.4058 7.62939e-07
      vertex 45.9159 41.4732 7.62939e-07
    endloop
  endfacet
  facet normal 0 0 -1
    outer loop
      vertex 46.9255 39.4592 7.62939e-07
      vertex 46.7289 39.3333 7.62939e-07
      vertex 46.6482 39.31 7.62939e-07
    endloop
  endfacet
  facet normal 0 0 -1
    outer loop
      vertex 47.0806 41.4058 7.62939e-07
      vertex 46.5659 41.7855 7.62939e-07
      vertex 47.0389 41.4862 7.62939e-07
    endloop
  endfacet
  facet normal 0 0 -1
    outer loop
      vertex 47.0389 41.4862 7.62939e-07
      vertex 46.5659 41.7855 7.62939e-07
      vertex 46.9894 41.5573 7.62939e-07
    endloop
  endfacet
  facet normal 0 0 -1
    outer loop
      vertex 47.0204 39.5837 7.62939e-07
      vertex 46.6482 39.31 7.62939e-07
      vertex 46.5601 39.296 7.62939e-07
    endloop
  endfacet
  facet normal 0 0 -1
    outer loop
      vertex 46.9894 41.5573 7.62939e-07
      vertex 46.5659 41.7855 7.62939e-07
      vertex 46.9323 41.619 7.62939e-07
    endloop
  endfacet
  facet normal 0 0 -1
    outer loop
      vertex 47.0577 39.6554 7.62939e-07
      vertex 46.5601 39.296 7.62939e-07
      vertex 46.4644 39.2913 7.62939e-07
    endloop
  endfacet
  facet normal 0 0 -1
    outer loop
      vertex 46.9323 41.619 7.62939e-07
      vertex 46.5659 41.7855 7.62939e-07
      vertex 46.8688 41.6713 7.62939e-07
    endloop
  endfacet
  facet normal 0 0 -1
    outer loop
      vertex 47.0882 39.7335 7.62939e-07
      vertex 46.4644 39.2913 7.62939e-07
      vertex 45.9126 39.599 7.62939e-07
    endloop
  endfacet
  facet normal 0 0 -1
    outer loop
      vertex 46.8688 41.6713 7.62939e-07
      vertex 46.649 41.7712 7.62939e-07
      vertex 46.8004 41.7141 7.62939e-07
    endloop
  endfacet
  facet normal 0 0 -1
    outer loop
      vertex 45.9126 39.599 7.62939e-07
      vertex 46.4644 39.2913 7.62939e-07
      vertex 46.2395 39.3255 7.62939e-07
    endloop
  endfacet
  facet normal 0 0 -1
    outer loop
      vertex 46.8004 41.7141 7.62939e-07
      vertex 46.649 41.7712 7.62939e-07
      vertex 46.7271 41.7474 7.62939e-07
    endloop
  endfacet
  facet normal 0 0 -1
    outer loop
      vertex 45.9126 39.599 7.62939e-07
      vertex 46.2395 39.3255 7.62939e-07
      vertex 46.0556 39.4281 7.62939e-07
    endloop
  endfacet
  facet normal 0 0 -1
    outer loop
      vertex 46.8688 41.6713 7.62939e-07
      vertex 46.5659 41.7855 7.62939e-07
      vertex 46.649 41.7712 7.62939e-07
    endloop
  endfacet
  facet normal -0 0 -1
    outer loop
      vertex 47.112 39.8178 7.62939e-07
      vertex 45.9126 39.599 7.62939e-07
      vertex 45.8104 39.8384 7.62939e-07
    endloop
  endfacet
  facet normal 0 0 -1
    outer loop
      vertex 47.0806 41.4058 7.62939e-07
      vertex 46.4779 41.7902 7.62939e-07
      vertex 46.5659 41.7855 7.62939e-07
    endloop
  endfacet
  facet normal -0 0 -1
    outer loop
      vertex 47.1289 39.9085 7.62939e-07
      vertex 45.8104 39.8384 7.62939e-07
      vertex 45.7491 40.146 7.62939e-07
    endloop
  endfacet
  facet normal 0 0 -1
    outer loop
      vertex 46.4779 41.7902 7.62939e-07
      vertex 45.9159 41.4732 7.62939e-07
      vertex 46.249 41.755 7.62939e-07
    endloop
  endfacet
  facet normal 0 0 -1
    outer loop
      vertex 47.1289 39.9085 7.62939e-07
      vertex 45.7491 40.146 7.62939e-07
      vertex 45.7286 40.5221 7.62939e-07
    endloop
  endfacet
  facet normal 0 0 -1
    outer loop
      vertex 46.249 41.755 7.62939e-07
      vertex 45.9159 41.4732 7.62939e-07
      vertex 46.0616 41.6493 7.62939e-07
    endloop
  endfacet
  facet normal 0 0 -1
    outer loop
      vertex 46.8916 38.6732 7.62939e-07
      vertex 44.9675 29.651 7.62939e-07
      vertex 46.6944 38.646 7.62939e-07
    endloop
  endfacet
  facet normal 0 0 -1
    outer loop
      vertex 46.6944 38.646 7.62939e-07
      vertex 44.9675 29.651 7.62939e-07
      vertex 46.4847 38.637 7.62939e-07
    endloop
  endfacet
  facet normal 0 0 -1
    outer loop
      vertex 43.6907 37.8435 7.62939e-07
      vertex 46.4847 38.637 7.62939e-07
      vertex 44.9675 29.651 7.62939e-07
    endloop
  endfacet
  facet normal 0 0 -1
    outer loop
      vertex 43.6907 37.8435 7.62939e-07
      vertex 44.9675 29.651 7.62939e-07
      vertex 44.47 29.75 7.62939e-07
    endloop
  endfacet
  facet normal -0 0 -1
    outer loop
      vertex 46.4847 38.637 7.62939e-07
      vertex 43.6907 37.8435 7.62939e-07
      vertex 46.2151 38.6511 7.62939e-07
    endloop
  endfacet
  facet normal -0 0 -1
    outer loop
      vertex 46.2151 38.6511 7.62939e-07
      vertex 43.6907 37.8435 7.62939e-07
      vertex 45.9667 38.6933 7.62939e-07
    endloop
  endfacet
  facet normal 0 0 -1
    outer loop
      vertex 45.9667 38.6933 7.62939e-07
      vertex 44.3857 38.7048 7.62939e-07
      vertex 45.7396 38.7637 7.62939e-07
    endloop
  endfacet
  facet normal -0 0 -1
    outer loop
      vertex 45.7396 38.7637 7.62939e-07
      vertex 44.3857 38.7048 7.62939e-07
      vertex 45.5338 38.8623 7.62939e-07
    endloop
  endfacet
  facet normal -0 0 -1
    outer loop
      vertex 45.5338 38.8623 7.62939e-07
      vertex 44.3857 38.7048 7.62939e-07
      vertex 45.3493 38.989 7.62939e-07
    endloop
  endfacet
  facet normal -0 0 -1
    outer loop
      vertex 45.3493 38.989 7.62939e-07
      vertex 44.3857 38.7048 7.62939e-07
      vertex 45.1861 39.1439 7.62939e-07
    endloop
  endfacet
  facet normal -0 0 -1
    outer loop
      vertex 45.1861 39.1439 7.62939e-07
      vertex 44.3857 38.7048 7.62939e-07
      vertex 45.0462 39.324 7.62939e-07
    endloop
  endfacet
  facet normal 0 0 -1
    outer loop
      vertex 44.3857 39.349 7.62939e-07
      vertex 45.0462 39.324 7.62939e-07
      vertex 44.3857 38.7048 7.62939e-07
    endloop
  endfacet
  facet normal 0 0 -1
    outer loop
      vertex 45.0462 39.324 7.62939e-07
      vertex 44.3857 39.349 7.62939e-07
      vertex 44.9318 39.5265 7.62939e-07
    endloop
  endfacet
  facet normal -0 0 -1
    outer loop
      vertex 44.9318 39.5265 7.62939e-07
      vertex 44.3857 39.349 7.62939e-07
      vertex 44.8428 39.7512 7.62939e-07
    endloop
  endfacet
  facet normal -0 0 -1
    outer loop
      vertex 44.8428 39.7512 7.62939e-07
      vertex 44.3857 39.349 7.62939e-07
      vertex 44.7792 39.9983 7.62939e-07
    endloop
  endfacet
  facet normal 0 0 -1
    outer loop
      vertex 49.6899 40.1192 7.62939e-07
      vertex 51.0904 40.3187 7.62939e-07
      vertex 51.0723 40.0235 7.62939e-07
    endloop
  endfacet
  facet normal 0 0 -1
    outer loop
      vertex 80.27 1.54495e-05 7.62939e-07
      vertex 81.47 1.20001 7.62939e-07
      vertex 81.4552 1.01228 7.62939e-07
    endloop
  endfacet
  facet normal 0 0 -1
    outer loop
      vertex 81.47 1.20001 7.62939e-07
      vertex 60.77 28.45 7.62939e-07
      vertex 81.47 50.25 7.62939e-07
    endloop
  endfacet
  facet normal 0 0 -1
    outer loop
      vertex 80.27 1.54495e-05 7.62939e-07
      vertex 81.4552 1.01228 7.62939e-07
      vertex 81.4113 0.829193 7.62939e-07
    endloop
  endfacet
  facet normal 0 0 -1
    outer loop
      vertex 60.671 28.9475 7.62939e-07
      vertex 81.47 50.25 7.62939e-07
      vertex 60.77 28.45 7.62939e-07
    endloop
  endfacet
  facet normal 0 0 -1
    outer loop
      vertex 80.27 1.54495e-05 7.62939e-07
      vertex 81.4113 0.829193 7.62939e-07
      vertex 81.3392 0.655228 7.62939e-07
    endloop
  endfacet
  facet normal 0 0 -1
    outer loop
      vertex 60.3892 29.3692 7.62939e-07
      vertex 81.47 50.25 7.62939e-07
      vertex 60.671 28.9475 7.62939e-07
    endloop
  endfacet
  facet normal 0 0 -1
    outer loop
      vertex 80.27 1.54495e-05 7.62939e-07
      vertex 81.3392 0.655228 7.62939e-07
      vertex 81.2408 0.494675 7.62939e-07
    endloop
  endfacet
  facet normal 0 -0 -1
    outer loop
      vertex 80.27 51.45 7.62939e-07
      vertex 81.47 50.25 7.62939e-07
      vertex 60.3892 29.3692 7.62939e-07
    endloop
  endfacet
  facet normal 0 0 -1
    outer loop
      vertex 80.27 1.54495e-05 7.62939e-07
      vertex 81.2408 0.494675 7.62939e-07
      vertex 81.1185 0.351486 7.62939e-07
    endloop
  endfacet
  facet normal 0 0 -1
    outer loop
      vertex 81.47 50.25 7.62939e-07
      vertex 80.27 51.45 7.62939e-07
      vertex 81.4552 50.4377 7.62939e-07
    endloop
  endfacet
  facet normal 0 0 -1
    outer loop
      vertex 80.27 1.54495e-05 7.62939e-07
      vertex 81.1185 0.351486 7.62939e-07
      vertex 80.9753 0.229187 7.62939e-07
    endloop
  endfacet
  facet normal 0 0 -1
    outer loop
      vertex 81.4552 50.4377 7.62939e-07
      vertex 80.27 51.45 7.62939e-07
      vertex 81.4113 50.6208 7.62939e-07
    endloop
  endfacet
  facet normal 0 0 -1
    outer loop
      vertex 80.27 1.54495e-05 7.62939e-07
      vertex 80.9753 0.229187 7.62939e-07
      vertex 80.8148 0.130799 7.62939e-07
    endloop
  endfacet
  facet normal 0 0 -1
    outer loop
      vertex 81.3392 50.7948 7.62939e-07
      vertex 80.27 51.45 7.62939e-07
      vertex 81.2408 50.9553 7.62939e-07
    endloop
  endfacet
  facet normal 0 0 -1
    outer loop
      vertex 80.27 1.54495e-05 7.62939e-07
      vertex 80.8148 0.130799 7.62939e-07
      vertex 80.6408 0.0587465 7.62939e-07
    endloop
  endfacet
  facet normal 0 0 -1
    outer loop
      vertex 81.2408 50.9553 7.62939e-07
      vertex 80.27 51.45 7.62939e-07
      vertex 81.1185 51.0985 7.62939e-07
    endloop
  endfacet
  facet normal 0 0 -1
    outer loop
      vertex 80.27 1.54495e-05 7.62939e-07
      vertex 80.6408 0.0587465 7.62939e-07
      vertex 80.4577 0.014786 7.62939e-07
    endloop
  endfacet
  facet normal 0 0 -1
    outer loop
      vertex 81.1185 51.0985 7.62939e-07
      vertex 80.27 51.45 7.62939e-07
      vertex 80.9753 51.2208 7.62939e-07
    endloop
  endfacet
  facet normal -0 0 -1
    outer loop
      vertex 81.47 1.20001 7.62939e-07
      vertex 80.27 1.54495e-05 7.62939e-07
      vertex 60.671 15.4525 7.62939e-07
    endloop
  endfacet
  facet normal 0 0 -1
    outer loop
      vertex 80.9753 51.2208 7.62939e-07
      vertex 80.27 51.45 7.62939e-07
      vertex 80.8148 51.3192 7.62939e-07
    endloop
  endfacet
  facet normal 0 0 -1
    outer loop
      vertex 81.47 1.20001 7.62939e-07
      vertex 60.77 15.95 7.62939e-07
      vertex 60.77 28.45 7.62939e-07
    endloop
  endfacet
  facet normal 0 0 -1
    outer loop
      vertex 81.47 1.20001 7.62939e-07
      vertex 60.671 15.4525 7.62939e-07
      vertex 60.77 15.95 7.62939e-07
    endloop
  endfacet
  facet normal 0 0 -1
    outer loop
      vertex 80.27 1.54495e-05 7.62939e-07
      vertex 60.3892 15.0308 7.62939e-07
      vertex 60.671 15.4525 7.62939e-07
    endloop
  endfacet
  facet normal 0 0 -1
    outer loop
      vertex 80.27 1.54495e-05 7.62939e-07
      vertex 59.9675 14.749 7.62939e-07
      vertex 60.3892 15.0308 7.62939e-07
    endloop
  endfacet
  facet normal 0 0 -1
    outer loop
      vertex 80.27 1.54495e-05 7.62939e-07
      vertex 59.47 14.65 7.62939e-07
      vertex 59.9675 14.749 7.62939e-07
    endloop
  endfacet
  facet normal 0 0 -1
    outer loop
      vertex 54.47 14.65 7.62939e-07
      vertex 59.47 14.65 7.62939e-07
      vertex 80.27 1.54495e-05 7.62939e-07
    endloop
  endfacet
  facet normal 0 0 -1
    outer loop
      vertex 59.47 14.65 7.62939e-07
      vertex 54.47 14.65 7.62939e-07
      vertex 58.9725 14.749 7.62939e-07
    endloop
  endfacet
  facet normal 0 0 -1
    outer loop
      vertex 58.17 15.95 7.62939e-07
      vertex 55.77 15.95 7.62939e-07
      vertex 58.17 28.45 7.62939e-07
    endloop
  endfacet
  facet normal 0 0 -1
    outer loop
      vertex 58.269 15.4525 7.62939e-07
      vertex 55.77 15.95 7.62939e-07
      vertex 58.17 15.95 7.62939e-07
    endloop
  endfacet
  facet normal 0 0 -1
    outer loop
      vertex 55.671 15.4525 7.62939e-07
      vertex 58.269 15.4525 7.62939e-07
      vertex 58.5508 15.0308 7.62939e-07
    endloop
  endfacet
  facet normal 0 -0 -1
    outer loop
      vertex 54.9675 14.749 7.62939e-07
      vertex 58.9725 14.749 7.62939e-07
      vertex 54.47 14.65 7.62939e-07
    endloop
  endfacet
  facet normal 0 0 -1
    outer loop
      vertex 58.269 15.4525 7.62939e-07
      vertex 55.671 15.4525 7.62939e-07
      vertex 55.77 15.95 7.62939e-07
    endloop
  endfacet
  facet normal 0 0 -1
    outer loop
      vertex 58.5508 15.0308 7.62939e-07
      vertex 55.3892 15.0308 7.62939e-07
      vertex 55.671 15.4525 7.62939e-07
    endloop
  endfacet
  facet normal -0 0 -1
    outer loop
      vertex 58.5508 15.0308 7.62939e-07
      vertex 54.9675 14.749 7.62939e-07
      vertex 55.3892 15.0308 7.62939e-07
    endloop
  endfacet
  facet normal 0 0 -1
    outer loop
      vertex 58.9725 14.749 7.62939e-07
      vertex 54.9675 14.749 7.62939e-07
      vertex 58.5508 15.0308 7.62939e-07
    endloop
  endfacet
  facet normal 0 0 -1
    outer loop
      vertex 49.47 14.65 7.62939e-07
      vertex 54.47 14.65 7.62939e-07
      vertex 80.27 1.54495e-05 7.62939e-07
    endloop
  endfacet
  facet normal 0 0 -1
    outer loop
      vertex 50.77 28.45 7.62939e-07
      vertex 53.17 28.45 7.62939e-07
      vertex 53.17 15.95 7.62939e-07
    endloop
  endfacet
  facet normal 0 0 -1
    outer loop
      vertex 53.17 28.45 7.62939e-07
      vertex 52.0311 39.8262 7.62939e-07
      vertex 52.0398 40.0475 7.62939e-07
    endloop
  endfacet
  facet normal 0 0 -1
    outer loop
      vertex 53.17 28.45 7.62939e-07
      vertex 52.0051 39.6233 7.62939e-07
      vertex 52.0311 39.8262 7.62939e-07
    endloop
  endfacet
  facet normal 0 0 -1
    outer loop
      vertex 53.17 28.45 7.62939e-07
      vertex 51.9618 39.4389 7.62939e-07
      vertex 52.0051 39.6233 7.62939e-07
    endloop
  endfacet
  facet normal 0 0 -1
    outer loop
      vertex 50.671 28.9475 7.62939e-07
      vertex 53.17 28.45 7.62939e-07
      vertex 50.77 28.45 7.62939e-07
    endloop
  endfacet
  facet normal 0 0 -1
    outer loop
      vertex 53.17 28.45 7.62939e-07
      vertex 51.9012 39.2729 7.62939e-07
      vertex 51.9618 39.4389 7.62939e-07
    endloop
  endfacet
  facet normal 0 0 -1
    outer loop
      vertex 50.3892 29.3692 7.62939e-07
      vertex 53.17 28.45 7.62939e-07
      vertex 50.671 28.9475 7.62939e-07
    endloop
  endfacet
  facet normal 0 0 -1
    outer loop
      vertex 53.17 28.45 7.62939e-07
      vertex 51.8232 39.1254 7.62939e-07
      vertex 51.9012 39.2729 7.62939e-07
    endloop
  endfacet
  facet normal 0 0 -1
    outer loop
      vertex 53.17 28.45 7.62939e-07
      vertex 51.7278 38.9964 7.62939e-07
      vertex 51.8232 39.1254 7.62939e-07
    endloop
  endfacet
  facet normal 0 0 -1
    outer loop
      vertex 53.17 28.45 7.62939e-07
      vertex 51.6163 38.8866 7.62939e-07
      vertex 51.7278 38.9964 7.62939e-07
    endloop
  endfacet
  facet normal 0 0 -1
    outer loop
      vertex 49.6664 37.3417 7.62939e-07
      vertex 53.17 28.45 7.62939e-07
      vertex 50.3892 29.3692 7.62939e-07
    endloop
  endfacet
  facet normal 0 0 -1
    outer loop
      vertex 53.17 28.45 7.62939e-07
      vertex 51.4898 38.7967 7.62939e-07
      vertex 51.6163 38.8866 7.62939e-07
    endloop
  endfacet
  facet normal 0 0 -1
    outer loop
      vertex 53.17 28.45 7.62939e-07
      vertex 49.6664 37.3417 7.62939e-07
      vertex 51.4898 38.7967 7.62939e-07
    endloop
  endfacet
  facet normal 0 0 -1
    outer loop
      vertex 50.77 28.45 7.62939e-07
      vertex 53.17 15.95 7.62939e-07
      vertex 50.77 15.95 7.62939e-07
    endloop
  endfacet
  facet normal 0 0 -1
    outer loop
      vertex 53.269 15.4525 7.62939e-07
      vertex 50.77 15.95 7.62939e-07
      vertex 53.17 15.95 7.62939e-07
    endloop
  endfacet
  facet normal 0 0 -1
    outer loop
      vertex 50.671 15.4525 7.62939e-07
      vertex 53.269 15.4525 7.62939e-07
      vertex 53.5508 15.0308 7.62939e-07
    endloop
  endfacet
  facet normal 0 0 -1
    outer loop
      vertex 50.3892 15.0308 7.62939e-07
      vertex 53.5508 15.0308 7.62939e-07
      vertex 53.9725 14.749 7.62939e-07
    endloop
  endfacet
  facet normal 0 0 -1
    outer loop
      vertex 54.47 14.65 7.62939e-07
      vertex 49.47 14.65 7.62939e-07
      vertex 53.9725 14.749 7.62939e-07
    endloop
  endfacet
  facet normal 0 0 -1
    outer loop
      vertex 53.269 15.4525 7.62939e-07
      vertex 50.671 15.4525 7.62939e-07
      vertex 50.77 15.95 7.62939e-07
    endloop
  endfacet
  facet normal 0 0 -1
    outer loop
      vertex 53.5508 15.0308 7.62939e-07
      vertex 50.3892 15.0308 7.62939e-07
      vertex 50.671 15.4525 7.62939e-07
    endloop
  endfacet
  facet normal 0 0 -1
    outer loop
      vertex 53.9725 14.749 7.62939e-07
      vertex 49.9675 14.749 7.62939e-07
      vertex 50.3892 15.0308 7.62939e-07
    endloop
  endfacet
  facet normal -0 0 -1
    outer loop
      vertex 53.9725 14.749 7.62939e-07
      vertex 49.47 14.65 7.62939e-07
      vertex 49.9675 14.749 7.62939e-07
    endloop
  endfacet
  facet normal 0 0 -1
    outer loop
      vertex 44.47 14.65 7.62939e-07
      vertex 49.47 14.65 7.62939e-07
      vertex 80.27 1.54495e-05 7.62939e-07
    endloop
  endfacet
  facet normal 0 0 -1
    outer loop
      vertex 45.77 15.95 7.62939e-07
      vertex 48.17 28.45 7.62939e-07
      vertex 48.17 15.95 7.62939e-07
    endloop
  endfacet
  facet normal 0 0 -1
    outer loop
      vertex 48.17 28.45 7.62939e-07
      vertex 48.0885 39.861 7.62939e-07
      vertex 48.1156 41.1528 7.62939e-07
    endloop
  endfacet
  facet normal 0 0 -1
    outer loop
      vertex 48.17 28.45 7.62939e-07
      vertex 48.0435 39.6769 7.62939e-07
      vertex 48.0885 39.861 7.62939e-07
    endloop
  endfacet
  facet normal 0 0 -1
    outer loop
      vertex 48.17 28.45 7.62939e-07
      vertex 47.9811 39.5065 7.62939e-07
      vertex 48.0435 39.6769 7.62939e-07
    endloop
  endfacet
  facet normal 0 0 -1
    outer loop
      vertex 48.17 28.45 7.62939e-07
      vertex 47.9011 39.3499 7.62939e-07
      vertex 47.9811 39.5065 7.62939e-07
    endloop
  endfacet
  facet normal 0 0 -1
    outer loop
      vertex 48.17 28.45 7.62939e-07
      vertex 47.8036 39.207 7.62939e-07
      vertex 47.9011 39.3499 7.62939e-07
    endloop
  endfacet
  facet normal 0 0 -1
    outer loop
      vertex 48.17 28.45 7.62939e-07
      vertex 47.6886 39.0779 7.62939e-07
      vertex 47.8036 39.207 7.62939e-07
    endloop
  endfacet
  facet normal 0 0 -1
    outer loop
      vertex 48.17 28.45 7.62939e-07
      vertex 47.5561 38.9625 7.62939e-07
      vertex 47.6886 39.0779 7.62939e-07
    endloop
  endfacet
  facet normal 0 0 -1
    outer loop
      vertex 48.17 28.45 7.62939e-07
      vertex 47.4086 38.863 7.62939e-07
      vertex 47.5561 38.9625 7.62939e-07
    endloop
  endfacet
  facet normal 0 0 -1
    outer loop
      vertex 48.17 28.45 7.62939e-07
      vertex 47.2487 38.7817 7.62939e-07
      vertex 47.4086 38.863 7.62939e-07
    endloop
  endfacet
  facet normal 0 0 -1
    outer loop
      vertex 48.17 28.45 7.62939e-07
      vertex 47.0764 38.7184 7.62939e-07
      vertex 47.2487 38.7817 7.62939e-07
    endloop
  endfacet
  facet normal 0 0 -1
    outer loop
      vertex 45.3892 29.3692 7.62939e-07
      vertex 47.0764 38.7184 7.62939e-07
      vertex 48.17 28.45 7.62939e-07
    endloop
  endfacet
  facet normal 0 0 -1
    outer loop
      vertex 45.3892 29.3692 7.62939e-07
      vertex 48.17 28.45 7.62939e-07
      vertex 45.671 28.9475 7.62939e-07
    endloop
  endfacet
  facet normal 0 0 -1
    outer loop
      vertex 45.671 28.9475 7.62939e-07
      vertex 48.17 28.45 7.62939e-07
      vertex 45.77 28.45 7.62939e-07
    endloop
  endfacet
  facet normal 0 0 -1
    outer loop
      vertex 45.77 28.45 7.62939e-07
      vertex 48.17 28.45 7.62939e-07
      vertex 45.77 15.95 7.62939e-07
    endloop
  endfacet
  facet normal 0 0 -1
    outer loop
      vertex 47.0764 38.7184 7.62939e-07
      vertex 45.3892 29.3692 7.62939e-07
      vertex 46.8916 38.6732 7.62939e-07
    endloop
  endfacet
  facet normal 0 0 -1
    outer loop
      vertex 44.9675 29.651 7.62939e-07
      vertex 46.8916 38.6732 7.62939e-07
      vertex 45.3892 29.3692 7.62939e-07
    endloop
  endfacet
  facet normal 0 0 -1
    outer loop
      vertex 48.269 15.4525 7.62939e-07
      vertex 45.77 15.95 7.62939e-07
      vertex 48.17 15.95 7.62939e-07
    endloop
  endfacet
  facet normal 0 0 -1
    outer loop
      vertex 45.671 15.4525 7.62939e-07
      vertex 48.269 15.4525 7.62939e-07
      vertex 48.5508 15.0308 7.62939e-07
    endloop
  endfacet
  facet normal 0 0 -1
    outer loop
      vertex 45.3892 15.0308 7.62939e-07
      vertex 48.5508 15.0308 7.62939e-07
      vertex 48.9725 14.749 7.62939e-07
    endloop
  endfacet
  facet normal 0 0 -1
    outer loop
      vertex 49.47 14.65 7.62939e-07
      vertex 44.47 14.65 7.62939e-07
      vertex 48.9725 14.749 7.62939e-07
    endloop
  endfacet
  facet normal 0 0 -1
    outer loop
      vertex 48.269 15.4525 7.62939e-07
      vertex 45.671 15.4525 7.62939e-07
      vertex 45.77 15.95 7.62939e-07
    endloop
  endfacet
  facet normal 0 0 -1
    outer loop
      vertex 48.5508 15.0308 7.62939e-07
      vertex 45.3892 15.0308 7.62939e-07
      vertex 45.671 15.4525 7.62939e-07
    endloop
  endfacet
  facet normal 0 0 -1
    outer loop
      vertex 48.9725 14.749 7.62939e-07
      vertex 44.9675 14.749 7.62939e-07
      vertex 45.3892 15.0308 7.62939e-07
    endloop
  endfacet
  facet normal -0 0 -1
    outer loop
      vertex 48.9725 14.749 7.62939e-07
      vertex 44.47 14.65 7.62939e-07
      vertex 44.9675 14.749 7.62939e-07
    endloop
  endfacet
  facet normal 0 0 -1
    outer loop
      vertex 39.47 14.65 7.62939e-07
      vertex 44.47 14.65 7.62939e-07
      vertex 80.27 1.54495e-05 7.62939e-07
    endloop
  endfacet
  facet normal 0 0 -1
    outer loop
      vertex 40.77 15.95 7.62939e-07
      vertex 43.17 28.45 7.62939e-07
      vertex 43.17 15.95 7.62939e-07
    endloop
  endfacet
  facet normal 0 0 -1
    outer loop
      vertex 40.77 28.45 7.62939e-07
      vertex 43.17 28.45 7.62939e-07
      vertex 40.77 15.95 7.62939e-07
    endloop
  endfacet
  facet normal 0 0 -1
    outer loop
      vertex 43.0939 37.8435 7.62939e-07
      vertex 42.2835 38.7048 7.62939e-07
      vertex 42.7955 38.7048 7.62939e-07
    endloop
  endfacet
  facet normal 0 0 -1
    outer loop
      vertex 41.6539 39.2398 7.62939e-07
      vertex 42.2835 39.349 7.62939e-07
      vertex 42.2835 38.7048 7.62939e-07
    endloop
  endfacet
  facet normal 0 -0 -1
    outer loop
      vertex 41.8231 41.386 7.62939e-07
      vertex 42.3331 41.8106 7.62939e-07
      vertex 41.8211 41.2884 7.62939e-07
    endloop
  endfacet
  facet normal -0 0 -1
    outer loop
      vertex 42.3331 41.8106 7.62939e-07
      vertex 41.8231 41.386 7.62939e-07
      vertex 42.299 41.8168 7.62939e-07
    endloop
  endfacet
  facet normal -0 0 -1
    outer loop
      vertex 42.299 41.8168 7.62939e-07
      vertex 41.8289 41.4728 7.62939e-07
      vertex 42.2646 41.8219 7.62939e-07
    endloop
  endfacet
  facet normal 0 0 -1
    outer loop
      vertex 40.671 28.9475 7.62939e-07
      vertex 43.17 28.45 7.62939e-07
      vertex 40.77 28.45 7.62939e-07
    endloop
  endfacet
  facet normal 0 0 -1
    outer loop
      vertex 42.2835 39.349 7.62939e-07
      vertex 41.8107 39.7503 7.62939e-07
      vertex 41.8211 39.9525 7.62939e-07
    endloop
  endfacet
  facet normal -0 0 -1
    outer loop
      vertex 42.2646 41.8219 7.62939e-07
      vertex 41.8289 41.4728 7.62939e-07
      vertex 42.2297 41.8258 7.62939e-07
    endloop
  endfacet
  facet normal 0 -0 -1
    outer loop
      vertex 41.8385 41.5491 7.62939e-07
      vertex 42.2297 41.8258 7.62939e-07
      vertex 41.8289 41.4728 7.62939e-07
    endloop
  endfacet
  facet normal -0 0 -1
    outer loop
      vertex 42.2297 41.8258 7.62939e-07
      vertex 41.8385 41.5491 7.62939e-07
      vertex 42.1945 41.8287 7.62939e-07
    endloop
  endfacet
  facet normal -0 0 -1
    outer loop
      vertex 42.1945 41.8287 7.62939e-07
      vertex 41.8385 41.5491 7.62939e-07
      vertex 42.1589 41.8304 7.62939e-07
    endloop
  endfacet
  facet normal -0 0 -1
    outer loop
      vertex 42.1589 41.8304 7.62939e-07
      vertex 41.852 41.6147 7.62939e-07
      vertex 42.1229 41.8309 7.62939e-07
    endloop
  endfacet
  facet normal 0 -0 -1
    outer loop
      vertex 41.8694 41.6697 7.62939e-07
      vertex 42.1229 41.8309 7.62939e-07
      vertex 41.852 41.6147 7.62939e-07
    endloop
  endfacet
  facet normal 0 0 -1
    outer loop
      vertex 42.1229 41.8309 7.62939e-07
      vertex 41.8694 41.6697 7.62939e-07
      vertex 42.0713 41.8277 7.62939e-07
    endloop
  endfacet
  facet normal 0 0 -1
    outer loop
      vertex 42.0713 41.8277 7.62939e-07
      vertex 41.8694 41.6697 7.62939e-07
      vertex 42.0248 41.8179 7.62939e-07
    endloop
  endfacet
  facet normal 0 -0 -1
    outer loop
      vertex 41.8906 41.714 7.62939e-07
      vertex 42.0248 41.8179 7.62939e-07
      vertex 41.8694 41.6697 7.62939e-07
    endloop
  endfacet
  facet normal 0 0 -1
    outer loop
      vertex 42.0248 41.8179 7.62939e-07
      vertex 41.8906 41.714 7.62939e-07
      vertex 41.9835 41.8017 7.62939e-07
    endloop
  endfacet
  facet normal 0 0 -1
    outer loop
      vertex 41.9835 41.8017 7.62939e-07
      vertex 41.8906 41.714 7.62939e-07
      vertex 41.9474 41.7789 7.62939e-07
    endloop
  endfacet
  facet normal 0 0 -1
    outer loop
      vertex 41.9474 41.7789 7.62939e-07
      vertex 41.8906 41.714 7.62939e-07
      vertex 41.9164 41.7497 7.62939e-07
    endloop
  endfacet
  facet normal 0 -0 -1
    outer loop
      vertex 41.852 41.6147 7.62939e-07
      vertex 42.1589 41.8304 7.62939e-07
      vertex 41.8385 41.5491 7.62939e-07
    endloop
  endfacet
  facet normal 0 0 -1
    outer loop
      vertex 42.2835 39.349 7.62939e-07
      vertex 41.7793 39.5641 7.62939e-07
      vertex 41.8107 39.7503 7.62939e-07
    endloop
  endfacet
  facet normal 0 0 -1
    outer loop
      vertex 42.2835 39.349 7.62939e-07
      vertex 41.7271 39.3939 7.62939e-07
      vertex 41.7793 39.5641 7.62939e-07
    endloop
  endfacet
  facet normal -0 0 -1
    outer loop
      vertex 42.2835 39.349 7.62939e-07
      vertex 41.6539 39.2398 7.62939e-07
      vertex 41.7271 39.3939 7.62939e-07
    endloop
  endfacet
  facet normal 0 0 -1
    outer loop
      vertex 42.2835 38.7048 7.62939e-07
      vertex 41.5598 39.1016 7.62939e-07
      vertex 41.6539 39.2398 7.62939e-07
    endloop
  endfacet
  facet normal 0 0 -1
    outer loop
      vertex 42.2835 38.7048 7.62939e-07
      vertex 41.4448 38.9795 7.62939e-07
      vertex 41.5598 39.1016 7.62939e-07
    endloop
  endfacet
  facet normal 0 0 -1
    outer loop
      vertex 42.2835 38.7048 7.62939e-07
      vertex 41.3105 38.8748 7.62939e-07
      vertex 41.4448 38.9795 7.62939e-07
    endloop
  endfacet
  facet normal 0 0 -1
    outer loop
      vertex 42.2835 38.7048 7.62939e-07
      vertex 41.1585 38.7892 7.62939e-07
      vertex 41.3105 38.8748 7.62939e-07
    endloop
  endfacet
  facet normal 0 0 -1
    outer loop
      vertex 42.2835 38.7048 7.62939e-07
      vertex 40.9887 38.7226 7.62939e-07
      vertex 41.1585 38.7892 7.62939e-07
    endloop
  endfacet
  facet normal 0 0 -1
    outer loop
      vertex 43.0939 37.8435 7.62939e-07
      vertex 40.9887 38.7226 7.62939e-07
      vertex 42.2835 38.7048 7.62939e-07
    endloop
  endfacet
  facet normal 0 -0 -1
    outer loop
      vertex 40.9887 38.7226 7.62939e-07
      vertex 43.0939 37.8435 7.62939e-07
      vertex 40.8013 38.6751 7.62939e-07
    endloop
  endfacet
  facet normal 0 0 -1
    outer loop
      vertex 43.269 15.4525 7.62939e-07
      vertex 40.77 15.95 7.62939e-07
      vertex 43.17 15.95 7.62939e-07
    endloop
  endfacet
  facet normal 0 0 -1
    outer loop
      vertex 40.671 15.4525 7.62939e-07
      vertex 43.269 15.4525 7.62939e-07
      vertex 43.5508 15.0308 7.62939e-07
    endloop
  endfacet
  facet normal 0 0 -1
    outer loop
      vertex 40.3892 15.0308 7.62939e-07
      vertex 43.5508 15.0308 7.62939e-07
      vertex 43.9725 14.749 7.62939e-07
    endloop
  endfacet
  facet normal 0 0 -1
    outer loop
      vertex 44.47 14.65 7.62939e-07
      vertex 39.47 14.65 7.62939e-07
      vertex 43.9725 14.749 7.62939e-07
    endloop
  endfacet
  facet normal 0 0 -1
    outer loop
      vertex 43.269 15.4525 7.62939e-07
      vertex 40.671 15.4525 7.62939e-07
      vertex 40.77 15.95 7.62939e-07
    endloop
  endfacet
  facet normal 0 0 -1
    outer loop
      vertex 43.5508 15.0308 7.62939e-07
      vertex 40.3892 15.0308 7.62939e-07
      vertex 40.671 15.4525 7.62939e-07
    endloop
  endfacet
  facet normal 0 0 -1
    outer loop
      vertex 43.9725 14.749 7.62939e-07
      vertex 39.9675 14.749 7.62939e-07
      vertex 40.3892 15.0308 7.62939e-07
    endloop
  endfacet
  facet normal -0 0 -1
    outer loop
      vertex 43.9725 14.749 7.62939e-07
      vertex 39.47 14.65 7.62939e-07
      vertex 39.9675 14.749 7.62939e-07
    endloop
  endfacet
  facet normal 0 0 -1
    outer loop
      vertex 1.2 1.54495e-05 7.62939e-07
      vertex 39.47 14.65 7.62939e-07
      vertex 80.27 1.54495e-05 7.62939e-07
    endloop
  endfacet
  facet normal 0 0 -1
    outer loop
      vertex 35.77 15.95 7.62939e-07
      vertex 38.17 28.45 7.62939e-07
      vertex 38.17 15.95 7.62939e-07
    endloop
  endfacet
  facet normal 0 0 -1
    outer loop
      vertex 38.9725 29.651 7.62939e-07
      vertex 36.1263 37.596 7.62939e-07
      vertex 37.8114 37.596 7.62939e-07
    endloop
  endfacet
  facet normal 0 -0 -1
    outer loop
      vertex 36.7298 40.139 7.62939e-07
      vertex 37.8114 37.596 7.62939e-07
      vertex 36.1263 37.596 7.62939e-07
    endloop
  endfacet
  facet normal 0 0 -1
    outer loop
      vertex 37.8114 37.596 7.62939e-07
      vertex 36.7298 40.139 7.62939e-07
      vertex 37.235 40.2543 7.62939e-07
    endloop
  endfacet
  facet normal 0 0 -1
    outer loop
      vertex 37.0553 41.0341 7.62939e-07
      vertex 36.9168 41.1129 7.62939e-07
      vertex 36.9706 41.4274 7.62939e-07
    endloop
  endfacet
  facet normal -0 0 -1
    outer loop
      vertex 37.0553 41.0341 7.62939e-07
      vertex 36.8685 40.8382 7.62939e-07
      vertex 36.9168 41.1129 7.62939e-07
    endloop
  endfacet
  facet normal 0 0 -1
    outer loop
      vertex 37.235 40.2543 7.62939e-07
      vertex 36.8685 40.8382 7.62939e-07
      vertex 37.0553 41.0341 7.62939e-07
    endloop
  endfacet
  facet normal 0 -0 -1
    outer loop
      vertex 36.8685 40.8382 7.62939e-07
      vertex 37.235 40.2543 7.62939e-07
      vertex 36.8256 40.6035 7.62939e-07
    endloop
  endfacet
  facet normal 0 -0 -1
    outer loop
      vertex 36.8256 40.6035 7.62939e-07
      vertex 37.235 40.2543 7.62939e-07
      vertex 36.7882 40.4088 7.62939e-07
    endloop
  endfacet
  facet normal 0 -0 -1
    outer loop
      vertex 36.7882 40.4088 7.62939e-07
      vertex 37.235 40.2543 7.62939e-07
      vertex 36.7563 40.2539 7.62939e-07
    endloop
  endfacet
  facet normal 0 -0 -1
    outer loop
      vertex 36.7563 40.2539 7.62939e-07
      vertex 37.235 40.2543 7.62939e-07
      vertex 36.7298 40.139 7.62939e-07
    endloop
  endfacet
  facet normal 0 0 -1
    outer loop
      vertex 35.77 28.45 7.62939e-07
      vertex 38.17 28.45 7.62939e-07
      vertex 35.77 15.95 7.62939e-07
    endloop
  endfacet
  facet normal 0 0 -1
    outer loop
      vertex 38.269 15.4525 7.62939e-07
      vertex 35.77 15.95 7.62939e-07
      vertex 38.17 15.95 7.62939e-07
    endloop
  endfacet
  facet normal 0 0 -1
    outer loop
      vertex 35.671 15.4525 7.62939e-07
      vertex 38.269 15.4525 7.62939e-07
      vertex 38.5508 15.0308 7.62939e-07
    endloop
  endfacet
  facet normal 0 0 -1
    outer loop
      vertex 35.3892 15.0308 7.62939e-07
      vertex 38.5508 15.0308 7.62939e-07
      vertex 38.9725 14.749 7.62939e-07
    endloop
  endfacet
  facet normal 0 0 -1
    outer loop
      vertex 38.269 15.4525 7.62939e-07
      vertex 35.671 15.4525 7.62939e-07
      vertex 35.77 15.95 7.62939e-07
    endloop
  endfacet
  facet normal 0 -0 -1
    outer loop
      vertex 34.47 14.65 7.62939e-07
      vertex 39.47 14.65 7.62939e-07
      vertex 1.2 1.54495e-05 7.62939e-07
    endloop
  endfacet
  facet normal 0 0 -1
    outer loop
      vertex 38.5508 15.0308 7.62939e-07
      vertex 35.3892 15.0308 7.62939e-07
      vertex 35.671 15.4525 7.62939e-07
    endloop
  endfacet
  facet normal 0 0 -1
    outer loop
      vertex 38.9725 14.749 7.62939e-07
      vertex 34.9675 14.749 7.62939e-07
      vertex 35.3892 15.0308 7.62939e-07
    endloop
  endfacet
  facet normal -0 0 -1
    outer loop
      vertex 38.9725 14.749 7.62939e-07
      vertex 34.47 14.65 7.62939e-07
      vertex 34.9675 14.749 7.62939e-07
    endloop
  endfacet
  facet normal 0 0 -1
    outer loop
      vertex 39.47 14.65 7.62939e-07
      vertex 34.47 14.65 7.62939e-07
      vertex 38.9725 14.749 7.62939e-07
    endloop
  endfacet
  facet normal 0 0 -1
    outer loop
      vertex 30.77 28.45 7.62939e-07
      vertex 33.17 28.45 7.62939e-07
      vertex 33.17 15.95 7.62939e-07
    endloop
  endfacet
  facet normal 0 0 -1
    outer loop
      vertex 30.671 28.9475 7.62939e-07
      vertex 33.17 28.45 7.62939e-07
      vertex 30.77 28.45 7.62939e-07
    endloop
  endfacet
  facet normal 0 0 -1
    outer loop
      vertex 33.269 28.9475 7.62939e-07
      vertex 30.671 28.9475 7.62939e-07
      vertex 30.3892 29.3692 7.62939e-07
    endloop
  endfacet
  facet normal 0 0 -1
    outer loop
      vertex 33.5508 29.3692 7.62939e-07
      vertex 30.3892 29.3692 7.62939e-07
      vertex 29.9675 29.651 7.62939e-07
    endloop
  endfacet
  facet normal 0 0 -1
    outer loop
      vertex 30.77 28.45 7.62939e-07
      vertex 33.17 15.95 7.62939e-07
      vertex 30.77 15.95 7.62939e-07
    endloop
  endfacet
  facet normal 0 0 -1
    outer loop
      vertex 33.269 15.4525 7.62939e-07
      vertex 30.77 15.95 7.62939e-07
      vertex 33.17 15.95 7.62939e-07
    endloop
  endfacet
  facet normal 0 0 -1
    outer loop
      vertex 30.671 15.4525 7.62939e-07
      vertex 33.269 15.4525 7.62939e-07
      vertex 33.5508 15.0308 7.62939e-07
    endloop
  endfacet
  facet normal 0 0 -1
    outer loop
      vertex 30.3892 15.0308 7.62939e-07
      vertex 33.5508 15.0308 7.62939e-07
      vertex 33.9725 14.749 7.62939e-07
    endloop
  endfacet
  facet normal 0 0 -1
    outer loop
      vertex 33.269 15.4525 7.62939e-07
      vertex 30.671 15.4525 7.62939e-07
      vertex 30.77 15.95 7.62939e-07
    endloop
  endfacet
  facet normal 0 -0 -1
    outer loop
      vertex 29.47 14.65 7.62939e-07
      vertex 34.47 14.65 7.62939e-07
      vertex 1.2 1.54495e-05 7.62939e-07
    endloop
  endfacet
  facet normal 0 0 -1
    outer loop
      vertex 33.5508 15.0308 7.62939e-07
      vertex 30.3892 15.0308 7.62939e-07
      vertex 30.671 15.4525 7.62939e-07
    endloop
  endfacet
  facet normal 0 0 -1
    outer loop
      vertex 33.9725 14.749 7.62939e-07
      vertex 29.9675 14.749 7.62939e-07
      vertex 30.3892 15.0308 7.62939e-07
    endloop
  endfacet
  facet normal -0 0 -1
    outer loop
      vertex 33.9725 14.749 7.62939e-07
      vertex 29.47 14.65 7.62939e-07
      vertex 29.9675 14.749 7.62939e-07
    endloop
  endfacet
  facet normal 0 0 -1
    outer loop
      vertex 34.47 14.65 7.62939e-07
      vertex 29.47 14.65 7.62939e-07
      vertex 33.9725 14.749 7.62939e-07
    endloop
  endfacet
  facet normal 0 0 -1
    outer loop
      vertex 21.1767 37.596 7.62939e-07
      vertex 28.17 28.45 7.62939e-07
      vertex 28.17 15.95 7.62939e-07
    endloop
  endfacet
  facet normal 0 0 -1
    outer loop
      vertex 28.3821 41.8277 7.62939e-07
      vertex 28.1802 41.6697 7.62939e-07
      vertex 28.3356 41.8179 7.62939e-07
    endloop
  endfacet
  facet normal 0 -0 -1
    outer loop
      vertex 28.2014 41.714 7.62939e-07
      vertex 28.3356 41.8179 7.62939e-07
      vertex 28.1802 41.6697 7.62939e-07
    endloop
  endfacet
  facet normal 0 0 -1
    outer loop
      vertex 28.2943 41.8017 7.62939e-07
      vertex 28.2014 41.714 7.62939e-07
      vertex 28.2582 41.7789 7.62939e-07
    endloop
  endfacet
  facet normal 0 0 -1
    outer loop
      vertex 28.2582 41.7789 7.62939e-07
      vertex 28.2014 41.714 7.62939e-07
      vertex 28.2272 41.7497 7.62939e-07
    endloop
  endfacet
  facet normal -0 0 -1
    outer loop
      vertex 28.5053 41.8287 7.62939e-07
      vertex 28.1493 41.5491 7.62939e-07
      vertex 28.4697 41.8304 7.62939e-07
    endloop
  endfacet
  facet normal 0 0 -1
    outer loop
      vertex 28.9944 37.3417 7.62939e-07
      vertex 28.0901 39.5641 7.62939e-07
      vertex 28.1215 39.7503 7.62939e-07
    endloop
  endfacet
  facet normal 0 0 -1
    outer loop
      vertex 28.9944 37.3417 7.62939e-07
      vertex 28.0379 39.3939 7.62939e-07
      vertex 28.0901 39.5641 7.62939e-07
    endloop
  endfacet
  facet normal 0 0 -1
    outer loop
      vertex 28.9944 37.3417 7.62939e-07
      vertex 27.9647 39.2398 7.62939e-07
      vertex 28.0379 39.3939 7.62939e-07
    endloop
  endfacet
  facet normal 0 0 -1
    outer loop
      vertex 28.9944 37.3417 7.62939e-07
      vertex 27.8706 39.1016 7.62939e-07
      vertex 27.9647 39.2398 7.62939e-07
    endloop
  endfacet
  facet normal 0 0 -1
    outer loop
      vertex 28.9944 37.3417 7.62939e-07
      vertex 27.7556 38.9795 7.62939e-07
      vertex 27.8706 39.1016 7.62939e-07
    endloop
  endfacet
  facet normal 0 0 -1
    outer loop
      vertex 28.9944 37.3417 7.62939e-07
      vertex 27.6213 38.8748 7.62939e-07
      vertex 27.7556 38.9795 7.62939e-07
    endloop
  endfacet
  facet normal 0 0 -1
    outer loop
      vertex 28.9944 37.3417 7.62939e-07
      vertex 27.4693 38.7892 7.62939e-07
      vertex 27.6213 38.8748 7.62939e-07
    endloop
  endfacet
  facet normal 0 -0 -1
    outer loop
      vertex 26.907 38.6465 7.62939e-07
      vertex 28.9944 37.3417 7.62939e-07
      vertex 25.2658 37.596 7.62939e-07
    endloop
  endfacet
  facet normal 0 0 -1
    outer loop
      vertex 28.9944 37.3417 7.62939e-07
      vertex 27.2995 38.7226 7.62939e-07
      vertex 27.4693 38.7892 7.62939e-07
    endloop
  endfacet
  facet normal 0 0 -1
    outer loop
      vertex 28.9944 37.3417 7.62939e-07
      vertex 27.1121 38.6751 7.62939e-07
      vertex 27.2995 38.7226 7.62939e-07
    endloop
  endfacet
  facet normal 0 0 -1
    outer loop
      vertex 28.9944 37.3417 7.62939e-07
      vertex 26.907 38.6465 7.62939e-07
      vertex 27.1121 38.6751 7.62939e-07
    endloop
  endfacet
  facet normal 0 0 -1
    outer loop
      vertex 26.907 38.6465 7.62939e-07
      vertex 25.2658 37.596 7.62939e-07
      vertex 26.6841 38.637 7.62939e-07
    endloop
  endfacet
  facet normal -0 0 -1
    outer loop
      vertex 26.6841 38.637 7.62939e-07
      vertex 25.2658 37.596 7.62939e-07
      vertex 26.4628 38.6447 7.62939e-07
    endloop
  endfacet
  facet normal -0 0 -1
    outer loop
      vertex 26.4628 38.6447 7.62939e-07
      vertex 25.2658 37.596 7.62939e-07
      vertex 26.2575 38.6677 7.62939e-07
    endloop
  endfacet
  facet normal -0 0 -1
    outer loop
      vertex 26.2575 38.6677 7.62939e-07
      vertex 25.2658 37.596 7.62939e-07
      vertex 26.0683 38.7061 7.62939e-07
    endloop
  endfacet
  facet normal 0 0 -1
    outer loop
      vertex 25.2658 38.3691 7.62939e-07
      vertex 26.0683 38.7061 7.62939e-07
      vertex 25.2658 37.596 7.62939e-07
    endloop
  endfacet
  facet normal -0 0 -1
    outer loop
      vertex 26.0683 38.7061 7.62939e-07
      vertex 25.2658 38.3691 7.62939e-07
      vertex 25.8952 38.7598 7.62939e-07
    endloop
  endfacet
  facet normal -0 0 -1
    outer loop
      vertex 25.8952 38.7598 7.62939e-07
      vertex 25.2658 38.3691 7.62939e-07
      vertex 25.7383 38.8289 7.62939e-07
    endloop
  endfacet
  facet normal -0 0 -1
    outer loop
      vertex 25.7383 38.8289 7.62939e-07
      vertex 25.2658 38.3691 7.62939e-07
      vertex 25.5974 38.9133 7.62939e-07
    endloop
  endfacet
  facet normal -0 0 -1
    outer loop
      vertex 25.5974 38.9133 7.62939e-07
      vertex 25.2658 38.3691 7.62939e-07
      vertex 25.4732 39.0127 7.62939e-07
    endloop
  endfacet
  facet normal -0 0 -1
    outer loop
      vertex 25.4732 39.0127 7.62939e-07
      vertex 25.2658 38.3691 7.62939e-07
      vertex 25.366 39.1264 7.62939e-07
    endloop
  endfacet
  facet normal 0 0 -1
    outer loop
      vertex 28.269 28.9475 7.62939e-07
      vertex 21.1767 37.596 7.62939e-07
      vertex 25.2658 37.596 7.62939e-07
    endloop
  endfacet
  facet normal 0 0 -1
    outer loop
      vertex 3.54767e-06 1.20001 7.62939e-07
      vertex 28.17 15.95 7.62939e-07
      vertex 28.269 15.4525 7.62939e-07
    endloop
  endfacet
  facet normal -0 0 -1
    outer loop
      vertex 28.17 15.95 7.62939e-07
      vertex 3.54767e-06 1.20001 7.62939e-07
      vertex 21.1767 37.596 7.62939e-07
    endloop
  endfacet
  facet normal 0 0 -1
    outer loop
      vertex 3.54767e-06 1.20001 7.62939e-07
      vertex 28.269 15.4525 7.62939e-07
      vertex 1.2 1.54495e-05 7.62939e-07
    endloop
  endfacet
  facet normal -0 0 -1
    outer loop
      vertex 28.5508 15.0308 7.62939e-07
      vertex 1.2 1.54495e-05 7.62939e-07
      vertex 28.269 15.4525 7.62939e-07
    endloop
  endfacet
  facet normal -0 0 -1
    outer loop
      vertex 28.9725 14.749 7.62939e-07
      vertex 1.2 1.54495e-05 7.62939e-07
      vertex 28.5508 15.0308 7.62939e-07
    endloop
  endfacet
  facet normal -0 0 -1
    outer loop
      vertex 29.47 14.65 7.62939e-07
      vertex 1.2 1.54495e-05 7.62939e-07
      vertex 28.9725 14.749 7.62939e-07
    endloop
  endfacet
  facet normal 0 0 -1
    outer loop
      vertex 80.8148 51.3192 7.62939e-07
      vertex 80.27 51.45 7.62939e-07
      vertex 80.6408 51.3913 7.62939e-07
    endloop
  endfacet
  facet normal 0 0 -1
    outer loop
      vertex 80.6408 51.3913 7.62939e-07
      vertex 80.27 51.45 7.62939e-07
      vertex 80.4577 51.4352 7.62939e-07
    endloop
  endfacet
  facet normal 0 0 -1
    outer loop
      vertex 81.4113 50.6208 7.62939e-07
      vertex 80.27 51.45 7.62939e-07
      vertex 81.3392 50.7948 7.62939e-07
    endloop
  endfacet
  facet normal 0 0 -1
    outer loop
      vertex 59.9675 29.651 7.62939e-07
      vertex 80.27 51.45 7.62939e-07
      vertex 60.3892 29.3692 7.62939e-07
    endloop
  endfacet
  facet normal 0 0 -1
    outer loop
      vertex 52.0398 40.0475 7.62939e-07
      vertex 59.9675 29.651 7.62939e-07
      vertex 59.47 29.75 7.62939e-07
    endloop
  endfacet
  facet normal 0 0 -1
    outer loop
      vertex 52.0398 40.0475 7.62939e-07
      vertex 59.47 29.75 7.62939e-07
      vertex 58.9725 29.651 7.62939e-07
    endloop
  endfacet
  facet normal 0 0 -1
    outer loop
      vertex 54.9675 29.651 7.62939e-07
      vertex 58.9725 29.651 7.62939e-07
      vertex 58.5508 29.3692 7.62939e-07
    endloop
  endfacet
  facet normal 0 0 -1
    outer loop
      vertex 55.77 28.45 7.62939e-07
      vertex 58.17 28.45 7.62939e-07
      vertex 55.77 15.95 7.62939e-07
    endloop
  endfacet
  facet normal 0 0 -1
    outer loop
      vertex 55.77 28.45 7.62939e-07
      vertex 58.269 28.9475 7.62939e-07
      vertex 58.17 28.45 7.62939e-07
    endloop
  endfacet
  facet normal 0 0 -1
    outer loop
      vertex 55.671 28.9475 7.62939e-07
      vertex 58.269 28.9475 7.62939e-07
      vertex 55.77 28.45 7.62939e-07
    endloop
  endfacet
  facet normal 0 0 -1
    outer loop
      vertex 58.269 28.9475 7.62939e-07
      vertex 55.671 28.9475 7.62939e-07
      vertex 58.5508 29.3692 7.62939e-07
    endloop
  endfacet
  facet normal 0 0 -1
    outer loop
      vertex 55.3892 29.3692 7.62939e-07
      vertex 58.5508 29.3692 7.62939e-07
      vertex 55.671 28.9475 7.62939e-07
    endloop
  endfacet
  facet normal 0 0 -1
    outer loop
      vertex 54.9675 29.651 7.62939e-07
      vertex 58.5508 29.3692 7.62939e-07
      vertex 55.3892 29.3692 7.62939e-07
    endloop
  endfacet
  facet normal 0 0 -1
    outer loop
      vertex 58.9725 29.651 7.62939e-07
      vertex 54.9675 29.651 7.62939e-07
      vertex 52.0398 40.0475 7.62939e-07
    endloop
  endfacet
  facet normal 0 0 -1
    outer loop
      vertex 52.0398 40.0475 7.62939e-07
      vertex 54.9675 29.651 7.62939e-07
      vertex 54.47 29.75 7.62939e-07
    endloop
  endfacet
  facet normal 0 0 -1
    outer loop
      vertex 52.0398 40.0475 7.62939e-07
      vertex 54.47 29.75 7.62939e-07
      vertex 53.9725 29.651 7.62939e-07
    endloop
  endfacet
  facet normal 0 0 -1
    outer loop
      vertex 52.0398 40.0475 7.62939e-07
      vertex 53.9725 29.651 7.62939e-07
      vertex 53.5508 29.3692 7.62939e-07
    endloop
  endfacet
  facet normal 0 0 -1
    outer loop
      vertex 52.0398 40.0475 7.62939e-07
      vertex 53.269 28.9475 7.62939e-07
      vertex 53.17 28.45 7.62939e-07
    endloop
  endfacet
  facet normal 0 0 -1
    outer loop
      vertex 52.0398 40.0475 7.62939e-07
      vertex 53.5508 29.3692 7.62939e-07
      vertex 53.269 28.9475 7.62939e-07
    endloop
  endfacet
  facet normal 0 0 -1
    outer loop
      vertex 59.9675 29.651 7.62939e-07
      vertex 52.0398 40.0475 7.62939e-07
      vertex 52.0398 42.3734 7.62939e-07
    endloop
  endfacet
  facet normal 0 0 -1
    outer loop
      vertex 59.9675 29.651 7.62939e-07
      vertex 52.0398 42.3734 7.62939e-07
      vertex 80.27 51.45 7.62939e-07
    endloop
  endfacet
  facet normal 0 0 -1
    outer loop
      vertex 51.0904 42.3734 7.62939e-07
      vertex 80.27 51.45 7.62939e-07
      vertex 52.0398 42.3734 7.62939e-07
    endloop
  endfacet
  facet normal 0 0 -1
    outer loop
      vertex 49.8136 39.7526 7.62939e-07
      vertex 51.0723 40.0235 7.62939e-07
      vertex 51.0177 39.7819 7.62939e-07
    endloop
  endfacet
  facet normal 0 0 -1
    outer loop
      vertex 50.4361 39.3524 7.62939e-07
      vertex 51.0177 39.7819 7.62939e-07
      vertex 50.9268 39.594 7.62939e-07
    endloop
  endfacet
  facet normal 0 0 -1
    outer loop
      vertex 50.636 39.3792 7.62939e-07
      vertex 50.9268 39.594 7.62939e-07
      vertex 50.7996 39.4598 7.62939e-07
    endloop
  endfacet
  facet normal 0 0 -1
    outer loop
      vertex 50.9268 39.594 7.62939e-07
      vertex 50.636 39.3792 7.62939e-07
      vertex 50.4361 39.3524 7.62939e-07
    endloop
  endfacet
  facet normal 0 0 -1
    outer loop
      vertex 50.3245 39.3606 7.62939e-07
      vertex 51.0177 39.7819 7.62939e-07
      vertex 50.4361 39.3524 7.62939e-07
    endloop
  endfacet
  facet normal 0 0 -1
    outer loop
      vertex 51.0177 39.7819 7.62939e-07
      vertex 50.3245 39.3606 7.62939e-07
      vertex 49.9527 39.5584 7.62939e-07
    endloop
  endfacet
  facet normal 0 0 -1
    outer loop
      vertex 49.9527 39.5584 7.62939e-07
      vertex 50.3245 39.3606 7.62939e-07
      vertex 50.2204 39.3854 7.62939e-07
    endloop
  endfacet
  facet normal 0 0 -1
    outer loop
      vertex 49.9527 39.5584 7.62939e-07
      vertex 50.2204 39.3854 7.62939e-07
      vertex 50.1237 39.4266 7.62939e-07
    endloop
  endfacet
  facet normal 0 0 -1
    outer loop
      vertex 49.9527 39.5584 7.62939e-07
      vertex 50.1237 39.4266 7.62939e-07
      vertex 50.0344 39.4843 7.62939e-07
    endloop
  endfacet
  facet normal 0 0 -1
    outer loop
      vertex 51.0177 39.7819 7.62939e-07
      vertex 49.9527 39.5584 7.62939e-07
      vertex 49.8783 39.6491 7.62939e-07
    endloop
  endfacet
  facet normal 0 0 -1
    outer loop
      vertex 51.0177 39.7819 7.62939e-07
      vertex 49.8783 39.6491 7.62939e-07
      vertex 49.8136 39.7526 7.62939e-07
    endloop
  endfacet
  facet normal 0 0 -1
    outer loop
      vertex 51.0723 40.0235 7.62939e-07
      vertex 49.8136 39.7526 7.62939e-07
      vertex 49.7606 39.8655 7.62939e-07
    endloop
  endfacet
  facet normal 0 0 -1
    outer loop
      vertex 51.0723 40.0235 7.62939e-07
      vertex 49.7606 39.8655 7.62939e-07
      vertex 49.7194 39.9877 7.62939e-07
    endloop
  endfacet
  facet normal -0 0 -1
    outer loop
      vertex 51.0723 40.0235 7.62939e-07
      vertex 49.7194 39.9877 7.62939e-07
      vertex 49.6899 40.1192 7.62939e-07
    endloop
  endfacet
  facet normal 0 0 -1
    outer loop
      vertex 51.0904 40.3187 7.62939e-07
      vertex 49.6899 40.1192 7.62939e-07
      vertex 49.6723 40.2601 7.62939e-07
    endloop
  endfacet
  facet normal -0 0 -1
    outer loop
      vertex 51.0904 40.3187 7.62939e-07
      vertex 49.6723 40.2601 7.62939e-07
      vertex 49.6664 40.4103 7.62939e-07
    endloop
  endfacet
  facet normal 0 0 -1
    outer loop
      vertex 51.0904 40.3187 7.62939e-07
      vertex 49.6664 40.4103 7.62939e-07
      vertex 51.0904 42.3734 7.62939e-07
    endloop
  endfacet
  facet normal 0 0 -1
    outer loop
      vertex 49.6664 42.3734 7.62939e-07
      vertex 51.0904 42.3734 7.62939e-07
      vertex 49.6664 40.4103 7.62939e-07
    endloop
  endfacet
  facet normal 0 0 -1
    outer loop
      vertex 49.6664 42.3734 7.62939e-07
      vertex 80.27 51.45 7.62939e-07
      vertex 51.0904 42.3734 7.62939e-07
    endloop
  endfacet
  facet normal 0 0 -1
    outer loop
      vertex 48.7136 42.3734 7.62939e-07
      vertex 80.27 51.45 7.62939e-07
      vertex 49.6664 42.3734 7.62939e-07
    endloop
  endfacet
  facet normal 0 0 -1
    outer loop
      vertex 48.1156 41.1528 7.62939e-07
      vertex 48.7136 37.3417 7.62939e-07
      vertex 48.269 28.9475 7.62939e-07
    endloop
  endfacet
  facet normal 0 0 -1
    outer loop
      vertex 48.1156 41.1528 7.62939e-07
      vertex 48.269 28.9475 7.62939e-07
      vertex 48.17 28.45 7.62939e-07
    endloop
  endfacet
  facet normal 0 0 -1
    outer loop
      vertex 48.7136 37.3417 7.62939e-07
      vertex 48.1156 41.1528 7.62939e-07
      vertex 48.7136 42.3734 7.62939e-07
    endloop
  endfacet
  facet normal 0 0 -1
    outer loop
      vertex 48.094 41.276 7.62939e-07
      vertex 48.7136 42.3734 7.62939e-07
      vertex 48.1156 41.1528 7.62939e-07
    endloop
  endfacet
  facet normal 0 0 -1
    outer loop
      vertex 48.0631 41.3947 7.62939e-07
      vertex 48.7136 42.3734 7.62939e-07
      vertex 48.094 41.276 7.62939e-07
    endloop
  endfacet
  facet normal 0 0 -1
    outer loop
      vertex 48.0228 41.5088 7.62939e-07
      vertex 48.7136 42.3734 7.62939e-07
      vertex 48.0631 41.3947 7.62939e-07
    endloop
  endfacet
  facet normal 0 0 -1
    outer loop
      vertex 47.9732 41.6185 7.62939e-07
      vertex 48.7136 42.3734 7.62939e-07
      vertex 48.0228 41.5088 7.62939e-07
    endloop
  endfacet
  facet normal 0 0 -1
    outer loop
      vertex 47.9143 41.7236 7.62939e-07
      vertex 48.7136 42.3734 7.62939e-07
      vertex 47.9732 41.6185 7.62939e-07
    endloop
  endfacet
  facet normal 0 0 -1
    outer loop
      vertex 47.8461 41.8242 7.62939e-07
      vertex 48.7136 42.3734 7.62939e-07
      vertex 47.9143 41.7236 7.62939e-07
    endloop
  endfacet
  facet normal 0 0 -1
    outer loop
      vertex 47.7693 41.9188 7.62939e-07
      vertex 48.7136 42.3734 7.62939e-07
      vertex 47.8461 41.8242 7.62939e-07
    endloop
  endfacet
  facet normal 0 0 -1
    outer loop
      vertex 47.685 42.0059 7.62939e-07
      vertex 48.7136 42.3734 7.62939e-07
      vertex 47.7693 41.9188 7.62939e-07
    endloop
  endfacet
  facet normal 0 0 -1
    outer loop
      vertex 47.593 42.0857 7.62939e-07
      vertex 48.7136 42.3734 7.62939e-07
      vertex 47.685 42.0059 7.62939e-07
    endloop
  endfacet
  facet normal 0 0 -1
    outer loop
      vertex 47.4934 42.1579 7.62939e-07
      vertex 48.7136 42.3734 7.62939e-07
      vertex 47.593 42.0857 7.62939e-07
    endloop
  endfacet
  facet normal 0 0 -1
    outer loop
      vertex 47.3862 42.2228 7.62939e-07
      vertex 48.7136 42.3734 7.62939e-07
      vertex 47.4934 42.1579 7.62939e-07
    endloop
  endfacet
  facet normal 0 0 -1
    outer loop
      vertex 47.2713 42.2802 7.62939e-07
      vertex 48.7136 42.3734 7.62939e-07
      vertex 47.3862 42.2228 7.62939e-07
    endloop
  endfacet
  facet normal 0 0 -1
    outer loop
      vertex 47.1502 42.3294 7.62939e-07
      vertex 48.7136 42.3734 7.62939e-07
      vertex 47.2713 42.2802 7.62939e-07
    endloop
  endfacet
  facet normal 0 0 -1
    outer loop
      vertex 47.0242 42.3696 7.62939e-07
      vertex 48.7136 42.3734 7.62939e-07
      vertex 47.1502 42.3294 7.62939e-07
    endloop
  endfacet
  facet normal 0 0 -1
    outer loop
      vertex 46.8933 42.401 7.62939e-07
      vertex 48.7136 42.3734 7.62939e-07
      vertex 47.0242 42.3696 7.62939e-07
    endloop
  endfacet
  facet normal 0 0 -1
    outer loop
      vertex 46.7575 42.4233 7.62939e-07
      vertex 48.7136 42.3734 7.62939e-07
      vertex 46.8933 42.401 7.62939e-07
    endloop
  endfacet
  facet normal 0 0 -1
    outer loop
      vertex 46.6168 42.4368 7.62939e-07
      vertex 48.7136 42.3734 7.62939e-07
      vertex 46.7575 42.4233 7.62939e-07
    endloop
  endfacet
  facet normal 0 0 -1
    outer loop
      vertex 48.7136 42.3734 7.62939e-07
      vertex 46.6168 42.4368 7.62939e-07
      vertex 80.27 51.45 7.62939e-07
    endloop
  endfacet
  facet normal 0 0 -1
    outer loop
      vertex 46.4712 42.4412 7.62939e-07
      vertex 80.27 51.45 7.62939e-07
      vertex 46.6168 42.4368 7.62939e-07
    endloop
  endfacet
  facet normal 0 0 -1
    outer loop
      vertex 43.7704 42.4313 7.62939e-07
      vertex 46.4712 42.4412 7.62939e-07
      vertex 46.2037 42.4274 7.62939e-07
    endloop
  endfacet
  facet normal 0 0 -1
    outer loop
      vertex 44.0492 42.4057 7.62939e-07
      vertex 46.2037 42.4274 7.62939e-07
      vertex 45.9573 42.386 7.62939e-07
    endloop
  endfacet
  facet normal 0 0 -1
    outer loop
      vertex 44.7411 40.2677 7.62939e-07
      vertex 44.4264 41.7292 7.62939e-07
      vertex 44.7284 40.5594 7.62939e-07
    endloop
  endfacet
  facet normal 0 0 -1
    outer loop
      vertex 44.4264 41.7292 7.62939e-07
      vertex 44.741 40.8447 7.62939e-07
      vertex 44.7284 40.5594 7.62939e-07
    endloop
  endfacet
  facet normal 0 0 -1
    outer loop
      vertex 44.4264 41.7292 7.62939e-07
      vertex 44.7788 41.1082 7.62939e-07
      vertex 44.741 40.8447 7.62939e-07
    endloop
  endfacet
  facet normal 0 0 -1
    outer loop
      vertex 44.4264 41.7292 7.62939e-07
      vertex 44.8419 41.3499 7.62939e-07
      vertex 44.7788 41.1082 7.62939e-07
    endloop
  endfacet
  facet normal 0 0 -1
    outer loop
      vertex 44.4264 41.7292 7.62939e-07
      vertex 44.9303 41.5699 7.62939e-07
      vertex 44.8419 41.3499 7.62939e-07
    endloop
  endfacet
  facet normal 0 0 -1
    outer loop
      vertex 44.4264 41.7292 7.62939e-07
      vertex 45.0439 41.7681 7.62939e-07
      vertex 44.9303 41.5699 7.62939e-07
    endloop
  endfacet
  facet normal 0 0 -1
    outer loop
      vertex 44.4264 42.3192 7.62939e-07
      vertex 45.0439 41.7681 7.62939e-07
      vertex 44.4264 41.7292 7.62939e-07
    endloop
  endfacet
  facet normal 0 0 -1
    outer loop
      vertex 45.0439 41.7681 7.62939e-07
      vertex 44.4264 42.3192 7.62939e-07
      vertex 45.1827 41.9445 7.62939e-07
    endloop
  endfacet
  facet normal 0 0 -1
    outer loop
      vertex 45.1827 41.9445 7.62939e-07
      vertex 44.4264 42.3192 7.62939e-07
      vertex 45.3447 42.0963 7.62939e-07
    endloop
  endfacet
  facet normal 0 0 -1
    outer loop
      vertex 45.3447 42.0963 7.62939e-07
      vertex 44.4264 42.3192 7.62939e-07
      vertex 45.5278 42.2205 7.62939e-07
    endloop
  endfacet
  facet normal 0 0 -1
    outer loop
      vertex 45.5278 42.2205 7.62939e-07
      vertex 44.4264 42.3192 7.62939e-07
      vertex 45.732 42.3171 7.62939e-07
    endloop
  endfacet
  facet normal 0 0 -1
    outer loop
      vertex 44.4264 42.3192 7.62939e-07
      vertex 45.9573 42.386 7.62939e-07
      vertex 45.732 42.3171 7.62939e-07
    endloop
  endfacet
  facet normal 0 0 -1
    outer loop
      vertex 44.3061 42.3544 7.62939e-07
      vertex 45.9573 42.386 7.62939e-07
      vertex 44.4264 42.3192 7.62939e-07
    endloop
  endfacet
  facet normal 0 0 -1
    outer loop
      vertex 44.1804 42.3832 7.62939e-07
      vertex 45.9573 42.386 7.62939e-07
      vertex 44.3061 42.3544 7.62939e-07
    endloop
  endfacet
  facet normal 0 0 -1
    outer loop
      vertex 44.0492 42.4057 7.62939e-07
      vertex 45.9573 42.386 7.62939e-07
      vertex 44.1804 42.3832 7.62939e-07
    endloop
  endfacet
  facet normal 0 0 -1
    outer loop
      vertex 46.2037 42.4274 7.62939e-07
      vertex 44.0492 42.4057 7.62939e-07
      vertex 43.9125 42.4217 7.62939e-07
    endloop
  endfacet
  facet normal -0 0 -1
    outer loop
      vertex 46.2037 42.4274 7.62939e-07
      vertex 43.9125 42.4217 7.62939e-07
      vertex 43.7704 42.4313 7.62939e-07
    endloop
  endfacet
  facet normal -0 0 -1
    outer loop
      vertex 46.4712 42.4412 7.62939e-07
      vertex 43.7704 42.4313 7.62939e-07
      vertex 80.27 51.45 7.62939e-07
    endloop
  endfacet
  facet normal 0 0 -1
    outer loop
      vertex 43.6228 42.4345 7.62939e-07
      vertex 80.27 51.45 7.62939e-07
      vertex 43.7704 42.4313 7.62939e-07
    endloop
  endfacet
  facet normal 0 0 -1
    outer loop
      vertex 41.756 42.4139 7.62939e-07
      vertex 43.6228 42.4345 7.62939e-07
      vertex 43.4881 42.4281 7.62939e-07
    endloop
  endfacet
  facet normal 0 0 -1
    outer loop
      vertex 41.975 42.3997 7.62939e-07
      vertex 43.4881 42.4281 7.62939e-07
      vertex 43.364 42.409 7.62939e-07
    endloop
  endfacet
  facet normal 0 0 -1
    outer loop
      vertex 42.3331 41.8106 7.62939e-07
      vertex 42.7544 41.6605 7.62939e-07
      vertex 42.7481 41.5122 7.62939e-07
    endloop
  endfacet
  facet normal 0 0 -1
    outer loop
      vertex 42.3331 41.8106 7.62939e-07
      vertex 42.7733 41.7957 7.62939e-07
      vertex 42.7544 41.6605 7.62939e-07
    endloop
  endfacet
  facet normal 0 0 -1
    outer loop
      vertex 42.3331 41.8106 7.62939e-07
      vertex 42.8049 41.9178 7.62939e-07
      vertex 42.7733 41.7957 7.62939e-07
    endloop
  endfacet
  facet normal 0 0 -1
    outer loop
      vertex 42.3331 42.326 7.62939e-07
      vertex 42.8049 41.9178 7.62939e-07
      vertex 42.3331 41.8106 7.62939e-07
    endloop
  endfacet
  facet normal 0 0 -1
    outer loop
      vertex 42.8049 41.9178 7.62939e-07
      vertex 42.3331 42.326 7.62939e-07
      vertex 42.849 42.0269 7.62939e-07
    endloop
  endfacet
  facet normal 0 0 -1
    outer loop
      vertex 42.849 42.0269 7.62939e-07
      vertex 42.3331 42.326 7.62939e-07
      vertex 42.9058 42.1228 7.62939e-07
    endloop
  endfacet
  facet normal 0 0 -1
    outer loop
      vertex 42.9058 42.1228 7.62939e-07
      vertex 42.3331 42.326 7.62939e-07
      vertex 42.9752 42.2056 7.62939e-07
    endloop
  endfacet
  facet normal 0 0 -1
    outer loop
      vertex 42.9752 42.2056 7.62939e-07
      vertex 42.3331 42.326 7.62939e-07
      vertex 43.0563 42.2756 7.62939e-07
    endloop
  endfacet
  facet normal 0 0 -1
    outer loop
      vertex 42.3331 42.326 7.62939e-07
      vertex 43.1481 42.3328 7.62939e-07
      vertex 43.0563 42.2756 7.62939e-07
    endloop
  endfacet
  facet normal 0 0 -1
    outer loop
      vertex 42.3331 42.326 7.62939e-07
      vertex 43.2507 42.3773 7.62939e-07
      vertex 43.1481 42.3328 7.62939e-07
    endloop
  endfacet
  facet normal 0 0 -1
    outer loop
      vertex 42.2785 42.3391 7.62939e-07
      vertex 43.2507 42.3773 7.62939e-07
      vertex 42.3331 42.326 7.62939e-07
    endloop
  endfacet
  facet normal 0 0 -1
    outer loop
      vertex 42.2276 42.3516 7.62939e-07
      vertex 43.2507 42.3773 7.62939e-07
      vertex 42.2785 42.3391 7.62939e-07
    endloop
  endfacet
  facet normal 0 0 -1
    outer loop
      vertex 42.2036 42.3575 7.62939e-07
      vertex 43.2507 42.3773 7.62939e-07
      vertex 42.2276 42.3516 7.62939e-07
    endloop
  endfacet
  facet normal 0 0 -1
    outer loop
      vertex 42.1805 42.3633 7.62939e-07
      vertex 43.2507 42.3773 7.62939e-07
      vertex 42.2036 42.3575 7.62939e-07
    endloop
  endfacet
  facet normal 0 0 -1
    outer loop
      vertex 42.1579 42.3687 7.62939e-07
      vertex 43.2507 42.3773 7.62939e-07
      vertex 42.1805 42.3633 7.62939e-07
    endloop
  endfacet
  facet normal -0 0 -1
    outer loop
      vertex 43.2507 42.3773 7.62939e-07
      vertex 42.1579 42.3687 7.62939e-07
      vertex 43.364 42.409 7.62939e-07
    endloop
  endfacet
  facet normal 0 0 -1
    outer loop
      vertex 42.1353 42.3738 7.62939e-07
      vertex 43.364 42.409 7.62939e-07
      vertex 42.1579 42.3687 7.62939e-07
    endloop
  endfacet
  facet normal 0 0 -1
    outer loop
      vertex 42.1127 42.3785 7.62939e-07
      vertex 43.364 42.409 7.62939e-07
      vertex 42.1353 42.3738 7.62939e-07
    endloop
  endfacet
  facet normal 0 0 -1
    outer loop
      vertex 42.0901 42.3829 7.62939e-07
      vertex 43.364 42.409 7.62939e-07
      vertex 42.1127 42.3785 7.62939e-07
    endloop
  endfacet
  facet normal 0 0 -1
    outer loop
      vertex 42.0675 42.3868 7.62939e-07
      vertex 43.364 42.409 7.62939e-07
      vertex 42.0901 42.3829 7.62939e-07
    endloop
  endfacet
  facet normal 0 0 -1
    outer loop
      vertex 42.0449 42.3904 7.62939e-07
      vertex 43.364 42.409 7.62939e-07
      vertex 42.0675 42.3868 7.62939e-07
    endloop
  endfacet
  facet normal 0 0 -1
    outer loop
      vertex 42.0221 42.3937 7.62939e-07
      vertex 43.364 42.409 7.62939e-07
      vertex 42.0449 42.3904 7.62939e-07
    endloop
  endfacet
  facet normal 0 0 -1
    outer loop
      vertex 41.9988 42.3968 7.62939e-07
      vertex 43.364 42.409 7.62939e-07
      vertex 42.0221 42.3937 7.62939e-07
    endloop
  endfacet
  facet normal 0 0 -1
    outer loop
      vertex 41.975 42.3997 7.62939e-07
      vertex 43.364 42.409 7.62939e-07
      vertex 41.9988 42.3968 7.62939e-07
    endloop
  endfacet
  facet normal 0 0 -1
    outer loop
      vertex 43.4881 42.4281 7.62939e-07
      vertex 41.975 42.3997 7.62939e-07
      vertex 41.9508 42.4025 7.62939e-07
    endloop
  endfacet
  facet normal 0 0 -1
    outer loop
      vertex 43.4881 42.4281 7.62939e-07
      vertex 41.9508 42.4025 7.62939e-07
      vertex 41.926 42.405 7.62939e-07
    endloop
  endfacet
  facet normal 0 0 -1
    outer loop
      vertex 43.4881 42.4281 7.62939e-07
      vertex 41.926 42.405 7.62939e-07
      vertex 41.9008 42.4073 7.62939e-07
    endloop
  endfacet
  facet normal 0 0 -1
    outer loop
      vertex 43.4881 42.4281 7.62939e-07
      vertex 41.9008 42.4073 7.62939e-07
      vertex 41.8747 42.4094 7.62939e-07
    endloop
  endfacet
  facet normal 0 0 -1
    outer loop
      vertex 43.4881 42.4281 7.62939e-07
      vertex 41.8747 42.4094 7.62939e-07
      vertex 41.8471 42.4111 7.62939e-07
    endloop
  endfacet
  facet normal 0 0 -1
    outer loop
      vertex 43.4881 42.4281 7.62939e-07
      vertex 41.8471 42.4111 7.62939e-07
      vertex 41.8182 42.4124 7.62939e-07
    endloop
  endfacet
  facet normal 0 0 -1
    outer loop
      vertex 43.4881 42.4281 7.62939e-07
      vertex 41.8182 42.4124 7.62939e-07
      vertex 41.7878 42.4134 7.62939e-07
    endloop
  endfacet
  facet normal 0 0 -1
    outer loop
      vertex 41.756 42.4139 7.62939e-07
      vertex 43.4881 42.4281 7.62939e-07
      vertex 41.7878 42.4134 7.62939e-07
    endloop
  endfacet
  facet normal -0 0 -1
    outer loop
      vertex 43.6228 42.4345 7.62939e-07
      vertex 41.756 42.4139 7.62939e-07
      vertex 80.27 51.45 7.62939e-07
    endloop
  endfacet
  facet normal 0 0 -1
    outer loop
      vertex 41.7228 42.4141 7.62939e-07
      vertex 80.27 51.45 7.62939e-07
      vertex 41.756 42.4139 7.62939e-07
    endloop
  endfacet
  facet normal 0 0 -1
    outer loop
      vertex 39.7596 42.4412 7.62939e-07
      vertex 41.7228 42.4141 7.62939e-07
      vertex 41.6083 42.4092 7.62939e-07
    endloop
  endfacet
  facet normal 0 0 -1
    outer loop
      vertex 40.0173 42.4212 7.62939e-07
      vertex 41.6083 42.4092 7.62939e-07
      vertex 41.5041 42.3945 7.62939e-07
    endloop
  endfacet
  facet normal 0 0 -1
    outer loop
      vertex 40.9667 41.719 7.62939e-07
      vertex 41.0022 41.8286 7.62939e-07
      vertex 40.987 41.719 7.62939e-07
    endloop
  endfacet
  facet normal 0 0 -1
    outer loop
      vertex 40.8221 41.9397 7.62939e-07
      vertex 41.0022 41.8286 7.62939e-07
      vertex 40.9667 41.719 7.62939e-07
    endloop
  endfacet
  facet normal 0 0 -1
    outer loop
      vertex 41.0022 41.8286 7.62939e-07
      vertex 40.8221 41.9397 7.62939e-07
      vertex 41.0249 41.9289 7.62939e-07
    endloop
  endfacet
  facet normal 0 0 -1
    outer loop
      vertex 40.8221 41.9397 7.62939e-07
      vertex 41.0553 42.02 7.62939e-07
      vertex 41.0249 41.9289 7.62939e-07
    endloop
  endfacet
  facet normal 0 0 -1
    outer loop
      vertex 40.8221 41.9397 7.62939e-07
      vertex 41.0933 42.1018 7.62939e-07
      vertex 41.0553 42.02 7.62939e-07
    endloop
  endfacet
  facet normal 0 0 -1
    outer loop
      vertex 40.6548 42.1203 7.62939e-07
      vertex 41.0933 42.1018 7.62939e-07
      vertex 40.8221 41.9397 7.62939e-07
    endloop
  endfacet
  facet normal 0 0 -1
    outer loop
      vertex 41.0933 42.1018 7.62939e-07
      vertex 40.6548 42.1203 7.62939e-07
      vertex 41.1389 42.1744 7.62939e-07
    endloop
  endfacet
  facet normal -0 0 -1
    outer loop
      vertex 41.1389 42.1744 7.62939e-07
      vertex 40.6548 42.1203 7.62939e-07
      vertex 41.1922 42.2378 7.62939e-07
    endloop
  endfacet
  facet normal 0 0 -1
    outer loop
      vertex 40.4649 42.2607 7.62939e-07
      vertex 41.1922 42.2378 7.62939e-07
      vertex 40.6548 42.1203 7.62939e-07
    endloop
  endfacet
  facet normal 0 0 -1
    outer loop
      vertex 41.1922 42.2378 7.62939e-07
      vertex 40.4649 42.2607 7.62939e-07
      vertex 41.2545 42.2917 7.62939e-07
    endloop
  endfacet
  facet normal -0 0 -1
    outer loop
      vertex 41.2545 42.2917 7.62939e-07
      vertex 40.4649 42.2607 7.62939e-07
      vertex 41.3273 42.3358 7.62939e-07
    endloop
  endfacet
  facet normal 0 0 -1
    outer loop
      vertex 40.2524 42.361 7.62939e-07
      vertex 41.3273 42.3358 7.62939e-07
      vertex 40.4649 42.2607 7.62939e-07
    endloop
  endfacet
  facet normal 0 0 -1
    outer loop
      vertex 41.3273 42.3358 7.62939e-07
      vertex 40.2524 42.361 7.62939e-07
      vertex 41.4105 42.3701 7.62939e-07
    endloop
  endfacet
  facet normal -0 0 -1
    outer loop
      vertex 41.4105 42.3701 7.62939e-07
      vertex 40.2524 42.361 7.62939e-07
      vertex 41.5041 42.3945 7.62939e-07
    endloop
  endfacet
  facet normal 0 0 -1
    outer loop
      vertex 40.0173 42.4212 7.62939e-07
      vertex 41.5041 42.3945 7.62939e-07
      vertex 40.2524 42.361 7.62939e-07
    endloop
  endfacet
  facet normal 0 0 -1
    outer loop
      vertex 41.6083 42.4092 7.62939e-07
      vertex 40.0173 42.4212 7.62939e-07
      vertex 39.7596 42.4412 7.62939e-07
    endloop
  endfacet
  facet normal 0 0 -1
    outer loop
      vertex 41.7228 42.4141 7.62939e-07
      vertex 39.7596 42.4412 7.62939e-07
      vertex 80.27 51.45 7.62939e-07
    endloop
  endfacet
  facet normal 0 0 -1
    outer loop
      vertex 1.2 51.45 7.62939e-07
      vertex 39.7596 42.4412 7.62939e-07
      vertex 39.5887 42.4332 7.62939e-07
    endloop
  endfacet
  facet normal 0 0 -1
    outer loop
      vertex 37.591 42.3734 7.62939e-07
      vertex 39.5887 42.4332 7.62939e-07
      vertex 39.4308 42.409 7.62939e-07
    endloop
  endfacet
  facet normal 0 0 -1
    outer loop
      vertex 37.591 42.3734 7.62939e-07
      vertex 38.6389 41.5045 7.62939e-07
      vertex 38.6306 41.3359 7.62939e-07
    endloop
  endfacet
  facet normal 0 0 -1
    outer loop
      vertex 37.591 42.3734 7.62939e-07
      vertex 38.6637 41.6601 7.62939e-07
      vertex 38.6389 41.5045 7.62939e-07
    endloop
  endfacet
  facet normal 0 0 -1
    outer loop
      vertex 37.591 42.3734 7.62939e-07
      vertex 38.7052 41.8025 7.62939e-07
      vertex 38.6637 41.6601 7.62939e-07
    endloop
  endfacet
  facet normal 0 0 -1
    outer loop
      vertex 37.591 42.3734 7.62939e-07
      vertex 38.7632 41.9319 7.62939e-07
      vertex 38.7052 41.8025 7.62939e-07
    endloop
  endfacet
  facet normal 0 0 -1
    outer loop
      vertex 37.591 42.3734 7.62939e-07
      vertex 38.8378 42.0481 7.62939e-07
      vertex 38.7632 41.9319 7.62939e-07
    endloop
  endfacet
  facet normal 0 0 -1
    outer loop
      vertex 37.591 42.3734 7.62939e-07
      vertex 38.9289 42.1513 7.62939e-07
      vertex 38.8378 42.0481 7.62939e-07
    endloop
  endfacet
  facet normal 0 0 -1
    outer loop
      vertex 37.591 42.3734 7.62939e-07
      vertex 39.0349 42.2399 7.62939e-07
      vertex 38.9289 42.1513 7.62939e-07
    endloop
  endfacet
  facet normal 0 0 -1
    outer loop
      vertex 37.591 42.3734 7.62939e-07
      vertex 39.1539 42.3124 7.62939e-07
      vertex 39.0349 42.2399 7.62939e-07
    endloop
  endfacet
  facet normal 0 0 -1
    outer loop
      vertex 37.591 42.3734 7.62939e-07
      vertex 39.2858 42.3688 7.62939e-07
      vertex 39.1539 42.3124 7.62939e-07
    endloop
  endfacet
  facet normal 0 0 -1
    outer loop
      vertex 37.591 42.3734 7.62939e-07
      vertex 39.4308 42.409 7.62939e-07
      vertex 39.2858 42.3688 7.62939e-07
    endloop
  endfacet
  facet normal -0 0 -1
    outer loop
      vertex 39.5887 42.4332 7.62939e-07
      vertex 37.591 42.3734 7.62939e-07
      vertex 1.2 51.45 7.62939e-07
    endloop
  endfacet
  facet normal 0 0 -1
    outer loop
      vertex 1.2 51.45 7.62939e-07
      vertex 37.591 42.3734 7.62939e-07
      vertex 36.4043 42.3734 7.62939e-07
    endloop
  endfacet
  facet normal 0 0 -1
    outer loop
      vertex 35.3902 39.4168 7.62939e-07
      vertex 35.7567 39.6101 7.62939e-07
      vertex 35.7182 39.4461 7.62939e-07
    endloop
  endfacet
  facet normal 0 0 -1
    outer loop
      vertex 35.5304 38.7317 7.62939e-07
      vertex 35.5848 38.7657 7.62939e-07
      vertex 35.5567 38.5895 7.62939e-07
    endloop
  endfacet
  facet normal 0 0 -1
    outer loop
      vertex 35.5058 38.8621 7.62939e-07
      vertex 35.5848 38.7657 7.62939e-07
      vertex 35.5304 38.7317 7.62939e-07
    endloop
  endfacet
  facet normal 0 0 -1
    outer loop
      vertex 35.5848 38.7657 7.62939e-07
      vertex 35.5058 38.8621 7.62939e-07
      vertex 35.6151 38.9395 7.62939e-07
    endloop
  endfacet
  facet normal 0 0 -1
    outer loop
      vertex 35.4829 38.9807 7.62939e-07
      vertex 35.6151 38.9395 7.62939e-07
      vertex 35.5058 38.8621 7.62939e-07
    endloop
  endfacet
  facet normal 0 0 -1
    outer loop
      vertex 35.6151 38.9395 7.62939e-07
      vertex 35.4829 38.9807 7.62939e-07
      vertex 35.6474 39.1108 7.62939e-07
    endloop
  endfacet
  facet normal 0 0 -1
    outer loop
      vertex 35.4617 39.0876 7.62939e-07
      vertex 35.6474 39.1108 7.62939e-07
      vertex 35.4829 38.9807 7.62939e-07
    endloop
  endfacet
  facet normal 0 0 -1
    outer loop
      vertex 35.4422 39.1826 7.62939e-07
      vertex 35.6474 39.1108 7.62939e-07
      vertex 35.4617 39.0876 7.62939e-07
    endloop
  endfacet
  facet normal 0 0 -1
    outer loop
      vertex 35.6474 39.1108 7.62939e-07
      vertex 35.4422 39.1826 7.62939e-07
      vertex 35.6817 39.2797 7.62939e-07
    endloop
  endfacet
  facet normal 0 0 -1
    outer loop
      vertex 35.4244 39.2659 7.62939e-07
      vertex 35.6817 39.2797 7.62939e-07
      vertex 35.4422 39.1826 7.62939e-07
    endloop
  endfacet
  facet normal 0 0 -1
    outer loop
      vertex 35.3902 39.4168 7.62939e-07
      vertex 35.6817 39.2797 7.62939e-07
      vertex 35.4244 39.2659 7.62939e-07
    endloop
  endfacet
  facet normal 0 0 -1
    outer loop
      vertex 35.6817 39.2797 7.62939e-07
      vertex 35.3902 39.4168 7.62939e-07
      vertex 35.7182 39.4461 7.62939e-07
    endloop
  endfacet
  facet normal -0 0 -1
    outer loop
      vertex 35.7567 39.6101 7.62939e-07
      vertex 35.3902 39.4168 7.62939e-07
      vertex 35.3216 39.7145 7.62939e-07
    endloop
  endfacet
  facet normal 0 0 -1
    outer loop
      vertex 35.7567 39.6101 7.62939e-07
      vertex 35.3216 39.7145 7.62939e-07
      vertex 35.2185 40.1589 7.62939e-07
    endloop
  endfacet
  facet normal 0 0 -1
    outer loop
      vertex 35.0809 40.7503 7.62939e-07
      vertex 35.7567 39.6101 7.62939e-07
      vertex 35.2185 40.1589 7.62939e-07
    endloop
  endfacet
  facet normal 0 0 -1
    outer loop
      vertex 35.7567 39.6101 7.62939e-07
      vertex 35.0809 40.7503 7.62939e-07
      vertex 36.4043 42.3734 7.62939e-07
    endloop
  endfacet
  facet normal 0 0 -1
    outer loop
      vertex 34.9088 41.4884 7.62939e-07
      vertex 36.4043 42.3734 7.62939e-07
      vertex 35.0809 40.7503 7.62939e-07
    endloop
  endfacet
  facet normal 0 0 -1
    outer loop
      vertex 34.7022 42.3734 7.62939e-07
      vertex 36.4043 42.3734 7.62939e-07
      vertex 34.9088 41.4884 7.62939e-07
    endloop
  endfacet
  facet normal 0 0 -1
    outer loop
      vertex 1.2 51.45 7.62939e-07
      vertex 36.4043 42.3734 7.62939e-07
      vertex 34.7022 42.3734 7.62939e-07
    endloop
  endfacet
  facet normal 0 0 -1
    outer loop
      vertex 1.2 51.45 7.62939e-07
      vertex 34.7022 42.3734 7.62939e-07
      vertex 33.5155 42.3734 7.62939e-07
    endloop
  endfacet
  facet normal 0 0 -1
    outer loop
      vertex 31.8314 42.3734 7.62939e-07
      vertex 32.2847 37.596 7.62939e-07
      vertex 31.8314 37.3417 7.62939e-07
    endloop
  endfacet
  facet normal 0 0 -1
    outer loop
      vertex 32.2847 37.596 7.62939e-07
      vertex 31.8314 42.3734 7.62939e-07
      vertex 33.5155 42.3734 7.62939e-07
    endloop
  endfacet
  facet normal 0 0 -1
    outer loop
      vertex 1.2 51.45 7.62939e-07
      vertex 33.5155 42.3734 7.62939e-07
      vertex 31.8314 42.3734 7.62939e-07
    endloop
  endfacet
  facet normal 0 0 -1
    outer loop
      vertex 1.2 51.45 7.62939e-07
      vertex 31.8314 42.3734 7.62939e-07
      vertex 30.8786 42.3734 7.62939e-07
    endloop
  endfacet
  facet normal -0 0 -1
    outer loop
      vertex 33.2985 37.596 7.62939e-07
      vertex 31.8314 37.3417 7.62939e-07
      vertex 32.2847 37.596 7.62939e-07
    endloop
  endfacet
  facet normal 0 0 -1
    outer loop
      vertex 33.9725 29.651 7.62939e-07
      vertex 29.9675 29.651 7.62939e-07
      vertex 31.8314 37.3417 7.62939e-07
    endloop
  endfacet
  facet normal -0 0 -1
    outer loop
      vertex 31.8314 37.3417 7.62939e-07
      vertex 29.9675 29.651 7.62939e-07
      vertex 30.8786 37.3417 7.62939e-07
    endloop
  endfacet
  facet normal 0 0 -1
    outer loop
      vertex 29.47 29.75 7.62939e-07
      vertex 30.8786 37.3417 7.62939e-07
      vertex 29.9675 29.651 7.62939e-07
    endloop
  endfacet
  facet normal 0 0 -1
    outer loop
      vertex 29.9472 38.0436 7.62939e-07
      vertex 30.8786 37.3417 7.62939e-07
      vertex 29.9472 37.3417 7.62939e-07
    endloop
  endfacet
  facet normal 0 0 -1
    outer loop
      vertex 29.9472 38.7048 7.62939e-07
      vertex 30.8786 37.3417 7.62939e-07
      vertex 29.9472 38.0436 7.62939e-07
    endloop
  endfacet
  facet normal 0 0 -1
    outer loop
      vertex 30.8786 37.3417 7.62939e-07
      vertex 29.9472 38.7048 7.62939e-07
      vertex 30.8786 42.3734 7.62939e-07
    endloop
  endfacet
  facet normal 0 0 -1
    outer loop
      vertex 29.9472 42.3734 7.62939e-07
      vertex 30.8786 42.3734 7.62939e-07
      vertex 29.9472 38.7048 7.62939e-07
    endloop
  endfacet
  facet normal 0 0 -1
    outer loop
      vertex 1.2 51.45 7.62939e-07
      vertex 30.8786 42.3734 7.62939e-07
      vertex 29.9472 42.3734 7.62939e-07
    endloop
  endfacet
  facet normal 0 0 -1
    outer loop
      vertex 28.1855 42.4094 7.62939e-07
      vertex 29.9472 42.3734 7.62939e-07
      vertex 28.9944 42.3734 7.62939e-07
    endloop
  endfacet
  facet normal 0 0 -1
    outer loop
      vertex 28.9944 38.7048 7.62939e-07
      vertex 28.6439 41.8106 7.62939e-07
      vertex 28.9944 42.3734 7.62939e-07
    endloop
  endfacet
  facet normal 0 0 -1
    outer loop
      vertex 28.6439 42.326 7.62939e-07
      vertex 28.9944 42.3734 7.62939e-07
      vertex 28.6439 41.8106 7.62939e-07
    endloop
  endfacet
  facet normal 0 0 -1
    outer loop
      vertex 28.5893 42.3391 7.62939e-07
      vertex 28.9944 42.3734 7.62939e-07
      vertex 28.6439 42.326 7.62939e-07
    endloop
  endfacet
  facet normal 0 0 -1
    outer loop
      vertex 28.5385 42.3516 7.62939e-07
      vertex 28.9944 42.3734 7.62939e-07
      vertex 28.5893 42.3391 7.62939e-07
    endloop
  endfacet
  facet normal 0 0 -1
    outer loop
      vertex 28.5144 42.3575 7.62939e-07
      vertex 28.9944 42.3734 7.62939e-07
      vertex 28.5385 42.3516 7.62939e-07
    endloop
  endfacet
  facet normal 0 0 -1
    outer loop
      vertex 28.4913 42.3633 7.62939e-07
      vertex 28.9944 42.3734 7.62939e-07
      vertex 28.5144 42.3575 7.62939e-07
    endloop
  endfacet
  facet normal 0 0 -1
    outer loop
      vertex 28.4687 42.3687 7.62939e-07
      vertex 28.9944 42.3734 7.62939e-07
      vertex 28.4913 42.3633 7.62939e-07
    endloop
  endfacet
  facet normal 0 0 -1
    outer loop
      vertex 28.4461 42.3738 7.62939e-07
      vertex 28.9944 42.3734 7.62939e-07
      vertex 28.4687 42.3687 7.62939e-07
    endloop
  endfacet
  facet normal 0 0 -1
    outer loop
      vertex 28.4235 42.3785 7.62939e-07
      vertex 28.9944 42.3734 7.62939e-07
      vertex 28.4461 42.3738 7.62939e-07
    endloop
  endfacet
  facet normal 0 0 -1
    outer loop
      vertex 28.4009 42.3829 7.62939e-07
      vertex 28.9944 42.3734 7.62939e-07
      vertex 28.4235 42.3785 7.62939e-07
    endloop
  endfacet
  facet normal 0 0 -1
    outer loop
      vertex 28.3783 42.3868 7.62939e-07
      vertex 28.9944 42.3734 7.62939e-07
      vertex 28.4009 42.3829 7.62939e-07
    endloop
  endfacet
  facet normal 0 0 -1
    outer loop
      vertex 28.3557 42.3904 7.62939e-07
      vertex 28.9944 42.3734 7.62939e-07
      vertex 28.3783 42.3868 7.62939e-07
    endloop
  endfacet
  facet normal 0 0 -1
    outer loop
      vertex 28.3329 42.3937 7.62939e-07
      vertex 28.9944 42.3734 7.62939e-07
      vertex 28.3557 42.3904 7.62939e-07
    endloop
  endfacet
  facet normal 0 0 -1
    outer loop
      vertex 28.3096 42.3968 7.62939e-07
      vertex 28.9944 42.3734 7.62939e-07
      vertex 28.3329 42.3937 7.62939e-07
    endloop
  endfacet
  facet normal 0 0 -1
    outer loop
      vertex 28.2858 42.3997 7.62939e-07
      vertex 28.9944 42.3734 7.62939e-07
      vertex 28.3096 42.3968 7.62939e-07
    endloop
  endfacet
  facet normal 0 0 -1
    outer loop
      vertex 28.2616 42.4025 7.62939e-07
      vertex 28.9944 42.3734 7.62939e-07
      vertex 28.2858 42.3997 7.62939e-07
    endloop
  endfacet
  facet normal 0 0 -1
    outer loop
      vertex 28.2368 42.405 7.62939e-07
      vertex 28.9944 42.3734 7.62939e-07
      vertex 28.2616 42.4025 7.62939e-07
    endloop
  endfacet
  facet normal 0 0 -1
    outer loop
      vertex 28.2116 42.4073 7.62939e-07
      vertex 28.9944 42.3734 7.62939e-07
      vertex 28.2368 42.405 7.62939e-07
    endloop
  endfacet
  facet normal 0 0 -1
    outer loop
      vertex 28.1855 42.4094 7.62939e-07
      vertex 28.9944 42.3734 7.62939e-07
      vertex 28.2116 42.4073 7.62939e-07
    endloop
  endfacet
  facet normal 0 0 -1
    outer loop
      vertex 28.1579 42.4111 7.62939e-07
      vertex 29.9472 42.3734 7.62939e-07
      vertex 28.1855 42.4094 7.62939e-07
    endloop
  endfacet
  facet normal 0 0 -1
    outer loop
      vertex 29.9472 42.3734 7.62939e-07
      vertex 28.1579 42.4111 7.62939e-07
      vertex 1.2 51.45 7.62939e-07
    endloop
  endfacet
  facet normal 0 0 -1
    outer loop
      vertex 1.2 51.45 7.62939e-07
      vertex 28.1579 42.4111 7.62939e-07
      vertex 28.129 42.4124 7.62939e-07
    endloop
  endfacet
  facet normal 0 0 -1
    outer loop
      vertex 1.2 51.45 7.62939e-07
      vertex 28.129 42.4124 7.62939e-07
      vertex 28.0986 42.4134 7.62939e-07
    endloop
  endfacet
  facet normal 0 0 -1
    outer loop
      vertex 1.2 51.45 7.62939e-07
      vertex 28.0986 42.4134 7.62939e-07
      vertex 28.0668 42.4139 7.62939e-07
    endloop
  endfacet
  facet normal 0 0 -1
    outer loop
      vertex 1.2 51.45 7.62939e-07
      vertex 28.0668 42.4139 7.62939e-07
      vertex 28.0336 42.4141 7.62939e-07
    endloop
  endfacet
  facet normal 0 0 -1
    outer loop
      vertex 26.0704 42.4412 7.62939e-07
      vertex 28.0336 42.4141 7.62939e-07
      vertex 27.9191 42.4092 7.62939e-07
    endloop
  endfacet
  facet normal 0 0 -1
    outer loop
      vertex 26.3281 42.4212 7.62939e-07
      vertex 27.9191 42.4092 7.62939e-07
      vertex 27.8149 42.3945 7.62939e-07
    endloop
  endfacet
  facet normal 0 0 -1
    outer loop
      vertex 27.2775 41.719 7.62939e-07
      vertex 27.313 41.8286 7.62939e-07
      vertex 27.2978 41.719 7.62939e-07
    endloop
  endfacet
  facet normal 0 0 -1
    outer loop
      vertex 27.1329 41.9397 7.62939e-07
      vertex 27.313 41.8286 7.62939e-07
      vertex 27.2775 41.719 7.62939e-07
    endloop
  endfacet
  facet normal 0 0 -1
    outer loop
      vertex 27.313 41.8286 7.62939e-07
      vertex 27.1329 41.9397 7.62939e-07
      vertex 27.3357 41.9289 7.62939e-07
    endloop
  endfacet
  facet normal 0 0 -1
    outer loop
      vertex 27.1329 41.9397 7.62939e-07
      vertex 27.3661 42.02 7.62939e-07
      vertex 27.3357 41.9289 7.62939e-07
    endloop
  endfacet
  facet normal 0 0 -1
    outer loop
      vertex 27.1329 41.9397 7.62939e-07
      vertex 27.4041 42.1018 7.62939e-07
      vertex 27.3661 42.02 7.62939e-07
    endloop
  endfacet
  facet normal 0 0 -1
    outer loop
      vertex 26.9656 42.1203 7.62939e-07
      vertex 27.4041 42.1018 7.62939e-07
      vertex 27.1329 41.9397 7.62939e-07
    endloop
  endfacet
  facet normal 0 0 -1
    outer loop
      vertex 27.4041 42.1018 7.62939e-07
      vertex 26.9656 42.1203 7.62939e-07
      vertex 27.4497 42.1744 7.62939e-07
    endloop
  endfacet
  facet normal -0 0 -1
    outer loop
      vertex 27.4497 42.1744 7.62939e-07
      vertex 26.9656 42.1203 7.62939e-07
      vertex 27.503 42.2378 7.62939e-07
    endloop
  endfacet
  facet normal 0 0 -1
    outer loop
      vertex 26.7757 42.2607 7.62939e-07
      vertex 27.503 42.2378 7.62939e-07
      vertex 26.9656 42.1203 7.62939e-07
    endloop
  endfacet
  facet normal 0 0 -1
    outer loop
      vertex 27.503 42.2378 7.62939e-07
      vertex 26.7757 42.2607 7.62939e-07
      vertex 27.5653 42.2917 7.62939e-07
    endloop
  endfacet
  facet normal -0 0 -1
    outer loop
      vertex 27.5653 42.2917 7.62939e-07
      vertex 26.7757 42.2607 7.62939e-07
      vertex 27.6381 42.3358 7.62939e-07
    endloop
  endfacet
  facet normal 0 0 -1
    outer loop
      vertex 26.5632 42.361 7.62939e-07
      vertex 27.6381 42.3358 7.62939e-07
      vertex 26.7757 42.2607 7.62939e-07
    endloop
  endfacet
  facet normal 0 0 -1
    outer loop
      vertex 27.6381 42.3358 7.62939e-07
      vertex 26.5632 42.361 7.62939e-07
      vertex 27.7213 42.3701 7.62939e-07
    endloop
  endfacet
  facet normal -0 0 -1
    outer loop
      vertex 27.7213 42.3701 7.62939e-07
      vertex 26.5632 42.361 7.62939e-07
      vertex 27.8149 42.3945 7.62939e-07
    endloop
  endfacet
  facet normal 0 0 -1
    outer loop
      vertex 26.3281 42.4212 7.62939e-07
      vertex 27.8149 42.3945 7.62939e-07
      vertex 26.5632 42.361 7.62939e-07
    endloop
  endfacet
  facet normal 0 0 -1
    outer loop
      vertex 27.9191 42.4092 7.62939e-07
      vertex 26.3281 42.4212 7.62939e-07
      vertex 26.0704 42.4412 7.62939e-07
    endloop
  endfacet
  facet normal 0 0 -1
    outer loop
      vertex 28.0336 42.4141 7.62939e-07
      vertex 26.0704 42.4412 7.62939e-07
      vertex 1.2 51.45 7.62939e-07
    endloop
  endfacet
  facet normal 0 0 -1
    outer loop
      vertex 1.2 51.45 7.62939e-07
      vertex 26.0704 42.4412 7.62939e-07
      vertex 25.8995 42.4332 7.62939e-07
    endloop
  endfacet
  facet normal 0 0 -1
    outer loop
      vertex 23.7197 42.3734 7.62939e-07
      vertex 25.8995 42.4332 7.62939e-07
      vertex 25.7416 42.409 7.62939e-07
    endloop
  endfacet
  facet normal 0 0 -1
    outer loop
      vertex 24.9517 41.1536 7.62939e-07
      vertex 23.7197 42.3734 7.62939e-07
      vertex 24.9414 41.3359 7.62939e-07
    endloop
  endfacet
  facet normal 0 0 -1
    outer loop
      vertex 24.9414 41.3359 7.62939e-07
      vertex 23.7197 42.3734 7.62939e-07
      vertex 24.9497 41.5045 7.62939e-07
    endloop
  endfacet
  facet normal 0 0 -1
    outer loop
      vertex 24.9497 41.5045 7.62939e-07
      vertex 23.7197 42.3734 7.62939e-07
      vertex 24.9745 41.6601 7.62939e-07
    endloop
  endfacet
  facet normal 0 0 -1
    outer loop
      vertex 24.9745 41.6601 7.62939e-07
      vertex 23.7197 42.3734 7.62939e-07
      vertex 25.016 41.8025 7.62939e-07
    endloop
  endfacet
  facet normal 0 0 -1
    outer loop
      vertex 23.7197 42.3734 7.62939e-07
      vertex 25.074 41.9319 7.62939e-07
      vertex 25.016 41.8025 7.62939e-07
    endloop
  endfacet
  facet normal 0 0 -1
    outer loop
      vertex 23.7197 42.3734 7.62939e-07
      vertex 25.1486 42.0481 7.62939e-07
      vertex 25.074 41.9319 7.62939e-07
    endloop
  endfacet
  facet normal 0 0 -1
    outer loop
      vertex 23.7197 42.3734 7.62939e-07
      vertex 25.2397 42.1513 7.62939e-07
      vertex 25.1486 42.0481 7.62939e-07
    endloop
  endfacet
  facet normal 0 0 -1
    outer loop
      vertex 23.7197 42.3734 7.62939e-07
      vertex 25.3457 42.2399 7.62939e-07
      vertex 25.2397 42.1513 7.62939e-07
    endloop
  endfacet
  facet normal 0 0 -1
    outer loop
      vertex 23.7197 42.3734 7.62939e-07
      vertex 25.4647 42.3124 7.62939e-07
      vertex 25.3457 42.2399 7.62939e-07
    endloop
  endfacet
  facet normal 0 0 -1
    outer loop
      vertex 23.7197 42.3734 7.62939e-07
      vertex 25.5966 42.3688 7.62939e-07
      vertex 25.4647 42.3124 7.62939e-07
    endloop
  endfacet
  facet normal 0 0 -1
    outer loop
      vertex 23.7197 42.3734 7.62939e-07
      vertex 25.7416 42.409 7.62939e-07
      vertex 25.5966 42.3688 7.62939e-07
    endloop
  endfacet
  facet normal -0 0 -1
    outer loop
      vertex 25.8995 42.4332 7.62939e-07
      vertex 23.7197 42.3734 7.62939e-07
      vertex 1.2 51.45 7.62939e-07
    endloop
  endfacet
  facet normal 0 0 -1
    outer loop
      vertex 1.2 51.45 7.62939e-07
      vertex 23.7197 42.3734 7.62939e-07
      vertex 22.7194 42.3734 7.62939e-07
    endloop
  endfacet
  facet normal 0 0 -1
    outer loop
      vertex 3.54767e-06 50.25 7.62939e-07
      vertex 21.1767 37.596 7.62939e-07
      vertex 3.54767e-06 1.20001 7.62939e-07
    endloop
  endfacet
  facet normal 0 0 -1
    outer loop
      vertex 39.7596 42.4412 7.62939e-07
      vertex 1.2 51.45 7.62939e-07
      vertex 80.27 51.45 7.62939e-07
    endloop
  endfacet
  facet normal 0 0 -1
    outer loop
      vertex 21.1767 37.596 7.62939e-07
      vertex 3.54767e-06 50.25 7.62939e-07
      vertex 21.1767 38.3691 7.62939e-07
    endloop
  endfacet
  facet normal 0 0 -1
    outer loop
      vertex 3.54767e-06 1.20001 7.62939e-07
      vertex 1.2 1.54495e-05 7.62939e-07
      vertex 1.01227 0.014786 7.62939e-07
    endloop
  endfacet
  facet normal 0 -0 -1
    outer loop
      vertex 1.2 51.45 7.62939e-07
      vertex 21.1767 38.3691 7.62939e-07
      vertex 3.54767e-06 50.25 7.62939e-07
    endloop
  endfacet
  facet normal 0 0 -1
    outer loop
      vertex 3.54767e-06 1.20001 7.62939e-07
      vertex 1.01227 0.014786 7.62939e-07
      vertex 0.829181 0.0587465 7.62939e-07
    endloop
  endfacet
  facet normal 0 0 -1
    outer loop
      vertex 21.1767 38.3691 7.62939e-07
      vertex 1.2 51.45 7.62939e-07
      vertex 22.7194 42.3734 7.62939e-07
    endloop
  endfacet
  facet normal 0 0 -1
    outer loop
      vertex 3.54767e-06 1.20001 7.62939e-07
      vertex 0.829181 0.0587465 7.62939e-07
      vertex 0.655216 0.130799 7.62939e-07
    endloop
  endfacet
  facet normal 0 0 -1
    outer loop
      vertex 1.2 51.45 7.62939e-07
      vertex 3.54767e-06 50.25 7.62939e-07
      vertex 1.01227 51.4352 7.62939e-07
    endloop
  endfacet
  facet normal 0 0 -1
    outer loop
      vertex 3.54767e-06 1.20001 7.62939e-07
      vertex 0.655216 0.130799 7.62939e-07
      vertex 0.494663 0.229187 7.62939e-07
    endloop
  endfacet
  facet normal 0 0 -1
    outer loop
      vertex 1.01227 51.4352 7.62939e-07
      vertex 3.54767e-06 50.25 7.62939e-07
      vertex 0.829181 51.3913 7.62939e-07
    endloop
  endfacet
  facet normal 0 0 -1
    outer loop
      vertex 3.54767e-06 1.20001 7.62939e-07
      vertex 0.494663 0.229187 7.62939e-07
      vertex 0.351474 0.351486 7.62939e-07
    endloop
  endfacet
  facet normal 0 0 -1
    outer loop
      vertex 0.829181 51.3913 7.62939e-07
      vertex 3.54767e-06 50.25 7.62939e-07
      vertex 0.655216 51.3192 7.62939e-07
    endloop
  endfacet
  facet normal 0 0 -1
    outer loop
      vertex 3.54767e-06 1.20001 7.62939e-07
      vertex 0.351474 0.351486 7.62939e-07
      vertex 0.229175 0.494675 7.62939e-07
    endloop
  endfacet
  facet normal 0 0 -1
    outer loop
      vertex 0.655216 51.3192 7.62939e-07
      vertex 3.54767e-06 50.25 7.62939e-07
      vertex 0.494663 51.2208 7.62939e-07
    endloop
  endfacet
  facet normal 0 0 -1
    outer loop
      vertex 3.54767e-06 1.20001 7.62939e-07
      vertex 0.229175 0.494675 7.62939e-07
      vertex 0.130787 0.655228 7.62939e-07
    endloop
  endfacet
  facet normal 0 0 -1
    outer loop
      vertex 0.494663 51.2208 7.62939e-07
      vertex 3.54767e-06 50.25 7.62939e-07
      vertex 0.351474 51.0985 7.62939e-07
    endloop
  endfacet
  facet normal 0 0 -1
    outer loop
      vertex 3.54767e-06 1.20001 7.62939e-07
      vertex 0.130787 0.655228 7.62939e-07
      vertex 0.0587346 0.829193 7.62939e-07
    endloop
  endfacet
  facet normal 0 0 -1
    outer loop
      vertex 0.351474 51.0985 7.62939e-07
      vertex 3.54767e-06 50.25 7.62939e-07
      vertex 0.229175 50.9553 7.62939e-07
    endloop
  endfacet
  facet normal 0 0 -1
    outer loop
      vertex 3.54767e-06 1.20001 7.62939e-07
      vertex 0.0587346 0.829193 7.62939e-07
      vertex 0.0147741 1.01228 7.62939e-07
    endloop
  endfacet
  facet normal 0 0 -1
    outer loop
      vertex 0.229175 50.9553 7.62939e-07
      vertex 3.54767e-06 50.25 7.62939e-07
      vertex 0.130787 50.7948 7.62939e-07
    endloop
  endfacet
  facet normal 0 0 -1
    outer loop
      vertex 0.130787 50.7948 7.62939e-07
      vertex 3.54767e-06 50.25 7.62939e-07
      vertex 0.0587346 50.6208 7.62939e-07
    endloop
  endfacet
  facet normal 0 0 -1
    outer loop
      vertex 0.0587346 50.6208 7.62939e-07
      vertex 3.54767e-06 50.25 7.62939e-07
      vertex 0.0147741 50.4377 7.62939e-07
    endloop
  endfacet
  facet normal 0 0 -1
    outer loop
      vertex 51.4898 38.7967 7.62939e-07
      vertex 49.6664 37.3417 7.62939e-07
      vertex 51.3481 38.7268 7.62939e-07
    endloop
  endfacet
  facet normal 0 0 -1
    outer loop
      vertex 51.3481 38.7268 7.62939e-07
      vertex 49.6664 37.3417 7.62939e-07
      vertex 51.1914 38.6769 7.62939e-07
    endloop
  endfacet
  facet normal 0 0 -1
    outer loop
      vertex 51.1914 38.6769 7.62939e-07
      vertex 49.6664 37.3417 7.62939e-07
      vertex 51.0196 38.647 7.62939e-07
    endloop
  endfacet
  facet normal 0 0 -1
    outer loop
      vertex 51.0196 38.647 7.62939e-07
      vertex 49.6664 37.3417 7.62939e-07
      vertex 50.8327 38.637 7.62939e-07
    endloop
  endfacet
  facet normal -0 0 -1
    outer loop
      vertex 50.8327 38.637 7.62939e-07
      vertex 49.6664 37.3417 7.62939e-07
      vertex 50.7014 38.6423 7.62939e-07
    endloop
  endfacet
  facet normal -0 0 -1
    outer loop
      vertex 50.7014 38.6423 7.62939e-07
      vertex 49.6664 37.3417 7.62939e-07
      vertex 50.5762 38.6581 7.62939e-07
    endloop
  endfacet
  facet normal -0 0 -1
    outer loop
      vertex 50.5762 38.6581 7.62939e-07
      vertex 49.6664 37.3417 7.62939e-07
      vertex 50.4572 38.6845 7.62939e-07
    endloop
  endfacet
  facet normal -0 0 -1
    outer loop
      vertex 50.4572 38.6845 7.62939e-07
      vertex 49.6664 37.3417 7.62939e-07
      vertex 50.3445 38.7214 7.62939e-07
    endloop
  endfacet
  facet normal 0 0 -1
    outer loop
      vertex 49.6664 38.7149 7.62939e-07
      vertex 50.3445 38.7214 7.62939e-07
      vertex 49.6664 37.3417 7.62939e-07
    endloop
  endfacet
  facet normal -0 0 -1
    outer loop
      vertex 50.3445 38.7214 7.62939e-07
      vertex 49.6664 38.7149 7.62939e-07
      vertex 50.2379 38.7689 7.62939e-07
    endloop
  endfacet
  facet normal 0 0 -1
    outer loop
      vertex 49.6664 37.3417 7.62939e-07
      vertex 50.3892 29.3692 7.62939e-07
      vertex 49.9675 29.651 7.62939e-07
    endloop
  endfacet
  facet normal -0 0 -1
    outer loop
      vertex 50.2379 38.7689 7.62939e-07
      vertex 49.6664 38.7149 7.62939e-07
      vertex 50.1376 38.8269 7.62939e-07
    endloop
  endfacet
  facet normal -0 0 -1
    outer loop
      vertex 50.1376 38.8269 7.62939e-07
      vertex 49.6664 38.7149 7.62939e-07
      vertex 50.0432 38.8966 7.62939e-07
    endloop
  endfacet
  facet normal 0 0 -1
    outer loop
      vertex 49.6656 38.8377 7.62939e-07
      vertex 50.0432 38.8966 7.62939e-07
      vertex 49.6664 38.7149 7.62939e-07
    endloop
  endfacet
  facet normal -0 0 -1
    outer loop
      vertex 50.0432 38.8966 7.62939e-07
      vertex 49.6656 38.8377 7.62939e-07
      vertex 49.9542 38.9791 7.62939e-07
    endloop
  endfacet
  facet normal 0 0 -1
    outer loop
      vertex 49.6634 38.9595 7.62939e-07
      vertex 49.9542 38.9791 7.62939e-07
      vertex 49.6656 38.8377 7.62939e-07
    endloop
  endfacet
  facet normal 0 0 -1
    outer loop
      vertex 49.47 29.75 7.62939e-07
      vertex 49.6664 37.3417 7.62939e-07
      vertex 49.9675 29.651 7.62939e-07
    endloop
  endfacet
  facet normal 0 0 -1
    outer loop
      vertex 48.7136 37.3417 7.62939e-07
      vertex 49.47 29.75 7.62939e-07
      vertex 48.9725 29.651 7.62939e-07
    endloop
  endfacet
  facet normal 0 0 -1
    outer loop
      vertex 49.47 29.75 7.62939e-07
      vertex 48.7136 37.3417 7.62939e-07
      vertex 49.6664 37.3417 7.62939e-07
    endloop
  endfacet
  facet normal 0 0 -1
    outer loop
      vertex 48.269 28.9475 7.62939e-07
      vertex 48.7136 37.3417 7.62939e-07
      vertex 48.5508 29.3692 7.62939e-07
    endloop
  endfacet
  facet normal 0 0 -1
    outer loop
      vertex 48.5508 29.3692 7.62939e-07
      vertex 48.7136 37.3417 7.62939e-07
      vertex 48.9725 29.651 7.62939e-07
    endloop
  endfacet
  facet normal -0 0 -1
    outer loop
      vertex 49.9542 38.9791 7.62939e-07
      vertex 49.6634 38.9595 7.62939e-07
      vertex 49.8707 39.0744 7.62939e-07
    endloop
  endfacet
  facet normal 0 0 -1
    outer loop
      vertex 49.6596 39.0803 7.62939e-07
      vertex 49.8707 39.0744 7.62939e-07
      vertex 49.6634 38.9595 7.62939e-07
    endloop
  endfacet
  facet normal 0 0 -1
    outer loop
      vertex 49.8707 39.0744 7.62939e-07
      vertex 49.6596 39.0803 7.62939e-07
      vertex 49.7926 39.1825 7.62939e-07
    endloop
  endfacet
  facet normal 0 0 -1
    outer loop
      vertex 49.6543 39.2002 7.62939e-07
      vertex 49.7926 39.1825 7.62939e-07
      vertex 49.6596 39.0803 7.62939e-07
    endloop
  endfacet
  facet normal 0 0 -1
    outer loop
      vertex 49.7926 39.1825 7.62939e-07
      vertex 49.6543 39.2002 7.62939e-07
      vertex 49.72 39.3034 7.62939e-07
    endloop
  endfacet
  facet normal 0 0 -1
    outer loop
      vertex 49.6475 39.3191 7.62939e-07
      vertex 49.72 39.3034 7.62939e-07
      vertex 49.6543 39.2002 7.62939e-07
    endloop
  endfacet
  facet normal 0 0 -1
    outer loop
      vertex 49.72 39.3034 7.62939e-07
      vertex 49.6475 39.3191 7.62939e-07
      vertex 49.6528 39.4372 7.62939e-07
    endloop
  endfacet
  facet normal -0 0 -1
    outer loop
      vertex 49.6528 39.4372 7.62939e-07
      vertex 49.6475 39.3191 7.62939e-07
      vertex 49.6392 39.4372 7.62939e-07
    endloop
  endfacet
  facet normal 0 0 -1
    outer loop
      vertex 26.6909 40.6815 7.62939e-07
      vertex 27.1792 40.8612 7.62939e-07
      vertex 27.1792 40.6747 7.62939e-07
    endloop
  endfacet
  facet normal -0 0 -1
    outer loop
      vertex 27.1792 40.8612 7.62939e-07
      vertex 26.6909 40.6815 7.62939e-07
      vertex 27.1763 40.9408 7.62939e-07
    endloop
  endfacet
  facet normal -0 0 -1
    outer loop
      vertex 27.1763 40.9408 7.62939e-07
      vertex 26.6909 40.6815 7.62939e-07
      vertex 27.1675 41.0189 7.62939e-07
    endloop
  endfacet
  facet normal -0 0 -1
    outer loop
      vertex 27.1675 41.0189 7.62939e-07
      vertex 26.6909 40.6815 7.62939e-07
      vertex 27.1529 41.0956 7.62939e-07
    endloop
  endfacet
  facet normal -0 0 -1
    outer loop
      vertex 27.1529 41.0956 7.62939e-07
      vertex 26.6909 40.6815 7.62939e-07
      vertex 27.1325 41.1709 7.62939e-07
    endloop
  endfacet
  facet normal -0 0 -1
    outer loop
      vertex 27.1325 41.1709 7.62939e-07
      vertex 26.6909 40.6815 7.62939e-07
      vertex 27.1062 41.2448 7.62939e-07
    endloop
  endfacet
  facet normal -0 0 -1
    outer loop
      vertex 27.1062 41.2448 7.62939e-07
      vertex 26.6909 40.6815 7.62939e-07
      vertex 27.0741 41.3172 7.62939e-07
    endloop
  endfacet
  facet normal 0 0 -1
    outer loop
      vertex 26.5855 40.6873 7.62939e-07
      vertex 27.0741 41.3172 7.62939e-07
      vertex 26.6909 40.6815 7.62939e-07
    endloop
  endfacet
  facet normal -0 0 -1
    outer loop
      vertex 27.0741 41.3172 7.62939e-07
      vertex 26.5855 40.6873 7.62939e-07
      vertex 27.0368 41.3864 7.62939e-07
    endloop
  endfacet
  facet normal -0 0 -1
    outer loop
      vertex 27.0368 41.3864 7.62939e-07
      vertex 26.5855 40.6873 7.62939e-07
      vertex 26.9952 41.4504 7.62939e-07
    endloop
  endfacet
  facet normal -0 0 -1
    outer loop
      vertex 26.9952 41.4504 7.62939e-07
      vertex 26.5855 40.6873 7.62939e-07
      vertex 26.9491 41.5092 7.62939e-07
    endloop
  endfacet
  facet normal 0 0 -1
    outer loop
      vertex 26.4909 40.6957 7.62939e-07
      vertex 26.9491 41.5092 7.62939e-07
      vertex 26.5855 40.6873 7.62939e-07
    endloop
  endfacet
  facet normal -0 0 -1
    outer loop
      vertex 26.9491 41.5092 7.62939e-07
      vertex 26.4909 40.6957 7.62939e-07
      vertex 26.8985 41.5629 7.62939e-07
    endloop
  endfacet
  facet normal -0 0 -1
    outer loop
      vertex 26.8985 41.5629 7.62939e-07
      vertex 26.4909 40.6957 7.62939e-07
      vertex 26.8436 41.6113 7.62939e-07
    endloop
  endfacet
  facet normal 0 0 -1
    outer loop
      vertex 26.407 40.7065 7.62939e-07
      vertex 26.8436 41.6113 7.62939e-07
      vertex 26.4909 40.6957 7.62939e-07
    endloop
  endfacet
  facet normal -0 0 -1
    outer loop
      vertex 26.8436 41.6113 7.62939e-07
      vertex 26.407 40.7065 7.62939e-07
      vertex 26.7842 41.6546 7.62939e-07
    endloop
  endfacet
  facet normal -0 0 -1
    outer loop
      vertex 26.7842 41.6546 7.62939e-07
      vertex 26.407 40.7065 7.62939e-07
      vertex 26.7215 41.6919 7.62939e-07
    endloop
  endfacet
  facet normal -0 0 -1
    outer loop
      vertex 26.7215 41.6919 7.62939e-07
      vertex 26.407 40.7065 7.62939e-07
      vertex 26.6567 41.7224 7.62939e-07
    endloop
  endfacet
  facet normal 0 0 -1
    outer loop
      vertex 25.9369 41.1957 7.62939e-07
      vertex 26.6567 41.7224 7.62939e-07
      vertex 26.407 40.7065 7.62939e-07
    endloop
  endfacet
  facet normal -0 0 -1
    outer loop
      vertex 26.6567 41.7224 7.62939e-07
      vertex 25.9369 41.1957 7.62939e-07
      vertex 26.5896 41.7462 7.62939e-07
    endloop
  endfacet
  facet normal 0 0 -1
    outer loop
      vertex 25.9348 41.2613 7.62939e-07
      vertex 26.5896 41.7462 7.62939e-07
      vertex 25.9369 41.1957 7.62939e-07
    endloop
  endfacet
  facet normal -0 0 -1
    outer loop
      vertex 26.5896 41.7462 7.62939e-07
      vertex 25.9348 41.2613 7.62939e-07
      vertex 26.5205 41.7631 7.62939e-07
    endloop
  endfacet
  facet normal 0 0 -1
    outer loop
      vertex 25.9369 41.1957 7.62939e-07
      vertex 26.407 40.7065 7.62939e-07
      vertex 26.3338 40.72 7.62939e-07
    endloop
  endfacet
  facet normal -0 0 -1
    outer loop
      vertex 26.5205 41.7631 7.62939e-07
      vertex 25.9382 41.3446 7.62939e-07
      vertex 26.4491 41.7733 7.62939e-07
    endloop
  endfacet
  facet normal 0 0 -1
    outer loop
      vertex 25.9429 41.1347 7.62939e-07
      vertex 26.3338 40.72 7.62939e-07
      vertex 26.2713 40.7359 7.62939e-07
    endloop
  endfacet
  facet normal -0 0 -1
    outer loop
      vertex 26.4491 41.7733 7.62939e-07
      vertex 25.9382 41.3446 7.62939e-07
      vertex 26.3756 41.7767 7.62939e-07
    endloop
  endfacet
  facet normal 0 0 -1
    outer loop
      vertex 25.9531 41.0782 7.62939e-07
      vertex 26.2713 40.7359 7.62939e-07
      vertex 26.2196 40.7544 7.62939e-07
    endloop
  endfacet
  facet normal 0 -0 -1
    outer loop
      vertex 25.9482 41.4205 7.62939e-07
      vertex 26.3756 41.7767 7.62939e-07
      vertex 25.9382 41.3446 7.62939e-07
    endloop
  endfacet
  facet normal 0 0 -1
    outer loop
      vertex 25.9531 41.0782 7.62939e-07
      vertex 26.2196 40.7544 7.62939e-07
      vertex 26.1751 40.7759 7.62939e-07
    endloop
  endfacet
  facet normal 0 0 -1
    outer loop
      vertex 26.3756 41.7767 7.62939e-07
      vertex 25.9482 41.4205 7.62939e-07
      vertex 26.3111 41.7732 7.62939e-07
    endloop
  endfacet
  facet normal 0 0 -1
    outer loop
      vertex 25.9672 41.0262 7.62939e-07
      vertex 26.1751 40.7759 7.62939e-07
      vertex 26.1343 40.8009 7.62939e-07
    endloop
  endfacet
  facet normal 0 -0 -1
    outer loop
      vertex 25.9649 41.4889 7.62939e-07
      vertex 26.3111 41.7732 7.62939e-07
      vertex 25.9482 41.4205 7.62939e-07
    endloop
  endfacet
  facet normal 0 0 -1
    outer loop
      vertex 25.9672 41.0262 7.62939e-07
      vertex 26.1343 40.8009 7.62939e-07
      vertex 26.0972 40.8294 7.62939e-07
    endloop
  endfacet
  facet normal 0 0 -1
    outer loop
      vertex 25.9672 41.0262 7.62939e-07
      vertex 26.0972 40.8294 7.62939e-07
      vertex 26.0637 40.8614 7.62939e-07
    endloop
  endfacet
  facet normal 0 0 -1
    outer loop
      vertex 26.3111 41.7732 7.62939e-07
      vertex 25.9649 41.4889 7.62939e-07
      vertex 26.2511 41.7625 7.62939e-07
    endloop
  endfacet
  facet normal 0 0 -1
    outer loop
      vertex 25.9672 41.0262 7.62939e-07
      vertex 26.0637 40.8614 7.62939e-07
      vertex 26.0339 40.8969 7.62939e-07
    endloop
  endfacet
  facet normal 0 0 -1
    outer loop
      vertex 26.2511 41.7625 7.62939e-07
      vertex 25.9649 41.4889 7.62939e-07
      vertex 26.1955 41.7449 7.62939e-07
    endloop
  endfacet
  facet normal 0 0 -1
    outer loop
      vertex 25.9672 41.0262 7.62939e-07
      vertex 26.0339 40.8969 7.62939e-07
      vertex 26.0077 40.9358 7.62939e-07
    endloop
  endfacet
  facet normal 0 -0 -1
    outer loop
      vertex 25.9883 41.5499 7.62939e-07
      vertex 26.1955 41.7449 7.62939e-07
      vertex 25.9649 41.4889 7.62939e-07
    endloop
  endfacet
  facet normal 0 0 -1
    outer loop
      vertex 25.9672 41.0262 7.62939e-07
      vertex 26.0077 40.9358 7.62939e-07
      vertex 25.9855 40.9788 7.62939e-07
    endloop
  endfacet
  facet normal 0 0 -1
    outer loop
      vertex 26.1751 40.7759 7.62939e-07
      vertex 25.9672 41.0262 7.62939e-07
      vertex 25.9531 41.0782 7.62939e-07
    endloop
  endfacet
  facet normal 0 0 -1
    outer loop
      vertex 26.1955 41.7449 7.62939e-07
      vertex 25.9883 41.5499 7.62939e-07
      vertex 26.1443 41.7202 7.62939e-07
    endloop
  endfacet
  facet normal 0 0 -1
    outer loop
      vertex 26.2713 40.7359 7.62939e-07
      vertex 25.9531 41.0782 7.62939e-07
      vertex 25.9429 41.1347 7.62939e-07
    endloop
  endfacet
  facet normal 0 0 -1
    outer loop
      vertex 26.3338 40.72 7.62939e-07
      vertex 25.9429 41.1347 7.62939e-07
      vertex 25.9369 41.1957 7.62939e-07
    endloop
  endfacet
  facet normal 0 -0 -1
    outer loop
      vertex 25.9382 41.3446 7.62939e-07
      vertex 26.5205 41.7631 7.62939e-07
      vertex 25.9348 41.2613 7.62939e-07
    endloop
  endfacet
  facet normal 0 0 -1
    outer loop
      vertex 26.0552 41.6495 7.62939e-07
      vertex 25.9883 41.5499 7.62939e-07
      vertex 26.0184 41.6034 7.62939e-07
    endloop
  endfacet
  facet normal 0 0 -1
    outer loop
      vertex 26.1443 41.7202 7.62939e-07
      vertex 25.9883 41.5499 7.62939e-07
      vertex 26.0975 41.6884 7.62939e-07
    endloop
  endfacet
  facet normal 0 0 -1
    outer loop
      vertex 26.0975 41.6884 7.62939e-07
      vertex 25.9883 41.5499 7.62939e-07
      vertex 26.0552 41.6495 7.62939e-07
    endloop
  endfacet
  facet normal 0 0 -1
    outer loop
      vertex 40.3801 40.6815 7.62939e-07
      vertex 40.8684 40.8612 7.62939e-07
      vertex 40.8684 40.6747 7.62939e-07
    endloop
  endfacet
  facet normal -0 0 -1
    outer loop
      vertex 40.8684 40.8612 7.62939e-07
      vertex 40.3801 40.6815 7.62939e-07
      vertex 40.8655 40.9408 7.62939e-07
    endloop
  endfacet
  facet normal -0 0 -1
    outer loop
      vertex 40.8655 40.9408 7.62939e-07
      vertex 40.3801 40.6815 7.62939e-07
      vertex 40.8567 41.0189 7.62939e-07
    endloop
  endfacet
  facet normal -0 0 -1
    outer loop
      vertex 40.8567 41.0189 7.62939e-07
      vertex 40.3801 40.6815 7.62939e-07
      vertex 40.8421 41.0956 7.62939e-07
    endloop
  endfacet
  facet normal -0 0 -1
    outer loop
      vertex 40.8421 41.0956 7.62939e-07
      vertex 40.3801 40.6815 7.62939e-07
      vertex 40.8217 41.1709 7.62939e-07
    endloop
  endfacet
  facet normal -0 0 -1
    outer loop
      vertex 40.8217 41.1709 7.62939e-07
      vertex 40.3801 40.6815 7.62939e-07
      vertex 40.7954 41.2448 7.62939e-07
    endloop
  endfacet
  facet normal -0 0 -1
    outer loop
      vertex 40.7954 41.2448 7.62939e-07
      vertex 40.3801 40.6815 7.62939e-07
      vertex 40.7633 41.3172 7.62939e-07
    endloop
  endfacet
  facet normal 0 0 -1
    outer loop
      vertex 40.2747 40.6873 7.62939e-07
      vertex 40.7633 41.3172 7.62939e-07
      vertex 40.3801 40.6815 7.62939e-07
    endloop
  endfacet
  facet normal -0 0 -1
    outer loop
      vertex 40.7633 41.3172 7.62939e-07
      vertex 40.2747 40.6873 7.62939e-07
      vertex 40.726 41.3864 7.62939e-07
    endloop
  endfacet
  facet normal -0 0 -1
    outer loop
      vertex 40.726 41.3864 7.62939e-07
      vertex 40.2747 40.6873 7.62939e-07
      vertex 40.6844 41.4504 7.62939e-07
    endloop
  endfacet
  facet normal -0 0 -1
    outer loop
      vertex 40.6844 41.4504 7.62939e-07
      vertex 40.2747 40.6873 7.62939e-07
      vertex 40.6383 41.5092 7.62939e-07
    endloop
  endfacet
  facet normal 0 0 -1
    outer loop
      vertex 40.1801 40.6957 7.62939e-07
      vertex 40.6383 41.5092 7.62939e-07
      vertex 40.2747 40.6873 7.62939e-07
    endloop
  endfacet
  facet normal -0 0 -1
    outer loop
      vertex 40.6383 41.5092 7.62939e-07
      vertex 40.1801 40.6957 7.62939e-07
      vertex 40.5877 41.5629 7.62939e-07
    endloop
  endfacet
  facet normal -0 0 -1
    outer loop
      vertex 40.5877 41.5629 7.62939e-07
      vertex 40.1801 40.6957 7.62939e-07
      vertex 40.5328 41.6113 7.62939e-07
    endloop
  endfacet
  facet normal 0 0 -1
    outer loop
      vertex 40.0962 40.7065 7.62939e-07
      vertex 40.5328 41.6113 7.62939e-07
      vertex 40.1801 40.6957 7.62939e-07
    endloop
  endfacet
  facet normal -0 0 -1
    outer loop
      vertex 40.5328 41.6113 7.62939e-07
      vertex 40.0962 40.7065 7.62939e-07
      vertex 40.4734 41.6546 7.62939e-07
    endloop
  endfacet
  facet normal -0 0 -1
    outer loop
      vertex 40.4734 41.6546 7.62939e-07
      vertex 40.0962 40.7065 7.62939e-07
      vertex 40.4107 41.6919 7.62939e-07
    endloop
  endfacet
  facet normal -0 0 -1
    outer loop
      vertex 40.4107 41.6919 7.62939e-07
      vertex 40.0962 40.7065 7.62939e-07
      vertex 40.3459 41.7224 7.62939e-07
    endloop
  endfacet
  facet normal 0 0 -1
    outer loop
      vertex 39.6261 41.1957 7.62939e-07
      vertex 40.3459 41.7224 7.62939e-07
      vertex 40.0962 40.7065 7.62939e-07
    endloop
  endfacet
  facet normal -0 0 -1
    outer loop
      vertex 40.3459 41.7224 7.62939e-07
      vertex 39.6261 41.1957 7.62939e-07
      vertex 40.2788 41.7462 7.62939e-07
    endloop
  endfacet
  facet normal 0 0 -1
    outer loop
      vertex 39.624 41.2613 7.62939e-07
      vertex 40.2788 41.7462 7.62939e-07
      vertex 39.6261 41.1957 7.62939e-07
    endloop
  endfacet
  facet normal -0 0 -1
    outer loop
      vertex 40.2788 41.7462 7.62939e-07
      vertex 39.624 41.2613 7.62939e-07
      vertex 40.2097 41.7631 7.62939e-07
    endloop
  endfacet
  facet normal 0 0 -1
    outer loop
      vertex 39.6261 41.1957 7.62939e-07
      vertex 40.0962 40.7065 7.62939e-07
      vertex 40.023 40.72 7.62939e-07
    endloop
  endfacet
  facet normal -0 0 -1
    outer loop
      vertex 40.2097 41.7631 7.62939e-07
      vertex 39.6274 41.3446 7.62939e-07
      vertex 40.1383 41.7733 7.62939e-07
    endloop
  endfacet
  facet normal 0 0 -1
    outer loop
      vertex 39.6321 41.1347 7.62939e-07
      vertex 40.023 40.72 7.62939e-07
      vertex 39.9605 40.7359 7.62939e-07
    endloop
  endfacet
  facet normal -0 0 -1
    outer loop
      vertex 40.1383 41.7733 7.62939e-07
      vertex 39.6274 41.3446 7.62939e-07
      vertex 40.0648 41.7767 7.62939e-07
    endloop
  endfacet
  facet normal 0 0 -1
    outer loop
      vertex 39.6423 41.0782 7.62939e-07
      vertex 39.9605 40.7359 7.62939e-07
      vertex 39.9088 40.7544 7.62939e-07
    endloop
  endfacet
  facet normal 0 -0 -1
    outer loop
      vertex 39.6374 41.4205 7.62939e-07
      vertex 40.0648 41.7767 7.62939e-07
      vertex 39.6274 41.3446 7.62939e-07
    endloop
  endfacet
  facet normal 0 0 -1
    outer loop
      vertex 39.6423 41.0782 7.62939e-07
      vertex 39.9088 40.7544 7.62939e-07
      vertex 39.8643 40.7759 7.62939e-07
    endloop
  endfacet
  facet normal 0 0 -1
    outer loop
      vertex 40.0648 41.7767 7.62939e-07
      vertex 39.6374 41.4205 7.62939e-07
      vertex 40.0003 41.7732 7.62939e-07
    endloop
  endfacet
  facet normal 0 0 -1
    outer loop
      vertex 39.6564 41.0262 7.62939e-07
      vertex 39.8643 40.7759 7.62939e-07
      vertex 39.8235 40.8009 7.62939e-07
    endloop
  endfacet
  facet normal 0 -0 -1
    outer loop
      vertex 39.6541 41.4889 7.62939e-07
      vertex 40.0003 41.7732 7.62939e-07
      vertex 39.6374 41.4205 7.62939e-07
    endloop
  endfacet
  facet normal 0 0 -1
    outer loop
      vertex 39.6564 41.0262 7.62939e-07
      vertex 39.8235 40.8009 7.62939e-07
      vertex 39.7864 40.8294 7.62939e-07
    endloop
  endfacet
  facet normal 0 0 -1
    outer loop
      vertex 39.6564 41.0262 7.62939e-07
      vertex 39.7864 40.8294 7.62939e-07
      vertex 39.7529 40.8614 7.62939e-07
    endloop
  endfacet
  facet normal 0 0 -1
    outer loop
      vertex 40.0003 41.7732 7.62939e-07
      vertex 39.6541 41.4889 7.62939e-07
      vertex 39.9403 41.7625 7.62939e-07
    endloop
  endfacet
  facet normal 0 0 -1
    outer loop
      vertex 39.6564 41.0262 7.62939e-07
      vertex 39.7529 40.8614 7.62939e-07
      vertex 39.7231 40.8969 7.62939e-07
    endloop
  endfacet
  facet normal 0 0 -1
    outer loop
      vertex 39.9403 41.7625 7.62939e-07
      vertex 39.6541 41.4889 7.62939e-07
      vertex 39.8847 41.7449 7.62939e-07
    endloop
  endfacet
  facet normal 0 0 -1
    outer loop
      vertex 39.6564 41.0262 7.62939e-07
      vertex 39.7231 40.8969 7.62939e-07
      vertex 39.6969 40.9358 7.62939e-07
    endloop
  endfacet
  facet normal 0 -0 -1
    outer loop
      vertex 39.6775 41.5499 7.62939e-07
      vertex 39.8847 41.7449 7.62939e-07
      vertex 39.6541 41.4889 7.62939e-07
    endloop
  endfacet
  facet normal 0 0 -1
    outer loop
      vertex 39.6564 41.0262 7.62939e-07
      vertex 39.6969 40.9358 7.62939e-07
      vertex 39.6747 40.9788 7.62939e-07
    endloop
  endfacet
  facet normal 0 0 -1
    outer loop
      vertex 39.8643 40.7759 7.62939e-07
      vertex 39.6564 41.0262 7.62939e-07
      vertex 39.6423 41.0782 7.62939e-07
    endloop
  endfacet
  facet normal 0 0 -1
    outer loop
      vertex 39.8847 41.7449 7.62939e-07
      vertex 39.6775 41.5499 7.62939e-07
      vertex 39.8335 41.7202 7.62939e-07
    endloop
  endfacet
  facet normal 0 0 -1
    outer loop
      vertex 39.9605 40.7359 7.62939e-07
      vertex 39.6423 41.0782 7.62939e-07
      vertex 39.6321 41.1347 7.62939e-07
    endloop
  endfacet
  facet normal 0 0 -1
    outer loop
      vertex 40.023 40.72 7.62939e-07
      vertex 39.6321 41.1347 7.62939e-07
      vertex 39.6261 41.1957 7.62939e-07
    endloop
  endfacet
  facet normal 0 -0 -1
    outer loop
      vertex 39.6274 41.3446 7.62939e-07
      vertex 40.2097 41.7631 7.62939e-07
      vertex 39.624 41.2613 7.62939e-07
    endloop
  endfacet
  facet normal 0 0 -1
    outer loop
      vertex 39.7444 41.6495 7.62939e-07
      vertex 39.6775 41.5499 7.62939e-07
      vertex 39.7076 41.6034 7.62939e-07
    endloop
  endfacet
  facet normal 0 0 -1
    outer loop
      vertex 39.8335 41.7202 7.62939e-07
      vertex 39.6775 41.5499 7.62939e-07
      vertex 39.7867 41.6884 7.62939e-07
    endloop
  endfacet
  facet normal 0 0 -1
    outer loop
      vertex 39.7867 41.6884 7.62939e-07
      vertex 39.6775 41.5499 7.62939e-07
      vertex 39.7444 41.6495 7.62939e-07
    endloop
  endfacet
  facet normal 0.649435 0.760417 -0
    outer loop
      vertex 81.1185 51.0985 7.62939e-07
      vertex 80.9753 51.2208 9.2
      vertex 81.1185 51.0985 9.2
    endloop
  endfacet
  facet normal 0.649435 0.760417 0
    outer loop
      vertex 80.9753 51.2208 9.2
      vertex 81.1185 51.0985 7.62939e-07
      vertex 80.9753 51.2208 7.62939e-07
    endloop
  endfacet
  facet normal 0.852533 0.522674 0
    outer loop
      vertex 81.3392 50.7948 9.2
      vertex 81.2408 50.9553 7.62939e-07
      vertex 81.2408 50.9553 9.2
    endloop
  endfacet
  facet normal 0.852533 0.522674 0
    outer loop
      vertex 81.2408 50.9553 7.62939e-07
      vertex 81.3392 50.7948 9.2
      vertex 81.3392 50.7948 7.62939e-07
    endloop
  endfacet
  facet normal 0.923802 -0.382871 0
    outer loop
      vertex 81.3392 0.655228 9.2
      vertex 81.4113 0.829193 7.62939e-07
      vertex 81.4113 0.829193 9.2
    endloop
  endfacet
  facet normal 0.923802 -0.382871 0
    outer loop
      vertex 81.4113 0.829193 7.62939e-07
      vertex 81.3392 0.655228 9.2
      vertex 81.3392 0.655228 7.62939e-07
    endloop
  endfacet
  facet normal 0.996906 0.0786053 0
    outer loop
      vertex 81.47 50.25 9.2
      vertex 81.4552 50.4377 7.62939e-07
      vertex 81.4552 50.4377 9.2
    endloop
  endfacet
  facet normal 0.996906 0.0786053 0
    outer loop
      vertex 81.4552 50.4377 7.62939e-07
      vertex 81.47 50.25 9.2
      vertex 81.47 50.25 7.62939e-07
    endloop
  endfacet
  facet normal 0.996907 -0.0785928 0
    outer loop
      vertex 81.4552 1.01228 9.2
      vertex 81.47 1.20001 7.62939e-07
      vertex 81.47 1.20001 9.2
    endloop
  endfacet
  facet normal 0.996907 -0.0785928 0
    outer loop
      vertex 81.47 1.20001 7.62939e-07
      vertex 81.4552 1.01228 9.2
      vertex 81.4552 1.01228 7.62939e-07
    endloop
  endfacet
  facet normal 0 0 1
    outer loop
      vertex 79.47 49.45 9.2
      vertex 81.47 50.25 9.2
      vertex 81.4552 50.4377 9.2
    endloop
  endfacet
  facet normal 0 0 1
    outer loop
      vertex 81.47 50.25 9.2
      vertex 79.47 49.45 9.2
      vertex 81.47 1.20001 9.2
    endloop
  endfacet
  facet normal 0 0 1
    outer loop
      vertex 79.47 49.45 9.2
      vertex 81.4552 50.4377 9.2
      vertex 81.4113 50.6208 9.2
    endloop
  endfacet
  facet normal -0 0 1
    outer loop
      vertex 79.47 2 9.2
      vertex 81.47 1.20001 9.2
      vertex 79.47 49.45 9.2
    endloop
  endfacet
  facet normal 0 0 1
    outer loop
      vertex 79.47 49.45 9.2
      vertex 81.4113 50.6208 9.2
      vertex 81.3392 50.7948 9.2
    endloop
  endfacet
  facet normal 0 0 1
    outer loop
      vertex 81.47 1.20001 9.2
      vertex 79.47 2 9.2
      vertex 81.4552 1.01228 9.2
    endloop
  endfacet
  facet normal 0 0 1
    outer loop
      vertex 79.47 49.45 9.2
      vertex 81.3392 50.7948 9.2
      vertex 81.2408 50.9553 9.2
    endloop
  endfacet
  facet normal 0 0 1
    outer loop
      vertex 81.4552 1.01228 9.2
      vertex 79.47 2 9.2
      vertex 81.4113 0.829193 9.2
    endloop
  endfacet
  facet normal 0 0 1
    outer loop
      vertex 79.47 49.45 9.2
      vertex 81.2408 50.9553 9.2
      vertex 81.1185 51.0985 9.2
    endloop
  endfacet
  facet normal 0 0 1
    outer loop
      vertex 81.4113 0.829193 9.2
      vertex 79.47 2 9.2
      vertex 81.3392 0.655228 9.2
    endloop
  endfacet
  facet normal 0 0 1
    outer loop
      vertex 79.47 49.45 9.2
      vertex 81.1185 51.0985 9.2
      vertex 80.9753 51.2208 9.2
    endloop
  endfacet
  facet normal 0 0 1
    outer loop
      vertex 81.3392 0.655228 9.2
      vertex 79.47 2 9.2
      vertex 81.2408 0.494675 9.2
    endloop
  endfacet
  facet normal 0 0 1
    outer loop
      vertex 79.47 49.45 9.2
      vertex 80.9753 51.2208 9.2
      vertex 80.8148 51.3192 9.2
    endloop
  endfacet
  facet normal 0 0 1
    outer loop
      vertex 81.2408 0.494675 9.2
      vertex 79.47 2 9.2
      vertex 81.1185 0.351486 9.2
    endloop
  endfacet
  facet normal 0 0 1
    outer loop
      vertex 79.47 49.45 9.2
      vertex 80.8148 51.3192 9.2
      vertex 80.6408 51.3913 9.2
    endloop
  endfacet
  facet normal 0 0 1
    outer loop
      vertex 81.1185 0.351486 9.2
      vertex 79.47 2 9.2
      vertex 80.9753 0.229187 9.2
    endloop
  endfacet
  facet normal 0 0 1
    outer loop
      vertex 79.47 49.45 9.2
      vertex 80.6408 51.3913 9.2
      vertex 80.4577 51.4352 9.2
    endloop
  endfacet
  facet normal 0 0 1
    outer loop
      vertex 80.9753 0.229187 9.2
      vertex 79.47 2 9.2
      vertex 80.8148 0.130799 9.2
    endloop
  endfacet
  facet normal 0 0 1
    outer loop
      vertex 79.47 49.45 9.2
      vertex 80.4577 51.4352 9.2
      vertex 80.27 51.45 9.2
    endloop
  endfacet
  facet normal 0 0 1
    outer loop
      vertex 80.8148 0.130799 9.2
      vertex 79.47 2 9.2
      vertex 80.6408 0.0587465 9.2
    endloop
  endfacet
  facet normal 0 0 1
    outer loop
      vertex 80.6408 0.0587465 9.2
      vertex 79.47 2 9.2
      vertex 80.4577 0.014786 9.2
    endloop
  endfacet
  facet normal -0 0 1
    outer loop
      vertex 1.2 51.45 9.2
      vertex 79.47 49.45 9.2
      vertex 80.27 51.45 9.2
    endloop
  endfacet
  facet normal 0 0 1
    outer loop
      vertex 3.54767e-06 50.25 9.2
      vertex 1.2 51.45 9.2
      vertex 1.01227 51.4352 9.2
    endloop
  endfacet
  facet normal 0 0 1
    outer loop
      vertex 3.54767e-06 50.25 9.2
      vertex 1.01227 51.4352 9.2
      vertex 0.829181 51.3913 9.2
    endloop
  endfacet
  facet normal 0 0 1
    outer loop
      vertex 3.54767e-06 50.25 9.2
      vertex 0.829181 51.3913 9.2
      vertex 0.655216 51.3192 9.2
    endloop
  endfacet
  facet normal 0 0 1
    outer loop
      vertex 3.54767e-06 50.25 9.2
      vertex 0.655216 51.3192 9.2
      vertex 0.494663 51.2208 9.2
    endloop
  endfacet
  facet normal 0 0 1
    outer loop
      vertex 3.54767e-06 50.25 9.2
      vertex 0.494663 51.2208 9.2
      vertex 0.351474 51.0985 9.2
    endloop
  endfacet
  facet normal 0 0 1
    outer loop
      vertex 3.54767e-06 50.25 9.2
      vertex 0.351474 51.0985 9.2
      vertex 0.229175 50.9553 9.2
    endloop
  endfacet
  facet normal 0 0 1
    outer loop
      vertex 3.54767e-06 50.25 9.2
      vertex 0.229175 50.9553 9.2
      vertex 0.130787 50.7948 9.2
    endloop
  endfacet
  facet normal 0 0 1
    outer loop
      vertex 3.54767e-06 50.25 9.2
      vertex 0.130787 50.7948 9.2
      vertex 0.0587346 50.6208 9.2
    endloop
  endfacet
  facet normal 0 0 1
    outer loop
      vertex 3.54767e-06 50.25 9.2
      vertex 0.0587346 50.6208 9.2
      vertex 0.0147741 50.4377 9.2
    endloop
  endfacet
  facet normal 0 0 1
    outer loop
      vertex 1.2 51.45 9.2
      vertex 3.54767e-06 50.25 9.2
      vertex 3.54767e-06 49.45 9.2
    endloop
  endfacet
  facet normal 0 0 1
    outer loop
      vertex 1.2 51.45 9.2
      vertex 3.54767e-06 49.45 9.2
      vertex 79.47 49.45 9.2
    endloop
  endfacet
  facet normal 0 0 1
    outer loop
      vertex 80.4577 0.014786 9.2
      vertex 79.47 2 9.2
      vertex 80.27 1.54495e-05 9.2
    endloop
  endfacet
  facet normal 0 0 1
    outer loop
      vertex 79.47 2 9.2
      vertex 1.2 1.54495e-05 9.2
      vertex 80.27 1.54495e-05 9.2
    endloop
  endfacet
  facet normal -0 0 1
    outer loop
      vertex 3.54767e-06 2 9.2
      vertex 1.2 1.54495e-05 9.2
      vertex 79.47 2 9.2
    endloop
  endfacet
  facet normal -0 0 1
    outer loop
      vertex 3.54767e-06 1.20001 9.2
      vertex 1.2 1.54495e-05 9.2
      vertex 3.54767e-06 2 9.2
    endloop
  endfacet
  facet normal 0 0 1
    outer loop
      vertex 1.2 1.54495e-05 9.2
      vertex 3.54767e-06 1.20001 9.2
      vertex 1.01227 0.014786 9.2
    endloop
  endfacet
  facet normal 0 0 1
    outer loop
      vertex 1.01227 0.014786 9.2
      vertex 3.54767e-06 1.20001 9.2
      vertex 0.829181 0.0587465 9.2
    endloop
  endfacet
  facet normal 0 0 1
    outer loop
      vertex 0.829181 0.0587465 9.2
      vertex 3.54767e-06 1.20001 9.2
      vertex 0.655216 0.130799 9.2
    endloop
  endfacet
  facet normal 0 0 1
    outer loop
      vertex 0.655216 0.130799 9.2
      vertex 3.54767e-06 1.20001 9.2
      vertex 0.494663 0.229187 9.2
    endloop
  endfacet
  facet normal 0 0 1
    outer loop
      vertex 0.494663 0.229187 9.2
      vertex 3.54767e-06 1.20001 9.2
      vertex 0.351474 0.351486 9.2
    endloop
  endfacet
  facet normal 0 0 1
    outer loop
      vertex 0.351474 0.351486 9.2
      vertex 3.54767e-06 1.20001 9.2
      vertex 0.229175 0.494675 9.2
    endloop
  endfacet
  facet normal 0 0 1
    outer loop
      vertex 0.229175 0.494675 9.2
      vertex 3.54767e-06 1.20001 9.2
      vertex 0.130787 0.655228 9.2
    endloop
  endfacet
  facet normal 0 0 1
    outer loop
      vertex 0.130787 0.655228 9.2
      vertex 3.54767e-06 1.20001 9.2
      vertex 0.0587346 0.829193 9.2
    endloop
  endfacet
  facet normal 0 0 1
    outer loop
      vertex 0.0587346 0.829193 9.2
      vertex 3.54767e-06 1.20001 9.2
      vertex 0.0147741 1.01228 9.2
    endloop
  endfacet
  facet normal 0.382805 0.923829 -0
    outer loop
      vertex 80.8148 51.3192 7.62939e-07
      vertex 80.6408 51.3913 9.2
      vertex 80.8148 51.3192 9.2
    endloop
  endfacet
  facet normal 0.382805 0.923829 0
    outer loop
      vertex 80.6408 51.3913 9.2
      vertex 80.8148 51.3192 7.62939e-07
      vertex 80.6408 51.3913 7.62939e-07
    endloop
  endfacet
  facet normal 0.760393 -0.649464 0
    outer loop
      vertex 81.1185 0.351486 9.2
      vertex 81.2408 0.494675 7.62939e-07
      vertex 81.2408 0.494675 9.2
    endloop
  endfacet
  facet normal 0.760393 -0.649464 0
    outer loop
      vertex 81.2408 0.494675 7.62939e-07
      vertex 81.1185 0.351486 9.2
      vertex 81.1185 0.351486 7.62939e-07
    endloop
  endfacet
  facet normal 0.649432 -0.76042 0
    outer loop
      vertex 80.9753 0.229187 7.62939e-07
      vertex 81.1185 0.351486 9.2
      vertex 80.9753 0.229187 9.2
    endloop
  endfacet
  facet normal 0.649432 -0.76042 0
    outer loop
      vertex 81.1185 0.351486 9.2
      vertex 80.9753 0.229187 7.62939e-07
      vertex 81.1185 0.351486 7.62939e-07
    endloop
  endfacet
  facet normal 0.97244 0.233152 0
    outer loop
      vertex 81.4552 50.4377 9.2
      vertex 81.4113 50.6208 7.62939e-07
      vertex 81.4113 50.6208 9.2
    endloop
  endfacet
  facet normal 0.97244 0.233152 0
    outer loop
      vertex 81.4113 50.6208 7.62939e-07
      vertex 81.4552 50.4377 9.2
      vertex 81.4552 50.4377 7.62939e-07
    endloop
  endfacet
  facet normal -1 0 0
    outer loop
      vertex 79.47 2 2.4
      vertex 79.47 49.45 9.2
      vertex 79.47 49.45 2.4
    endloop
  endfacet
  facet normal -1 -0 0
    outer loop
      vertex 79.47 49.45 9.2
      vertex 79.47 2 2.4
      vertex 79.47 2 9.2
    endloop
  endfacet
  facet normal -0 0 1
    outer loop
      vertex 23.9507 30.7231 2.4
      vertex 28.269 28.9475 2.4
      vertex 24.1393 31.0308 2.4
    endloop
  endfacet
  facet normal 0 0 1
    outer loop
      vertex 28.17 15.95 2.4
      vertex 24.3617 12.7498 2.4
      vertex 24.39 12.39 2.4
    endloop
  endfacet
  facet normal 0 0 1
    outer loop
      vertex 28.269 28.9475 2.4
      vertex 23.9507 30.7231 2.4
      vertex 28.17 28.45 2.4
    endloop
  endfacet
  facet normal 0 0 1
    outer loop
      vertex 28.17 15.95 2.4
      vertex 24.2774 13.1007 2.4
      vertex 24.3617 12.7498 2.4
    endloop
  endfacet
  facet normal -0 0 1
    outer loop
      vertex 23.7163 30.4487 2.4
      vertex 28.17 28.45 2.4
      vertex 23.9507 30.7231 2.4
    endloop
  endfacet
  facet normal 0 0 1
    outer loop
      vertex 28.17 15.95 2.4
      vertex 24.1393 13.4342 2.4
      vertex 24.2774 13.1007 2.4
    endloop
  endfacet
  facet normal -0 0 1
    outer loop
      vertex 23.4419 30.2143 2.4
      vertex 28.17 28.45 2.4
      vertex 23.7163 30.4487 2.4
    endloop
  endfacet
  facet normal 0 0 1
    outer loop
      vertex 28.17 15.95 2.4
      vertex 23.9507 13.7419 2.4
      vertex 24.1393 13.4342 2.4
    endloop
  endfacet
  facet normal -0 0 1
    outer loop
      vertex 23.1342 30.0257 2.4
      vertex 28.17 28.45 2.4
      vertex 23.4419 30.2143 2.4
    endloop
  endfacet
  facet normal 0 0 1
    outer loop
      vertex 28.17 15.95 2.4
      vertex 23.7163 14.0163 2.4
      vertex 23.9507 13.7419 2.4
    endloop
  endfacet
  facet normal -0 0 1
    outer loop
      vertex 22.8007 29.8876 2.4
      vertex 28.17 28.45 2.4
      vertex 23.1342 30.0257 2.4
    endloop
  endfacet
  facet normal 0 0 1
    outer loop
      vertex 28.17 15.95 2.4
      vertex 23.4419 14.2507 2.4
      vertex 23.7163 14.0163 2.4
    endloop
  endfacet
  facet normal -0 0 1
    outer loop
      vertex 22.4498 29.8033 2.4
      vertex 28.17 28.45 2.4
      vertex 22.8007 29.8876 2.4
    endloop
  endfacet
  facet normal 0 0 1
    outer loop
      vertex 28.17 15.95 2.4
      vertex 23.1342 14.4393 2.4
      vertex 23.4419 14.2507 2.4
    endloop
  endfacet
  facet normal 0 0 1
    outer loop
      vertex 22.4498 14.6617 2.4
      vertex 28.17 28.45 2.4
      vertex 22.4498 29.8033 2.4
    endloop
  endfacet
  facet normal 0 0 1
    outer loop
      vertex 28.17 15.95 2.4
      vertex 22.8007 14.5774 2.4
      vertex 23.1342 14.4393 2.4
    endloop
  endfacet
  facet normal 0 0 1
    outer loop
      vertex 28.17 28.45 2.4
      vertex 22.4498 14.6617 2.4
      vertex 28.17 15.95 2.4
    endloop
  endfacet
  facet normal 0 0 1
    outer loop
      vertex 28.17 15.95 2.4
      vertex 22.4498 14.6617 2.4
      vertex 22.8007 14.5774 2.4
    endloop
  endfacet
  facet normal -0 0 1
    outer loop
      vertex 22.09 29.775 2.4
      vertex 22.4498 14.6617 2.4
      vertex 22.4498 29.8033 2.4
    endloop
  endfacet
  facet normal 0 0 1
    outer loop
      vertex 22.09 29.775 2.4
      vertex 22.09 14.69 2.4
      vertex 22.4498 14.6617 2.4
    endloop
  endfacet
  facet normal 0 0 1
    outer loop
      vertex 21.7302 29.8033 2.4
      vertex 22.09 14.69 2.4
      vertex 22.09 29.775 2.4
    endloop
  endfacet
  facet normal 0 0 1
    outer loop
      vertex 21.7302 29.8033 2.4
      vertex 21.7302 14.6617 2.4
      vertex 22.09 14.69 2.4
    endloop
  endfacet
  facet normal 0 0 1
    outer loop
      vertex 21.3793 29.8876 2.4
      vertex 21.7302 14.6617 2.4
      vertex 21.7302 29.8033 2.4
    endloop
  endfacet
  facet normal 0 0 1
    outer loop
      vertex 21.3793 29.8876 2.4
      vertex 21.3793 14.5774 2.4
      vertex 21.7302 14.6617 2.4
    endloop
  endfacet
  facet normal 0 0 1
    outer loop
      vertex 21.0458 30.0257 2.4
      vertex 21.3793 14.5774 2.4
      vertex 21.3793 29.8876 2.4
    endloop
  endfacet
  facet normal 0 0 1
    outer loop
      vertex 21.0458 30.0257 2.4
      vertex 21.0458 14.4393 2.4
      vertex 21.3793 14.5774 2.4
    endloop
  endfacet
  facet normal 0 0 1
    outer loop
      vertex 20.7381 30.2143 2.4
      vertex 21.0458 14.4393 2.4
      vertex 21.0458 30.0257 2.4
    endloop
  endfacet
  facet normal 0 0 1
    outer loop
      vertex 20.7381 30.2143 2.4
      vertex 20.7381 14.2507 2.4
      vertex 21.0458 14.4393 2.4
    endloop
  endfacet
  facet normal 0 0 1
    outer loop
      vertex 20.4637 30.4487 2.4
      vertex 20.7381 14.2507 2.4
      vertex 20.7381 30.2143 2.4
    endloop
  endfacet
  facet normal 0 0 1
    outer loop
      vertex 20.4637 30.4487 2.4
      vertex 20.4637 14.0163 2.4
      vertex 20.7381 14.2507 2.4
    endloop
  endfacet
  facet normal 0 0 1
    outer loop
      vertex 10.5 33.408 2.4
      vertex 20.4637 30.4487 2.4
      vertex 20.2293 30.7231 2.4
    endloop
  endfacet
  facet normal 0 0 1
    outer loop
      vertex 20.4637 30.4487 2.4
      vertex 10.5 33.408 2.4
      vertex 20.4637 14.0163 2.4
    endloop
  endfacet
  facet normal 0 0 1
    outer loop
      vertex 10.5 33.408 2.4
      vertex 20.2293 30.7231 2.4
      vertex 20.0407 31.0308 2.4
    endloop
  endfacet
  facet normal 0 0 1
    outer loop
      vertex 20.4637 14.0163 2.4
      vertex 10.5 33.408 2.4
      vertex 20.2293 13.7419 2.4
    endloop
  endfacet
  facet normal 0 0 1
    outer loop
      vertex 10.5 33.408 2.4
      vertex 20.0407 31.0308 2.4
      vertex 19.9026 31.3643 2.4
    endloop
  endfacet
  facet normal 0 0 1
    outer loop
      vertex 20.2293 13.7419 2.4
      vertex 10.5 33.408 2.4
      vertex 20.0407 13.4342 2.4
    endloop
  endfacet
  facet normal 0 0 1
    outer loop
      vertex 10.5 33.408 2.4
      vertex 19.9026 31.3643 2.4
      vertex 19.8183 31.7152 2.4
    endloop
  endfacet
  facet normal 0 0 1
    outer loop
      vertex 10.5 5.35 2.4
      vertex 20.0407 13.4342 2.4
      vertex 10.5 33.408 2.4
    endloop
  endfacet
  facet normal 0 0 1
    outer loop
      vertex 10.5 33.408 2.4
      vertex 19.8183 31.7152 2.4
      vertex 19.79 32.075 2.4
    endloop
  endfacet
  facet normal 0 0 1
    outer loop
      vertex 20.0407 13.4342 2.4
      vertex 10.5 5.35 2.4
      vertex 19.9026 13.1007 2.4
    endloop
  endfacet
  facet normal -0 0 1
    outer loop
      vertex 64.9174 31.3643 2.4
      vertex 79.47 2 2.4
      vertex 65.0017 31.7152 2.4
    endloop
  endfacet
  facet normal 0 0 1
    outer loop
      vertex 79.47 2 2.4
      vertex 65.0017 12.7498 2.4
      vertex 65.03 12.39 2.4
    endloop
  endfacet
  facet normal -0 0 1
    outer loop
      vertex 64.7793 31.0308 2.4
      vertex 79.47 2 2.4
      vertex 64.9174 31.3643 2.4
    endloop
  endfacet
  facet normal 0 0 1
    outer loop
      vertex 79.47 2 2.4
      vertex 64.9174 13.1007 2.4
      vertex 65.0017 12.7498 2.4
    endloop
  endfacet
  facet normal -0 0 1
    outer loop
      vertex 64.7793 13.4342 2.4
      vertex 79.47 2 2.4
      vertex 64.7793 31.0308 2.4
    endloop
  endfacet
  facet normal 0 0 1
    outer loop
      vertex 79.47 2 2.4
      vertex 64.7793 13.4342 2.4
      vertex 64.9174 13.1007 2.4
    endloop
  endfacet
  facet normal -0 0 1
    outer loop
      vertex 64.5907 30.7231 2.4
      vertex 64.7793 13.4342 2.4
      vertex 64.7793 31.0308 2.4
    endloop
  endfacet
  facet normal 0 0 1
    outer loop
      vertex 64.5907 30.7231 2.4
      vertex 64.5907 13.7419 2.4
      vertex 64.7793 13.4342 2.4
    endloop
  endfacet
  facet normal -0 0 1
    outer loop
      vertex 64.3563 30.4487 2.4
      vertex 64.5907 13.7419 2.4
      vertex 64.5907 30.7231 2.4
    endloop
  endfacet
  facet normal 0 0 1
    outer loop
      vertex 64.3563 30.4487 2.4
      vertex 64.3563 14.0163 2.4
      vertex 64.5907 13.7419 2.4
    endloop
  endfacet
  facet normal -0 0 1
    outer loop
      vertex 64.0819 30.2143 2.4
      vertex 64.3563 14.0163 2.4
      vertex 64.3563 30.4487 2.4
    endloop
  endfacet
  facet normal 0 0 1
    outer loop
      vertex 64.0819 30.2143 2.4
      vertex 64.0819 14.2507 2.4
      vertex 64.3563 14.0163 2.4
    endloop
  endfacet
  facet normal -0 0 1
    outer loop
      vertex 63.7742 30.0257 2.4
      vertex 64.0819 14.2507 2.4
      vertex 64.0819 30.2143 2.4
    endloop
  endfacet
  facet normal 0 0 1
    outer loop
      vertex 63.7742 30.0257 2.4
      vertex 63.7742 14.4393 2.4
      vertex 64.0819 14.2507 2.4
    endloop
  endfacet
  facet normal -0 0 1
    outer loop
      vertex 63.4407 29.8876 2.4
      vertex 63.7742 14.4393 2.4
      vertex 63.7742 30.0257 2.4
    endloop
  endfacet
  facet normal 0 0 1
    outer loop
      vertex 63.4407 29.8876 2.4
      vertex 63.4407 14.5774 2.4
      vertex 63.7742 14.4393 2.4
    endloop
  endfacet
  facet normal 0 0 1
    outer loop
      vertex 60.77 28.45 2.4
      vertex 63.4407 29.8876 2.4
      vertex 63.0898 29.8033 2.4
    endloop
  endfacet
  facet normal 0 0 1
    outer loop
      vertex 63.4407 29.8876 2.4
      vertex 60.77 28.45 2.4
      vertex 63.4407 14.5774 2.4
    endloop
  endfacet
  facet normal 0 0 1
    outer loop
      vertex 60.77 28.45 2.4
      vertex 63.0898 29.8033 2.4
      vertex 62.73 29.775 2.4
    endloop
  endfacet
  facet normal -0 0 1
    outer loop
      vertex 60.77 15.95 2.4
      vertex 63.4407 14.5774 2.4
      vertex 60.77 28.45 2.4
    endloop
  endfacet
  facet normal 0 0 1
    outer loop
      vertex 60.77 28.45 2.4
      vertex 62.73 29.775 2.4
      vertex 62.3702 29.8033 2.4
    endloop
  endfacet
  facet normal 0 0 1
    outer loop
      vertex 63.4407 14.5774 2.4
      vertex 60.77 15.95 2.4
      vertex 63.0898 14.6617 2.4
    endloop
  endfacet
  facet normal 0 0 1
    outer loop
      vertex 60.77 28.45 2.4
      vertex 62.3702 29.8033 2.4
      vertex 62.0193 29.8876 2.4
    endloop
  endfacet
  facet normal 0 0 1
    outer loop
      vertex 63.0898 14.6617 2.4
      vertex 60.77 15.95 2.4
      vertex 62.73 14.69 2.4
    endloop
  endfacet
  facet normal 0 0 1
    outer loop
      vertex 60.671 28.9475 2.4
      vertex 62.0193 29.8876 2.4
      vertex 61.6858 30.0257 2.4
    endloop
  endfacet
  facet normal 0 0 1
    outer loop
      vertex 62.73 14.69 2.4
      vertex 60.77 15.95 2.4
      vertex 62.3702 14.6617 2.4
    endloop
  endfacet
  facet normal 0 0 1
    outer loop
      vertex 60.671 28.9475 2.4
      vertex 61.6858 30.0257 2.4
      vertex 61.3781 30.2143 2.4
    endloop
  endfacet
  facet normal 0 0 1
    outer loop
      vertex 62.3702 14.6617 2.4
      vertex 60.77 15.95 2.4
      vertex 62.0193 14.5774 2.4
    endloop
  endfacet
  facet normal 0 0 1
    outer loop
      vertex 60.3892 29.3692 2.4
      vertex 61.3781 30.2143 2.4
      vertex 61.1037 30.4487 2.4
    endloop
  endfacet
  facet normal -0 0 1
    outer loop
      vertex 60.671 15.4525 2.4
      vertex 62.0193 14.5774 2.4
      vertex 60.77 15.95 2.4
    endloop
  endfacet
  facet normal 0 0 1
    outer loop
      vertex 59.9675 29.651 2.4
      vertex 61.1037 30.4487 2.4
      vertex 60.8693 30.7231 2.4
    endloop
  endfacet
  facet normal 0 0 1
    outer loop
      vertex 62.0193 14.5774 2.4
      vertex 60.671 15.4525 2.4
      vertex 61.6858 14.4393 2.4
    endloop
  endfacet
  facet normal 0 0 1
    outer loop
      vertex 61.6858 14.4393 2.4
      vertex 60.671 15.4525 2.4
      vertex 61.3781 14.2507 2.4
    endloop
  endfacet
  facet normal 0 0 1
    outer loop
      vertex 59.9675 29.651 2.4
      vertex 60.8693 30.7231 2.4
      vertex 60.6807 31.0308 2.4
    endloop
  endfacet
  facet normal 0 0 1
    outer loop
      vertex 62.0193 29.8876 2.4
      vertex 60.671 28.9475 2.4
      vertex 60.77 28.45 2.4
    endloop
  endfacet
  facet normal 0 0 1
    outer loop
      vertex 59.47 29.75 2.4
      vertex 60.6807 31.0308 2.4
      vertex 60.5426 31.3643 2.4
    endloop
  endfacet
  facet normal 0 0 1
    outer loop
      vertex 59.47 29.75 2.4
      vertex 60.5426 31.3643 2.4
      vertex 60.4583 31.7152 2.4
    endloop
  endfacet
  facet normal 0 0 1
    outer loop
      vertex 58.9725 29.651 2.4
      vertex 60.4583 31.7152 2.4
      vertex 60.43 32.075 2.4
    endloop
  endfacet
  facet normal 0 0 1
    outer loop
      vertex 61.3781 30.2143 2.4
      vertex 60.3892 29.3692 2.4
      vertex 60.671 28.9475 2.4
    endloop
  endfacet
  facet normal 0 0 1
    outer loop
      vertex 65.0017 31.7152 2.4
      vertex 79.47 49.45 2.4
      vertex 65.03 32.075 2.4
    endloop
  endfacet
  facet normal 0 0 1
    outer loop
      vertex 79.47 49.45 2.4
      vertex 65.0017 32.4348 2.4
      vertex 65.03 32.075 2.4
    endloop
  endfacet
  facet normal 0 0 1
    outer loop
      vertex 79.47 49.45 2.4
      vertex 64.9174 32.7857 2.4
      vertex 65.0017 32.4348 2.4
    endloop
  endfacet
  facet normal 0 0 1
    outer loop
      vertex 79.47 49.45 2.4
      vertex 64.7793 33.1192 2.4
      vertex 64.9174 32.7857 2.4
    endloop
  endfacet
  facet normal 0 0 1
    outer loop
      vertex 79.47 49.45 2.4
      vertex 64.5907 33.4269 2.4
      vertex 64.7793 33.1192 2.4
    endloop
  endfacet
  facet normal 0 0 1
    outer loop
      vertex 79.47 49.45 2.4
      vertex 64.3563 33.7013 2.4
      vertex 64.5907 33.4269 2.4
    endloop
  endfacet
  facet normal 0 0 1
    outer loop
      vertex 79.47 49.45 2.4
      vertex 64.0819 33.9357 2.4
      vertex 64.3563 33.7013 2.4
    endloop
  endfacet
  facet normal 0 0 1
    outer loop
      vertex 79.47 49.45 2.4
      vertex 63.7742 34.1243 2.4
      vertex 64.0819 33.9357 2.4
    endloop
  endfacet
  facet normal 0 0 1
    outer loop
      vertex 79.47 49.45 2.4
      vertex 63.4407 34.2624 2.4
      vertex 63.7742 34.1243 2.4
    endloop
  endfacet
  facet normal 0 0 1
    outer loop
      vertex 79.47 49.45 2.4
      vertex 63.0898 34.3467 2.4
      vertex 63.4407 34.2624 2.4
    endloop
  endfacet
  facet normal 0 0 1
    outer loop
      vertex 79.47 49.45 2.4
      vertex 62.73 34.375 2.4
      vertex 63.0898 34.3467 2.4
    endloop
  endfacet
  facet normal 0 0 1
    outer loop
      vertex 79.47 49.45 2.4
      vertex 62.3702 34.3467 2.4
      vertex 62.73 34.375 2.4
    endloop
  endfacet
  facet normal 0 0 1
    outer loop
      vertex 79.47 49.45 2.4
      vertex 62.0193 34.2624 2.4
      vertex 62.3702 34.3467 2.4
    endloop
  endfacet
  facet normal 0 0 1
    outer loop
      vertex 79.47 49.45 2.4
      vertex 61.6858 34.1243 2.4
      vertex 62.0193 34.2624 2.4
    endloop
  endfacet
  facet normal 0 0 1
    outer loop
      vertex 44.47 29.75 2.4
      vertex 61.6858 34.1243 2.4
      vertex 79.47 49.45 2.4
    endloop
  endfacet
  facet normal 0 0 1
    outer loop
      vertex 61.6858 34.1243 2.4
      vertex 44.47 29.75 2.4
      vertex 61.3781 33.9357 2.4
    endloop
  endfacet
  facet normal 0 0 1
    outer loop
      vertex 61.1037 30.4487 2.4
      vertex 59.9675 29.651 2.4
      vertex 60.3892 29.3692 2.4
    endloop
  endfacet
  facet normal 0 0 1
    outer loop
      vertex 58.9725 29.651 2.4
      vertex 60.43 32.075 2.4
      vertex 60.4583 32.4348 2.4
    endloop
  endfacet
  facet normal 0 0 1
    outer loop
      vertex 60.6807 31.0308 2.4
      vertex 59.47 29.75 2.4
      vertex 59.9675 29.651 2.4
    endloop
  endfacet
  facet normal 0 0 1
    outer loop
      vertex 54.9675 29.651 2.4
      vertex 60.4583 32.4348 2.4
      vertex 60.5426 32.7857 2.4
    endloop
  endfacet
  facet normal 0 0 1
    outer loop
      vertex 60.4583 31.7152 2.4
      vertex 58.9725 29.651 2.4
      vertex 59.47 29.75 2.4
    endloop
  endfacet
  facet normal 0 0 1
    outer loop
      vertex 54.47 29.75 2.4
      vertex 60.5426 32.7857 2.4
      vertex 60.6807 33.1192 2.4
    endloop
  endfacet
  facet normal 0 0 1
    outer loop
      vertex 60.4583 32.4348 2.4
      vertex 54.9675 29.651 2.4
      vertex 58.9725 29.651 2.4
    endloop
  endfacet
  facet normal 0 0 1
    outer loop
      vertex 58.9725 29.651 2.4
      vertex 54.9675 29.651 2.4
      vertex 58.5508 29.3692 2.4
    endloop
  endfacet
  facet normal 0 0 1
    outer loop
      vertex 58.17 28.45 2.4
      vertex 55.77 28.45 2.4
      vertex 58.17 15.95 2.4
    endloop
  endfacet
  facet normal 0 0 1
    outer loop
      vertex 58.269 28.9475 2.4
      vertex 55.77 28.45 2.4
      vertex 58.17 28.45 2.4
    endloop
  endfacet
  facet normal 0 0 1
    outer loop
      vertex 58.5508 29.3692 2.4
      vertex 55.3892 29.3692 2.4
      vertex 58.269 28.9475 2.4
    endloop
  endfacet
  facet normal 0 0 1
    outer loop
      vertex 54.47 29.75 2.4
      vertex 60.6807 33.1192 2.4
      vertex 60.8693 33.4269 2.4
    endloop
  endfacet
  facet normal 0 0 1
    outer loop
      vertex 54.47 29.75 2.4
      vertex 60.8693 33.4269 2.4
      vertex 61.1037 33.7013 2.4
    endloop
  endfacet
  facet normal 0 0 1
    outer loop
      vertex 58.269 28.9475 2.4
      vertex 55.671 28.9475 2.4
      vertex 55.77 28.45 2.4
    endloop
  endfacet
  facet normal 0 0 1
    outer loop
      vertex 58.269 28.9475 2.4
      vertex 55.3892 29.3692 2.4
      vertex 55.671 28.9475 2.4
    endloop
  endfacet
  facet normal 0 -0 1
    outer loop
      vertex 49.47 29.75 2.4
      vertex 61.3781 33.9357 2.4
      vertex 44.47 29.75 2.4
    endloop
  endfacet
  facet normal 0 0 1
    outer loop
      vertex 58.5508 29.3692 2.4
      vertex 54.9675 29.651 2.4
      vertex 55.3892 29.3692 2.4
    endloop
  endfacet
  facet normal 0 0 1
    outer loop
      vertex 60.5426 32.7857 2.4
      vertex 54.47 29.75 2.4
      vertex 54.9675 29.651 2.4
    endloop
  endfacet
  facet normal 0 0 1
    outer loop
      vertex 61.1037 33.7013 2.4
      vertex 49.47 29.75 2.4
      vertex 54.47 29.75 2.4
    endloop
  endfacet
  facet normal 0 0 1
    outer loop
      vertex 54.47 29.75 2.4
      vertex 49.47 29.75 2.4
      vertex 53.9725 29.651 2.4
    endloop
  endfacet
  facet normal 0 0 1
    outer loop
      vertex 53.17 28.45 2.4
      vertex 50.77 28.45 2.4
      vertex 53.17 15.95 2.4
    endloop
  endfacet
  facet normal 0 0 1
    outer loop
      vertex 53.269 28.9475 2.4
      vertex 50.77 28.45 2.4
      vertex 53.17 28.45 2.4
    endloop
  endfacet
  facet normal 0 0 1
    outer loop
      vertex 50.671 28.9475 2.4
      vertex 53.269 28.9475 2.4
      vertex 53.5508 29.3692 2.4
    endloop
  endfacet
  facet normal 0 -0 1
    outer loop
      vertex 49.9675 29.651 2.4
      vertex 53.9725 29.651 2.4
      vertex 49.47 29.75 2.4
    endloop
  endfacet
  facet normal 0 0 1
    outer loop
      vertex 53.269 28.9475 2.4
      vertex 50.671 28.9475 2.4
      vertex 50.77 28.45 2.4
    endloop
  endfacet
  facet normal 0 0 1
    outer loop
      vertex 53.5508 29.3692 2.4
      vertex 50.3892 29.3692 2.4
      vertex 50.671 28.9475 2.4
    endloop
  endfacet
  facet normal 0 0 1
    outer loop
      vertex 53.5508 29.3692 2.4
      vertex 49.9675 29.651 2.4
      vertex 50.3892 29.3692 2.4
    endloop
  endfacet
  facet normal 0 0 1
    outer loop
      vertex 53.9725 29.651 2.4
      vertex 49.9675 29.651 2.4
      vertex 53.5508 29.3692 2.4
    endloop
  endfacet
  facet normal 0 0 1
    outer loop
      vertex 61.3781 33.9357 2.4
      vertex 49.47 29.75 2.4
      vertex 61.1037 33.7013 2.4
    endloop
  endfacet
  facet normal 0 0 1
    outer loop
      vertex 48.17 28.45 2.4
      vertex 45.77 28.45 2.4
      vertex 48.17 15.95 2.4
    endloop
  endfacet
  facet normal 0 0 1
    outer loop
      vertex 48.269 28.9475 2.4
      vertex 45.77 28.45 2.4
      vertex 48.17 28.45 2.4
    endloop
  endfacet
  facet normal 0 0 1
    outer loop
      vertex 45.671 28.9475 2.4
      vertex 48.269 28.9475 2.4
      vertex 48.5508 29.3692 2.4
    endloop
  endfacet
  facet normal 0 0 1
    outer loop
      vertex 45.3892 29.3692 2.4
      vertex 48.5508 29.3692 2.4
      vertex 48.9725 29.651 2.4
    endloop
  endfacet
  facet normal 0 0 1
    outer loop
      vertex 49.47 29.75 2.4
      vertex 44.47 29.75 2.4
      vertex 48.9725 29.651 2.4
    endloop
  endfacet
  facet normal 0 0 1
    outer loop
      vertex 48.269 28.9475 2.4
      vertex 45.671 28.9475 2.4
      vertex 45.77 28.45 2.4
    endloop
  endfacet
  facet normal 0 0 1
    outer loop
      vertex 48.5508 29.3692 2.4
      vertex 45.3892 29.3692 2.4
      vertex 45.671 28.9475 2.4
    endloop
  endfacet
  facet normal 0 0 1
    outer loop
      vertex 48.9725 29.651 2.4
      vertex 44.9675 29.651 2.4
      vertex 45.3892 29.3692 2.4
    endloop
  endfacet
  facet normal 0 0 1
    outer loop
      vertex 48.9725 29.651 2.4
      vertex 44.47 29.75 2.4
      vertex 44.9675 29.651 2.4
    endloop
  endfacet
  facet normal -0 0 1
    outer loop
      vertex 23.1342 34.1243 2.4
      vertex 44.47 29.75 2.4
      vertex 79.47 49.45 2.4
    endloop
  endfacet
  facet normal 0 0 1
    outer loop
      vertex 43.17 28.45 2.4
      vertex 40.77 28.45 2.4
      vertex 43.17 15.95 2.4
    endloop
  endfacet
  facet normal 0 0 1
    outer loop
      vertex 43.269 28.9475 2.4
      vertex 40.77 28.45 2.4
      vertex 43.17 28.45 2.4
    endloop
  endfacet
  facet normal 0 0 1
    outer loop
      vertex 40.671 28.9475 2.4
      vertex 43.269 28.9475 2.4
      vertex 43.5508 29.3692 2.4
    endloop
  endfacet
  facet normal 0 0 1
    outer loop
      vertex 40.3892 29.3692 2.4
      vertex 43.5508 29.3692 2.4
      vertex 43.9725 29.651 2.4
    endloop
  endfacet
  facet normal 0 0 1
    outer loop
      vertex 44.47 29.75 2.4
      vertex 39.47 29.75 2.4
      vertex 43.9725 29.651 2.4
    endloop
  endfacet
  facet normal 0 0 1
    outer loop
      vertex 43.269 28.9475 2.4
      vertex 40.671 28.9475 2.4
      vertex 40.77 28.45 2.4
    endloop
  endfacet
  facet normal 0 0 1
    outer loop
      vertex 43.5508 29.3692 2.4
      vertex 40.3892 29.3692 2.4
      vertex 40.671 28.9475 2.4
    endloop
  endfacet
  facet normal 0 0 1
    outer loop
      vertex 43.9725 29.651 2.4
      vertex 39.9675 29.651 2.4
      vertex 40.3892 29.3692 2.4
    endloop
  endfacet
  facet normal 0 0 1
    outer loop
      vertex 43.9725 29.651 2.4
      vertex 39.47 29.75 2.4
      vertex 39.9675 29.651 2.4
    endloop
  endfacet
  facet normal 0 0 1
    outer loop
      vertex 44.47 29.75 2.4
      vertex 23.1342 34.1243 2.4
      vertex 39.47 29.75 2.4
    endloop
  endfacet
  facet normal 0 0 1
    outer loop
      vertex 38.17 28.45 2.4
      vertex 35.77 28.45 2.4
      vertex 38.17 15.95 2.4
    endloop
  endfacet
  facet normal 0 0 1
    outer loop
      vertex 38.269 28.9475 2.4
      vertex 35.77 28.45 2.4
      vertex 38.17 28.45 2.4
    endloop
  endfacet
  facet normal 0 0 1
    outer loop
      vertex 35.671 28.9475 2.4
      vertex 38.269 28.9475 2.4
      vertex 38.5508 29.3692 2.4
    endloop
  endfacet
  facet normal 0 0 1
    outer loop
      vertex 35.3892 29.3692 2.4
      vertex 38.5508 29.3692 2.4
      vertex 38.9725 29.651 2.4
    endloop
  endfacet
  facet normal -0 -0 1
    outer loop
      vertex 23.4419 33.9357 2.4
      vertex 39.47 29.75 2.4
      vertex 23.1342 34.1243 2.4
    endloop
  endfacet
  facet normal 0 0 1
    outer loop
      vertex 38.269 28.9475 2.4
      vertex 35.671 28.9475 2.4
      vertex 35.77 28.45 2.4
    endloop
  endfacet
  facet normal 0 0 1
    outer loop
      vertex 38.5508 29.3692 2.4
      vertex 35.3892 29.3692 2.4
      vertex 35.671 28.9475 2.4
    endloop
  endfacet
  facet normal 0 0 1
    outer loop
      vertex 38.9725 29.651 2.4
      vertex 34.9675 29.651 2.4
      vertex 35.3892 29.3692 2.4
    endloop
  endfacet
  facet normal 0 -0 1
    outer loop
      vertex 34.47 29.75 2.4
      vertex 39.47 29.75 2.4
      vertex 23.4419 33.9357 2.4
    endloop
  endfacet
  facet normal 0 0 1
    outer loop
      vertex 38.9725 29.651 2.4
      vertex 34.47 29.75 2.4
      vertex 34.9675 29.651 2.4
    endloop
  endfacet
  facet normal 0 0 1
    outer loop
      vertex 33.17 28.45 2.4
      vertex 30.77 28.45 2.4
      vertex 33.17 15.95 2.4
    endloop
  endfacet
  facet normal 0 0 1
    outer loop
      vertex 33.269 28.9475 2.4
      vertex 30.77 28.45 2.4
      vertex 33.17 28.45 2.4
    endloop
  endfacet
  facet normal 0 0 1
    outer loop
      vertex 30.671 28.9475 2.4
      vertex 33.269 28.9475 2.4
      vertex 33.5508 29.3692 2.4
    endloop
  endfacet
  facet normal 0 0 1
    outer loop
      vertex 30.3892 29.3692 2.4
      vertex 33.5508 29.3692 2.4
      vertex 33.9725 29.651 2.4
    endloop
  endfacet
  facet normal 0 0 1
    outer loop
      vertex 39.47 29.75 2.4
      vertex 34.47 29.75 2.4
      vertex 38.9725 29.651 2.4
    endloop
  endfacet
  facet normal 0 0 1
    outer loop
      vertex 33.269 28.9475 2.4
      vertex 30.671 28.9475 2.4
      vertex 30.77 28.45 2.4
    endloop
  endfacet
  facet normal 0 0 1
    outer loop
      vertex 33.5508 29.3692 2.4
      vertex 30.3892 29.3692 2.4
      vertex 30.671 28.9475 2.4
    endloop
  endfacet
  facet normal 0 0 1
    outer loop
      vertex 33.9725 29.651 2.4
      vertex 29.9675 29.651 2.4
      vertex 30.3892 29.3692 2.4
    endloop
  endfacet
  facet normal -0 -0 1
    outer loop
      vertex 23.9507 33.4269 2.4
      vertex 34.47 29.75 2.4
      vertex 23.7163 33.7013 2.4
    endloop
  endfacet
  facet normal 0 0 1
    outer loop
      vertex 33.9725 29.651 2.4
      vertex 23.9507 33.4269 2.4
      vertex 29.9675 29.651 2.4
    endloop
  endfacet
  facet normal 0 0 1
    outer loop
      vertex 28.5508 29.3692 2.4
      vertex 24.2774 31.3643 2.4
      vertex 28.269 28.9475 2.4
    endloop
  endfacet
  facet normal -0 0 1
    outer loop
      vertex 24.2774 31.3643 2.4
      vertex 28.5508 29.3692 2.4
      vertex 24.3617 31.7152 2.4
    endloop
  endfacet
  facet normal -0 0 1
    outer loop
      vertex 24.3617 31.7152 2.4
      vertex 28.5508 29.3692 2.4
      vertex 24.39 32.075 2.4
    endloop
  endfacet
  facet normal 0 0 1
    outer loop
      vertex 28.9725 29.651 2.4
      vertex 24.39 32.075 2.4
      vertex 28.5508 29.3692 2.4
    endloop
  endfacet
  facet normal 0 0 1
    outer loop
      vertex 29.9675 29.651 2.4
      vertex 23.9507 33.4269 2.4
      vertex 29.47 29.75 2.4
    endloop
  endfacet
  facet normal 0 0 1
    outer loop
      vertex 28.9725 29.651 2.4
      vertex 24.3617 32.4348 2.4
      vertex 24.39 32.075 2.4
    endloop
  endfacet
  facet normal 0 0 1
    outer loop
      vertex 28.9725 29.651 2.4
      vertex 24.2774 32.7857 2.4
      vertex 24.3617 32.4348 2.4
    endloop
  endfacet
  facet normal 0 0 1
    outer loop
      vertex 29.47 29.75 2.4
      vertex 24.2774 32.7857 2.4
      vertex 28.9725 29.651 2.4
    endloop
  endfacet
  facet normal -0 -0 1
    outer loop
      vertex 24.2774 32.7857 2.4
      vertex 29.47 29.75 2.4
      vertex 24.1393 33.1192 2.4
    endloop
  endfacet
  facet normal -0 -0 1
    outer loop
      vertex 24.1393 33.1192 2.4
      vertex 29.47 29.75 2.4
      vertex 23.9507 33.4269 2.4
    endloop
  endfacet
  facet normal 0 0 1
    outer loop
      vertex 34.47 29.75 2.4
      vertex 23.9507 33.4269 2.4
      vertex 33.9725 29.651 2.4
    endloop
  endfacet
  facet normal -0 -0 1
    outer loop
      vertex 23.7163 33.7013 2.4
      vertex 34.47 29.75 2.4
      vertex 23.4419 33.9357 2.4
    endloop
  endfacet
  facet normal 0 0 1
    outer loop
      vertex 79.47 49.45 2.4
      vertex 22.8007 34.2624 2.4
      vertex 23.1342 34.1243 2.4
    endloop
  endfacet
  facet normal -0 0 1
    outer loop
      vertex 3.54767e-06 49.45 2.4
      vertex 22.8007 34.2624 2.4
      vertex 79.47 49.45 2.4
    endloop
  endfacet
  facet normal 0 0 1
    outer loop
      vertex 22.8007 34.2624 2.4
      vertex 3.54767e-06 49.45 2.4
      vertex 22.4498 34.3467 2.4
    endloop
  endfacet
  facet normal 0 0 1
    outer loop
      vertex 22.4498 34.3467 2.4
      vertex 3.54767e-06 49.45 2.4
      vertex 22.09 34.375 2.4
    endloop
  endfacet
  facet normal 0 0 1
    outer loop
      vertex 22.09 34.375 2.4
      vertex 3.54767e-06 49.45 2.4
      vertex 21.7302 34.3467 2.4
    endloop
  endfacet
  facet normal 0 0 1
    outer loop
      vertex 19.9026 13.1007 2.4
      vertex 10.5 5.35 2.4
      vertex 19.8183 12.7498 2.4
    endloop
  endfacet
  facet normal 0 0 1
    outer loop
      vertex 19.8183 32.4348 2.4
      vertex 10.5 33.408 2.4
      vertex 19.79 32.075 2.4
    endloop
  endfacet
  facet normal 0 0 1
    outer loop
      vertex 19.9026 32.7857 2.4
      vertex 10.5 33.408 2.4
      vertex 19.8183 32.4348 2.4
    endloop
  endfacet
  facet normal 0 0 1
    outer loop
      vertex 20.0407 33.1192 2.4
      vertex 10.5 33.408 2.4
      vertex 19.9026 32.7857 2.4
    endloop
  endfacet
  facet normal 0 0 1
    outer loop
      vertex 20.2293 33.4269 2.4
      vertex 10.5 33.408 2.4
      vertex 20.0407 33.1192 2.4
    endloop
  endfacet
  facet normal 0 0 1
    outer loop
      vertex 20.4637 33.7013 2.4
      vertex 10.5 33.408 2.4
      vertex 20.2293 33.4269 2.4
    endloop
  endfacet
  facet normal 0 0 1
    outer loop
      vertex 20.7381 33.9357 2.4
      vertex 10.5 33.408 2.4
      vertex 20.4637 33.7013 2.4
    endloop
  endfacet
  facet normal 0 0 1
    outer loop
      vertex 21.0458 34.1243 2.4
      vertex 10.5 33.408 2.4
      vertex 20.7381 33.9357 2.4
    endloop
  endfacet
  facet normal 0 0 1
    outer loop
      vertex 3.54767e-06 49.45 2.4
      vertex 21.0458 34.1243 2.4
      vertex 21.3793 34.2624 2.4
    endloop
  endfacet
  facet normal 0 0 1
    outer loop
      vertex 21.7302 34.3467 2.4
      vertex 3.54767e-06 49.45 2.4
      vertex 21.3793 34.2624 2.4
    endloop
  endfacet
  facet normal 0 0 1
    outer loop
      vertex 21.0458 34.1243 2.4
      vertex 3.54767e-06 49.45 2.4
      vertex 10.5 33.408 2.4
    endloop
  endfacet
  facet normal 0 0 1
    outer loop
      vertex 3.54767e-06 2 2.4
      vertex 0.500001 33.408 2.4
      vertex 3.54767e-06 49.45 2.4
    endloop
  endfacet
  facet normal 0 0 1
    outer loop
      vertex 10.5 33.408 2.4
      vertex 3.54767e-06 49.45 2.4
      vertex 0.500001 33.408 2.4
    endloop
  endfacet
  facet normal 0 0 1
    outer loop
      vertex 79.47 49.45 2.4
      vertex 65.0017 31.7152 2.4
      vertex 79.47 2 2.4
    endloop
  endfacet
  facet normal -0 0 1
    outer loop
      vertex 65.0017 12.0302 2.4
      vertex 79.47 2 2.4
      vertex 65.03 12.39 2.4
    endloop
  endfacet
  facet normal -0 0 1
    outer loop
      vertex 64.9174 11.6793 2.4
      vertex 79.47 2 2.4
      vertex 65.0017 12.0302 2.4
    endloop
  endfacet
  facet normal -0 0 1
    outer loop
      vertex 64.7793 11.3458 2.4
      vertex 79.47 2 2.4
      vertex 64.9174 11.6793 2.4
    endloop
  endfacet
  facet normal -0 0 1
    outer loop
      vertex 64.5907 11.0381 2.4
      vertex 79.47 2 2.4
      vertex 64.7793 11.3458 2.4
    endloop
  endfacet
  facet normal -0 0 1
    outer loop
      vertex 64.3563 10.7637 2.4
      vertex 79.47 2 2.4
      vertex 64.5907 11.0381 2.4
    endloop
  endfacet
  facet normal -0 0 1
    outer loop
      vertex 64.0819 10.5293 2.4
      vertex 79.47 2 2.4
      vertex 64.3563 10.7637 2.4
    endloop
  endfacet
  facet normal -0 0 1
    outer loop
      vertex 63.7742 10.3407 2.4
      vertex 79.47 2 2.4
      vertex 64.0819 10.5293 2.4
    endloop
  endfacet
  facet normal -0 0 1
    outer loop
      vertex 63.4407 10.2026 2.4
      vertex 79.47 2 2.4
      vertex 63.7742 10.3407 2.4
    endloop
  endfacet
  facet normal -0 0 1
    outer loop
      vertex 63.0898 10.1183 2.4
      vertex 79.47 2 2.4
      vertex 63.4407 10.2026 2.4
    endloop
  endfacet
  facet normal -0 0 1
    outer loop
      vertex 62.73 10.09 2.4
      vertex 79.47 2 2.4
      vertex 63.0898 10.1183 2.4
    endloop
  endfacet
  facet normal 0 0 1
    outer loop
      vertex 62.3702 10.1183 2.4
      vertex 79.47 2 2.4
      vertex 62.73 10.09 2.4
    endloop
  endfacet
  facet normal 0 0 1
    outer loop
      vertex 62.0193 10.2026 2.4
      vertex 79.47 2 2.4
      vertex 62.3702 10.1183 2.4
    endloop
  endfacet
  facet normal 0 0 1
    outer loop
      vertex 22.8007 10.2026 2.4
      vertex 62.0193 10.2026 2.4
      vertex 61.6858 10.3407 2.4
    endloop
  endfacet
  facet normal 0 0 1
    outer loop
      vertex 60.5426 13.1007 2.4
      vertex 59.47 14.65 2.4
      vertex 60.4583 12.7498 2.4
    endloop
  endfacet
  facet normal 0 0 1
    outer loop
      vertex 58.9725 14.749 2.4
      vertex 60.4583 12.7498 2.4
      vertex 59.47 14.65 2.4
    endloop
  endfacet
  facet normal 0 0 1
    outer loop
      vertex 60.4583 12.7498 2.4
      vertex 58.9725 14.749 2.4
      vertex 60.43 12.39 2.4
    endloop
  endfacet
  facet normal 0 0 1
    outer loop
      vertex 60.43 12.39 2.4
      vertex 58.9725 14.749 2.4
      vertex 60.4583 12.0302 2.4
    endloop
  endfacet
  facet normal -0 0 1
    outer loop
      vertex 54.9675 14.749 2.4
      vertex 60.4583 12.0302 2.4
      vertex 58.9725 14.749 2.4
    endloop
  endfacet
  facet normal 0 0 1
    outer loop
      vertex 60.4583 12.0302 2.4
      vertex 54.9675 14.749 2.4
      vertex 60.5426 11.6793 2.4
    endloop
  endfacet
  facet normal 0 0 1
    outer loop
      vertex 54.9675 14.749 2.4
      vertex 58.9725 14.749 2.4
      vertex 58.5508 15.0308 2.4
    endloop
  endfacet
  facet normal 0 0 1
    outer loop
      vertex 55.3892 15.0308 2.4
      vertex 58.5508 15.0308 2.4
      vertex 58.269 15.4525 2.4
    endloop
  endfacet
  facet normal 0 0 1
    outer loop
      vertex 55.77 15.95 2.4
      vertex 58.17 15.95 2.4
      vertex 55.77 28.45 2.4
    endloop
  endfacet
  facet normal -0 0 1
    outer loop
      vertex 55.77 15.95 2.4
      vertex 58.269 15.4525 2.4
      vertex 58.17 15.95 2.4
    endloop
  endfacet
  facet normal 0 0 1
    outer loop
      vertex 55.671 15.4525 2.4
      vertex 58.269 15.4525 2.4
      vertex 55.77 15.95 2.4
    endloop
  endfacet
  facet normal 0 0 1
    outer loop
      vertex 55.3892 15.0308 2.4
      vertex 58.269 15.4525 2.4
      vertex 55.671 15.4525 2.4
    endloop
  endfacet
  facet normal 0 0 1
    outer loop
      vertex 54.9675 14.749 2.4
      vertex 58.5508 15.0308 2.4
      vertex 55.3892 15.0308 2.4
    endloop
  endfacet
  facet normal -0 0 1
    outer loop
      vertex 54.47 14.65 2.4
      vertex 60.5426 11.6793 2.4
      vertex 54.9675 14.749 2.4
    endloop
  endfacet
  facet normal 0 0 1
    outer loop
      vertex 60.5426 11.6793 2.4
      vertex 54.47 14.65 2.4
      vertex 60.6807 11.3458 2.4
    endloop
  endfacet
  facet normal 0 0 1
    outer loop
      vertex 60.6807 11.3458 2.4
      vertex 54.47 14.65 2.4
      vertex 60.8693 11.0381 2.4
    endloop
  endfacet
  facet normal 0 0 1
    outer loop
      vertex 60.8693 11.0381 2.4
      vertex 54.47 14.65 2.4
      vertex 61.1037 10.7637 2.4
    endloop
  endfacet
  facet normal -0 0 1
    outer loop
      vertex 49.47 14.65 2.4
      vertex 61.1037 10.7637 2.4
      vertex 54.47 14.65 2.4
    endloop
  endfacet
  facet normal 0 0 1
    outer loop
      vertex 61.1037 10.7637 2.4
      vertex 49.47 14.65 2.4
      vertex 61.3781 10.5293 2.4
    endloop
  endfacet
  facet normal 0 0 1
    outer loop
      vertex 49.47 14.65 2.4
      vertex 54.47 14.65 2.4
      vertex 53.9725 14.749 2.4
    endloop
  endfacet
  facet normal 0 0 1
    outer loop
      vertex 50.77 15.95 2.4
      vertex 53.17 15.95 2.4
      vertex 50.77 28.45 2.4
    endloop
  endfacet
  facet normal -0 0 1
    outer loop
      vertex 50.77 15.95 2.4
      vertex 53.269 15.4525 2.4
      vertex 53.17 15.95 2.4
    endloop
  endfacet
  facet normal 0 0 1
    outer loop
      vertex 50.671 15.4525 2.4
      vertex 53.269 15.4525 2.4
      vertex 50.77 15.95 2.4
    endloop
  endfacet
  facet normal 0 0 1
    outer loop
      vertex 53.269 15.4525 2.4
      vertex 50.671 15.4525 2.4
      vertex 53.5508 15.0308 2.4
    endloop
  endfacet
  facet normal 0 0 1
    outer loop
      vertex 50.3892 15.0308 2.4
      vertex 53.5508 15.0308 2.4
      vertex 50.671 15.4525 2.4
    endloop
  endfacet
  facet normal 0 0 1
    outer loop
      vertex 53.5508 15.0308 2.4
      vertex 50.3892 15.0308 2.4
      vertex 53.9725 14.749 2.4
    endloop
  endfacet
  facet normal 0 0 1
    outer loop
      vertex 49.9675 14.749 2.4
      vertex 53.9725 14.749 2.4
      vertex 50.3892 15.0308 2.4
    endloop
  endfacet
  facet normal 0 0 1
    outer loop
      vertex 49.47 14.65 2.4
      vertex 53.9725 14.749 2.4
      vertex 49.9675 14.749 2.4
    endloop
  endfacet
  facet normal -0 0 1
    outer loop
      vertex 44.47 14.65 2.4
      vertex 61.3781 10.5293 2.4
      vertex 49.47 14.65 2.4
    endloop
  endfacet
  facet normal 0 0 1
    outer loop
      vertex 61.3781 10.5293 2.4
      vertex 44.47 14.65 2.4
      vertex 61.6858 10.3407 2.4
    endloop
  endfacet
  facet normal 0 0 1
    outer loop
      vertex 44.47 14.65 2.4
      vertex 49.47 14.65 2.4
      vertex 48.9725 14.749 2.4
    endloop
  endfacet
  facet normal 0 0 1
    outer loop
      vertex 45.77 15.95 2.4
      vertex 48.17 15.95 2.4
      vertex 45.77 28.45 2.4
    endloop
  endfacet
  facet normal -0 0 1
    outer loop
      vertex 45.77 15.95 2.4
      vertex 48.269 15.4525 2.4
      vertex 48.17 15.95 2.4
    endloop
  endfacet
  facet normal 0 0 1
    outer loop
      vertex 45.671 15.4525 2.4
      vertex 48.269 15.4525 2.4
      vertex 45.77 15.95 2.4
    endloop
  endfacet
  facet normal 0 0 1
    outer loop
      vertex 48.269 15.4525 2.4
      vertex 45.671 15.4525 2.4
      vertex 48.5508 15.0308 2.4
    endloop
  endfacet
  facet normal 0 0 1
    outer loop
      vertex 45.3892 15.0308 2.4
      vertex 48.5508 15.0308 2.4
      vertex 45.671 15.4525 2.4
    endloop
  endfacet
  facet normal 0 0 1
    outer loop
      vertex 48.5508 15.0308 2.4
      vertex 45.3892 15.0308 2.4
      vertex 48.9725 14.749 2.4
    endloop
  endfacet
  facet normal 0 0 1
    outer loop
      vertex 44.9675 14.749 2.4
      vertex 48.9725 14.749 2.4
      vertex 45.3892 15.0308 2.4
    endloop
  endfacet
  facet normal 0 0 1
    outer loop
      vertex 44.47 14.65 2.4
      vertex 48.9725 14.749 2.4
      vertex 44.9675 14.749 2.4
    endloop
  endfacet
  facet normal 0 0 1
    outer loop
      vertex 23.1342 10.3407 2.4
      vertex 61.6858 10.3407 2.4
      vertex 44.47 14.65 2.4
    endloop
  endfacet
  facet normal 0 0 1
    outer loop
      vertex 39.47 14.65 2.4
      vertex 44.47 14.65 2.4
      vertex 43.9725 14.749 2.4
    endloop
  endfacet
  facet normal 0 0 1
    outer loop
      vertex 40.77 15.95 2.4
      vertex 43.17 15.95 2.4
      vertex 40.77 28.45 2.4
    endloop
  endfacet
  facet normal -0 0 1
    outer loop
      vertex 40.77 15.95 2.4
      vertex 43.269 15.4525 2.4
      vertex 43.17 15.95 2.4
    endloop
  endfacet
  facet normal 0 0 1
    outer loop
      vertex 40.671 15.4525 2.4
      vertex 43.269 15.4525 2.4
      vertex 40.77 15.95 2.4
    endloop
  endfacet
  facet normal 0 0 1
    outer loop
      vertex 43.269 15.4525 2.4
      vertex 40.671 15.4525 2.4
      vertex 43.5508 15.0308 2.4
    endloop
  endfacet
  facet normal 0 0 1
    outer loop
      vertex 40.3892 15.0308 2.4
      vertex 43.5508 15.0308 2.4
      vertex 40.671 15.4525 2.4
    endloop
  endfacet
  facet normal 0 0 1
    outer loop
      vertex 43.5508 15.0308 2.4
      vertex 40.3892 15.0308 2.4
      vertex 43.9725 14.749 2.4
    endloop
  endfacet
  facet normal 0 0 1
    outer loop
      vertex 39.9675 14.749 2.4
      vertex 43.9725 14.749 2.4
      vertex 40.3892 15.0308 2.4
    endloop
  endfacet
  facet normal 0 0 1
    outer loop
      vertex 39.47 14.65 2.4
      vertex 43.9725 14.749 2.4
      vertex 39.9675 14.749 2.4
    endloop
  endfacet
  facet normal 0 0 1
    outer loop
      vertex 44.47 14.65 2.4
      vertex 39.47 14.65 2.4
      vertex 23.1342 10.3407 2.4
    endloop
  endfacet
  facet normal 0 0 1
    outer loop
      vertex 34.47 14.65 2.4
      vertex 39.47 14.65 2.4
      vertex 38.9725 14.749 2.4
    endloop
  endfacet
  facet normal 0 0 1
    outer loop
      vertex 35.77 15.95 2.4
      vertex 38.17 15.95 2.4
      vertex 35.77 28.45 2.4
    endloop
  endfacet
  facet normal -0 0 1
    outer loop
      vertex 35.77 15.95 2.4
      vertex 38.269 15.4525 2.4
      vertex 38.17 15.95 2.4
    endloop
  endfacet
  facet normal 0 0 1
    outer loop
      vertex 35.671 15.4525 2.4
      vertex 38.269 15.4525 2.4
      vertex 35.77 15.95 2.4
    endloop
  endfacet
  facet normal 0 0 1
    outer loop
      vertex 38.269 15.4525 2.4
      vertex 35.671 15.4525 2.4
      vertex 38.5508 15.0308 2.4
    endloop
  endfacet
  facet normal 0 0 1
    outer loop
      vertex 35.3892 15.0308 2.4
      vertex 38.5508 15.0308 2.4
      vertex 35.671 15.4525 2.4
    endloop
  endfacet
  facet normal 0 0 1
    outer loop
      vertex 38.5508 15.0308 2.4
      vertex 35.3892 15.0308 2.4
      vertex 38.9725 14.749 2.4
    endloop
  endfacet
  facet normal 0 0 1
    outer loop
      vertex 34.9675 14.749 2.4
      vertex 38.9725 14.749 2.4
      vertex 35.3892 15.0308 2.4
    endloop
  endfacet
  facet normal 0 0 1
    outer loop
      vertex 34.47 14.65 2.4
      vertex 38.9725 14.749 2.4
      vertex 34.9675 14.749 2.4
    endloop
  endfacet
  facet normal 0 0 1
    outer loop
      vertex 39.47 14.65 2.4
      vertex 34.47 14.65 2.4
      vertex 23.4419 10.5293 2.4
    endloop
  endfacet
  facet normal 0 0 1
    outer loop
      vertex 23.9507 11.0381 2.4
      vertex 34.47 14.65 2.4
      vertex 33.9725 14.749 2.4
    endloop
  endfacet
  facet normal 0 0 1
    outer loop
      vertex 30.77 15.95 2.4
      vertex 33.17 15.95 2.4
      vertex 30.77 28.45 2.4
    endloop
  endfacet
  facet normal -0 0 1
    outer loop
      vertex 30.77 15.95 2.4
      vertex 33.269 15.4525 2.4
      vertex 33.17 15.95 2.4
    endloop
  endfacet
  facet normal 0 0 1
    outer loop
      vertex 30.671 15.4525 2.4
      vertex 33.269 15.4525 2.4
      vertex 30.77 15.95 2.4
    endloop
  endfacet
  facet normal 0 0 1
    outer loop
      vertex 33.269 15.4525 2.4
      vertex 30.671 15.4525 2.4
      vertex 33.5508 15.0308 2.4
    endloop
  endfacet
  facet normal 0 0 1
    outer loop
      vertex 30.3892 15.0308 2.4
      vertex 33.5508 15.0308 2.4
      vertex 30.671 15.4525 2.4
    endloop
  endfacet
  facet normal 0 0 1
    outer loop
      vertex 33.5508 15.0308 2.4
      vertex 30.3892 15.0308 2.4
      vertex 33.9725 14.749 2.4
    endloop
  endfacet
  facet normal 0 0 1
    outer loop
      vertex 29.9675 14.749 2.4
      vertex 33.9725 14.749 2.4
      vertex 30.3892 15.0308 2.4
    endloop
  endfacet
  facet normal 0 0 1
    outer loop
      vertex 23.9507 11.0381 2.4
      vertex 33.9725 14.749 2.4
      vertex 29.9675 14.749 2.4
    endloop
  endfacet
  facet normal 0 0 1
    outer loop
      vertex 23.9507 11.0381 2.4
      vertex 29.9675 14.749 2.4
      vertex 29.47 14.65 2.4
    endloop
  endfacet
  facet normal 0 0 1
    outer loop
      vertex 24.2774 11.6793 2.4
      vertex 29.47 14.65 2.4
      vertex 28.9725 14.749 2.4
    endloop
  endfacet
  facet normal -0 0 1
    outer loop
      vertex 24.1393 31.0308 2.4
      vertex 28.269 28.9475 2.4
      vertex 24.2774 31.3643 2.4
    endloop
  endfacet
  facet normal 0 0 1
    outer loop
      vertex 28.17 15.95 2.4
      vertex 24.39 12.39 2.4
      vertex 28.269 15.4525 2.4
    endloop
  endfacet
  facet normal 0 0 1
    outer loop
      vertex 24.39 12.39 2.4
      vertex 28.5508 15.0308 2.4
      vertex 28.269 15.4525 2.4
    endloop
  endfacet
  facet normal 0 0 1
    outer loop
      vertex 24.39 12.39 2.4
      vertex 28.9725 14.749 2.4
      vertex 28.5508 15.0308 2.4
    endloop
  endfacet
  facet normal 0 0 1
    outer loop
      vertex 24.3617 12.0302 2.4
      vertex 28.9725 14.749 2.4
      vertex 24.39 12.39 2.4
    endloop
  endfacet
  facet normal 0 0 1
    outer loop
      vertex 24.2774 11.6793 2.4
      vertex 28.9725 14.749 2.4
      vertex 24.3617 12.0302 2.4
    endloop
  endfacet
  facet normal 0 0 1
    outer loop
      vertex 29.47 14.65 2.4
      vertex 24.2774 11.6793 2.4
      vertex 24.1393 11.3458 2.4
    endloop
  endfacet
  facet normal 0 0 1
    outer loop
      vertex 29.47 14.65 2.4
      vertex 24.1393 11.3458 2.4
      vertex 23.9507 11.0381 2.4
    endloop
  endfacet
  facet normal 0 0 1
    outer loop
      vertex 34.47 14.65 2.4
      vertex 23.9507 11.0381 2.4
      vertex 23.7163 10.7637 2.4
    endloop
  endfacet
  facet normal 0 0 1
    outer loop
      vertex 34.47 14.65 2.4
      vertex 23.7163 10.7637 2.4
      vertex 23.4419 10.5293 2.4
    endloop
  endfacet
  facet normal 0 0 1
    outer loop
      vertex 39.47 14.65 2.4
      vertex 23.4419 10.5293 2.4
      vertex 23.1342 10.3407 2.4
    endloop
  endfacet
  facet normal 0 0 1
    outer loop
      vertex 22.8007 10.2026 2.4
      vertex 61.6858 10.3407 2.4
      vertex 23.1342 10.3407 2.4
    endloop
  endfacet
  facet normal 0 0 1
    outer loop
      vertex 62.0193 10.2026 2.4
      vertex 22.8007 10.2026 2.4
      vertex 79.47 2 2.4
    endloop
  endfacet
  facet normal 0 0 1
    outer loop
      vertex 10.5 5.35 2.4
      vertex 22.8007 10.2026 2.4
      vertex 22.4498 10.1183 2.4
    endloop
  endfacet
  facet normal 0 0 1
    outer loop
      vertex 10.5 5.35 2.4
      vertex 22.4498 10.1183 2.4
      vertex 22.09 10.09 2.4
    endloop
  endfacet
  facet normal 0 0 1
    outer loop
      vertex 10.5 5.35 2.4
      vertex 22.09 10.09 2.4
      vertex 21.7302 10.1183 2.4
    endloop
  endfacet
  facet normal 0 0 1
    outer loop
      vertex 19.8183 12.7498 2.4
      vertex 10.5 5.35 2.4
      vertex 19.79 12.39 2.4
    endloop
  endfacet
  facet normal 0 0 1
    outer loop
      vertex 19.79 12.39 2.4
      vertex 10.5 5.35 2.4
      vertex 19.8183 12.0302 2.4
    endloop
  endfacet
  facet normal 0 0 1
    outer loop
      vertex 19.8183 12.0302 2.4
      vertex 10.5 5.35 2.4
      vertex 19.9026 11.6793 2.4
    endloop
  endfacet
  facet normal 0 0 1
    outer loop
      vertex 19.9026 11.6793 2.4
      vertex 10.5 5.35 2.4
      vertex 20.0407 11.3458 2.4
    endloop
  endfacet
  facet normal 0 0 1
    outer loop
      vertex 10.5 5.35 2.4
      vertex 20.2293 11.0381 2.4
      vertex 20.0407 11.3458 2.4
    endloop
  endfacet
  facet normal 0 0 1
    outer loop
      vertex 10.5 5.35 2.4
      vertex 20.4637 10.7637 2.4
      vertex 20.2293 11.0381 2.4
    endloop
  endfacet
  facet normal 0 0 1
    outer loop
      vertex 10.5 5.35 2.4
      vertex 20.7381 10.5293 2.4
      vertex 20.4637 10.7637 2.4
    endloop
  endfacet
  facet normal 0 0 1
    outer loop
      vertex 10.5 5.35 2.4
      vertex 21.0458 10.3407 2.4
      vertex 20.7381 10.5293 2.4
    endloop
  endfacet
  facet normal 0 0 1
    outer loop
      vertex 10.5 5.35 2.4
      vertex 21.3793 10.2026 2.4
      vertex 21.0458 10.3407 2.4
    endloop
  endfacet
  facet normal 0 0 1
    outer loop
      vertex 10.5 5.35 2.4
      vertex 21.7302 10.1183 2.4
      vertex 21.3793 10.2026 2.4
    endloop
  endfacet
  facet normal 0 0 1
    outer loop
      vertex 22.8007 10.2026 2.4
      vertex 10.5 5.35 2.4
      vertex 79.47 2 2.4
    endloop
  endfacet
  facet normal 0 0 1
    outer loop
      vertex 3.54767e-06 2 2.4
      vertex 10.5 5.35 2.4
      vertex 0.500001 5.35 2.4
    endloop
  endfacet
  facet normal 0 0 1
    outer loop
      vertex 10.5 5.35 2.4
      vertex 3.54767e-06 2 2.4
      vertex 79.47 2 2.4
    endloop
  endfacet
  facet normal 0 0 1
    outer loop
      vertex 0.500001 33.408 2.4
      vertex 3.54767e-06 2 2.4
      vertex 0.500001 5.35 2.4
    endloop
  endfacet
  facet normal -0 0 1
    outer loop
      vertex 60.3892 15.0308 2.4
      vertex 61.3781 14.2507 2.4
      vertex 60.671 15.4525 2.4
    endloop
  endfacet
  facet normal 0 0 1
    outer loop
      vertex 61.3781 14.2507 2.4
      vertex 60.3892 15.0308 2.4
      vertex 61.1037 14.0163 2.4
    endloop
  endfacet
  facet normal -0 0 1
    outer loop
      vertex 59.9675 14.749 2.4
      vertex 61.1037 14.0163 2.4
      vertex 60.3892 15.0308 2.4
    endloop
  endfacet
  facet normal 0 0 1
    outer loop
      vertex 61.1037 14.0163 2.4
      vertex 59.9675 14.749 2.4
      vertex 60.8693 13.7419 2.4
    endloop
  endfacet
  facet normal 0 0 1
    outer loop
      vertex 60.8693 13.7419 2.4
      vertex 59.9675 14.749 2.4
      vertex 60.6807 13.4342 2.4
    endloop
  endfacet
  facet normal 0 0 1
    outer loop
      vertex 60.6807 13.4342 2.4
      vertex 59.47 14.65 2.4
      vertex 60.5426 13.1007 2.4
    endloop
  endfacet
  facet normal -0 0 1
    outer loop
      vertex 59.47 14.65 2.4
      vertex 60.6807 13.4342 2.4
      vertex 59.9675 14.749 2.4
    endloop
  endfacet
  facet normal 0 1 -0
    outer loop
      vertex 79.47 2 2.4
      vertex 3.54767e-06 2 9.2
      vertex 79.47 2 9.2
    endloop
  endfacet
  facet normal 0 1 0
    outer loop
      vertex 3.54767e-06 2 9.2
      vertex 79.47 2 2.4
      vertex 3.54767e-06 2 2.4
    endloop
  endfacet
  facet normal 0 -1 0
    outer loop
      vertex 3.54767e-06 49.45 2.4
      vertex 79.47 49.45 9.2
      vertex 3.54767e-06 49.45 9.2
    endloop
  endfacet
  facet normal 0 -1 -0
    outer loop
      vertex 79.47 49.45 9.2
      vertex 3.54767e-06 49.45 2.4
      vertex 79.47 49.45 2.4
    endloop
  endfacet
  facet normal 0.233593 0.972334 -0
    outer loop
      vertex 22.8007 34.2624 2.4
      vertex 22.4498 34.3467 14.2
      vertex 22.8007 34.2624 14.2
    endloop
  endfacet
  facet normal 0.233593 0.972334 0
    outer loop
      vertex 22.4498 34.3467 14.2
      vertex 22.8007 34.2624 2.4
      vertex 22.4498 34.3467 2.4
    endloop
  endfacet
  facet normal 0.972334 -0.233593 0
    outer loop
      vertex 24.2774 31.3643 14.2
      vertex 24.3617 31.7152 2.4
      vertex 24.3617 31.7152 14.2
    endloop
  endfacet
  facet normal 0.972334 -0.233593 0
    outer loop
      vertex 24.3617 31.7152 2.4
      vertex 24.2774 31.3643 14.2
      vertex 24.2774 31.3643 2.4
    endloop
  endfacet
  facet normal 0.996921 -0.0784126 0
    outer loop
      vertex 24.3617 31.7152 14.2
      vertex 24.39 32.075 2.4
      vertex 24.39 32.075 14.2
    endloop
  endfacet
  facet normal 0.996921 -0.0784126 0
    outer loop
      vertex 24.39 32.075 2.4
      vertex 24.3617 31.7152 14.2
      vertex 24.3617 31.7152 2.4
    endloop
  endfacet
  facet normal 0.923919 -0.382588 0
    outer loop
      vertex 24.1393 31.0308 14.2
      vertex 24.2774 31.3643 2.4
      vertex 24.2774 31.3643 14.2
    endloop
  endfacet
  facet normal 0.923919 -0.382588 0
    outer loop
      vertex 24.2774 31.3643 2.4
      vertex 24.1393 31.0308 14.2
      vertex 24.1393 31.0308 2.4
    endloop
  endfacet
  facet normal 0.996921 0.0784126 0
    outer loop
      vertex 24.39 32.075 14.2
      vertex 24.3617 32.4348 2.4
      vertex 24.3617 32.4348 14.2
    endloop
  endfacet
  facet normal 0.996921 0.0784126 0
    outer loop
      vertex 24.3617 32.4348 2.4
      vertex 24.39 32.075 14.2
      vertex 24.39 32.075 2.4
    endloop
  endfacet
  facet normal 0 0 1
    outer loop
      vertex 23.19 32.075 14.2
      vertex 24.39 32.075 14.2
      vertex 24.3617 32.4348 14.2
    endloop
  endfacet
  facet normal 0 0 1
    outer loop
      vertex 23.1765 32.2471 14.2
      vertex 24.3617 32.4348 14.2
      vertex 24.2774 32.7857 14.2
    endloop
  endfacet
  facet normal 0 0 1
    outer loop
      vertex 24.39 32.075 14.2
      vertex 23.19 32.075 14.2
      vertex 24.3617 31.7152 14.2
    endloop
  endfacet
  facet normal 0 0 1
    outer loop
      vertex 23.1362 32.4149 14.2
      vertex 24.2774 32.7857 14.2
      vertex 24.1393 33.1192 14.2
    endloop
  endfacet
  facet normal -0 0 1
    outer loop
      vertex 23.1765 31.9029 14.2
      vertex 24.3617 31.7152 14.2
      vertex 23.19 32.075 14.2
    endloop
  endfacet
  facet normal 0 0 1
    outer loop
      vertex 23.0701 32.5744 14.2
      vertex 24.1393 33.1192 14.2
      vertex 23.9507 33.4269 14.2
    endloop
  endfacet
  facet normal 0 0 1
    outer loop
      vertex 24.3617 31.7152 14.2
      vertex 23.1765 31.9029 14.2
      vertex 24.2774 31.3643 14.2
    endloop
  endfacet
  facet normal 0 0 1
    outer loop
      vertex 22.9799 32.7216 14.2
      vertex 23.9507 33.4269 14.2
      vertex 23.7163 33.7013 14.2
    endloop
  endfacet
  facet normal -0 0 1
    outer loop
      vertex 23.1362 31.7351 14.2
      vertex 24.2774 31.3643 14.2
      vertex 23.1765 31.9029 14.2
    endloop
  endfacet
  facet normal 0 0 1
    outer loop
      vertex 22.8678 32.8528 14.2
      vertex 23.7163 33.7013 14.2
      vertex 23.4419 33.9357 14.2
    endloop
  endfacet
  facet normal 0 0 1
    outer loop
      vertex 24.2774 31.3643 14.2
      vertex 23.1362 31.7351 14.2
      vertex 24.1393 31.0308 14.2
    endloop
  endfacet
  facet normal -0 0 1
    outer loop
      vertex 23.0701 31.5756 14.2
      vertex 24.1393 31.0308 14.2
      vertex 23.1362 31.7351 14.2
    endloop
  endfacet
  facet normal 0 0 1
    outer loop
      vertex 24.3617 32.4348 14.2
      vertex 23.1765 32.2471 14.2
      vertex 23.19 32.075 14.2
    endloop
  endfacet
  facet normal 0 0 1
    outer loop
      vertex 24.2774 32.7857 14.2
      vertex 23.1362 32.4149 14.2
      vertex 23.1765 32.2471 14.2
    endloop
  endfacet
  facet normal 0 0 1
    outer loop
      vertex 22.7366 32.9649 14.2
      vertex 23.4419 33.9357 14.2
      vertex 23.1342 34.1243 14.2
    endloop
  endfacet
  facet normal 0 0 1
    outer loop
      vertex 24.1393 33.1192 14.2
      vertex 23.0701 32.5744 14.2
      vertex 23.1362 32.4149 14.2
    endloop
  endfacet
  facet normal 0 0 1
    outer loop
      vertex 23.9507 33.4269 14.2
      vertex 22.9799 32.7216 14.2
      vertex 23.0701 32.5744 14.2
    endloop
  endfacet
  facet normal 0 0 1
    outer loop
      vertex 23.7163 33.7013 14.2
      vertex 22.8678 32.8528 14.2
      vertex 22.9799 32.7216 14.2
    endloop
  endfacet
  facet normal 0 0 1
    outer loop
      vertex 22.5894 33.0551 14.2
      vertex 23.1342 34.1243 14.2
      vertex 22.8007 34.2624 14.2
    endloop
  endfacet
  facet normal 0 0 1
    outer loop
      vertex 23.4419 33.9357 14.2
      vertex 22.7366 32.9649 14.2
      vertex 22.8678 32.8528 14.2
    endloop
  endfacet
  facet normal 0 0 1
    outer loop
      vertex 23.1342 34.1243 14.2
      vertex 22.5894 33.0551 14.2
      vertex 22.7366 32.9649 14.2
    endloop
  endfacet
  facet normal 0 0 1
    outer loop
      vertex 22.4299 33.1212 14.2
      vertex 22.8007 34.2624 14.2
      vertex 22.4498 34.3467 14.2
    endloop
  endfacet
  facet normal 0 0 1
    outer loop
      vertex 22.8007 34.2624 14.2
      vertex 22.4299 33.1212 14.2
      vertex 22.5894 33.0551 14.2
    endloop
  endfacet
  facet normal 0 0 1
    outer loop
      vertex 22.4498 34.3467 14.2
      vertex 22.2621 33.1615 14.2
      vertex 22.4299 33.1212 14.2
    endloop
  endfacet
  facet normal 0 0 1
    outer loop
      vertex 22.09 34.375 14.2
      vertex 22.2621 33.1615 14.2
      vertex 22.4498 34.3467 14.2
    endloop
  endfacet
  facet normal 0 0 1
    outer loop
      vertex 22.09 34.375 14.2
      vertex 22.09 33.175 14.2
      vertex 22.2621 33.1615 14.2
    endloop
  endfacet
  facet normal 0 0 1
    outer loop
      vertex 22.09 34.375 14.2
      vertex 21.9179 33.1615 14.2
      vertex 22.09 33.175 14.2
    endloop
  endfacet
  facet normal -0 0 1
    outer loop
      vertex 21.7302 34.3467 14.2
      vertex 21.9179 33.1615 14.2
      vertex 22.09 34.375 14.2
    endloop
  endfacet
  facet normal 0 0 1
    outer loop
      vertex 21.9179 33.1615 14.2
      vertex 21.7302 34.3467 14.2
      vertex 21.7501 33.1212 14.2
    endloop
  endfacet
  facet normal -0 0 1
    outer loop
      vertex 21.3793 34.2624 14.2
      vertex 21.7501 33.1212 14.2
      vertex 21.7302 34.3467 14.2
    endloop
  endfacet
  facet normal 0 0 1
    outer loop
      vertex 21.7501 33.1212 14.2
      vertex 21.3793 34.2624 14.2
      vertex 21.5906 33.0551 14.2
    endloop
  endfacet
  facet normal -0 0 1
    outer loop
      vertex 21.0458 34.1243 14.2
      vertex 21.5906 33.0551 14.2
      vertex 21.3793 34.2624 14.2
    endloop
  endfacet
  facet normal 0 0 1
    outer loop
      vertex 21.5906 33.0551 14.2
      vertex 21.0458 34.1243 14.2
      vertex 21.4434 32.9649 14.2
    endloop
  endfacet
  facet normal -0 0 1
    outer loop
      vertex 20.7381 33.9357 14.2
      vertex 21.4434 32.9649 14.2
      vertex 21.0458 34.1243 14.2
    endloop
  endfacet
  facet normal 0 0 1
    outer loop
      vertex 21.4434 32.9649 14.2
      vertex 20.7381 33.9357 14.2
      vertex 21.3122 32.8528 14.2
    endloop
  endfacet
  facet normal -0 0 1
    outer loop
      vertex 20.4637 33.7013 14.2
      vertex 21.3122 32.8528 14.2
      vertex 20.7381 33.9357 14.2
    endloop
  endfacet
  facet normal 0 0 1
    outer loop
      vertex 21.3122 32.8528 14.2
      vertex 20.4637 33.7013 14.2
      vertex 21.2001 32.7216 14.2
    endloop
  endfacet
  facet normal -0 0 1
    outer loop
      vertex 20.2293 33.4269 14.2
      vertex 21.2001 32.7216 14.2
      vertex 20.4637 33.7013 14.2
    endloop
  endfacet
  facet normal 0 0 1
    outer loop
      vertex 21.2001 32.7216 14.2
      vertex 20.2293 33.4269 14.2
      vertex 21.1099 32.5744 14.2
    endloop
  endfacet
  facet normal -0 0 1
    outer loop
      vertex 20.0407 33.1192 14.2
      vertex 21.1099 32.5744 14.2
      vertex 20.2293 33.4269 14.2
    endloop
  endfacet
  facet normal 0 0 1
    outer loop
      vertex 24.1393 31.0308 14.2
      vertex 23.0701 31.5756 14.2
      vertex 23.9507 30.7231 14.2
    endloop
  endfacet
  facet normal -0 0 1
    outer loop
      vertex 22.9799 31.4284 14.2
      vertex 23.9507 30.7231 14.2
      vertex 23.0701 31.5756 14.2
    endloop
  endfacet
  facet normal 0 0 1
    outer loop
      vertex 23.9507 30.7231 14.2
      vertex 22.9799 31.4284 14.2
      vertex 23.7163 30.4487 14.2
    endloop
  endfacet
  facet normal -0 0 1
    outer loop
      vertex 22.8678 31.2972 14.2
      vertex 23.7163 30.4487 14.2
      vertex 22.9799 31.4284 14.2
    endloop
  endfacet
  facet normal 0 0 1
    outer loop
      vertex 23.7163 30.4487 14.2
      vertex 22.8678 31.2972 14.2
      vertex 23.4419 30.2143 14.2
    endloop
  endfacet
  facet normal -0 0 1
    outer loop
      vertex 22.7366 31.1851 14.2
      vertex 23.4419 30.2143 14.2
      vertex 22.8678 31.2972 14.2
    endloop
  endfacet
  facet normal 0 0 1
    outer loop
      vertex 23.4419 30.2143 14.2
      vertex 22.7366 31.1851 14.2
      vertex 23.1342 30.0257 14.2
    endloop
  endfacet
  facet normal -0 0 1
    outer loop
      vertex 22.5894 31.0949 14.2
      vertex 23.1342 30.0257 14.2
      vertex 22.7366 31.1851 14.2
    endloop
  endfacet
  facet normal 0 0 1
    outer loop
      vertex 23.1342 30.0257 14.2
      vertex 22.5894 31.0949 14.2
      vertex 22.8007 29.8876 14.2
    endloop
  endfacet
  facet normal -0 0 1
    outer loop
      vertex 22.4299 31.0288 14.2
      vertex 22.8007 29.8876 14.2
      vertex 22.5894 31.0949 14.2
    endloop
  endfacet
  facet normal 0 0 1
    outer loop
      vertex 22.8007 29.8876 14.2
      vertex 22.4299 31.0288 14.2
      vertex 22.4498 29.8033 14.2
    endloop
  endfacet
  facet normal -0 0 1
    outer loop
      vertex 22.2621 30.9885 14.2
      vertex 22.4498 29.8033 14.2
      vertex 22.4299 31.0288 14.2
    endloop
  endfacet
  facet normal -0 0 1
    outer loop
      vertex 22.09 30.975 14.2
      vertex 22.4498 29.8033 14.2
      vertex 22.2621 30.9885 14.2
    endloop
  endfacet
  facet normal 0 0 1
    outer loop
      vertex 22.09 30.975 14.2
      vertex 22.09 29.775 14.2
      vertex 22.4498 29.8033 14.2
    endloop
  endfacet
  facet normal 0 0 1
    outer loop
      vertex 21.9179 30.9885 14.2
      vertex 22.09 29.775 14.2
      vertex 22.09 30.975 14.2
    endloop
  endfacet
  facet normal 0 0 1
    outer loop
      vertex 21.7302 29.8033 14.2
      vertex 21.9179 30.9885 14.2
      vertex 21.7501 31.0288 14.2
    endloop
  endfacet
  facet normal 0 0 1
    outer loop
      vertex 21.9179 30.9885 14.2
      vertex 21.7302 29.8033 14.2
      vertex 22.09 29.775 14.2
    endloop
  endfacet
  facet normal 0 0 1
    outer loop
      vertex 21.3793 29.8876 14.2
      vertex 21.7501 31.0288 14.2
      vertex 21.5906 31.0949 14.2
    endloop
  endfacet
  facet normal 0 0 1
    outer loop
      vertex 21.0458 30.0257 14.2
      vertex 21.5906 31.0949 14.2
      vertex 21.4434 31.1851 14.2
    endloop
  endfacet
  facet normal 0 0 1
    outer loop
      vertex 21.7501 31.0288 14.2
      vertex 21.3793 29.8876 14.2
      vertex 21.7302 29.8033 14.2
    endloop
  endfacet
  facet normal 0 0 1
    outer loop
      vertex 20.7381 30.2143 14.2
      vertex 21.4434 31.1851 14.2
      vertex 21.3122 31.2972 14.2
    endloop
  endfacet
  facet normal 0 0 1
    outer loop
      vertex 20.4637 30.4487 14.2
      vertex 21.3122 31.2972 14.2
      vertex 21.2001 31.4284 14.2
    endloop
  endfacet
  facet normal 0 0 1
    outer loop
      vertex 20.2293 30.7231 14.2
      vertex 21.2001 31.4284 14.2
      vertex 21.1099 31.5756 14.2
    endloop
  endfacet
  facet normal 0 0 1
    outer loop
      vertex 21.5906 31.0949 14.2
      vertex 21.0458 30.0257 14.2
      vertex 21.3793 29.8876 14.2
    endloop
  endfacet
  facet normal 0 0 1
    outer loop
      vertex 20.0407 31.0308 14.2
      vertex 21.1099 31.5756 14.2
      vertex 21.0438 31.7351 14.2
    endloop
  endfacet
  facet normal 0 0 1
    outer loop
      vertex 19.9026 31.3643 14.2
      vertex 21.0438 31.7351 14.2
      vertex 21.0035 31.9029 14.2
    endloop
  endfacet
  facet normal 0 0 1
    outer loop
      vertex 19.8183 31.7152 14.2
      vertex 21.0035 31.9029 14.2
      vertex 20.99 32.075 14.2
    endloop
  endfacet
  facet normal 0 0 1
    outer loop
      vertex 21.1099 32.5744 14.2
      vertex 20.0407 33.1192 14.2
      vertex 21.0438 32.4149 14.2
    endloop
  endfacet
  facet normal 0 0 1
    outer loop
      vertex 21.4434 31.1851 14.2
      vertex 20.7381 30.2143 14.2
      vertex 21.0458 30.0257 14.2
    endloop
  endfacet
  facet normal -0 0 1
    outer loop
      vertex 19.9026 32.7857 14.2
      vertex 21.0438 32.4149 14.2
      vertex 20.0407 33.1192 14.2
    endloop
  endfacet
  facet normal 0 0 1
    outer loop
      vertex 21.3122 31.2972 14.2
      vertex 20.4637 30.4487 14.2
      vertex 20.7381 30.2143 14.2
    endloop
  endfacet
  facet normal 0 0 1
    outer loop
      vertex 21.0438 32.4149 14.2
      vertex 19.9026 32.7857 14.2
      vertex 21.0035 32.2471 14.2
    endloop
  endfacet
  facet normal 0 0 1
    outer loop
      vertex 21.2001 31.4284 14.2
      vertex 20.2293 30.7231 14.2
      vertex 20.4637 30.4487 14.2
    endloop
  endfacet
  facet normal -0 0 1
    outer loop
      vertex 19.8183 32.4348 14.2
      vertex 21.0035 32.2471 14.2
      vertex 19.9026 32.7857 14.2
    endloop
  endfacet
  facet normal 0 0 1
    outer loop
      vertex 21.1099 31.5756 14.2
      vertex 20.0407 31.0308 14.2
      vertex 20.2293 30.7231 14.2
    endloop
  endfacet
  facet normal 0 0 1
    outer loop
      vertex 21.0035 32.2471 14.2
      vertex 19.8183 32.4348 14.2
      vertex 20.99 32.075 14.2
    endloop
  endfacet
  facet normal 0 0 1
    outer loop
      vertex 21.0438 31.7351 14.2
      vertex 19.9026 31.3643 14.2
      vertex 20.0407 31.0308 14.2
    endloop
  endfacet
  facet normal 0 0 1
    outer loop
      vertex 19.79 32.075 14.2
      vertex 20.99 32.075 14.2
      vertex 19.8183 32.4348 14.2
    endloop
  endfacet
  facet normal 0 0 1
    outer loop
      vertex 21.0035 31.9029 14.2
      vertex 19.8183 31.7152 14.2
      vertex 19.9026 31.3643 14.2
    endloop
  endfacet
  facet normal 0 0 1
    outer loop
      vertex 20.99 32.075 14.2
      vertex 19.79 32.075 14.2
      vertex 19.8183 31.7152 14.2
    endloop
  endfacet
  facet normal -0.972334 0.233593 0
    outer loop
      vertex 19.8183 32.4348 2.4
      vertex 19.9026 32.7857 14.2
      vertex 19.9026 32.7857 2.4
    endloop
  endfacet
  facet normal -0.972334 0.233593 0
    outer loop
      vertex 19.9026 32.7857 14.2
      vertex 19.8183 32.4348 2.4
      vertex 19.8183 32.4348 14.2
    endloop
  endfacet
  facet normal 0.382588 0.923919 -0
    outer loop
      vertex 23.1342 34.1243 2.4
      vertex 22.8007 34.2624 14.2
      vertex 23.1342 34.1243 14.2
    endloop
  endfacet
  facet normal 0.382588 0.923919 0
    outer loop
      vertex 22.8007 34.2624 14.2
      vertex 23.1342 34.1243 2.4
      vertex 22.8007 34.2624 2.4
    endloop
  endfacet
  facet normal 0.382588 -0.923919 0
    outer loop
      vertex 22.8007 29.8876 2.4
      vertex 23.1342 30.0257 14.2
      vertex 22.8007 29.8876 14.2
    endloop
  endfacet
  facet normal 0.382588 -0.923919 0
    outer loop
      vertex 23.1342 30.0257 14.2
      vertex 22.8007 29.8876 2.4
      vertex 23.1342 30.0257 2.4
    endloop
  endfacet
  facet normal 0.649513 0.760351 -0
    outer loop
      vertex 23.7163 33.7013 2.4
      vertex 23.4419 33.9357 14.2
      vertex 23.7163 33.7013 14.2
    endloop
  endfacet
  facet normal 0.649513 0.760351 0
    outer loop
      vertex 23.4419 33.9357 14.2
      vertex 23.7163 33.7013 2.4
      vertex 23.4419 33.9357 2.4
    endloop
  endfacet
  facet normal 0.852589 -0.522582 0
    outer loop
      vertex 23.9507 30.7231 14.2
      vertex 24.1393 31.0308 2.4
      vertex 24.1393 31.0308 14.2
    endloop
  endfacet
  facet normal 0.852589 -0.522582 0
    outer loop
      vertex 24.1393 31.0308 2.4
      vertex 23.9507 30.7231 14.2
      vertex 23.9507 30.7231 2.4
    endloop
  endfacet
  facet normal 0.649513 -0.760351 0
    outer loop
      vertex 23.4419 30.2143 2.4
      vertex 23.7163 30.4487 14.2
      vertex 23.4419 30.2143 14.2
    endloop
  endfacet
  facet normal 0.649513 -0.760351 0
    outer loop
      vertex 23.7163 30.4487 14.2
      vertex 23.4419 30.2143 2.4
      vertex 23.7163 30.4487 2.4
    endloop
  endfacet
  facet normal 0.923919 0.382588 0
    outer loop
      vertex 24.2774 32.7857 14.2
      vertex 24.1393 33.1192 2.4
      vertex 24.1393 33.1192 14.2
    endloop
  endfacet
  facet normal 0.923919 0.382588 0
    outer loop
      vertex 24.1393 33.1192 2.4
      vertex 24.2774 32.7857 14.2
      vertex 24.2774 32.7857 2.4
    endloop
  endfacet
  facet normal -0.996921 0.0784126 0
    outer loop
      vertex 19.79 32.075 2.4
      vertex 19.8183 32.4348 14.2
      vertex 19.8183 32.4348 2.4
    endloop
  endfacet
  facet normal -0.996921 0.0784126 0
    outer loop
      vertex 19.8183 32.4348 14.2
      vertex 19.79 32.075 2.4
      vertex 19.79 32.075 14.2
    endloop
  endfacet
  facet normal -0.382588 0.923919 0
    outer loop
      vertex 21.3793 34.2624 2.4
      vertex 21.0458 34.1243 14.2
      vertex 21.3793 34.2624 14.2
    endloop
  endfacet
  facet normal -0.382588 0.923919 0
    outer loop
      vertex 21.0458 34.1243 14.2
      vertex 21.3793 34.2624 2.4
      vertex 21.0458 34.1243 2.4
    endloop
  endfacet
  facet normal -0.233593 0.972334 0
    outer loop
      vertex 21.7302 34.3467 2.4
      vertex 21.3793 34.2624 14.2
      vertex 21.7302 34.3467 14.2
    endloop
  endfacet
  facet normal -0.233593 0.972334 0
    outer loop
      vertex 21.3793 34.2624 14.2
      vertex 21.7302 34.3467 2.4
      vertex 21.3793 34.2624 2.4
    endloop
  endfacet
  facet normal 0.233593 -0.972334 0
    outer loop
      vertex 22.4498 29.8033 2.4
      vertex 22.8007 29.8876 14.2
      vertex 22.4498 29.8033 14.2
    endloop
  endfacet
  facet normal 0.233593 -0.972334 0
    outer loop
      vertex 22.8007 29.8876 14.2
      vertex 22.4498 29.8033 2.4
      vertex 22.8007 29.8876 2.4
    endloop
  endfacet
  facet normal 0.852589 0.522582 0
    outer loop
      vertex 24.1393 33.1192 14.2
      vertex 23.9507 33.4269 2.4
      vertex 23.9507 33.4269 14.2
    endloop
  endfacet
  facet normal 0.852589 0.522582 0
    outer loop
      vertex 23.9507 33.4269 2.4
      vertex 24.1393 33.1192 14.2
      vertex 24.1393 33.1192 2.4
    endloop
  endfacet
  facet normal 0.0784126 -0.996921 0
    outer loop
      vertex 22.09 29.775 2.4
      vertex 22.4498 29.8033 14.2
      vertex 22.09 29.775 14.2
    endloop
  endfacet
  facet normal 0.0784126 -0.996921 0
    outer loop
      vertex 22.4498 29.8033 14.2
      vertex 22.09 29.775 2.4
      vertex 22.4498 29.8033 2.4
    endloop
  endfacet
  facet normal -0.382588 -0.923919 0
    outer loop
      vertex 21.0458 30.0257 2.4
      vertex 21.3793 29.8876 14.2
      vertex 21.0458 30.0257 14.2
    endloop
  endfacet
  facet normal -0.382588 -0.923919 -0
    outer loop
      vertex 21.3793 29.8876 14.2
      vertex 21.0458 30.0257 2.4
      vertex 21.3793 29.8876 2.4
    endloop
  endfacet
  facet normal -0.649513 -0.760351 0
    outer loop
      vertex 20.4637 30.4487 2.4
      vertex 20.7381 30.2143 14.2
      vertex 20.4637 30.4487 14.2
    endloop
  endfacet
  facet normal -0.649513 -0.760351 -0
    outer loop
      vertex 20.7381 30.2143 14.2
      vertex 20.4637 30.4487 2.4
      vertex 20.7381 30.2143 2.4
    endloop
  endfacet
  facet normal -0.852589 0.522582 0
    outer loop
      vertex 20.0407 33.1192 2.4
      vertex 20.2293 33.4269 14.2
      vertex 20.2293 33.4269 2.4
    endloop
  endfacet
  facet normal -0.852589 0.522582 0
    outer loop
      vertex 20.2293 33.4269 14.2
      vertex 20.0407 33.1192 2.4
      vertex 20.0407 33.1192 14.2
    endloop
  endfacet
  facet normal -0.522582 -0.852589 0
    outer loop
      vertex 20.7381 30.2143 2.4
      vertex 21.0458 30.0257 14.2
      vertex 20.7381 30.2143 14.2
    endloop
  endfacet
  facet normal -0.522582 -0.852589 -0
    outer loop
      vertex 21.0458 30.0257 14.2
      vertex 20.7381 30.2143 2.4
      vertex 21.0458 30.0257 2.4
    endloop
  endfacet
  facet normal 0.522582 -0.852589 0
    outer loop
      vertex 23.1342 30.0257 2.4
      vertex 23.4419 30.2143 14.2
      vertex 23.1342 30.0257 14.2
    endloop
  endfacet
  facet normal 0.522582 -0.852589 0
    outer loop
      vertex 23.4419 30.2143 14.2
      vertex 23.1342 30.0257 2.4
      vertex 23.4419 30.2143 2.4
    endloop
  endfacet
  facet normal -0.233593 -0.972334 0
    outer loop
      vertex 21.3793 29.8876 2.4
      vertex 21.7302 29.8033 14.2
      vertex 21.3793 29.8876 14.2
    endloop
  endfacet
  facet normal -0.233593 -0.972334 -0
    outer loop
      vertex 21.7302 29.8033 14.2
      vertex 21.3793 29.8876 2.4
      vertex 21.7302 29.8033 2.4
    endloop
  endfacet
  facet normal 0.760351 -0.649513 0
    outer loop
      vertex 23.7163 30.4487 14.2
      vertex 23.9507 30.7231 2.4
      vertex 23.9507 30.7231 14.2
    endloop
  endfacet
  facet normal 0.760351 -0.649513 0
    outer loop
      vertex 23.9507 30.7231 2.4
      vertex 23.7163 30.4487 14.2
      vertex 23.7163 30.4487 2.4
    endloop
  endfacet
  facet normal -0.852589 -0.522582 0
    outer loop
      vertex 20.2293 30.7231 2.4
      vertex 20.0407 31.0308 14.2
      vertex 20.0407 31.0308 2.4
    endloop
  endfacet
  facet normal -0.852589 -0.522582 0
    outer loop
      vertex 20.0407 31.0308 14.2
      vertex 20.2293 30.7231 2.4
      vertex 20.2293 30.7231 14.2
    endloop
  endfacet
  facet normal -0.972334 -0.233593 0
    outer loop
      vertex 19.9026 31.3643 2.4
      vertex 19.8183 31.7152 14.2
      vertex 19.8183 31.7152 2.4
    endloop
  endfacet
  facet normal -0.972334 -0.233593 0
    outer loop
      vertex 19.8183 31.7152 14.2
      vertex 19.9026 31.3643 2.4
      vertex 19.9026 31.3643 14.2
    endloop
  endfacet
  facet normal 0.0784126 0.996921 -0
    outer loop
      vertex 22.4498 34.3467 2.4
      vertex 22.09 34.375 14.2
      vertex 22.4498 34.3467 14.2
    endloop
  endfacet
  facet normal 0.0784126 0.996921 0
    outer loop
      vertex 22.09 34.375 14.2
      vertex 22.4498 34.3467 2.4
      vertex 22.09 34.375 2.4
    endloop
  endfacet
  facet normal 0.522582 0.852589 -0
    outer loop
      vertex 23.4419 33.9357 2.4
      vertex 23.1342 34.1243 14.2
      vertex 23.4419 33.9357 14.2
    endloop
  endfacet
  facet normal 0.522582 0.852589 0
    outer loop
      vertex 23.1342 34.1243 14.2
      vertex 23.4419 33.9357 2.4
      vertex 23.1342 34.1243 2.4
    endloop
  endfacet
  facet normal 0.760351 0.649513 0
    outer loop
      vertex 23.9507 33.4269 14.2
      vertex 23.7163 33.7013 2.4
      vertex 23.7163 33.7013 14.2
    endloop
  endfacet
  facet normal 0.760351 0.649513 0
    outer loop
      vertex 23.7163 33.7013 2.4
      vertex 23.9507 33.4269 14.2
      vertex 23.9507 33.4269 2.4
    endloop
  endfacet
  facet normal -0.522582 0.852589 0
    outer loop
      vertex 21.0458 34.1243 2.4
      vertex 20.7381 33.9357 14.2
      vertex 21.0458 34.1243 14.2
    endloop
  endfacet
  facet normal -0.522582 0.852589 0
    outer loop
      vertex 20.7381 33.9357 14.2
      vertex 21.0458 34.1243 2.4
      vertex 20.7381 33.9357 2.4
    endloop
  endfacet
  facet normal -0.996921 -0.0784126 0
    outer loop
      vertex 19.8183 31.7152 2.4
      vertex 19.79 32.075 14.2
      vertex 19.79 32.075 2.4
    endloop
  endfacet
  facet normal -0.996921 -0.0784126 0
    outer loop
      vertex 19.79 32.075 14.2
      vertex 19.8183 31.7152 2.4
      vertex 19.8183 31.7152 14.2
    endloop
  endfacet
  facet normal -0.760351 0.649513 0
    outer loop
      vertex 20.2293 33.4269 2.4
      vertex 20.4637 33.7013 14.2
      vertex 20.4637 33.7013 2.4
    endloop
  endfacet
  facet normal -0.760351 0.649513 0
    outer loop
      vertex 20.4637 33.7013 14.2
      vertex 20.2293 33.4269 2.4
      vertex 20.2293 33.4269 14.2
    endloop
  endfacet
  facet normal -0.760351 -0.649513 0
    outer loop
      vertex 20.4637 30.4487 2.4
      vertex 20.2293 30.7231 14.2
      vertex 20.2293 30.7231 2.4
    endloop
  endfacet
  facet normal -0.760351 -0.649513 0
    outer loop
      vertex 20.2293 30.7231 14.2
      vertex 20.4637 30.4487 2.4
      vertex 20.4637 30.4487 14.2
    endloop
  endfacet
  facet normal -0.923919 -0.382588 0
    outer loop
      vertex 20.0407 31.0308 2.4
      vertex 19.9026 31.3643 14.2
      vertex 19.9026 31.3643 2.4
    endloop
  endfacet
  facet normal -0.923919 -0.382588 0
    outer loop
      vertex 19.9026 31.3643 14.2
      vertex 20.0407 31.0308 2.4
      vertex 20.0407 31.0308 14.2
    endloop
  endfacet
  facet normal -0.649513 0.760351 0
    outer loop
      vertex 20.7381 33.9357 2.4
      vertex 20.4637 33.7013 14.2
      vertex 20.7381 33.9357 14.2
    endloop
  endfacet
  facet normal -0.649513 0.760351 0
    outer loop
      vertex 20.4637 33.7013 14.2
      vertex 20.7381 33.9357 2.4
      vertex 20.4637 33.7013 2.4
    endloop
  endfacet
  facet normal 0.972334 0.233593 0
    outer loop
      vertex 24.3617 32.4348 14.2
      vertex 24.2774 32.7857 2.4
      vertex 24.2774 32.7857 14.2
    endloop
  endfacet
  facet normal 0.972334 0.233593 0
    outer loop
      vertex 24.2774 32.7857 2.4
      vertex 24.3617 32.4348 14.2
      vertex 24.3617 32.4348 2.4
    endloop
  endfacet
  facet normal -0.0784126 0.996921 0
    outer loop
      vertex 22.09 34.375 2.4
      vertex 21.7302 34.3467 14.2
      vertex 22.09 34.375 14.2
    endloop
  endfacet
  facet normal -0.0784126 0.996921 0
    outer loop
      vertex 21.7302 34.3467 14.2
      vertex 22.09 34.375 2.4
      vertex 21.7302 34.3467 2.4
    endloop
  endfacet
  facet normal -0.923919 0.382588 0
    outer loop
      vertex 19.9026 32.7857 2.4
      vertex 20.0407 33.1192 14.2
      vertex 20.0407 33.1192 2.4
    endloop
  endfacet
  facet normal -0.923919 0.382588 0
    outer loop
      vertex 20.0407 33.1192 14.2
      vertex 19.9026 32.7857 2.4
      vertex 19.9026 32.7857 14.2
    endloop
  endfacet
  facet normal -0.0784126 -0.996921 0
    outer loop
      vertex 21.7302 29.8033 2.4
      vertex 22.09 29.775 14.2
      vertex 21.7302 29.8033 14.2
    endloop
  endfacet
  facet normal -0.0784126 -0.996921 -0
    outer loop
      vertex 22.09 29.775 14.2
      vertex 21.7302 29.8033 2.4
      vertex 22.09 29.775 2.4
    endloop
  endfacet
  facet normal 0.0784126 0.996921 -0
    outer loop
      vertex 22.4498 14.6617 2.4
      vertex 22.09 14.69 14.2
      vertex 22.4498 14.6617 14.2
    endloop
  endfacet
  facet normal 0.0784126 0.996921 0
    outer loop
      vertex 22.09 14.69 14.2
      vertex 22.4498 14.6617 2.4
      vertex 22.09 14.69 2.4
    endloop
  endfacet
  facet normal 0.972334 -0.233593 0
    outer loop
      vertex 24.2774 11.6793 14.2
      vertex 24.3617 12.0302 2.4
      vertex 24.3617 12.0302 14.2
    endloop
  endfacet
  facet normal 0.972334 -0.233593 0
    outer loop
      vertex 24.3617 12.0302 2.4
      vertex 24.2774 11.6793 14.2
      vertex 24.2774 11.6793 2.4
    endloop
  endfacet
  facet normal 0.996921 -0.0784126 0
    outer loop
      vertex 24.3617 12.0302 14.2
      vertex 24.39 12.39 2.4
      vertex 24.39 12.39 14.2
    endloop
  endfacet
  facet normal 0.996921 -0.0784126 0
    outer loop
      vertex 24.39 12.39 2.4
      vertex 24.3617 12.0302 14.2
      vertex 24.3617 12.0302 2.4
    endloop
  endfacet
  facet normal 0.760351 0.649513 0
    outer loop
      vertex 23.9507 13.7419 14.2
      vertex 23.7163 14.0163 2.4
      vertex 23.7163 14.0163 14.2
    endloop
  endfacet
  facet normal 0.760351 0.649513 0
    outer loop
      vertex 23.7163 14.0163 2.4
      vertex 23.9507 13.7419 14.2
      vertex 23.9507 13.7419 2.4
    endloop
  endfacet
  facet normal -0.233593 0.972334 0
    outer loop
      vertex 21.7302 14.6617 2.4
      vertex 21.3793 14.5774 14.2
      vertex 21.7302 14.6617 14.2
    endloop
  endfacet
  facet normal -0.233593 0.972334 0
    outer loop
      vertex 21.3793 14.5774 14.2
      vertex 21.7302 14.6617 2.4
      vertex 21.3793 14.5774 2.4
    endloop
  endfacet
  facet normal 0.760351 -0.649513 0
    outer loop
      vertex 23.7163 10.7637 14.2
      vertex 23.9507 11.0381 2.4
      vertex 23.9507 11.0381 14.2
    endloop
  endfacet
  facet normal 0.760351 -0.649513 0
    outer loop
      vertex 23.9507 11.0381 2.4
      vertex 23.7163 10.7637 14.2
      vertex 23.7163 10.7637 2.4
    endloop
  endfacet
  facet normal 0.972334 0.233593 0
    outer loop
      vertex 24.3617 12.7498 14.2
      vertex 24.2774 13.1007 2.4
      vertex 24.2774 13.1007 14.2
    endloop
  endfacet
  facet normal 0.972334 0.233593 0
    outer loop
      vertex 24.2774 13.1007 2.4
      vertex 24.3617 12.7498 14.2
      vertex 24.3617 12.7498 2.4
    endloop
  endfacet
  facet normal 0.852589 -0.522582 0
    outer loop
      vertex 23.9507 11.0381 14.2
      vertex 24.1393 11.3458 2.4
      vertex 24.1393 11.3458 14.2
    endloop
  endfacet
  facet normal 0.852589 -0.522582 0
    outer loop
      vertex 24.1393 11.3458 2.4
      vertex 23.9507 11.0381 14.2
      vertex 23.9507 11.0381 2.4
    endloop
  endfacet
  facet normal 0.649513 -0.760351 0
    outer loop
      vertex 23.4419 10.5293 2.4
      vertex 23.7163 10.7637 14.2
      vertex 23.4419 10.5293 14.2
    endloop
  endfacet
  facet normal 0.649513 -0.760351 0
    outer loop
      vertex 23.7163 10.7637 14.2
      vertex 23.4419 10.5293 2.4
      vertex 23.7163 10.7637 2.4
    endloop
  endfacet
  facet normal 0.923919 0.382588 0
    outer loop
      vertex 24.2774 13.1007 14.2
      vertex 24.1393 13.4342 2.4
      vertex 24.1393 13.4342 14.2
    endloop
  endfacet
  facet normal 0.923919 0.382588 0
    outer loop
      vertex 24.1393 13.4342 2.4
      vertex 24.2774 13.1007 14.2
      vertex 24.2774 13.1007 2.4
    endloop
  endfacet
  facet normal 0.522582 0.852589 -0
    outer loop
      vertex 23.4419 14.2507 2.4
      vertex 23.1342 14.4393 14.2
      vertex 23.4419 14.2507 14.2
    endloop
  endfacet
  facet normal 0.522582 0.852589 0
    outer loop
      vertex 23.1342 14.4393 14.2
      vertex 23.4419 14.2507 2.4
      vertex 23.1342 14.4393 2.4
    endloop
  endfacet
  facet normal -0.522582 0.852589 0
    outer loop
      vertex 21.0458 14.4393 2.4
      vertex 20.7381 14.2507 14.2
      vertex 21.0458 14.4393 14.2
    endloop
  endfacet
  facet normal -0.522582 0.852589 0
    outer loop
      vertex 20.7381 14.2507 14.2
      vertex 21.0458 14.4393 2.4
      vertex 20.7381 14.2507 2.4
    endloop
  endfacet
  facet normal -0.522582 -0.852589 0
    outer loop
      vertex 20.7381 10.5293 2.4
      vertex 21.0458 10.3407 14.2
      vertex 20.7381 10.5293 14.2
    endloop
  endfacet
  facet normal -0.522582 -0.852589 -0
    outer loop
      vertex 21.0458 10.3407 14.2
      vertex 20.7381 10.5293 2.4
      vertex 21.0458 10.3407 2.4
    endloop
  endfacet
  facet normal -0.0784126 0.996921 0
    outer loop
      vertex 22.09 14.69 2.4
      vertex 21.7302 14.6617 14.2
      vertex 22.09 14.69 14.2
    endloop
  endfacet
  facet normal -0.0784126 0.996921 0
    outer loop
      vertex 21.7302 14.6617 14.2
      vertex 22.09 14.69 2.4
      vertex 21.7302 14.6617 2.4
    endloop
  endfacet
  facet normal 0.522582 -0.852589 0
    outer loop
      vertex 23.1342 10.3407 2.4
      vertex 23.4419 10.5293 14.2
      vertex 23.1342 10.3407 14.2
    endloop
  endfacet
  facet normal 0.522582 -0.852589 0
    outer loop
      vertex 23.4419 10.5293 14.2
      vertex 23.1342 10.3407 2.4
      vertex 23.4419 10.5293 2.4
    endloop
  endfacet
  facet normal 0.233593 0.972334 -0
    outer loop
      vertex 22.8007 14.5774 2.4
      vertex 22.4498 14.6617 14.2
      vertex 22.8007 14.5774 14.2
    endloop
  endfacet
  facet normal 0.233593 0.972334 0
    outer loop
      vertex 22.4498 14.6617 14.2
      vertex 22.8007 14.5774 2.4
      vertex 22.4498 14.6617 2.4
    endloop
  endfacet
  facet normal 0.382588 -0.923919 0
    outer loop
      vertex 22.8007 10.2026 2.4
      vertex 23.1342 10.3407 14.2
      vertex 22.8007 10.2026 14.2
    endloop
  endfacet
  facet normal 0.382588 -0.923919 0
    outer loop
      vertex 23.1342 10.3407 14.2
      vertex 22.8007 10.2026 2.4
      vertex 23.1342 10.3407 2.4
    endloop
  endfacet
  facet normal -0.382588 -0.923919 0
    outer loop
      vertex 21.0458 10.3407 2.4
      vertex 21.3793 10.2026 14.2
      vertex 21.0458 10.3407 14.2
    endloop
  endfacet
  facet normal -0.382588 -0.923919 -0
    outer loop
      vertex 21.3793 10.2026 14.2
      vertex 21.0458 10.3407 2.4
      vertex 21.3793 10.2026 2.4
    endloop
  endfacet
  facet normal -0.760351 0.649513 0
    outer loop
      vertex 20.2293 13.7419 2.4
      vertex 20.4637 14.0163 14.2
      vertex 20.4637 14.0163 2.4
    endloop
  endfacet
  facet normal -0.760351 0.649513 0
    outer loop
      vertex 20.4637 14.0163 14.2
      vertex 20.2293 13.7419 2.4
      vertex 20.2293 13.7419 14.2
    endloop
  endfacet
  facet normal -0.0784126 -0.996921 0
    outer loop
      vertex 21.7302 10.1183 2.4
      vertex 22.09 10.09 14.2
      vertex 21.7302 10.1183 14.2
    endloop
  endfacet
  facet normal -0.0784126 -0.996921 -0
    outer loop
      vertex 22.09 10.09 14.2
      vertex 21.7302 10.1183 2.4
      vertex 22.09 10.09 2.4
    endloop
  endfacet
  facet normal -0.923919 -0.382588 0
    outer loop
      vertex 20.0407 11.3458 2.4
      vertex 19.9026 11.6793 14.2
      vertex 19.9026 11.6793 2.4
    endloop
  endfacet
  facet normal -0.923919 -0.382588 0
    outer loop
      vertex 19.9026 11.6793 14.2
      vertex 20.0407 11.3458 2.4
      vertex 20.0407 11.3458 14.2
    endloop
  endfacet
  facet normal -0.649513 0.760351 0
    outer loop
      vertex 20.7381 14.2507 2.4
      vertex 20.4637 14.0163 14.2
      vertex 20.7381 14.2507 14.2
    endloop
  endfacet
  facet normal -0.649513 0.760351 0
    outer loop
      vertex 20.4637 14.0163 14.2
      vertex 20.7381 14.2507 2.4
      vertex 20.4637 14.0163 2.4
    endloop
  endfacet
  facet normal -0.760351 -0.649513 0
    outer loop
      vertex 20.4637 10.7637 2.4
      vertex 20.2293 11.0381 14.2
      vertex 20.2293 11.0381 2.4
    endloop
  endfacet
  facet normal -0.760351 -0.649513 0
    outer loop
      vertex 20.2293 11.0381 14.2
      vertex 20.4637 10.7637 2.4
      vertex 20.4637 10.7637 14.2
    endloop
  endfacet
  facet normal 0.649513 0.760351 -0
    outer loop
      vertex 23.7163 14.0163 2.4
      vertex 23.4419 14.2507 14.2
      vertex 23.7163 14.0163 14.2
    endloop
  endfacet
  facet normal 0.649513 0.760351 0
    outer loop
      vertex 23.4419 14.2507 14.2
      vertex 23.7163 14.0163 2.4
      vertex 23.4419 14.2507 2.4
    endloop
  endfacet
  facet normal 0.0784126 -0.996921 0
    outer loop
      vertex 22.09 10.09 2.4
      vertex 22.4498 10.1183 14.2
      vertex 22.09 10.09 14.2
    endloop
  endfacet
  facet normal 0.0784126 -0.996921 0
    outer loop
      vertex 22.4498 10.1183 14.2
      vertex 22.09 10.09 2.4
      vertex 22.4498 10.1183 2.4
    endloop
  endfacet
  facet normal -0.972334 0.233593 0
    outer loop
      vertex 19.8183 12.7498 2.4
      vertex 19.9026 13.1007 14.2
      vertex 19.9026 13.1007 2.4
    endloop
  endfacet
  facet normal -0.972334 0.233593 0
    outer loop
      vertex 19.9026 13.1007 14.2
      vertex 19.8183 12.7498 2.4
      vertex 19.8183 12.7498 14.2
    endloop
  endfacet
  facet normal 0.233593 -0.972334 0
    outer loop
      vertex 22.4498 10.1183 2.4
      vertex 22.8007 10.2026 14.2
      vertex 22.4498 10.1183 14.2
    endloop
  endfacet
  facet normal 0.233593 -0.972334 0
    outer loop
      vertex 22.8007 10.2026 14.2
      vertex 22.4498 10.1183 2.4
      vertex 22.8007 10.2026 2.4
    endloop
  endfacet
  facet normal -0.852589 -0.522582 0
    outer loop
      vertex 20.2293 11.0381 2.4
      vertex 20.0407 11.3458 14.2
      vertex 20.0407 11.3458 2.4
    endloop
  endfacet
  facet normal -0.852589 -0.522582 0
    outer loop
      vertex 20.0407 11.3458 14.2
      vertex 20.2293 11.0381 2.4
      vertex 20.2293 11.0381 14.2
    endloop
  endfacet
  facet normal 0.996921 0.0784126 0
    outer loop
      vertex 24.39 12.39 14.2
      vertex 24.3617 12.7498 2.4
      vertex 24.3617 12.7498 14.2
    endloop
  endfacet
  facet normal 0.996921 0.0784126 0
    outer loop
      vertex 24.3617 12.7498 2.4
      vertex 24.39 12.39 14.2
      vertex 24.39 12.39 2.4
    endloop
  endfacet
  facet normal 0.382588 0.923919 -0
    outer loop
      vertex 23.1342 14.4393 2.4
      vertex 22.8007 14.5774 14.2
      vertex 23.1342 14.4393 14.2
    endloop
  endfacet
  facet normal 0.382588 0.923919 0
    outer loop
      vertex 22.8007 14.5774 14.2
      vertex 23.1342 14.4393 2.4
      vertex 22.8007 14.5774 2.4
    endloop
  endfacet
  facet normal 0.852589 0.522582 0
    outer loop
      vertex 24.1393 13.4342 14.2
      vertex 23.9507 13.7419 2.4
      vertex 23.9507 13.7419 14.2
    endloop
  endfacet
  facet normal 0.852589 0.522582 0
    outer loop
      vertex 23.9507 13.7419 2.4
      vertex 24.1393 13.4342 14.2
      vertex 24.1393 13.4342 2.4
    endloop
  endfacet
  facet normal -0.233593 -0.972334 0
    outer loop
      vertex 21.3793 10.2026 2.4
      vertex 21.7302 10.1183 14.2
      vertex 21.3793 10.2026 14.2
    endloop
  endfacet
  facet normal -0.233593 -0.972334 -0
    outer loop
      vertex 21.7302 10.1183 14.2
      vertex 21.3793 10.2026 2.4
      vertex 21.7302 10.1183 2.4
    endloop
  endfacet
  facet normal -0.852589 0.522582 0
    outer loop
      vertex 20.0407 13.4342 2.4
      vertex 20.2293 13.7419 14.2
      vertex 20.2293 13.7419 2.4
    endloop
  endfacet
  facet normal -0.852589 0.522582 0
    outer loop
      vertex 20.2293 13.7419 14.2
      vertex 20.0407 13.4342 2.4
      vertex 20.0407 13.4342 14.2
    endloop
  endfacet
  facet normal -0.923919 0.382588 0
    outer loop
      vertex 19.9026 13.1007 2.4
      vertex 20.0407 13.4342 14.2
      vertex 20.0407 13.4342 2.4
    endloop
  endfacet
  facet normal -0.923919 0.382588 0
    outer loop
      vertex 20.0407 13.4342 14.2
      vertex 19.9026 13.1007 2.4
      vertex 19.9026 13.1007 14.2
    endloop
  endfacet
  facet normal -0.996921 0.0784126 0
    outer loop
      vertex 19.79 12.39 2.4
      vertex 19.8183 12.7498 14.2
      vertex 19.8183 12.7498 2.4
    endloop
  endfacet
  facet normal -0.996921 0.0784126 0
    outer loop
      vertex 19.8183 12.7498 14.2
      vertex 19.79 12.39 2.4
      vertex 19.79 12.39 14.2
    endloop
  endfacet
  facet normal -0.972334 -0.233593 0
    outer loop
      vertex 19.9026 11.6793 2.4
      vertex 19.8183 12.0302 14.2
      vertex 19.8183 12.0302 2.4
    endloop
  endfacet
  facet normal -0.972334 -0.233593 0
    outer loop
      vertex 19.8183 12.0302 14.2
      vertex 19.9026 11.6793 2.4
      vertex 19.9026 11.6793 14.2
    endloop
  endfacet
  facet normal -0.996921 -0.0784126 0
    outer loop
      vertex 19.8183 12.0302 2.4
      vertex 19.79 12.39 14.2
      vertex 19.79 12.39 2.4
    endloop
  endfacet
  facet normal -0.996921 -0.0784126 0
    outer loop
      vertex 19.79 12.39 14.2
      vertex 19.8183 12.0302 2.4
      vertex 19.8183 12.0302 14.2
    endloop
  endfacet
  facet normal 0.923919 -0.382588 0
    outer loop
      vertex 24.1393 11.3458 14.2
      vertex 24.2774 11.6793 2.4
      vertex 24.2774 11.6793 14.2
    endloop
  endfacet
  facet normal 0.923919 -0.382588 0
    outer loop
      vertex 24.2774 11.6793 2.4
      vertex 24.1393 11.3458 14.2
      vertex 24.1393 11.3458 2.4
    endloop
  endfacet
  facet normal -0.649513 -0.760351 0
    outer loop
      vertex 20.4637 10.7637 2.4
      vertex 20.7381 10.5293 14.2
      vertex 20.4637 10.7637 14.2
    endloop
  endfacet
  facet normal -0.649513 -0.760351 -0
    outer loop
      vertex 20.7381 10.5293 14.2
      vertex 20.4637 10.7637 2.4
      vertex 20.7381 10.5293 2.4
    endloop
  endfacet
  facet normal 0 0 1
    outer loop
      vertex 23.19 12.39 14.2
      vertex 24.39 12.39 14.2
      vertex 24.3617 12.7498 14.2
    endloop
  endfacet
  facet normal 0 0 1
    outer loop
      vertex 23.1765 12.5621 14.2
      vertex 24.3617 12.7498 14.2
      vertex 24.2774 13.1007 14.2
    endloop
  endfacet
  facet normal 0 0 1
    outer loop
      vertex 24.39 12.39 14.2
      vertex 23.19 12.39 14.2
      vertex 24.3617 12.0302 14.2
    endloop
  endfacet
  facet normal 0 0 1
    outer loop
      vertex 23.1362 12.7299 14.2
      vertex 24.2774 13.1007 14.2
      vertex 24.1393 13.4342 14.2
    endloop
  endfacet
  facet normal -0 0 1
    outer loop
      vertex 23.1765 12.2179 14.2
      vertex 24.3617 12.0302 14.2
      vertex 23.19 12.39 14.2
    endloop
  endfacet
  facet normal 0 0 1
    outer loop
      vertex 23.0701 12.8894 14.2
      vertex 24.1393 13.4342 14.2
      vertex 23.9507 13.7419 14.2
    endloop
  endfacet
  facet normal 0 0 1
    outer loop
      vertex 24.3617 12.0302 14.2
      vertex 23.1765 12.2179 14.2
      vertex 24.2774 11.6793 14.2
    endloop
  endfacet
  facet normal 0 0 1
    outer loop
      vertex 22.9799 13.0366 14.2
      vertex 23.9507 13.7419 14.2
      vertex 23.7163 14.0163 14.2
    endloop
  endfacet
  facet normal -0 0 1
    outer loop
      vertex 23.1362 12.0501 14.2
      vertex 24.2774 11.6793 14.2
      vertex 23.1765 12.2179 14.2
    endloop
  endfacet
  facet normal 0 0 1
    outer loop
      vertex 22.8678 13.1678 14.2
      vertex 23.7163 14.0163 14.2
      vertex 23.4419 14.2507 14.2
    endloop
  endfacet
  facet normal 0 0 1
    outer loop
      vertex 24.2774 11.6793 14.2
      vertex 23.1362 12.0501 14.2
      vertex 24.1393 11.3458 14.2
    endloop
  endfacet
  facet normal -0 0 1
    outer loop
      vertex 23.0701 11.8906 14.2
      vertex 24.1393 11.3458 14.2
      vertex 23.1362 12.0501 14.2
    endloop
  endfacet
  facet normal 0 0 1
    outer loop
      vertex 24.3617 12.7498 14.2
      vertex 23.1765 12.5621 14.2
      vertex 23.19 12.39 14.2
    endloop
  endfacet
  facet normal 0 0 1
    outer loop
      vertex 24.2774 13.1007 14.2
      vertex 23.1362 12.7299 14.2
      vertex 23.1765 12.5621 14.2
    endloop
  endfacet
  facet normal 0 0 1
    outer loop
      vertex 22.7366 13.2799 14.2
      vertex 23.4419 14.2507 14.2
      vertex 23.1342 14.4393 14.2
    endloop
  endfacet
  facet normal 0 0 1
    outer loop
      vertex 24.1393 13.4342 14.2
      vertex 23.0701 12.8894 14.2
      vertex 23.1362 12.7299 14.2
    endloop
  endfacet
  facet normal 0 0 1
    outer loop
      vertex 23.9507 13.7419 14.2
      vertex 22.9799 13.0366 14.2
      vertex 23.0701 12.8894 14.2
    endloop
  endfacet
  facet normal 0 0 1
    outer loop
      vertex 23.7163 14.0163 14.2
      vertex 22.8678 13.1678 14.2
      vertex 22.9799 13.0366 14.2
    endloop
  endfacet
  facet normal 0 0 1
    outer loop
      vertex 22.5894 13.3701 14.2
      vertex 23.1342 14.4393 14.2
      vertex 22.8007 14.5774 14.2
    endloop
  endfacet
  facet normal 0 0 1
    outer loop
      vertex 23.4419 14.2507 14.2
      vertex 22.7366 13.2799 14.2
      vertex 22.8678 13.1678 14.2
    endloop
  endfacet
  facet normal 0 0 1
    outer loop
      vertex 23.1342 14.4393 14.2
      vertex 22.5894 13.3701 14.2
      vertex 22.7366 13.2799 14.2
    endloop
  endfacet
  facet normal 0 0 1
    outer loop
      vertex 22.4299 13.4362 14.2
      vertex 22.8007 14.5774 14.2
      vertex 22.4498 14.6617 14.2
    endloop
  endfacet
  facet normal 0 0 1
    outer loop
      vertex 22.8007 14.5774 14.2
      vertex 22.4299 13.4362 14.2
      vertex 22.5894 13.3701 14.2
    endloop
  endfacet
  facet normal 0 0 1
    outer loop
      vertex 22.4498 14.6617 14.2
      vertex 22.2621 13.4765 14.2
      vertex 22.4299 13.4362 14.2
    endloop
  endfacet
  facet normal 0 0 1
    outer loop
      vertex 22.09 14.69 14.2
      vertex 22.2621 13.4765 14.2
      vertex 22.4498 14.6617 14.2
    endloop
  endfacet
  facet normal 0 0 1
    outer loop
      vertex 22.09 14.69 14.2
      vertex 22.09 13.49 14.2
      vertex 22.2621 13.4765 14.2
    endloop
  endfacet
  facet normal 0 0 1
    outer loop
      vertex 22.09 14.69 14.2
      vertex 21.9179 13.4765 14.2
      vertex 22.09 13.49 14.2
    endloop
  endfacet
  facet normal -0 0 1
    outer loop
      vertex 21.7302 14.6617 14.2
      vertex 21.9179 13.4765 14.2
      vertex 22.09 14.69 14.2
    endloop
  endfacet
  facet normal 0 0 1
    outer loop
      vertex 21.9179 13.4765 14.2
      vertex 21.7302 14.6617 14.2
      vertex 21.7501 13.4362 14.2
    endloop
  endfacet
  facet normal -0 0 1
    outer loop
      vertex 21.3793 14.5774 14.2
      vertex 21.7501 13.4362 14.2
      vertex 21.7302 14.6617 14.2
    endloop
  endfacet
  facet normal 0 0 1
    outer loop
      vertex 21.7501 13.4362 14.2
      vertex 21.3793 14.5774 14.2
      vertex 21.5906 13.3701 14.2
    endloop
  endfacet
  facet normal -0 0 1
    outer loop
      vertex 21.0458 14.4393 14.2
      vertex 21.5906 13.3701 14.2
      vertex 21.3793 14.5774 14.2
    endloop
  endfacet
  facet normal 0 0 1
    outer loop
      vertex 21.5906 13.3701 14.2
      vertex 21.0458 14.4393 14.2
      vertex 21.4434 13.2799 14.2
    endloop
  endfacet
  facet normal -0 0 1
    outer loop
      vertex 20.7381 14.2507 14.2
      vertex 21.4434 13.2799 14.2
      vertex 21.0458 14.4393 14.2
    endloop
  endfacet
  facet normal 0 0 1
    outer loop
      vertex 21.4434 13.2799 14.2
      vertex 20.7381 14.2507 14.2
      vertex 21.3122 13.1678 14.2
    endloop
  endfacet
  facet normal -0 0 1
    outer loop
      vertex 20.4637 14.0163 14.2
      vertex 21.3122 13.1678 14.2
      vertex 20.7381 14.2507 14.2
    endloop
  endfacet
  facet normal 0 0 1
    outer loop
      vertex 21.3122 13.1678 14.2
      vertex 20.4637 14.0163 14.2
      vertex 21.2001 13.0366 14.2
    endloop
  endfacet
  facet normal -0 0 1
    outer loop
      vertex 20.2293 13.7419 14.2
      vertex 21.2001 13.0366 14.2
      vertex 20.4637 14.0163 14.2
    endloop
  endfacet
  facet normal 0 0 1
    outer loop
      vertex 21.2001 13.0366 14.2
      vertex 20.2293 13.7419 14.2
      vertex 21.1099 12.8894 14.2
    endloop
  endfacet
  facet normal -0 0 1
    outer loop
      vertex 20.0407 13.4342 14.2
      vertex 21.1099 12.8894 14.2
      vertex 20.2293 13.7419 14.2
    endloop
  endfacet
  facet normal 0 0 1
    outer loop
      vertex 24.1393 11.3458 14.2
      vertex 23.0701 11.8906 14.2
      vertex 23.9507 11.0381 14.2
    endloop
  endfacet
  facet normal -0 0 1
    outer loop
      vertex 22.9799 11.7434 14.2
      vertex 23.9507 11.0381 14.2
      vertex 23.0701 11.8906 14.2
    endloop
  endfacet
  facet normal 0 0 1
    outer loop
      vertex 23.9507 11.0381 14.2
      vertex 22.9799 11.7434 14.2
      vertex 23.7163 10.7637 14.2
    endloop
  endfacet
  facet normal -0 0 1
    outer loop
      vertex 22.8678 11.6122 14.2
      vertex 23.7163 10.7637 14.2
      vertex 22.9799 11.7434 14.2
    endloop
  endfacet
  facet normal 0 0 1
    outer loop
      vertex 23.7163 10.7637 14.2
      vertex 22.8678 11.6122 14.2
      vertex 23.4419 10.5293 14.2
    endloop
  endfacet
  facet normal -0 0 1
    outer loop
      vertex 22.7366 11.5001 14.2
      vertex 23.4419 10.5293 14.2
      vertex 22.8678 11.6122 14.2
    endloop
  endfacet
  facet normal 0 0 1
    outer loop
      vertex 23.4419 10.5293 14.2
      vertex 22.7366 11.5001 14.2
      vertex 23.1342 10.3407 14.2
    endloop
  endfacet
  facet normal -0 0 1
    outer loop
      vertex 22.5894 11.4099 14.2
      vertex 23.1342 10.3407 14.2
      vertex 22.7366 11.5001 14.2
    endloop
  endfacet
  facet normal 0 0 1
    outer loop
      vertex 23.1342 10.3407 14.2
      vertex 22.5894 11.4099 14.2
      vertex 22.8007 10.2026 14.2
    endloop
  endfacet
  facet normal -0 0 1
    outer loop
      vertex 22.4299 11.3438 14.2
      vertex 22.8007 10.2026 14.2
      vertex 22.5894 11.4099 14.2
    endloop
  endfacet
  facet normal 0 0 1
    outer loop
      vertex 22.8007 10.2026 14.2
      vertex 22.4299 11.3438 14.2
      vertex 22.4498 10.1183 14.2
    endloop
  endfacet
  facet normal -0 0 1
    outer loop
      vertex 22.2621 11.3035 14.2
      vertex 22.4498 10.1183 14.2
      vertex 22.4299 11.3438 14.2
    endloop
  endfacet
  facet normal -0 0 1
    outer loop
      vertex 22.09 11.29 14.2
      vertex 22.4498 10.1183 14.2
      vertex 22.2621 11.3035 14.2
    endloop
  endfacet
  facet normal 0 0 1
    outer loop
      vertex 22.09 11.29 14.2
      vertex 22.09 10.09 14.2
      vertex 22.4498 10.1183 14.2
    endloop
  endfacet
  facet normal 0 0 1
    outer loop
      vertex 21.9179 11.3035 14.2
      vertex 22.09 10.09 14.2
      vertex 22.09 11.29 14.2
    endloop
  endfacet
  facet normal 0 0 1
    outer loop
      vertex 21.7302 10.1183 14.2
      vertex 21.9179 11.3035 14.2
      vertex 21.7501 11.3438 14.2
    endloop
  endfacet
  facet normal 0 0 1
    outer loop
      vertex 21.9179 11.3035 14.2
      vertex 21.7302 10.1183 14.2
      vertex 22.09 10.09 14.2
    endloop
  endfacet
  facet normal 0 0 1
    outer loop
      vertex 21.3793 10.2026 14.2
      vertex 21.7501 11.3438 14.2
      vertex 21.5906 11.4099 14.2
    endloop
  endfacet
  facet normal 0 0 1
    outer loop
      vertex 21.0458 10.3407 14.2
      vertex 21.5906 11.4099 14.2
      vertex 21.4434 11.5001 14.2
    endloop
  endfacet
  facet normal 0 0 1
    outer loop
      vertex 21.7501 11.3438 14.2
      vertex 21.3793 10.2026 14.2
      vertex 21.7302 10.1183 14.2
    endloop
  endfacet
  facet normal 0 0 1
    outer loop
      vertex 20.7381 10.5293 14.2
      vertex 21.4434 11.5001 14.2
      vertex 21.3122 11.6122 14.2
    endloop
  endfacet
  facet normal 0 0 1
    outer loop
      vertex 20.4637 10.7637 14.2
      vertex 21.3122 11.6122 14.2
      vertex 21.2001 11.7434 14.2
    endloop
  endfacet
  facet normal 0 0 1
    outer loop
      vertex 20.2293 11.0381 14.2
      vertex 21.2001 11.7434 14.2
      vertex 21.1099 11.8906 14.2
    endloop
  endfacet
  facet normal 0 0 1
    outer loop
      vertex 21.5906 11.4099 14.2
      vertex 21.0458 10.3407 14.2
      vertex 21.3793 10.2026 14.2
    endloop
  endfacet
  facet normal 0 0 1
    outer loop
      vertex 20.0407 11.3458 14.2
      vertex 21.1099 11.8906 14.2
      vertex 21.0438 12.0501 14.2
    endloop
  endfacet
  facet normal 0 0 1
    outer loop
      vertex 19.9026 11.6793 14.2
      vertex 21.0438 12.0501 14.2
      vertex 21.0035 12.2179 14.2
    endloop
  endfacet
  facet normal 0 0 1
    outer loop
      vertex 19.8183 12.0302 14.2
      vertex 21.0035 12.2179 14.2
      vertex 20.99 12.39 14.2
    endloop
  endfacet
  facet normal 0 0 1
    outer loop
      vertex 21.1099 12.8894 14.2
      vertex 20.0407 13.4342 14.2
      vertex 21.0438 12.7299 14.2
    endloop
  endfacet
  facet normal 0 0 1
    outer loop
      vertex 21.4434 11.5001 14.2
      vertex 20.7381 10.5293 14.2
      vertex 21.0458 10.3407 14.2
    endloop
  endfacet
  facet normal -0 0 1
    outer loop
      vertex 19.9026 13.1007 14.2
      vertex 21.0438 12.7299 14.2
      vertex 20.0407 13.4342 14.2
    endloop
  endfacet
  facet normal 0 0 1
    outer loop
      vertex 21.3122 11.6122 14.2
      vertex 20.4637 10.7637 14.2
      vertex 20.7381 10.5293 14.2
    endloop
  endfacet
  facet normal 0 0 1
    outer loop
      vertex 21.0438 12.7299 14.2
      vertex 19.9026 13.1007 14.2
      vertex 21.0035 12.5621 14.2
    endloop
  endfacet
  facet normal 0 0 1
    outer loop
      vertex 21.2001 11.7434 14.2
      vertex 20.2293 11.0381 14.2
      vertex 20.4637 10.7637 14.2
    endloop
  endfacet
  facet normal -0 0 1
    outer loop
      vertex 19.8183 12.7498 14.2
      vertex 21.0035 12.5621 14.2
      vertex 19.9026 13.1007 14.2
    endloop
  endfacet
  facet normal 0 0 1
    outer loop
      vertex 21.1099 11.8906 14.2
      vertex 20.0407 11.3458 14.2
      vertex 20.2293 11.0381 14.2
    endloop
  endfacet
  facet normal 0 0 1
    outer loop
      vertex 21.0035 12.5621 14.2
      vertex 19.8183 12.7498 14.2
      vertex 20.99 12.39 14.2
    endloop
  endfacet
  facet normal 0 0 1
    outer loop
      vertex 21.0438 12.0501 14.2
      vertex 19.9026 11.6793 14.2
      vertex 20.0407 11.3458 14.2
    endloop
  endfacet
  facet normal 0 0 1
    outer loop
      vertex 19.79 12.39 14.2
      vertex 20.99 12.39 14.2
      vertex 19.8183 12.7498 14.2
    endloop
  endfacet
  facet normal 0 0 1
    outer loop
      vertex 21.0035 12.2179 14.2
      vertex 19.8183 12.0302 14.2
      vertex 19.9026 11.6793 14.2
    endloop
  endfacet
  facet normal 0 0 1
    outer loop
      vertex 20.99 12.39 14.2
      vertex 19.79 12.39 14.2
      vertex 19.8183 12.0302 14.2
    endloop
  endfacet
  facet normal -0.382588 0.923919 0
    outer loop
      vertex 21.3793 14.5774 2.4
      vertex 21.0458 14.4393 14.2
      vertex 21.3793 14.5774 14.2
    endloop
  endfacet
  facet normal -0.382588 0.923919 0
    outer loop
      vertex 21.0458 14.4393 14.2
      vertex 21.3793 14.5774 2.4
      vertex 21.0458 14.4393 2.4
    endloop
  endfacet
  facet normal -0.233593 0.972334 0
    outer loop
      vertex 62.3702 34.3467 2.4
      vertex 62.0193 34.2624 14.2
      vertex 62.3702 34.3467 14.2
    endloop
  endfacet
  facet normal -0.233593 0.972334 0
    outer loop
      vertex 62.0193 34.2624 14.2
      vertex 62.3702 34.3467 2.4
      vertex 62.0193 34.2624 2.4
    endloop
  endfacet
  facet normal -0.522582 0.852589 0
    outer loop
      vertex 61.6858 34.1243 2.4
      vertex 61.3781 33.9357 14.2
      vertex 61.6858 34.1243 14.2
    endloop
  endfacet
  facet normal -0.522582 0.852589 0
    outer loop
      vertex 61.3781 33.9357 14.2
      vertex 61.6858 34.1243 2.4
      vertex 61.3781 33.9357 2.4
    endloop
  endfacet
  facet normal 0.972334 -0.233593 0
    outer loop
      vertex 64.9174 31.3643 14.2
      vertex 65.0017 31.7152 2.4
      vertex 65.0017 31.7152 14.2
    endloop
  endfacet
  facet normal 0.972334 -0.233593 0
    outer loop
      vertex 65.0017 31.7152 2.4
      vertex 64.9174 31.3643 14.2
      vertex 64.9174 31.3643 2.4
    endloop
  endfacet
  facet normal 0.996921 -0.0784126 0
    outer loop
      vertex 65.0017 31.7152 14.2
      vertex 65.03 32.075 2.4
      vertex 65.03 32.075 14.2
    endloop
  endfacet
  facet normal 0.996921 -0.0784126 0
    outer loop
      vertex 65.03 32.075 2.4
      vertex 65.0017 31.7152 14.2
      vertex 65.0017 31.7152 2.4
    endloop
  endfacet
  facet normal 0.923919 -0.382588 0
    outer loop
      vertex 64.7793 31.0308 14.2
      vertex 64.9174 31.3643 2.4
      vertex 64.9174 31.3643 14.2
    endloop
  endfacet
  facet normal 0.923919 -0.382588 0
    outer loop
      vertex 64.9174 31.3643 2.4
      vertex 64.7793 31.0308 14.2
      vertex 64.7793 31.0308 2.4
    endloop
  endfacet
  facet normal 0.233593 0.972334 -0
    outer loop
      vertex 63.4407 34.2624 2.4
      vertex 63.0898 34.3467 14.2
      vertex 63.4407 34.2624 14.2
    endloop
  endfacet
  facet normal 0.233593 0.972334 0
    outer loop
      vertex 63.0898 34.3467 14.2
      vertex 63.4407 34.2624 2.4
      vertex 63.0898 34.3467 2.4
    endloop
  endfacet
  facet normal 0.760351 -0.649513 0
    outer loop
      vertex 64.3563 30.4487 14.2
      vertex 64.5907 30.7231 2.4
      vertex 64.5907 30.7231 14.2
    endloop
  endfacet
  facet normal 0.760351 -0.649513 0
    outer loop
      vertex 64.5907 30.7231 2.4
      vertex 64.3563 30.4487 14.2
      vertex 64.3563 30.4487 2.4
    endloop
  endfacet
  facet normal 0.233593 -0.972334 0
    outer loop
      vertex 63.0898 29.8033 2.4
      vertex 63.4407 29.8876 14.2
      vertex 63.0898 29.8033 14.2
    endloop
  endfacet
  facet normal 0.233593 -0.972334 0
    outer loop
      vertex 63.4407 29.8876 14.2
      vertex 63.0898 29.8033 2.4
      vertex 63.4407 29.8876 2.4
    endloop
  endfacet
  facet normal -0.522582 -0.852589 0
    outer loop
      vertex 61.3781 30.2143 2.4
      vertex 61.6858 30.0257 14.2
      vertex 61.3781 30.2143 14.2
    endloop
  endfacet
  facet normal -0.522582 -0.852589 -0
    outer loop
      vertex 61.6858 30.0257 14.2
      vertex 61.3781 30.2143 2.4
      vertex 61.6858 30.0257 2.4
    endloop
  endfacet
  facet normal 0.996921 0.0784126 0
    outer loop
      vertex 65.03 32.075 14.2
      vertex 65.0017 32.4348 2.4
      vertex 65.0017 32.4348 14.2
    endloop
  endfacet
  facet normal 0.996921 0.0784126 0
    outer loop
      vertex 65.0017 32.4348 2.4
      vertex 65.03 32.075 14.2
      vertex 65.03 32.075 2.4
    endloop
  endfacet
  facet normal 0.522582 -0.852589 0
    outer loop
      vertex 63.7742 30.0257 2.4
      vertex 64.0819 30.2143 14.2
      vertex 63.7742 30.0257 14.2
    endloop
  endfacet
  facet normal 0.522582 -0.852589 0
    outer loop
      vertex 64.0819 30.2143 14.2
      vertex 63.7742 30.0257 2.4
      vertex 64.0819 30.2143 2.4
    endloop
  endfacet
  facet normal -0.972334 0.233593 0
    outer loop
      vertex 60.4583 32.4348 2.4
      vertex 60.5426 32.7857 14.2
      vertex 60.5426 32.7857 2.4
    endloop
  endfacet
  facet normal -0.972334 0.233593 0
    outer loop
      vertex 60.5426 32.7857 14.2
      vertex 60.4583 32.4348 2.4
      vertex 60.4583 32.4348 14.2
    endloop
  endfacet
  facet normal 0.923919 0.382588 0
    outer loop
      vertex 64.9174 32.7857 14.2
      vertex 64.7793 33.1192 2.4
      vertex 64.7793 33.1192 14.2
    endloop
  endfacet
  facet normal 0.923919 0.382588 0
    outer loop
      vertex 64.7793 33.1192 2.4
      vertex 64.9174 32.7857 14.2
      vertex 64.9174 32.7857 2.4
    endloop
  endfacet
  facet normal 0.852589 0.522582 0
    outer loop
      vertex 64.7793 33.1192 14.2
      vertex 64.5907 33.4269 2.4
      vertex 64.5907 33.4269 14.2
    endloop
  endfacet
  facet normal 0.852589 0.522582 0
    outer loop
      vertex 64.5907 33.4269 2.4
      vertex 64.7793 33.1192 14.2
      vertex 64.7793 33.1192 2.4
    endloop
  endfacet
  facet normal -0.760351 0.649513 0
    outer loop
      vertex 60.8693 33.4269 2.4
      vertex 61.1037 33.7013 14.2
      vertex 61.1037 33.7013 2.4
    endloop
  endfacet
  facet normal -0.760351 0.649513 0
    outer loop
      vertex 61.1037 33.7013 14.2
      vertex 60.8693 33.4269 2.4
      vertex 60.8693 33.4269 14.2
    endloop
  endfacet
  facet normal 0.0784126 0.996921 -0
    outer loop
      vertex 63.0898 34.3467 2.4
      vertex 62.73 34.375 14.2
      vertex 63.0898 34.3467 14.2
    endloop
  endfacet
  facet normal 0.0784126 0.996921 0
    outer loop
      vertex 62.73 34.375 14.2
      vertex 63.0898 34.3467 2.4
      vertex 62.73 34.375 2.4
    endloop
  endfacet
  facet normal 0.972334 0.233593 0
    outer loop
      vertex 65.0017 32.4348 14.2
      vertex 64.9174 32.7857 2.4
      vertex 64.9174 32.7857 14.2
    endloop
  endfacet
  facet normal 0.972334 0.233593 0
    outer loop
      vertex 64.9174 32.7857 2.4
      vertex 65.0017 32.4348 14.2
      vertex 65.0017 32.4348 2.4
    endloop
  endfacet
  facet normal -0.649513 -0.760351 0
    outer loop
      vertex 61.1037 30.4487 2.4
      vertex 61.3781 30.2143 14.2
      vertex 61.1037 30.4487 14.2
    endloop
  endfacet
  facet normal -0.649513 -0.760351 -0
    outer loop
      vertex 61.3781 30.2143 14.2
      vertex 61.1037 30.4487 2.4
      vertex 61.3781 30.2143 2.4
    endloop
  endfacet
  facet normal -0.233593 -0.972334 0
    outer loop
      vertex 62.0193 29.8876 2.4
      vertex 62.3702 29.8033 14.2
      vertex 62.0193 29.8876 14.2
    endloop
  endfacet
  facet normal -0.233593 -0.972334 -0
    outer loop
      vertex 62.3702 29.8033 14.2
      vertex 62.0193 29.8876 2.4
      vertex 62.3702 29.8033 2.4
    endloop
  endfacet
  facet normal 0.852589 -0.522582 0
    outer loop
      vertex 64.5907 30.7231 14.2
      vertex 64.7793 31.0308 2.4
      vertex 64.7793 31.0308 14.2
    endloop
  endfacet
  facet normal 0.852589 -0.522582 0
    outer loop
      vertex 64.7793 31.0308 2.4
      vertex 64.5907 30.7231 14.2
      vertex 64.5907 30.7231 2.4
    endloop
  endfacet
  facet normal -0.852589 0.522582 0
    outer loop
      vertex 60.6807 33.1192 2.4
      vertex 60.8693 33.4269 14.2
      vertex 60.8693 33.4269 2.4
    endloop
  endfacet
  facet normal -0.852589 0.522582 0
    outer loop
      vertex 60.8693 33.4269 14.2
      vertex 60.6807 33.1192 2.4
      vertex 60.6807 33.1192 14.2
    endloop
  endfacet
  facet normal -0.0784126 0.996921 0
    outer loop
      vertex 62.73 34.375 2.4
      vertex 62.3702 34.3467 14.2
      vertex 62.73 34.375 14.2
    endloop
  endfacet
  facet normal -0.0784126 0.996921 0
    outer loop
      vertex 62.3702 34.3467 14.2
      vertex 62.73 34.375 2.4
      vertex 62.3702 34.3467 2.4
    endloop
  endfacet
  facet normal -0.972334 -0.233593 0
    outer loop
      vertex 60.5426 31.3643 2.4
      vertex 60.4583 31.7152 14.2
      vertex 60.4583 31.7152 2.4
    endloop
  endfacet
  facet normal -0.972334 -0.233593 0
    outer loop
      vertex 60.4583 31.7152 14.2
      vertex 60.5426 31.3643 2.4
      vertex 60.5426 31.3643 14.2
    endloop
  endfacet
  facet normal -0.923919 -0.382588 0
    outer loop
      vertex 60.6807 31.0308 2.4
      vertex 60.5426 31.3643 14.2
      vertex 60.5426 31.3643 2.4
    endloop
  endfacet
  facet normal -0.923919 -0.382588 0
    outer loop
      vertex 60.5426 31.3643 14.2
      vertex 60.6807 31.0308 2.4
      vertex 60.6807 31.0308 14.2
    endloop
  endfacet
  facet normal 0.760351 0.649513 0
    outer loop
      vertex 64.5907 33.4269 14.2
      vertex 64.3563 33.7013 2.4
      vertex 64.3563 33.7013 14.2
    endloop
  endfacet
  facet normal 0.760351 0.649513 0
    outer loop
      vertex 64.3563 33.7013 2.4
      vertex 64.5907 33.4269 14.2
      vertex 64.5907 33.4269 2.4
    endloop
  endfacet
  facet normal -0.852589 -0.522582 0
    outer loop
      vertex 60.8693 30.7231 2.4
      vertex 60.6807 31.0308 14.2
      vertex 60.6807 31.0308 2.4
    endloop
  endfacet
  facet normal -0.852589 -0.522582 0
    outer loop
      vertex 60.6807 31.0308 14.2
      vertex 60.8693 30.7231 2.4
      vertex 60.8693 30.7231 14.2
    endloop
  endfacet
  facet normal 0.649513 -0.760351 0
    outer loop
      vertex 64.0819 30.2143 2.4
      vertex 64.3563 30.4487 14.2
      vertex 64.0819 30.2143 14.2
    endloop
  endfacet
  facet normal 0.649513 -0.760351 0
    outer loop
      vertex 64.3563 30.4487 14.2
      vertex 64.0819 30.2143 2.4
      vertex 64.3563 30.4487 2.4
    endloop
  endfacet
  facet normal -0.996921 -0.0784126 0
    outer loop
      vertex 60.4583 31.7152 2.4
      vertex 60.43 32.075 14.2
      vertex 60.43 32.075 2.4
    endloop
  endfacet
  facet normal -0.996921 -0.0784126 0
    outer loop
      vertex 60.43 32.075 14.2
      vertex 60.4583 31.7152 2.4
      vertex 60.4583 31.7152 14.2
    endloop
  endfacet
  facet normal 0.0784126 -0.996921 0
    outer loop
      vertex 62.73 29.775 2.4
      vertex 63.0898 29.8033 14.2
      vertex 62.73 29.775 14.2
    endloop
  endfacet
  facet normal 0.0784126 -0.996921 0
    outer loop
      vertex 63.0898 29.8033 14.2
      vertex 62.73 29.775 2.4
      vertex 63.0898 29.8033 2.4
    endloop
  endfacet
  facet normal -0.649513 0.760351 0
    outer loop
      vertex 61.3781 33.9357 2.4
      vertex 61.1037 33.7013 14.2
      vertex 61.3781 33.9357 14.2
    endloop
  endfacet
  facet normal -0.649513 0.760351 0
    outer loop
      vertex 61.1037 33.7013 14.2
      vertex 61.3781 33.9357 2.4
      vertex 61.1037 33.7013 2.4
    endloop
  endfacet
  facet normal -0.760351 -0.649513 0
    outer loop
      vertex 61.1037 30.4487 2.4
      vertex 60.8693 30.7231 14.2
      vertex 60.8693 30.7231 2.4
    endloop
  endfacet
  facet normal -0.760351 -0.649513 0
    outer loop
      vertex 60.8693 30.7231 14.2
      vertex 61.1037 30.4487 2.4
      vertex 61.1037 30.4487 14.2
    endloop
  endfacet
  facet normal 0.522582 0.852589 -0
    outer loop
      vertex 64.0819 33.9357 2.4
      vertex 63.7742 34.1243 14.2
      vertex 64.0819 33.9357 14.2
    endloop
  endfacet
  facet normal 0.522582 0.852589 0
    outer loop
      vertex 63.7742 34.1243 14.2
      vertex 64.0819 33.9357 2.4
      vertex 63.7742 34.1243 2.4
    endloop
  endfacet
  facet normal 0.649513 0.760351 -0
    outer loop
      vertex 64.3563 33.7013 2.4
      vertex 64.0819 33.9357 14.2
      vertex 64.3563 33.7013 14.2
    endloop
  endfacet
  facet normal 0.649513 0.760351 0
    outer loop
      vertex 64.0819 33.9357 14.2
      vertex 64.3563 33.7013 2.4
      vertex 64.0819 33.9357 2.4
    endloop
  endfacet
  facet normal 0.382588 0.923919 -0
    outer loop
      vertex 63.7742 34.1243 2.4
      vertex 63.4407 34.2624 14.2
      vertex 63.7742 34.1243 14.2
    endloop
  endfacet
  facet normal 0.382588 0.923919 0
    outer loop
      vertex 63.4407 34.2624 14.2
      vertex 63.7742 34.1243 2.4
      vertex 63.4407 34.2624 2.4
    endloop
  endfacet
  facet normal -0.382588 -0.923919 0
    outer loop
      vertex 61.6858 30.0257 2.4
      vertex 62.0193 29.8876 14.2
      vertex 61.6858 30.0257 14.2
    endloop
  endfacet
  facet normal -0.382588 -0.923919 -0
    outer loop
      vertex 62.0193 29.8876 14.2
      vertex 61.6858 30.0257 2.4
      vertex 62.0193 29.8876 2.4
    endloop
  endfacet
  facet normal -0.0784126 -0.996921 0
    outer loop
      vertex 62.3702 29.8033 2.4
      vertex 62.73 29.775 14.2
      vertex 62.3702 29.8033 14.2
    endloop
  endfacet
  facet normal -0.0784126 -0.996921 -0
    outer loop
      vertex 62.73 29.775 14.2
      vertex 62.3702 29.8033 2.4
      vertex 62.73 29.775 2.4
    endloop
  endfacet
  facet normal -0.923919 0.382588 0
    outer loop
      vertex 60.5426 32.7857 2.4
      vertex 60.6807 33.1192 14.2
      vertex 60.6807 33.1192 2.4
    endloop
  endfacet
  facet normal -0.923919 0.382588 0
    outer loop
      vertex 60.6807 33.1192 14.2
      vertex 60.5426 32.7857 2.4
      vertex 60.5426 32.7857 14.2
    endloop
  endfacet
  facet normal 0.382588 -0.923919 0
    outer loop
      vertex 63.4407 29.8876 2.4
      vertex 63.7742 30.0257 14.2
      vertex 63.4407 29.8876 14.2
    endloop
  endfacet
  facet normal 0.382588 -0.923919 0
    outer loop
      vertex 63.7742 30.0257 14.2
      vertex 63.4407 29.8876 2.4
      vertex 63.7742 30.0257 2.4
    endloop
  endfacet
  facet normal 0 0 1
    outer loop
      vertex 63.83 32.075 14.2
      vertex 65.03 32.075 14.2
      vertex 65.0017 32.4348 14.2
    endloop
  endfacet
  facet normal 0 0 1
    outer loop
      vertex 63.8165 32.2471 14.2
      vertex 65.0017 32.4348 14.2
      vertex 64.9174 32.7857 14.2
    endloop
  endfacet
  facet normal 0 0 1
    outer loop
      vertex 65.03 32.075 14.2
      vertex 63.83 32.075 14.2
      vertex 65.0017 31.7152 14.2
    endloop
  endfacet
  facet normal 0 0 1
    outer loop
      vertex 63.7762 32.4149 14.2
      vertex 64.9174 32.7857 14.2
      vertex 64.7793 33.1192 14.2
    endloop
  endfacet
  facet normal -0 0 1
    outer loop
      vertex 63.8165 31.9029 14.2
      vertex 65.0017 31.7152 14.2
      vertex 63.83 32.075 14.2
    endloop
  endfacet
  facet normal 0 0 1
    outer loop
      vertex 63.7101 32.5744 14.2
      vertex 64.7793 33.1192 14.2
      vertex 64.5907 33.4269 14.2
    endloop
  endfacet
  facet normal 0 0 1
    outer loop
      vertex 65.0017 31.7152 14.2
      vertex 63.8165 31.9029 14.2
      vertex 64.9174 31.3643 14.2
    endloop
  endfacet
  facet normal 0 0 1
    outer loop
      vertex 63.6199 32.7216 14.2
      vertex 64.5907 33.4269 14.2
      vertex 64.3563 33.7013 14.2
    endloop
  endfacet
  facet normal -0 0 1
    outer loop
      vertex 63.7762 31.7351 14.2
      vertex 64.9174 31.3643 14.2
      vertex 63.8165 31.9029 14.2
    endloop
  endfacet
  facet normal 0 0 1
    outer loop
      vertex 63.5078 32.8528 14.2
      vertex 64.3563 33.7013 14.2
      vertex 64.0819 33.9357 14.2
    endloop
  endfacet
  facet normal 0 0 1
    outer loop
      vertex 64.9174 31.3643 14.2
      vertex 63.7762 31.7351 14.2
      vertex 64.7793 31.0308 14.2
    endloop
  endfacet
  facet normal -0 0 1
    outer loop
      vertex 63.7101 31.5756 14.2
      vertex 64.7793 31.0308 14.2
      vertex 63.7762 31.7351 14.2
    endloop
  endfacet
  facet normal 0 0 1
    outer loop
      vertex 65.0017 32.4348 14.2
      vertex 63.8165 32.2471 14.2
      vertex 63.83 32.075 14.2
    endloop
  endfacet
  facet normal 0 0 1
    outer loop
      vertex 64.9174 32.7857 14.2
      vertex 63.7762 32.4149 14.2
      vertex 63.8165 32.2471 14.2
    endloop
  endfacet
  facet normal 0 0 1
    outer loop
      vertex 63.3766 32.9649 14.2
      vertex 64.0819 33.9357 14.2
      vertex 63.7742 34.1243 14.2
    endloop
  endfacet
  facet normal 0 0 1
    outer loop
      vertex 64.7793 33.1192 14.2
      vertex 63.7101 32.5744 14.2
      vertex 63.7762 32.4149 14.2
    endloop
  endfacet
  facet normal 0 0 1
    outer loop
      vertex 64.5907 33.4269 14.2
      vertex 63.6199 32.7216 14.2
      vertex 63.7101 32.5744 14.2
    endloop
  endfacet
  facet normal 0 0 1
    outer loop
      vertex 64.3563 33.7013 14.2
      vertex 63.5078 32.8528 14.2
      vertex 63.6199 32.7216 14.2
    endloop
  endfacet
  facet normal 0 0 1
    outer loop
      vertex 63.2294 33.0551 14.2
      vertex 63.7742 34.1243 14.2
      vertex 63.4407 34.2624 14.2
    endloop
  endfacet
  facet normal 0 0 1
    outer loop
      vertex 64.0819 33.9357 14.2
      vertex 63.3766 32.9649 14.2
      vertex 63.5078 32.8528 14.2
    endloop
  endfacet
  facet normal 0 0 1
    outer loop
      vertex 63.7742 34.1243 14.2
      vertex 63.2294 33.0551 14.2
      vertex 63.3766 32.9649 14.2
    endloop
  endfacet
  facet normal 0 0 1
    outer loop
      vertex 63.0699 33.1212 14.2
      vertex 63.4407 34.2624 14.2
      vertex 63.0898 34.3467 14.2
    endloop
  endfacet
  facet normal 0 0 1
    outer loop
      vertex 63.4407 34.2624 14.2
      vertex 63.0699 33.1212 14.2
      vertex 63.2294 33.0551 14.2
    endloop
  endfacet
  facet normal 0 0 1
    outer loop
      vertex 63.0898 34.3467 14.2
      vertex 62.9021 33.1615 14.2
      vertex 63.0699 33.1212 14.2
    endloop
  endfacet
  facet normal 0 0 1
    outer loop
      vertex 62.73 34.375 14.2
      vertex 62.9021 33.1615 14.2
      vertex 63.0898 34.3467 14.2
    endloop
  endfacet
  facet normal 0 0 1
    outer loop
      vertex 62.73 34.375 14.2
      vertex 62.73 33.175 14.2
      vertex 62.9021 33.1615 14.2
    endloop
  endfacet
  facet normal 0 0 1
    outer loop
      vertex 62.73 34.375 14.2
      vertex 62.5579 33.1615 14.2
      vertex 62.73 33.175 14.2
    endloop
  endfacet
  facet normal -0 0 1
    outer loop
      vertex 62.3702 34.3467 14.2
      vertex 62.5579 33.1615 14.2
      vertex 62.73 34.375 14.2
    endloop
  endfacet
  facet normal 0 0 1
    outer loop
      vertex 62.5579 33.1615 14.2
      vertex 62.3702 34.3467 14.2
      vertex 62.3901 33.1212 14.2
    endloop
  endfacet
  facet normal -0 0 1
    outer loop
      vertex 62.0193 34.2624 14.2
      vertex 62.3901 33.1212 14.2
      vertex 62.3702 34.3467 14.2
    endloop
  endfacet
  facet normal 0 0 1
    outer loop
      vertex 62.3901 33.1212 14.2
      vertex 62.0193 34.2624 14.2
      vertex 62.2306 33.0551 14.2
    endloop
  endfacet
  facet normal -0 0 1
    outer loop
      vertex 61.6858 34.1243 14.2
      vertex 62.2306 33.0551 14.2
      vertex 62.0193 34.2624 14.2
    endloop
  endfacet
  facet normal 0 0 1
    outer loop
      vertex 62.2306 33.0551 14.2
      vertex 61.6858 34.1243 14.2
      vertex 62.0834 32.9649 14.2
    endloop
  endfacet
  facet normal -0 0 1
    outer loop
      vertex 61.3781 33.9357 14.2
      vertex 62.0834 32.9649 14.2
      vertex 61.6858 34.1243 14.2
    endloop
  endfacet
  facet normal 0 0 1
    outer loop
      vertex 62.0834 32.9649 14.2
      vertex 61.3781 33.9357 14.2
      vertex 61.9522 32.8528 14.2
    endloop
  endfacet
  facet normal -0 0 1
    outer loop
      vertex 61.1037 33.7013 14.2
      vertex 61.9522 32.8528 14.2
      vertex 61.3781 33.9357 14.2
    endloop
  endfacet
  facet normal 0 0 1
    outer loop
      vertex 61.9522 32.8528 14.2
      vertex 61.1037 33.7013 14.2
      vertex 61.8401 32.7216 14.2
    endloop
  endfacet
  facet normal -0 0 1
    outer loop
      vertex 60.8693 33.4269 14.2
      vertex 61.8401 32.7216 14.2
      vertex 61.1037 33.7013 14.2
    endloop
  endfacet
  facet normal 0 0 1
    outer loop
      vertex 61.8401 32.7216 14.2
      vertex 60.8693 33.4269 14.2
      vertex 61.7499 32.5744 14.2
    endloop
  endfacet
  facet normal -0 0 1
    outer loop
      vertex 60.6807 33.1192 14.2
      vertex 61.7499 32.5744 14.2
      vertex 60.8693 33.4269 14.2
    endloop
  endfacet
  facet normal 0 0 1
    outer loop
      vertex 64.7793 31.0308 14.2
      vertex 63.7101 31.5756 14.2
      vertex 64.5907 30.7231 14.2
    endloop
  endfacet
  facet normal -0 0 1
    outer loop
      vertex 63.6199 31.4284 14.2
      vertex 64.5907 30.7231 14.2
      vertex 63.7101 31.5756 14.2
    endloop
  endfacet
  facet normal 0 0 1
    outer loop
      vertex 64.5907 30.7231 14.2
      vertex 63.6199 31.4284 14.2
      vertex 64.3563 30.4487 14.2
    endloop
  endfacet
  facet normal -0 0 1
    outer loop
      vertex 63.5078 31.2972 14.2
      vertex 64.3563 30.4487 14.2
      vertex 63.6199 31.4284 14.2
    endloop
  endfacet
  facet normal 0 0 1
    outer loop
      vertex 64.3563 30.4487 14.2
      vertex 63.5078 31.2972 14.2
      vertex 64.0819 30.2143 14.2
    endloop
  endfacet
  facet normal -0 0 1
    outer loop
      vertex 63.3766 31.1851 14.2
      vertex 64.0819 30.2143 14.2
      vertex 63.5078 31.2972 14.2
    endloop
  endfacet
  facet normal 0 0 1
    outer loop
      vertex 64.0819 30.2143 14.2
      vertex 63.3766 31.1851 14.2
      vertex 63.7742 30.0257 14.2
    endloop
  endfacet
  facet normal -0 0 1
    outer loop
      vertex 63.2294 31.0949 14.2
      vertex 63.7742 30.0257 14.2
      vertex 63.3766 31.1851 14.2
    endloop
  endfacet
  facet normal 0 0 1
    outer loop
      vertex 63.7742 30.0257 14.2
      vertex 63.2294 31.0949 14.2
      vertex 63.4407 29.8876 14.2
    endloop
  endfacet
  facet normal -0 0 1
    outer loop
      vertex 63.0699 31.0288 14.2
      vertex 63.4407 29.8876 14.2
      vertex 63.2294 31.0949 14.2
    endloop
  endfacet
  facet normal 0 0 1
    outer loop
      vertex 63.4407 29.8876 14.2
      vertex 63.0699 31.0288 14.2
      vertex 63.0898 29.8033 14.2
    endloop
  endfacet
  facet normal -0 0 1
    outer loop
      vertex 62.9021 30.9885 14.2
      vertex 63.0898 29.8033 14.2
      vertex 63.0699 31.0288 14.2
    endloop
  endfacet
  facet normal -0 0 1
    outer loop
      vertex 62.73 30.975 14.2
      vertex 63.0898 29.8033 14.2
      vertex 62.9021 30.9885 14.2
    endloop
  endfacet
  facet normal 0 0 1
    outer loop
      vertex 62.73 30.975 14.2
      vertex 62.73 29.775 14.2
      vertex 63.0898 29.8033 14.2
    endloop
  endfacet
  facet normal 0 0 1
    outer loop
      vertex 62.5579 30.9885 14.2
      vertex 62.73 29.775 14.2
      vertex 62.73 30.975 14.2
    endloop
  endfacet
  facet normal 0 0 1
    outer loop
      vertex 62.3702 29.8033 14.2
      vertex 62.5579 30.9885 14.2
      vertex 62.3901 31.0288 14.2
    endloop
  endfacet
  facet normal 0 0 1
    outer loop
      vertex 62.5579 30.9885 14.2
      vertex 62.3702 29.8033 14.2
      vertex 62.73 29.775 14.2
    endloop
  endfacet
  facet normal 0 0 1
    outer loop
      vertex 62.0193 29.8876 14.2
      vertex 62.3901 31.0288 14.2
      vertex 62.2306 31.0949 14.2
    endloop
  endfacet
  facet normal 0 0 1
    outer loop
      vertex 61.6858 30.0257 14.2
      vertex 62.2306 31.0949 14.2
      vertex 62.0834 31.1851 14.2
    endloop
  endfacet
  facet normal 0 0 1
    outer loop
      vertex 62.3901 31.0288 14.2
      vertex 62.0193 29.8876 14.2
      vertex 62.3702 29.8033 14.2
    endloop
  endfacet
  facet normal 0 0 1
    outer loop
      vertex 61.3781 30.2143 14.2
      vertex 62.0834 31.1851 14.2
      vertex 61.9522 31.2972 14.2
    endloop
  endfacet
  facet normal 0 0 1
    outer loop
      vertex 61.1037 30.4487 14.2
      vertex 61.9522 31.2972 14.2
      vertex 61.8401 31.4284 14.2
    endloop
  endfacet
  facet normal 0 0 1
    outer loop
      vertex 60.8693 30.7231 14.2
      vertex 61.8401 31.4284 14.2
      vertex 61.7499 31.5756 14.2
    endloop
  endfacet
  facet normal 0 0 1
    outer loop
      vertex 62.2306 31.0949 14.2
      vertex 61.6858 30.0257 14.2
      vertex 62.0193 29.8876 14.2
    endloop
  endfacet
  facet normal 0 0 1
    outer loop
      vertex 60.6807 31.0308 14.2
      vertex 61.7499 31.5756 14.2
      vertex 61.6838 31.7351 14.2
    endloop
  endfacet
  facet normal 0 0 1
    outer loop
      vertex 60.5426 31.3643 14.2
      vertex 61.6838 31.7351 14.2
      vertex 61.6435 31.9029 14.2
    endloop
  endfacet
  facet normal 0 0 1
    outer loop
      vertex 60.4583 31.7152 14.2
      vertex 61.6435 31.9029 14.2
      vertex 61.63 32.075 14.2
    endloop
  endfacet
  facet normal 0 0 1
    outer loop
      vertex 61.7499 32.5744 14.2
      vertex 60.6807 33.1192 14.2
      vertex 61.6838 32.4149 14.2
    endloop
  endfacet
  facet normal 0 0 1
    outer loop
      vertex 62.0834 31.1851 14.2
      vertex 61.3781 30.2143 14.2
      vertex 61.6858 30.0257 14.2
    endloop
  endfacet
  facet normal -0 0 1
    outer loop
      vertex 60.5426 32.7857 14.2
      vertex 61.6838 32.4149 14.2
      vertex 60.6807 33.1192 14.2
    endloop
  endfacet
  facet normal 0 0 1
    outer loop
      vertex 61.9522 31.2972 14.2
      vertex 61.1037 30.4487 14.2
      vertex 61.3781 30.2143 14.2
    endloop
  endfacet
  facet normal 0 0 1
    outer loop
      vertex 61.6838 32.4149 14.2
      vertex 60.5426 32.7857 14.2
      vertex 61.6435 32.2471 14.2
    endloop
  endfacet
  facet normal 0 0 1
    outer loop
      vertex 61.8401 31.4284 14.2
      vertex 60.8693 30.7231 14.2
      vertex 61.1037 30.4487 14.2
    endloop
  endfacet
  facet normal -0 0 1
    outer loop
      vertex 60.4583 32.4348 14.2
      vertex 61.6435 32.2471 14.2
      vertex 60.5426 32.7857 14.2
    endloop
  endfacet
  facet normal 0 0 1
    outer loop
      vertex 61.7499 31.5756 14.2
      vertex 60.6807 31.0308 14.2
      vertex 60.8693 30.7231 14.2
    endloop
  endfacet
  facet normal 0 0 1
    outer loop
      vertex 61.6435 32.2471 14.2
      vertex 60.4583 32.4348 14.2
      vertex 61.63 32.075 14.2
    endloop
  endfacet
  facet normal 0 0 1
    outer loop
      vertex 61.6838 31.7351 14.2
      vertex 60.5426 31.3643 14.2
      vertex 60.6807 31.0308 14.2
    endloop
  endfacet
  facet normal 0 0 1
    outer loop
      vertex 60.43 32.075 14.2
      vertex 61.63 32.075 14.2
      vertex 60.4583 32.4348 14.2
    endloop
  endfacet
  facet normal 0 0 1
    outer loop
      vertex 61.6435 31.9029 14.2
      vertex 60.4583 31.7152 14.2
      vertex 60.5426 31.3643 14.2
    endloop
  endfacet
  facet normal 0 0 1
    outer loop
      vertex 61.63 32.075 14.2
      vertex 60.43 32.075 14.2
      vertex 60.4583 31.7152 14.2
    endloop
  endfacet
  facet normal -0.996921 0.0784126 0
    outer loop
      vertex 60.43 32.075 2.4
      vertex 60.4583 32.4348 14.2
      vertex 60.4583 32.4348 2.4
    endloop
  endfacet
  facet normal -0.996921 0.0784126 0
    outer loop
      vertex 60.4583 32.4348 14.2
      vertex 60.43 32.075 2.4
      vertex 60.43 32.075 14.2
    endloop
  endfacet
  facet normal -0.382588 0.923919 0
    outer loop
      vertex 62.0193 34.2624 2.4
      vertex 61.6858 34.1243 14.2
      vertex 62.0193 34.2624 14.2
    endloop
  endfacet
  facet normal -0.382588 0.923919 0
    outer loop
      vertex 61.6858 34.1243 14.2
      vertex 62.0193 34.2624 2.4
      vertex 61.6858 34.1243 2.4
    endloop
  endfacet
  facet normal 0.972334 -0.233593 0
    outer loop
      vertex 64.9174 11.6793 14.2
      vertex 65.0017 12.0302 2.4
      vertex 65.0017 12.0302 14.2
    endloop
  endfacet
  facet normal 0.972334 -0.233593 0
    outer loop
      vertex 65.0017 12.0302 2.4
      vertex 64.9174 11.6793 14.2
      vertex 64.9174 11.6793 2.4
    endloop
  endfacet
  facet normal 0.996921 -0.0784126 0
    outer loop
      vertex 65.0017 12.0302 14.2
      vertex 65.03 12.39 2.4
      vertex 65.03 12.39 14.2
    endloop
  endfacet
  facet normal 0.996921 -0.0784126 0
    outer loop
      vertex 65.03 12.39 2.4
      vertex 65.0017 12.0302 14.2
      vertex 65.0017 12.0302 2.4
    endloop
  endfacet
  facet normal 0.382588 0.923919 -0
    outer loop
      vertex 63.7742 14.4393 2.4
      vertex 63.4407 14.5774 14.2
      vertex 63.7742 14.4393 14.2
    endloop
  endfacet
  facet normal 0.382588 0.923919 0
    outer loop
      vertex 63.4407 14.5774 14.2
      vertex 63.7742 14.4393 2.4
      vertex 63.4407 14.5774 2.4
    endloop
  endfacet
  facet normal -0.923919 0.382588 0
    outer loop
      vertex 60.5426 13.1007 2.4
      vertex 60.6807 13.4342 14.2
      vertex 60.6807 13.4342 2.4
    endloop
  endfacet
  facet normal -0.923919 0.382588 0
    outer loop
      vertex 60.6807 13.4342 14.2
      vertex 60.5426 13.1007 2.4
      vertex 60.5426 13.1007 14.2
    endloop
  endfacet
  facet normal -0.760351 -0.649513 0
    outer loop
      vertex 61.1037 10.7637 2.4
      vertex 60.8693 11.0381 14.2
      vertex 60.8693 11.0381 2.4
    endloop
  endfacet
  facet normal -0.760351 -0.649513 0
    outer loop
      vertex 60.8693 11.0381 14.2
      vertex 61.1037 10.7637 2.4
      vertex 61.1037 10.7637 14.2
    endloop
  endfacet
  facet normal -0.522582 -0.852589 0
    outer loop
      vertex 61.3781 10.5293 2.4
      vertex 61.6858 10.3407 14.2
      vertex 61.3781 10.5293 14.2
    endloop
  endfacet
  facet normal -0.522582 -0.852589 -0
    outer loop
      vertex 61.6858 10.3407 14.2
      vertex 61.3781 10.5293 2.4
      vertex 61.6858 10.3407 2.4
    endloop
  endfacet
  facet normal 0.996921 0.0784126 0
    outer loop
      vertex 65.03 12.39 14.2
      vertex 65.0017 12.7498 2.4
      vertex 65.0017 12.7498 14.2
    endloop
  endfacet
  facet normal 0.996921 0.0784126 0
    outer loop
      vertex 65.0017 12.7498 2.4
      vertex 65.03 12.39 14.2
      vertex 65.03 12.39 2.4
    endloop
  endfacet
  facet normal -0.972334 0.233593 0
    outer loop
      vertex 60.4583 12.7498 2.4
      vertex 60.5426 13.1007 14.2
      vertex 60.5426 13.1007 2.4
    endloop
  endfacet
  facet normal -0.972334 0.233593 0
    outer loop
      vertex 60.5426 13.1007 14.2
      vertex 60.4583 12.7498 2.4
      vertex 60.4583 12.7498 14.2
    endloop
  endfacet
  facet normal -0.649513 0.760351 0
    outer loop
      vertex 61.3781 14.2507 2.4
      vertex 61.1037 14.0163 14.2
      vertex 61.3781 14.2507 14.2
    endloop
  endfacet
  facet normal -0.649513 0.760351 0
    outer loop
      vertex 61.1037 14.0163 14.2
      vertex 61.3781 14.2507 2.4
      vertex 61.1037 14.0163 2.4
    endloop
  endfacet
  facet normal 0.649513 -0.760351 0
    outer loop
      vertex 64.0819 10.5293 2.4
      vertex 64.3563 10.7637 14.2
      vertex 64.0819 10.5293 14.2
    endloop
  endfacet
  facet normal 0.649513 -0.760351 0
    outer loop
      vertex 64.3563 10.7637 14.2
      vertex 64.0819 10.5293 2.4
      vertex 64.3563 10.7637 2.4
    endloop
  endfacet
  facet normal 0.0784126 -0.996921 0
    outer loop
      vertex 62.73 10.09 2.4
      vertex 63.0898 10.1183 14.2
      vertex 62.73 10.09 14.2
    endloop
  endfacet
  facet normal 0.0784126 -0.996921 0
    outer loop
      vertex 63.0898 10.1183 14.2
      vertex 62.73 10.09 2.4
      vertex 63.0898 10.1183 2.4
    endloop
  endfacet
  facet normal -0.852589 -0.522582 0
    outer loop
      vertex 60.8693 11.0381 2.4
      vertex 60.6807 11.3458 14.2
      vertex 60.6807 11.3458 2.4
    endloop
  endfacet
  facet normal -0.852589 -0.522582 0
    outer loop
      vertex 60.6807 11.3458 14.2
      vertex 60.8693 11.0381 2.4
      vertex 60.8693 11.0381 14.2
    endloop
  endfacet
  facet normal 0.0784126 0.996921 -0
    outer loop
      vertex 63.0898 14.6617 2.4
      vertex 62.73 14.69 14.2
      vertex 63.0898 14.6617 14.2
    endloop
  endfacet
  facet normal 0.0784126 0.996921 0
    outer loop
      vertex 62.73 14.69 14.2
      vertex 63.0898 14.6617 2.4
      vertex 62.73 14.69 2.4
    endloop
  endfacet
  facet normal -0.233593 0.972334 0
    outer loop
      vertex 62.3702 14.6617 2.4
      vertex 62.0193 14.5774 14.2
      vertex 62.3702 14.6617 14.2
    endloop
  endfacet
  facet normal -0.233593 0.972334 0
    outer loop
      vertex 62.0193 14.5774 14.2
      vertex 62.3702 14.6617 2.4
      vertex 62.0193 14.5774 2.4
    endloop
  endfacet
  facet normal 0.923919 0.382588 0
    outer loop
      vertex 64.9174 13.1007 14.2
      vertex 64.7793 13.4342 2.4
      vertex 64.7793 13.4342 14.2
    endloop
  endfacet
  facet normal 0.923919 0.382588 0
    outer loop
      vertex 64.7793 13.4342 2.4
      vertex 64.9174 13.1007 14.2
      vertex 64.9174 13.1007 2.4
    endloop
  endfacet
  facet normal -0.233593 -0.972334 0
    outer loop
      vertex 62.0193 10.2026 2.4
      vertex 62.3702 10.1183 14.2
      vertex 62.0193 10.2026 14.2
    endloop
  endfacet
  facet normal -0.233593 -0.972334 -0
    outer loop
      vertex 62.3702 10.1183 14.2
      vertex 62.0193 10.2026 2.4
      vertex 62.3702 10.1183 2.4
    endloop
  endfacet
  facet normal -0.649513 -0.760351 0
    outer loop
      vertex 61.1037 10.7637 2.4
      vertex 61.3781 10.5293 14.2
      vertex 61.1037 10.7637 14.2
    endloop
  endfacet
  facet normal -0.649513 -0.760351 -0
    outer loop
      vertex 61.3781 10.5293 14.2
      vertex 61.1037 10.7637 2.4
      vertex 61.3781 10.5293 2.4
    endloop
  endfacet
  facet normal 0.760351 -0.649513 0
    outer loop
      vertex 64.3563 10.7637 14.2
      vertex 64.5907 11.0381 2.4
      vertex 64.5907 11.0381 14.2
    endloop
  endfacet
  facet normal 0.760351 -0.649513 0
    outer loop
      vertex 64.5907 11.0381 2.4
      vertex 64.3563 10.7637 14.2
      vertex 64.3563 10.7637 2.4
    endloop
  endfacet
  facet normal 0.382588 -0.923919 0
    outer loop
      vertex 63.4407 10.2026 2.4
      vertex 63.7742 10.3407 14.2
      vertex 63.4407 10.2026 14.2
    endloop
  endfacet
  facet normal 0.382588 -0.923919 0
    outer loop
      vertex 63.7742 10.3407 14.2
      vertex 63.4407 10.2026 2.4
      vertex 63.7742 10.3407 2.4
    endloop
  endfacet
  facet normal -0.0784126 -0.996921 0
    outer loop
      vertex 62.3702 10.1183 2.4
      vertex 62.73 10.09 14.2
      vertex 62.3702 10.1183 14.2
    endloop
  endfacet
  facet normal -0.0784126 -0.996921 -0
    outer loop
      vertex 62.73 10.09 14.2
      vertex 62.3702 10.1183 2.4
      vertex 62.73 10.09 2.4
    endloop
  endfacet
  facet normal -0.996921 -0.0784126 0
    outer loop
      vertex 60.4583 12.0302 2.4
      vertex 60.43 12.39 14.2
      vertex 60.43 12.39 2.4
    endloop
  endfacet
  facet normal -0.996921 -0.0784126 0
    outer loop
      vertex 60.43 12.39 14.2
      vertex 60.4583 12.0302 2.4
      vertex 60.4583 12.0302 14.2
    endloop
  endfacet
  facet normal 0.522582 0.852589 -0
    outer loop
      vertex 64.0819 14.2507 2.4
      vertex 63.7742 14.4393 14.2
      vertex 64.0819 14.2507 14.2
    endloop
  endfacet
  facet normal 0.522582 0.852589 0
    outer loop
      vertex 63.7742 14.4393 14.2
      vertex 64.0819 14.2507 2.4
      vertex 63.7742 14.4393 2.4
    endloop
  endfacet
  facet normal 0.852589 0.522582 0
    outer loop
      vertex 64.7793 13.4342 14.2
      vertex 64.5907 13.7419 2.4
      vertex 64.5907 13.7419 14.2
    endloop
  endfacet
  facet normal 0.852589 0.522582 0
    outer loop
      vertex 64.5907 13.7419 2.4
      vertex 64.7793 13.4342 14.2
      vertex 64.7793 13.4342 2.4
    endloop
  endfacet
  facet normal 0.522582 -0.852589 0
    outer loop
      vertex 63.7742 10.3407 2.4
      vertex 64.0819 10.5293 14.2
      vertex 63.7742 10.3407 14.2
    endloop
  endfacet
  facet normal 0.522582 -0.852589 0
    outer loop
      vertex 64.0819 10.5293 14.2
      vertex 63.7742 10.3407 2.4
      vertex 64.0819 10.5293 2.4
    endloop
  endfacet
  facet normal 0.972334 0.233593 0
    outer loop
      vertex 65.0017 12.7498 14.2
      vertex 64.9174 13.1007 2.4
      vertex 64.9174 13.1007 14.2
    endloop
  endfacet
  facet normal 0.972334 0.233593 0
    outer loop
      vertex 64.9174 13.1007 2.4
      vertex 65.0017 12.7498 14.2
      vertex 65.0017 12.7498 2.4
    endloop
  endfacet
  facet normal 0.760351 0.649513 0
    outer loop
      vertex 64.5907 13.7419 14.2
      vertex 64.3563 14.0163 2.4
      vertex 64.3563 14.0163 14.2
    endloop
  endfacet
  facet normal 0.760351 0.649513 0
    outer loop
      vertex 64.3563 14.0163 2.4
      vertex 64.5907 13.7419 14.2
      vertex 64.5907 13.7419 2.4
    endloop
  endfacet
  facet normal -0.382588 -0.923919 0
    outer loop
      vertex 61.6858 10.3407 2.4
      vertex 62.0193 10.2026 14.2
      vertex 61.6858 10.3407 14.2
    endloop
  endfacet
  facet normal -0.382588 -0.923919 -0
    outer loop
      vertex 62.0193 10.2026 14.2
      vertex 61.6858 10.3407 2.4
      vertex 62.0193 10.2026 2.4
    endloop
  endfacet
  facet normal -0.996921 0.0784126 0
    outer loop
      vertex 60.43 12.39 2.4
      vertex 60.4583 12.7498 14.2
      vertex 60.4583 12.7498 2.4
    endloop
  endfacet
  facet normal -0.996921 0.0784126 0
    outer loop
      vertex 60.4583 12.7498 14.2
      vertex 60.43 12.39 2.4
      vertex 60.43 12.39 14.2
    endloop
  endfacet
  facet normal -0.852589 0.522582 0
    outer loop
      vertex 60.6807 13.4342 2.4
      vertex 60.8693 13.7419 14.2
      vertex 60.8693 13.7419 2.4
    endloop
  endfacet
  facet normal -0.852589 0.522582 0
    outer loop
      vertex 60.8693 13.7419 14.2
      vertex 60.6807 13.4342 2.4
      vertex 60.6807 13.4342 14.2
    endloop
  endfacet
  facet normal -0.760351 0.649513 0
    outer loop
      vertex 60.8693 13.7419 2.4
      vertex 61.1037 14.0163 14.2
      vertex 61.1037 14.0163 2.4
    endloop
  endfacet
  facet normal -0.760351 0.649513 0
    outer loop
      vertex 61.1037 14.0163 14.2
      vertex 60.8693 13.7419 2.4
      vertex 60.8693 13.7419 14.2
    endloop
  endfacet
  facet normal 0.233593 0.972334 -0
    outer loop
      vertex 63.4407 14.5774 2.4
      vertex 63.0898 14.6617 14.2
      vertex 63.4407 14.5774 14.2
    endloop
  endfacet
  facet normal 0.233593 0.972334 0
    outer loop
      vertex 63.0898 14.6617 14.2
      vertex 63.4407 14.5774 2.4
      vertex 63.0898 14.6617 2.4
    endloop
  endfacet
  facet normal 0.852589 -0.522582 0
    outer loop
      vertex 64.5907 11.0381 14.2
      vertex 64.7793 11.3458 2.4
      vertex 64.7793 11.3458 14.2
    endloop
  endfacet
  facet normal 0.852589 -0.522582 0
    outer loop
      vertex 64.7793 11.3458 2.4
      vertex 64.5907 11.0381 14.2
      vertex 64.5907 11.0381 2.4
    endloop
  endfacet
  facet normal -0.972334 -0.233593 0
    outer loop
      vertex 60.5426 11.6793 2.4
      vertex 60.4583 12.0302 14.2
      vertex 60.4583 12.0302 2.4
    endloop
  endfacet
  facet normal -0.972334 -0.233593 0
    outer loop
      vertex 60.4583 12.0302 14.2
      vertex 60.5426 11.6793 2.4
      vertex 60.5426 11.6793 14.2
    endloop
  endfacet
  facet normal -0.923919 -0.382588 0
    outer loop
      vertex 60.6807 11.3458 2.4
      vertex 60.5426 11.6793 14.2
      vertex 60.5426 11.6793 2.4
    endloop
  endfacet
  facet normal -0.923919 -0.382588 0
    outer loop
      vertex 60.5426 11.6793 14.2
      vertex 60.6807 11.3458 2.4
      vertex 60.6807 11.3458 14.2
    endloop
  endfacet
  facet normal 0.233593 -0.972334 0
    outer loop
      vertex 63.0898 10.1183 2.4
      vertex 63.4407 10.2026 14.2
      vertex 63.0898 10.1183 14.2
    endloop
  endfacet
  facet normal 0.233593 -0.972334 0
    outer loop
      vertex 63.4407 10.2026 14.2
      vertex 63.0898 10.1183 2.4
      vertex 63.4407 10.2026 2.4
    endloop
  endfacet
  facet normal -0.382588 0.923919 0
    outer loop
      vertex 62.0193 14.5774 2.4
      vertex 61.6858 14.4393 14.2
      vertex 62.0193 14.5774 14.2
    endloop
  endfacet
  facet normal -0.382588 0.923919 0
    outer loop
      vertex 61.6858 14.4393 14.2
      vertex 62.0193 14.5774 2.4
      vertex 61.6858 14.4393 2.4
    endloop
  endfacet
  facet normal 0.923919 -0.382588 0
    outer loop
      vertex 64.7793 11.3458 14.2
      vertex 64.9174 11.6793 2.4
      vertex 64.9174 11.6793 14.2
    endloop
  endfacet
  facet normal 0.923919 -0.382588 0
    outer loop
      vertex 64.9174 11.6793 2.4
      vertex 64.7793 11.3458 14.2
      vertex 64.7793 11.3458 2.4
    endloop
  endfacet
  facet normal -0.522582 0.852589 0
    outer loop
      vertex 61.6858 14.4393 2.4
      vertex 61.3781 14.2507 14.2
      vertex 61.6858 14.4393 14.2
    endloop
  endfacet
  facet normal -0.522582 0.852589 0
    outer loop
      vertex 61.3781 14.2507 14.2
      vertex 61.6858 14.4393 2.4
      vertex 61.3781 14.2507 2.4
    endloop
  endfacet
  facet normal -0.0784126 0.996921 0
    outer loop
      vertex 62.73 14.69 2.4
      vertex 62.3702 14.6617 14.2
      vertex 62.73 14.69 14.2
    endloop
  endfacet
  facet normal -0.0784126 0.996921 0
    outer loop
      vertex 62.3702 14.6617 14.2
      vertex 62.73 14.69 2.4
      vertex 62.3702 14.6617 2.4
    endloop
  endfacet
  facet normal 0.649513 0.760351 -0
    outer loop
      vertex 64.3563 14.0163 2.4
      vertex 64.0819 14.2507 14.2
      vertex 64.3563 14.0163 14.2
    endloop
  endfacet
  facet normal 0.649513 0.760351 0
    outer loop
      vertex 64.0819 14.2507 14.2
      vertex 64.3563 14.0163 2.4
      vertex 64.0819 14.2507 2.4
    endloop
  endfacet
  facet normal 0 0 1
    outer loop
      vertex 63.83 12.39 14.2
      vertex 65.03 12.39 14.2
      vertex 65.0017 12.7498 14.2
    endloop
  endfacet
  facet normal 0 0 1
    outer loop
      vertex 63.8165 12.5621 14.2
      vertex 65.0017 12.7498 14.2
      vertex 64.9174 13.1007 14.2
    endloop
  endfacet
  facet normal 0 0 1
    outer loop
      vertex 65.03 12.39 14.2
      vertex 63.83 12.39 14.2
      vertex 65.0017 12.0302 14.2
    endloop
  endfacet
  facet normal 0 0 1
    outer loop
      vertex 63.7762 12.7299 14.2
      vertex 64.9174 13.1007 14.2
      vertex 64.7793 13.4342 14.2
    endloop
  endfacet
  facet normal -0 0 1
    outer loop
      vertex 63.8165 12.2179 14.2
      vertex 65.0017 12.0302 14.2
      vertex 63.83 12.39 14.2
    endloop
  endfacet
  facet normal 0 0 1
    outer loop
      vertex 63.7101 12.8894 14.2
      vertex 64.7793 13.4342 14.2
      vertex 64.5907 13.7419 14.2
    endloop
  endfacet
  facet normal 0 0 1
    outer loop
      vertex 65.0017 12.0302 14.2
      vertex 63.8165 12.2179 14.2
      vertex 64.9174 11.6793 14.2
    endloop
  endfacet
  facet normal 0 0 1
    outer loop
      vertex 63.6199 13.0366 14.2
      vertex 64.5907 13.7419 14.2
      vertex 64.3563 14.0163 14.2
    endloop
  endfacet
  facet normal -0 0 1
    outer loop
      vertex 63.7762 12.0501 14.2
      vertex 64.9174 11.6793 14.2
      vertex 63.8165 12.2179 14.2
    endloop
  endfacet
  facet normal 0 0 1
    outer loop
      vertex 63.5078 13.1678 14.2
      vertex 64.3563 14.0163 14.2
      vertex 64.0819 14.2507 14.2
    endloop
  endfacet
  facet normal 0 0 1
    outer loop
      vertex 64.9174 11.6793 14.2
      vertex 63.7762 12.0501 14.2
      vertex 64.7793 11.3458 14.2
    endloop
  endfacet
  facet normal -0 0 1
    outer loop
      vertex 63.7101 11.8906 14.2
      vertex 64.7793 11.3458 14.2
      vertex 63.7762 12.0501 14.2
    endloop
  endfacet
  facet normal 0 0 1
    outer loop
      vertex 65.0017 12.7498 14.2
      vertex 63.8165 12.5621 14.2
      vertex 63.83 12.39 14.2
    endloop
  endfacet
  facet normal 0 0 1
    outer loop
      vertex 64.9174 13.1007 14.2
      vertex 63.7762 12.7299 14.2
      vertex 63.8165 12.5621 14.2
    endloop
  endfacet
  facet normal 0 0 1
    outer loop
      vertex 63.3766 13.2799 14.2
      vertex 64.0819 14.2507 14.2
      vertex 63.7742 14.4393 14.2
    endloop
  endfacet
  facet normal 0 0 1
    outer loop
      vertex 64.7793 13.4342 14.2
      vertex 63.7101 12.8894 14.2
      vertex 63.7762 12.7299 14.2
    endloop
  endfacet
  facet normal 0 0 1
    outer loop
      vertex 64.5907 13.7419 14.2
      vertex 63.6199 13.0366 14.2
      vertex 63.7101 12.8894 14.2
    endloop
  endfacet
  facet normal 0 0 1
    outer loop
      vertex 64.3563 14.0163 14.2
      vertex 63.5078 13.1678 14.2
      vertex 63.6199 13.0366 14.2
    endloop
  endfacet
  facet normal 0 0 1
    outer loop
      vertex 63.2294 13.3701 14.2
      vertex 63.7742 14.4393 14.2
      vertex 63.4407 14.5774 14.2
    endloop
  endfacet
  facet normal 0 0 1
    outer loop
      vertex 64.0819 14.2507 14.2
      vertex 63.3766 13.2799 14.2
      vertex 63.5078 13.1678 14.2
    endloop
  endfacet
  facet normal 0 0 1
    outer loop
      vertex 63.7742 14.4393 14.2
      vertex 63.2294 13.3701 14.2
      vertex 63.3766 13.2799 14.2
    endloop
  endfacet
  facet normal 0 0 1
    outer loop
      vertex 63.0699 13.4362 14.2
      vertex 63.4407 14.5774 14.2
      vertex 63.0898 14.6617 14.2
    endloop
  endfacet
  facet normal 0 0 1
    outer loop
      vertex 63.4407 14.5774 14.2
      vertex 63.0699 13.4362 14.2
      vertex 63.2294 13.3701 14.2
    endloop
  endfacet
  facet normal 0 0 1
    outer loop
      vertex 63.0898 14.6617 14.2
      vertex 62.9021 13.4765 14.2
      vertex 63.0699 13.4362 14.2
    endloop
  endfacet
  facet normal 0 0 1
    outer loop
      vertex 62.73 14.69 14.2
      vertex 62.9021 13.4765 14.2
      vertex 63.0898 14.6617 14.2
    endloop
  endfacet
  facet normal 0 0 1
    outer loop
      vertex 62.73 14.69 14.2
      vertex 62.73 13.49 14.2
      vertex 62.9021 13.4765 14.2
    endloop
  endfacet
  facet normal 0 0 1
    outer loop
      vertex 62.73 14.69 14.2
      vertex 62.5579 13.4765 14.2
      vertex 62.73 13.49 14.2
    endloop
  endfacet
  facet normal -0 0 1
    outer loop
      vertex 62.3702 14.6617 14.2
      vertex 62.5579 13.4765 14.2
      vertex 62.73 14.69 14.2
    endloop
  endfacet
  facet normal 0 0 1
    outer loop
      vertex 62.5579 13.4765 14.2
      vertex 62.3702 14.6617 14.2
      vertex 62.3901 13.4362 14.2
    endloop
  endfacet
  facet normal -0 0 1
    outer loop
      vertex 62.0193 14.5774 14.2
      vertex 62.3901 13.4362 14.2
      vertex 62.3702 14.6617 14.2
    endloop
  endfacet
  facet normal 0 0 1
    outer loop
      vertex 62.3901 13.4362 14.2
      vertex 62.0193 14.5774 14.2
      vertex 62.2306 13.3701 14.2
    endloop
  endfacet
  facet normal -0 0 1
    outer loop
      vertex 61.6858 14.4393 14.2
      vertex 62.2306 13.3701 14.2
      vertex 62.0193 14.5774 14.2
    endloop
  endfacet
  facet normal 0 0 1
    outer loop
      vertex 62.2306 13.3701 14.2
      vertex 61.6858 14.4393 14.2
      vertex 62.0834 13.2799 14.2
    endloop
  endfacet
  facet normal -0 0 1
    outer loop
      vertex 61.3781 14.2507 14.2
      vertex 62.0834 13.2799 14.2
      vertex 61.6858 14.4393 14.2
    endloop
  endfacet
  facet normal 0 0 1
    outer loop
      vertex 62.0834 13.2799 14.2
      vertex 61.3781 14.2507 14.2
      vertex 61.9522 13.1678 14.2
    endloop
  endfacet
  facet normal -0 0 1
    outer loop
      vertex 61.1037 14.0163 14.2
      vertex 61.9522 13.1678 14.2
      vertex 61.3781 14.2507 14.2
    endloop
  endfacet
  facet normal 0 0 1
    outer loop
      vertex 61.9522 13.1678 14.2
      vertex 61.1037 14.0163 14.2
      vertex 61.8401 13.0366 14.2
    endloop
  endfacet
  facet normal -0 0 1
    outer loop
      vertex 60.8693 13.7419 14.2
      vertex 61.8401 13.0366 14.2
      vertex 61.1037 14.0163 14.2
    endloop
  endfacet
  facet normal 0 0 1
    outer loop
      vertex 61.8401 13.0366 14.2
      vertex 60.8693 13.7419 14.2
      vertex 61.7499 12.8894 14.2
    endloop
  endfacet
  facet normal -0 0 1
    outer loop
      vertex 60.6807 13.4342 14.2
      vertex 61.7499 12.8894 14.2
      vertex 60.8693 13.7419 14.2
    endloop
  endfacet
  facet normal 0 0 1
    outer loop
      vertex 64.7793 11.3458 14.2
      vertex 63.7101 11.8906 14.2
      vertex 64.5907 11.0381 14.2
    endloop
  endfacet
  facet normal -0 0 1
    outer loop
      vertex 63.6199 11.7434 14.2
      vertex 64.5907 11.0381 14.2
      vertex 63.7101 11.8906 14.2
    endloop
  endfacet
  facet normal 0 0 1
    outer loop
      vertex 64.5907 11.0381 14.2
      vertex 63.6199 11.7434 14.2
      vertex 64.3563 10.7637 14.2
    endloop
  endfacet
  facet normal -0 0 1
    outer loop
      vertex 63.5078 11.6122 14.2
      vertex 64.3563 10.7637 14.2
      vertex 63.6199 11.7434 14.2
    endloop
  endfacet
  facet normal 0 0 1
    outer loop
      vertex 64.3563 10.7637 14.2
      vertex 63.5078 11.6122 14.2
      vertex 64.0819 10.5293 14.2
    endloop
  endfacet
  facet normal -0 0 1
    outer loop
      vertex 63.3766 11.5001 14.2
      vertex 64.0819 10.5293 14.2
      vertex 63.5078 11.6122 14.2
    endloop
  endfacet
  facet normal 0 0 1
    outer loop
      vertex 64.0819 10.5293 14.2
      vertex 63.3766 11.5001 14.2
      vertex 63.7742 10.3407 14.2
    endloop
  endfacet
  facet normal -0 0 1
    outer loop
      vertex 63.2294 11.4099 14.2
      vertex 63.7742 10.3407 14.2
      vertex 63.3766 11.5001 14.2
    endloop
  endfacet
  facet normal 0 0 1
    outer loop
      vertex 63.7742 10.3407 14.2
      vertex 63.2294 11.4099 14.2
      vertex 63.4407 10.2026 14.2
    endloop
  endfacet
  facet normal -0 0 1
    outer loop
      vertex 63.0699 11.3438 14.2
      vertex 63.4407 10.2026 14.2
      vertex 63.2294 11.4099 14.2
    endloop
  endfacet
  facet normal 0 0 1
    outer loop
      vertex 63.4407 10.2026 14.2
      vertex 63.0699 11.3438 14.2
      vertex 63.0898 10.1183 14.2
    endloop
  endfacet
  facet normal -0 0 1
    outer loop
      vertex 62.9021 11.3035 14.2
      vertex 63.0898 10.1183 14.2
      vertex 63.0699 11.3438 14.2
    endloop
  endfacet
  facet normal -0 0 1
    outer loop
      vertex 62.73 11.29 14.2
      vertex 63.0898 10.1183 14.2
      vertex 62.9021 11.3035 14.2
    endloop
  endfacet
  facet normal 0 0 1
    outer loop
      vertex 62.73 11.29 14.2
      vertex 62.73 10.09 14.2
      vertex 63.0898 10.1183 14.2
    endloop
  endfacet
  facet normal 0 0 1
    outer loop
      vertex 62.5579 11.3035 14.2
      vertex 62.73 10.09 14.2
      vertex 62.73 11.29 14.2
    endloop
  endfacet
  facet normal 0 0 1
    outer loop
      vertex 62.3702 10.1183 14.2
      vertex 62.5579 11.3035 14.2
      vertex 62.3901 11.3438 14.2
    endloop
  endfacet
  facet normal 0 0 1
    outer loop
      vertex 62.5579 11.3035 14.2
      vertex 62.3702 10.1183 14.2
      vertex 62.73 10.09 14.2
    endloop
  endfacet
  facet normal 0 0 1
    outer loop
      vertex 62.0193 10.2026 14.2
      vertex 62.3901 11.3438 14.2
      vertex 62.2306 11.4099 14.2
    endloop
  endfacet
  facet normal 0 0 1
    outer loop
      vertex 61.6858 10.3407 14.2
      vertex 62.2306 11.4099 14.2
      vertex 62.0834 11.5001 14.2
    endloop
  endfacet
  facet normal 0 0 1
    outer loop
      vertex 62.3901 11.3438 14.2
      vertex 62.0193 10.2026 14.2
      vertex 62.3702 10.1183 14.2
    endloop
  endfacet
  facet normal 0 0 1
    outer loop
      vertex 61.3781 10.5293 14.2
      vertex 62.0834 11.5001 14.2
      vertex 61.9522 11.6122 14.2
    endloop
  endfacet
  facet normal 0 0 1
    outer loop
      vertex 61.1037 10.7637 14.2
      vertex 61.9522 11.6122 14.2
      vertex 61.8401 11.7434 14.2
    endloop
  endfacet
  facet normal 0 0 1
    outer loop
      vertex 60.8693 11.0381 14.2
      vertex 61.8401 11.7434 14.2
      vertex 61.7499 11.8906 14.2
    endloop
  endfacet
  facet normal 0 0 1
    outer loop
      vertex 62.2306 11.4099 14.2
      vertex 61.6858 10.3407 14.2
      vertex 62.0193 10.2026 14.2
    endloop
  endfacet
  facet normal 0 0 1
    outer loop
      vertex 60.6807 11.3458 14.2
      vertex 61.7499 11.8906 14.2
      vertex 61.6838 12.0501 14.2
    endloop
  endfacet
  facet normal 0 0 1
    outer loop
      vertex 60.5426 11.6793 14.2
      vertex 61.6838 12.0501 14.2
      vertex 61.6435 12.2179 14.2
    endloop
  endfacet
  facet normal 0 0 1
    outer loop
      vertex 60.4583 12.0302 14.2
      vertex 61.6435 12.2179 14.2
      vertex 61.63 12.39 14.2
    endloop
  endfacet
  facet normal 0 0 1
    outer loop
      vertex 61.7499 12.8894 14.2
      vertex 60.6807 13.4342 14.2
      vertex 61.6838 12.7299 14.2
    endloop
  endfacet
  facet normal 0 0 1
    outer loop
      vertex 62.0834 11.5001 14.2
      vertex 61.3781 10.5293 14.2
      vertex 61.6858 10.3407 14.2
    endloop
  endfacet
  facet normal -0 0 1
    outer loop
      vertex 60.5426 13.1007 14.2
      vertex 61.6838 12.7299 14.2
      vertex 60.6807 13.4342 14.2
    endloop
  endfacet
  facet normal 0 0 1
    outer loop
      vertex 61.9522 11.6122 14.2
      vertex 61.1037 10.7637 14.2
      vertex 61.3781 10.5293 14.2
    endloop
  endfacet
  facet normal 0 0 1
    outer loop
      vertex 61.6838 12.7299 14.2
      vertex 60.5426 13.1007 14.2
      vertex 61.6435 12.5621 14.2
    endloop
  endfacet
  facet normal 0 0 1
    outer loop
      vertex 61.8401 11.7434 14.2
      vertex 60.8693 11.0381 14.2
      vertex 61.1037 10.7637 14.2
    endloop
  endfacet
  facet normal -0 0 1
    outer loop
      vertex 60.4583 12.7498 14.2
      vertex 61.6435 12.5621 14.2
      vertex 60.5426 13.1007 14.2
    endloop
  endfacet
  facet normal 0 0 1
    outer loop
      vertex 61.7499 11.8906 14.2
      vertex 60.6807 11.3458 14.2
      vertex 60.8693 11.0381 14.2
    endloop
  endfacet
  facet normal 0 0 1
    outer loop
      vertex 61.6435 12.5621 14.2
      vertex 60.4583 12.7498 14.2
      vertex 61.63 12.39 14.2
    endloop
  endfacet
  facet normal 0 0 1
    outer loop
      vertex 61.6838 12.0501 14.2
      vertex 60.5426 11.6793 14.2
      vertex 60.6807 11.3458 14.2
    endloop
  endfacet
  facet normal 0 0 1
    outer loop
      vertex 60.43 12.39 14.2
      vertex 61.63 12.39 14.2
      vertex 60.4583 12.7498 14.2
    endloop
  endfacet
  facet normal 0 0 1
    outer loop
      vertex 61.6435 12.2179 14.2
      vertex 60.4583 12.0302 14.2
      vertex 60.5426 11.6793 14.2
    endloop
  endfacet
  facet normal 0 0 1
    outer loop
      vertex 61.63 12.39 14.2
      vertex 60.43 12.39 14.2
      vertex 60.4583 12.0302 14.2
    endloop
  endfacet
  facet normal 1 0 0
    outer loop
      vertex 10.5 33.408 9.5
      vertex 10.5 31.708 7.9
      vertex 10.5 33.408 2.4
    endloop
  endfacet
  facet normal 1 0 0
    outer loop
      vertex 10.5 33.408 9.5
      vertex 10.5 27.108 7.9
      vertex 10.5 31.708 7.9
    endloop
  endfacet
  facet normal 1 0 0
    outer loop
      vertex 10.5 27.108 7.9
      vertex 10.5 21.929 7.9
      vertex 10.5 27.108 2.8
    endloop
  endfacet
  facet normal 1 0 0
    outer loop
      vertex 10.5 33.408 9.5
      vertex 10.5 21.929 7.9
      vertex 10.5 27.108 7.9
    endloop
  endfacet
  facet normal 1 0 0
    outer loop
      vertex 10.5 33.408 9.5
      vertex 10.5 17.329 7.9
      vertex 10.5 21.929 7.9
    endloop
  endfacet
  facet normal 1 0 0
    outer loop
      vertex 10.5 17.329 7.9
      vertex 10.5 12.15 7.9
      vertex 10.5 17.329 2.8
    endloop
  endfacet
  facet normal 1 -0 0
    outer loop
      vertex 10.5 5.35 9.5
      vertex 10.5 17.329 7.9
      vertex 10.5 33.408 9.5
    endloop
  endfacet
  facet normal 1 0 0
    outer loop
      vertex 10.5 17.329 7.9
      vertex 10.5 5.35 9.5
      vertex 10.5 12.15 7.9
    endloop
  endfacet
  facet normal 1 0 0
    outer loop
      vertex 10.5 5.35 2.4
      vertex 10.5 7.55 7.9
      vertex 10.5 5.35 9.5
    endloop
  endfacet
  facet normal 1 0 0
    outer loop
      vertex 10.5 12.15 7.9
      vertex 10.5 5.35 9.5
      vertex 10.5 7.55 7.9
    endloop
  endfacet
  facet normal 1 -0 0
    outer loop
      vertex 10.5 31.708 2.8
      vertex 10.5 33.408 2.4
      vertex 10.5 31.708 7.9
    endloop
  endfacet
  facet normal 1 -0 0
    outer loop
      vertex 10.5 27.108 2.8
      vertex 10.5 33.408 2.4
      vertex 10.5 31.708 2.8
    endloop
  endfacet
  facet normal 1 0 0
    outer loop
      vertex 10.5 21.929 2.8
      vertex 10.5 27.108 2.8
      vertex 10.5 21.929 7.9
    endloop
  endfacet
  facet normal 1 -0 0
    outer loop
      vertex 10.5 21.929 2.8
      vertex 10.5 33.408 2.4
      vertex 10.5 27.108 2.8
    endloop
  endfacet
  facet normal 1 -0 0
    outer loop
      vertex 10.5 17.329 2.8
      vertex 10.5 33.408 2.4
      vertex 10.5 21.929 2.8
    endloop
  endfacet
  facet normal 1 0 0
    outer loop
      vertex 10.5 12.15 2.8
      vertex 10.5 17.329 2.8
      vertex 10.5 12.15 7.9
    endloop
  endfacet
  facet normal 1 0 0
    outer loop
      vertex 10.5 5.35 2.4
      vertex 10.5 17.329 2.8
      vertex 10.5 12.15 2.8
    endloop
  endfacet
  facet normal 1 0 0
    outer loop
      vertex 10.5 5.35 2.4
      vertex 10.5 12.15 2.8
      vertex 10.5 7.55 2.8
    endloop
  endfacet
  facet normal 1 0 0
    outer loop
      vertex 10.5 17.329 2.8
      vertex 10.5 5.35 2.4
      vertex 10.5 33.408 2.4
    endloop
  endfacet
  facet normal 1 0 0
    outer loop
      vertex 10.5 7.55 7.9
      vertex 10.5 5.35 2.4
      vertex 10.5 7.55 2.8
    endloop
  endfacet
  facet normal -0 0 1
    outer loop
      vertex 0.500001 33.408 9.5
      vertex 10.5 5.35 9.5
      vertex 10.5 33.408 9.5
    endloop
  endfacet
  facet normal 0 0 1
    outer loop
      vertex 10.5 5.35 9.5
      vertex 0.500001 33.408 9.5
      vertex 0.500001 5.35 9.5
    endloop
  endfacet
  facet normal -1 0 0
    outer loop
      vertex 0.500001 31.708 7.9
      vertex 0.500001 33.408 2.4
      vertex 0.500001 31.708 2.8
    endloop
  endfacet
  facet normal -1 0 0
    outer loop
      vertex 0.500001 33.408 2.4
      vertex 0.500001 27.108 2.8
      vertex 0.500001 31.708 2.8
    endloop
  endfacet
  facet normal -1 0 0
    outer loop
      vertex 0.500001 27.108 2.8
      vertex 0.500001 21.929 2.8
      vertex 0.500001 27.108 7.9
    endloop
  endfacet
  facet normal -1 0 0
    outer loop
      vertex 0.500001 33.408 2.4
      vertex 0.500001 21.929 2.8
      vertex 0.500001 27.108 2.8
    endloop
  endfacet
  facet normal -1 0 0
    outer loop
      vertex 0.500001 33.408 2.4
      vertex 0.500001 17.329 2.8
      vertex 0.500001 21.929 2.8
    endloop
  endfacet
  facet normal -1 0 0
    outer loop
      vertex 0.500001 17.329 2.8
      vertex 0.500001 12.15 2.8
      vertex 0.500001 17.329 7.9
    endloop
  endfacet
  facet normal -1 0 0
    outer loop
      vertex 0.500001 5.35 2.4
      vertex 0.500001 17.329 2.8
      vertex 0.500001 33.408 2.4
    endloop
  endfacet
  facet normal -1 -0 0
    outer loop
      vertex 0.500001 17.329 2.8
      vertex 0.500001 5.35 2.4
      vertex 0.500001 12.15 2.8
    endloop
  endfacet
  facet normal -1 -0 0
    outer loop
      vertex 0.500001 7.55 2.8
      vertex 0.500001 5.35 2.4
      vertex 0.500001 7.55 7.9
    endloop
  endfacet
  facet normal -1 -0 0
    outer loop
      vertex 0.500001 12.15 2.8
      vertex 0.500001 5.35 2.4
      vertex 0.500001 7.55 2.8
    endloop
  endfacet
  facet normal -1 0 0
    outer loop
      vertex 0.500001 33.408 2.4
      vertex 0.500001 31.708 7.9
      vertex 0.500001 33.408 9.5
    endloop
  endfacet
  facet normal -1 0 0
    outer loop
      vertex 0.500001 27.108 7.9
      vertex 0.500001 33.408 9.5
      vertex 0.500001 31.708 7.9
    endloop
  endfacet
  facet normal -1 0 0
    outer loop
      vertex 0.500001 21.929 7.9
      vertex 0.500001 27.108 7.9
      vertex 0.500001 21.929 2.8
    endloop
  endfacet
  facet normal -1 0 0
    outer loop
      vertex 0.500001 21.929 7.9
      vertex 0.500001 33.408 9.5
      vertex 0.500001 27.108 7.9
    endloop
  endfacet
  facet normal -1 0 0
    outer loop
      vertex 0.500001 17.329 7.9
      vertex 0.500001 33.408 9.5
      vertex 0.500001 21.929 7.9
    endloop
  endfacet
  facet normal -1 0 0
    outer loop
      vertex 0.500001 12.15 7.9
      vertex 0.500001 17.329 7.9
      vertex 0.500001 12.15 2.8
    endloop
  endfacet
  facet normal -1 0 0
    outer loop
      vertex 0.500001 5.35 9.5
      vertex 0.500001 17.329 7.9
      vertex 0.500001 12.15 7.9
    endloop
  endfacet
  facet normal -1 0 0
    outer loop
      vertex 0.500001 5.35 9.5
      vertex 0.500001 12.15 7.9
      vertex 0.500001 7.55 7.9
    endloop
  endfacet
  facet normal -1 0 0
    outer loop
      vertex 0.500001 17.329 7.9
      vertex 0.500001 5.35 9.5
      vertex 0.500001 33.408 9.5
    endloop
  endfacet
  facet normal -1 0 0
    outer loop
      vertex 0.500001 5.35 9.5
      vertex 0.500001 7.55 7.9
      vertex 0.500001 5.35 2.4
    endloop
  endfacet
  facet normal 0 -1 0
    outer loop
      vertex 0.500001 5.35 2.4
      vertex 10.5 5.35 9.5
      vertex 0.500001 5.35 9.5
    endloop
  endfacet
  facet normal 0 -1 -0
    outer loop
      vertex 10.5 5.35 9.5
      vertex 0.500001 5.35 2.4
      vertex 10.5 5.35 2.4
    endloop
  endfacet
  facet normal 0 1 -0
    outer loop
      vertex 10.5 33.408 2.4
      vertex 0.500001 33.408 9.5
      vertex 10.5 33.408 9.5
    endloop
  endfacet
  facet normal 0 1 0
    outer loop
      vertex 0.500001 33.408 9.5
      vertex 10.5 33.408 2.4
      vertex 0.500001 33.408 2.4
    endloop
  endfacet
  facet normal -0.97235 0.233526 0
    outer loop
      vertex 23.1362 31.7351 6.2
      vertex 23.1765 31.9029 14.2
      vertex 23.1765 31.9029 6.2
    endloop
  endfacet
  facet normal -0.97235 0.233526 0
    outer loop
      vertex 23.1765 31.9029 14.2
      vertex 23.1362 31.7351 6.2
      vertex 23.1362 31.7351 14.2
    endloop
  endfacet
  facet normal -0.996937 0.0782025 0
    outer loop
      vertex 23.1765 31.9029 6.2
      vertex 23.19 32.075 14.2
      vertex 23.19 32.075 6.2
    endloop
  endfacet
  facet normal -0.996937 0.0782025 0
    outer loop
      vertex 23.19 32.075 14.2
      vertex 23.1765 31.9029 6.2
      vertex 23.1765 31.9029 14.2
    endloop
  endfacet
  facet normal -0.233526 -0.97235 0
    outer loop
      vertex 22.2621 33.1615 6.2
      vertex 22.4299 33.1212 14.2
      vertex 22.2621 33.1615 14.2
    endloop
  endfacet
  facet normal -0.233526 -0.97235 -0
    outer loop
      vertex 22.4299 33.1212 14.2
      vertex 22.2621 33.1615 6.2
      vertex 22.4299 33.1212 6.2
    endloop
  endfacet
  facet normal -0.382846 -0.923812 0
    outer loop
      vertex 22.4299 33.1212 6.2
      vertex 22.5894 33.0551 14.2
      vertex 22.4299 33.1212 14.2
    endloop
  endfacet
  facet normal -0.382846 -0.923812 -0
    outer loop
      vertex 22.5894 33.0551 14.2
      vertex 22.4299 33.1212 6.2
      vertex 22.5894 33.0551 6.2
    endloop
  endfacet
  facet normal 0.97235 -0.233526 0
    outer loop
      vertex 21.0035 32.2471 14.2
      vertex 21.0438 32.4149 6.2
      vertex 21.0438 32.4149 14.2
    endloop
  endfacet
  facet normal 0.97235 -0.233526 0
    outer loop
      vertex 21.0438 32.4149 6.2
      vertex 21.0035 32.2471 14.2
      vertex 21.0035 32.2471 6.2
    endloop
  endfacet
  facet normal 0.996937 0.0782025 0
    outer loop
      vertex 21.0035 31.9029 14.2
      vertex 20.99 32.075 6.2
      vertex 20.99 32.075 14.2
    endloop
  endfacet
  facet normal 0.996937 0.0782025 0
    outer loop
      vertex 20.99 32.075 6.2
      vertex 21.0035 31.9029 14.2
      vertex 21.0035 31.9029 6.2
    endloop
  endfacet
  facet normal 0.760278 0.649598 0
    outer loop
      vertex 21.3122 31.2972 14.2
      vertex 21.2001 31.4284 6.2
      vertex 21.2001 31.4284 14.2
    endloop
  endfacet
  facet normal 0.760278 0.649598 0
    outer loop
      vertex 21.2001 31.4284 6.2
      vertex 21.3122 31.2972 14.2
      vertex 21.3122 31.2972 6.2
    endloop
  endfacet
  facet normal 0.852651 0.522481 0
    outer loop
      vertex 21.2001 31.4284 14.2
      vertex 21.1099 31.5756 6.2
      vertex 21.1099 31.5756 14.2
    endloop
  endfacet
  facet normal 0.852651 0.522481 0
    outer loop
      vertex 21.1099 31.5756 6.2
      vertex 21.2001 31.4284 14.2
      vertex 21.2001 31.4284 6.2
    endloop
  endfacet
  facet normal 0.923812 0.382846 0
    outer loop
      vertex 21.1099 31.5756 14.2
      vertex 21.0438 31.7351 6.2
      vertex 21.0438 31.7351 14.2
    endloop
  endfacet
  facet normal 0.923812 0.382846 0
    outer loop
      vertex 21.0438 31.7351 6.2
      vertex 21.1099 31.5756 14.2
      vertex 21.1099 31.5756 6.2
    endloop
  endfacet
  facet normal 0.382846 0.923812 -0
    outer loop
      vertex 21.7501 31.0288 6.2
      vertex 21.5906 31.0949 14.2
      vertex 21.7501 31.0288 14.2
    endloop
  endfacet
  facet normal 0.382846 0.923812 0
    outer loop
      vertex 21.5906 31.0949 14.2
      vertex 21.7501 31.0288 6.2
      vertex 21.5906 31.0949 6.2
    endloop
  endfacet
  facet normal 0.923812 -0.382846 0
    outer loop
      vertex 21.0438 32.4149 14.2
      vertex 21.1099 32.5744 6.2
      vertex 21.1099 32.5744 14.2
    endloop
  endfacet
  facet normal 0.923812 -0.382846 0
    outer loop
      vertex 21.1099 32.5744 6.2
      vertex 21.0438 32.4149 14.2
      vertex 21.0438 32.4149 6.2
    endloop
  endfacet
  facet normal -0.0782025 0.996937 0
    outer loop
      vertex 22.2621 30.9885 6.2
      vertex 22.09 30.975 14.2
      vertex 22.2621 30.9885 14.2
    endloop
  endfacet
  facet normal -0.0782025 0.996937 0
    outer loop
      vertex 22.09 30.975 14.2
      vertex 22.2621 30.9885 6.2
      vertex 22.09 30.975 6.2
    endloop
  endfacet
  facet normal 0.996937 -0.0782025 0
    outer loop
      vertex 20.99 32.075 14.2
      vertex 21.0035 32.2471 6.2
      vertex 21.0035 32.2471 14.2
    endloop
  endfacet
  facet normal 0.996937 -0.0782025 0
    outer loop
      vertex 21.0035 32.2471 6.2
      vertex 20.99 32.075 14.2
      vertex 20.99 32.075 6.2
    endloop
  endfacet
  facet normal -0.649598 0.760278 0
    outer loop
      vertex 22.8678 31.2972 6.2
      vertex 22.7366 31.1851 14.2
      vertex 22.8678 31.2972 14.2
    endloop
  endfacet
  facet normal -0.649598 0.760278 0
    outer loop
      vertex 22.7366 31.1851 14.2
      vertex 22.8678 31.2972 6.2
      vertex 22.7366 31.1851 6.2
    endloop
  endfacet
  facet normal -0.97235 -0.233526 0
    outer loop
      vertex 23.1765 32.2471 6.2
      vertex 23.1362 32.4149 14.2
      vertex 23.1362 32.4149 6.2
    endloop
  endfacet
  facet normal -0.97235 -0.233526 0
    outer loop
      vertex 23.1362 32.4149 14.2
      vertex 23.1765 32.2471 6.2
      vertex 23.1765 32.2471 14.2
    endloop
  endfacet
  facet normal -0.923812 -0.382846 0
    outer loop
      vertex 23.1362 32.4149 6.2
      vertex 23.0701 32.5744 14.2
      vertex 23.0701 32.5744 6.2
    endloop
  endfacet
  facet normal -0.923812 -0.382846 0
    outer loop
      vertex 23.0701 32.5744 14.2
      vertex 23.1362 32.4149 6.2
      vertex 23.1362 32.4149 14.2
    endloop
  endfacet
  facet normal 0.0782025 -0.996937 0
    outer loop
      vertex 21.9179 33.1615 6.2
      vertex 22.09 33.175 14.2
      vertex 21.9179 33.1615 14.2
    endloop
  endfacet
  facet normal 0.0782025 -0.996937 0
    outer loop
      vertex 22.09 33.175 14.2
      vertex 21.9179 33.1615 6.2
      vertex 22.09 33.175 6.2
    endloop
  endfacet
  facet normal 0.649598 -0.760278 0
    outer loop
      vertex 21.3122 32.8528 6.2
      vertex 21.4434 32.9649 14.2
      vertex 21.3122 32.8528 14.2
    endloop
  endfacet
  facet normal 0.649598 -0.760278 0
    outer loop
      vertex 21.4434 32.9649 14.2
      vertex 21.3122 32.8528 6.2
      vertex 21.4434 32.9649 6.2
    endloop
  endfacet
  facet normal 0.382846 -0.923812 0
    outer loop
      vertex 21.5906 33.0551 6.2
      vertex 21.7501 33.1212 14.2
      vertex 21.5906 33.0551 14.2
    endloop
  endfacet
  facet normal 0.382846 -0.923812 0
    outer loop
      vertex 21.7501 33.1212 14.2
      vertex 21.5906 33.0551 6.2
      vertex 21.7501 33.1212 6.2
    endloop
  endfacet
  facet normal 0.0782025 0.996937 -0
    outer loop
      vertex 22.09 30.975 6.2
      vertex 21.9179 30.9885 14.2
      vertex 22.09 30.975 14.2
    endloop
  endfacet
  facet normal 0.0782025 0.996937 0
    outer loop
      vertex 21.9179 30.9885 14.2
      vertex 22.09 30.975 6.2
      vertex 21.9179 30.9885 6.2
    endloop
  endfacet
  facet normal -0.996937 -0.0782025 0
    outer loop
      vertex 23.19 32.075 6.2
      vertex 23.1765 32.2471 14.2
      vertex 23.1765 32.2471 6.2
    endloop
  endfacet
  facet normal -0.996937 -0.0782025 0
    outer loop
      vertex 23.1765 32.2471 14.2
      vertex 23.19 32.075 6.2
      vertex 23.19 32.075 14.2
    endloop
  endfacet
  facet normal 0.649598 0.760278 -0
    outer loop
      vertex 21.4434 31.1851 6.2
      vertex 21.3122 31.2972 14.2
      vertex 21.4434 31.1851 14.2
    endloop
  endfacet
  facet normal 0.649598 0.760278 0
    outer loop
      vertex 21.3122 31.2972 14.2
      vertex 21.4434 31.1851 6.2
      vertex 21.3122 31.2972 6.2
    endloop
  endfacet
  facet normal 0.97235 0.233526 0
    outer loop
      vertex 21.0438 31.7351 14.2
      vertex 21.0035 31.9029 6.2
      vertex 21.0035 31.9029 14.2
    endloop
  endfacet
  facet normal 0.97235 0.233526 0
    outer loop
      vertex 21.0035 31.9029 6.2
      vertex 21.0438 31.7351 14.2
      vertex 21.0438 31.7351 6.2
    endloop
  endfacet
  facet normal -0.760278 0.649598 0
    outer loop
      vertex 22.8678 31.2972 6.2
      vertex 22.9799 31.4284 14.2
      vertex 22.9799 31.4284 6.2
    endloop
  endfacet
  facet normal -0.760278 0.649598 0
    outer loop
      vertex 22.9799 31.4284 14.2
      vertex 22.8678 31.2972 6.2
      vertex 22.8678 31.2972 14.2
    endloop
  endfacet
  facet normal -0.382846 0.923812 0
    outer loop
      vertex 22.5894 31.0949 6.2
      vertex 22.4299 31.0288 14.2
      vertex 22.5894 31.0949 14.2
    endloop
  endfacet
  facet normal -0.382846 0.923812 0
    outer loop
      vertex 22.4299 31.0288 14.2
      vertex 22.5894 31.0949 6.2
      vertex 22.4299 31.0288 6.2
    endloop
  endfacet
  facet normal 0.852651 -0.522481 0
    outer loop
      vertex 21.1099 32.5744 14.2
      vertex 21.2001 32.7216 6.2
      vertex 21.2001 32.7216 14.2
    endloop
  endfacet
  facet normal 0.852651 -0.522481 0
    outer loop
      vertex 21.2001 32.7216 6.2
      vertex 21.1099 32.5744 14.2
      vertex 21.1099 32.5744 6.2
    endloop
  endfacet
  facet normal -0.649598 -0.760278 0
    outer loop
      vertex 22.7366 32.9649 6.2
      vertex 22.8678 32.8528 14.2
      vertex 22.7366 32.9649 14.2
    endloop
  endfacet
  facet normal -0.649598 -0.760278 -0
    outer loop
      vertex 22.8678 32.8528 14.2
      vertex 22.7366 32.9649 6.2
      vertex 22.8678 32.8528 6.2
    endloop
  endfacet
  facet normal -0.522481 -0.852651 0
    outer loop
      vertex 22.5894 33.0551 6.2
      vertex 22.7366 32.9649 14.2
      vertex 22.5894 33.0551 14.2
    endloop
  endfacet
  facet normal -0.522481 -0.852651 -0
    outer loop
      vertex 22.7366 32.9649 14.2
      vertex 22.5894 33.0551 6.2
      vertex 22.7366 32.9649 6.2
    endloop
  endfacet
  facet normal -0.852651 -0.522481 0
    outer loop
      vertex 23.0701 32.5744 6.2
      vertex 22.9799 32.7216 14.2
      vertex 22.9799 32.7216 6.2
    endloop
  endfacet
  facet normal -0.852651 -0.522481 0
    outer loop
      vertex 22.9799 32.7216 14.2
      vertex 23.0701 32.5744 6.2
      vertex 23.0701 32.5744 14.2
    endloop
  endfacet
  facet normal -0.522481 0.852651 0
    outer loop
      vertex 22.7366 31.1851 6.2
      vertex 22.5894 31.0949 14.2
      vertex 22.7366 31.1851 14.2
    endloop
  endfacet
  facet normal -0.522481 0.852651 0
    outer loop
      vertex 22.5894 31.0949 14.2
      vertex 22.7366 31.1851 6.2
      vertex 22.5894 31.0949 6.2
    endloop
  endfacet
  facet normal -0.0782025 -0.996937 0
    outer loop
      vertex 22.09 33.175 6.2
      vertex 22.2621 33.1615 14.2
      vertex 22.09 33.175 14.2
    endloop
  endfacet
  facet normal -0.0782025 -0.996937 -0
    outer loop
      vertex 22.2621 33.1615 14.2
      vertex 22.09 33.175 6.2
      vertex 22.2621 33.1615 6.2
    endloop
  endfacet
  facet normal 0.233526 0.97235 -0
    outer loop
      vertex 21.9179 30.9885 6.2
      vertex 21.7501 31.0288 14.2
      vertex 21.9179 30.9885 14.2
    endloop
  endfacet
  facet normal 0.233526 0.97235 0
    outer loop
      vertex 21.7501 31.0288 14.2
      vertex 21.9179 30.9885 6.2
      vertex 21.7501 31.0288 6.2
    endloop
  endfacet
  facet normal 0.760278 -0.649598 0
    outer loop
      vertex 21.2001 32.7216 14.2
      vertex 21.3122 32.8528 6.2
      vertex 21.3122 32.8528 14.2
    endloop
  endfacet
  facet normal 0.760278 -0.649598 0
    outer loop
      vertex 21.3122 32.8528 6.2
      vertex 21.2001 32.7216 14.2
      vertex 21.2001 32.7216 6.2
    endloop
  endfacet
  facet normal -0.852651 0.522481 0
    outer loop
      vertex 22.9799 31.4284 6.2
      vertex 23.0701 31.5756 14.2
      vertex 23.0701 31.5756 6.2
    endloop
  endfacet
  facet normal -0.852651 0.522481 0
    outer loop
      vertex 23.0701 31.5756 14.2
      vertex 22.9799 31.4284 6.2
      vertex 22.9799 31.4284 14.2
    endloop
  endfacet
  facet normal -0.233526 0.97235 0
    outer loop
      vertex 22.4299 31.0288 6.2
      vertex 22.2621 30.9885 14.2
      vertex 22.4299 31.0288 14.2
    endloop
  endfacet
  facet normal -0.233526 0.97235 0
    outer loop
      vertex 22.2621 30.9885 14.2
      vertex 22.4299 31.0288 6.2
      vertex 22.2621 30.9885 6.2
    endloop
  endfacet
  facet normal -0.760278 -0.649598 0
    outer loop
      vertex 22.9799 32.7216 6.2
      vertex 22.8678 32.8528 14.2
      vertex 22.8678 32.8528 6.2
    endloop
  endfacet
  facet normal -0.760278 -0.649598 0
    outer loop
      vertex 22.8678 32.8528 14.2
      vertex 22.9799 32.7216 6.2
      vertex 22.9799 32.7216 14.2
    endloop
  endfacet
  facet normal -0.923812 0.382846 0
    outer loop
      vertex 23.0701 31.5756 6.2
      vertex 23.1362 31.7351 14.2
      vertex 23.1362 31.7351 6.2
    endloop
  endfacet
  facet normal -0.923812 0.382846 0
    outer loop
      vertex 23.1362 31.7351 14.2
      vertex 23.0701 31.5756 6.2
      vertex 23.0701 31.5756 14.2
    endloop
  endfacet
  facet normal 0.522481 0.852651 -0
    outer loop
      vertex 21.5906 31.0949 6.2
      vertex 21.4434 31.1851 14.2
      vertex 21.5906 31.0949 14.2
    endloop
  endfacet
  facet normal 0.522481 0.852651 0
    outer loop
      vertex 21.4434 31.1851 14.2
      vertex 21.5906 31.0949 6.2
      vertex 21.4434 31.1851 6.2
    endloop
  endfacet
  facet normal 0.233526 -0.97235 0
    outer loop
      vertex 21.7501 33.1212 6.2
      vertex 21.9179 33.1615 14.2
      vertex 21.7501 33.1212 14.2
    endloop
  endfacet
  facet normal 0.233526 -0.97235 0
    outer loop
      vertex 21.9179 33.1615 14.2
      vertex 21.7501 33.1212 6.2
      vertex 21.9179 33.1615 6.2
    endloop
  endfacet
  facet normal 0.522481 -0.852651 0
    outer loop
      vertex 21.4434 32.9649 6.2
      vertex 21.5906 33.0551 14.2
      vertex 21.4434 32.9649 14.2
    endloop
  endfacet
  facet normal 0.522481 -0.852651 0
    outer loop
      vertex 21.5906 33.0551 14.2
      vertex 21.4434 32.9649 6.2
      vertex 21.5906 33.0551 6.2
    endloop
  endfacet
  facet normal 0 0 1
    outer loop
      vertex 23.1765 32.2471 6.2
      vertex 23.1765 31.9029 6.2
      vertex 23.19 32.075 6.2
    endloop
  endfacet
  facet normal 0 0 1
    outer loop
      vertex 23.1362 32.4149 6.2
      vertex 23.1765 31.9029 6.2
      vertex 23.1765 32.2471 6.2
    endloop
  endfacet
  facet normal 0 0 1
    outer loop
      vertex 23.1362 32.4149 6.2
      vertex 23.1362 31.7351 6.2
      vertex 23.1765 31.9029 6.2
    endloop
  endfacet
  facet normal 0 0 1
    outer loop
      vertex 23.0701 32.5744 6.2
      vertex 23.1362 31.7351 6.2
      vertex 23.1362 32.4149 6.2
    endloop
  endfacet
  facet normal 0 0 1
    outer loop
      vertex 23.0701 32.5744 6.2
      vertex 23.0701 31.5756 6.2
      vertex 23.1362 31.7351 6.2
    endloop
  endfacet
  facet normal 0 0 1
    outer loop
      vertex 22.9799 32.7216 6.2
      vertex 23.0701 31.5756 6.2
      vertex 23.0701 32.5744 6.2
    endloop
  endfacet
  facet normal 0 0 1
    outer loop
      vertex 22.9799 32.7216 6.2
      vertex 22.9799 31.4284 6.2
      vertex 23.0701 31.5756 6.2
    endloop
  endfacet
  facet normal 0 0 1
    outer loop
      vertex 22.8678 32.8528 6.2
      vertex 22.9799 31.4284 6.2
      vertex 22.9799 32.7216 6.2
    endloop
  endfacet
  facet normal 0 0 1
    outer loop
      vertex 22.8678 32.8528 6.2
      vertex 22.8678 31.2972 6.2
      vertex 22.9799 31.4284 6.2
    endloop
  endfacet
  facet normal 0 0 1
    outer loop
      vertex 22.7366 32.9649 6.2
      vertex 22.8678 31.2972 6.2
      vertex 22.8678 32.8528 6.2
    endloop
  endfacet
  facet normal 0 0 1
    outer loop
      vertex 22.7366 32.9649 6.2
      vertex 22.7366 31.1851 6.2
      vertex 22.8678 31.2972 6.2
    endloop
  endfacet
  facet normal 0 0 1
    outer loop
      vertex 22.5894 33.0551 6.2
      vertex 22.7366 31.1851 6.2
      vertex 22.7366 32.9649 6.2
    endloop
  endfacet
  facet normal 0 0 1
    outer loop
      vertex 22.5894 33.0551 6.2
      vertex 22.5894 31.0949 6.2
      vertex 22.7366 31.1851 6.2
    endloop
  endfacet
  facet normal 0 0 1
    outer loop
      vertex 22.4299 33.1212 6.2
      vertex 22.5894 31.0949 6.2
      vertex 22.5894 33.0551 6.2
    endloop
  endfacet
  facet normal 0 0 1
    outer loop
      vertex 22.4299 33.1212 6.2
      vertex 22.4299 31.0288 6.2
      vertex 22.5894 31.0949 6.2
    endloop
  endfacet
  facet normal 0 0 1
    outer loop
      vertex 22.2621 33.1615 6.2
      vertex 22.4299 31.0288 6.2
      vertex 22.4299 33.1212 6.2
    endloop
  endfacet
  facet normal 0 0 1
    outer loop
      vertex 22.2621 33.1615 6.2
      vertex 22.2621 30.9885 6.2
      vertex 22.4299 31.0288 6.2
    endloop
  endfacet
  facet normal 0 0 1
    outer loop
      vertex 22.09 33.175 6.2
      vertex 22.2621 30.9885 6.2
      vertex 22.2621 33.1615 6.2
    endloop
  endfacet
  facet normal 0 0 1
    outer loop
      vertex 22.09 33.175 6.2
      vertex 22.09 30.975 6.2
      vertex 22.2621 30.9885 6.2
    endloop
  endfacet
  facet normal -0 0 1
    outer loop
      vertex 21.9179 33.1615 6.2
      vertex 22.09 30.975 6.2
      vertex 22.09 33.175 6.2
    endloop
  endfacet
  facet normal 0 0 1
    outer loop
      vertex 21.9179 33.1615 6.2
      vertex 21.9179 30.9885 6.2
      vertex 22.09 30.975 6.2
    endloop
  endfacet
  facet normal -0 0 1
    outer loop
      vertex 21.7501 33.1212 6.2
      vertex 21.9179 30.9885 6.2
      vertex 21.9179 33.1615 6.2
    endloop
  endfacet
  facet normal 0 0 1
    outer loop
      vertex 21.7501 33.1212 6.2
      vertex 21.7501 31.0288 6.2
      vertex 21.9179 30.9885 6.2
    endloop
  endfacet
  facet normal -0 0 1
    outer loop
      vertex 21.5906 33.0551 6.2
      vertex 21.7501 31.0288 6.2
      vertex 21.7501 33.1212 6.2
    endloop
  endfacet
  facet normal 0 0 1
    outer loop
      vertex 21.5906 33.0551 6.2
      vertex 21.5906 31.0949 6.2
      vertex 21.7501 31.0288 6.2
    endloop
  endfacet
  facet normal -0 0 1
    outer loop
      vertex 21.4434 32.9649 6.2
      vertex 21.5906 31.0949 6.2
      vertex 21.5906 33.0551 6.2
    endloop
  endfacet
  facet normal 0 0 1
    outer loop
      vertex 21.4434 32.9649 6.2
      vertex 21.4434 31.1851 6.2
      vertex 21.5906 31.0949 6.2
    endloop
  endfacet
  facet normal -0 0 1
    outer loop
      vertex 21.3122 32.8528 6.2
      vertex 21.4434 31.1851 6.2
      vertex 21.4434 32.9649 6.2
    endloop
  endfacet
  facet normal 0 0 1
    outer loop
      vertex 21.3122 32.8528 6.2
      vertex 21.3122 31.2972 6.2
      vertex 21.4434 31.1851 6.2
    endloop
  endfacet
  facet normal -0 0 1
    outer loop
      vertex 21.2001 32.7216 6.2
      vertex 21.3122 31.2972 6.2
      vertex 21.3122 32.8528 6.2
    endloop
  endfacet
  facet normal 0 0 1
    outer loop
      vertex 21.2001 32.7216 6.2
      vertex 21.2001 31.4284 6.2
      vertex 21.3122 31.2972 6.2
    endloop
  endfacet
  facet normal -0 0 1
    outer loop
      vertex 21.1099 32.5744 6.2
      vertex 21.2001 31.4284 6.2
      vertex 21.2001 32.7216 6.2
    endloop
  endfacet
  facet normal 0 0 1
    outer loop
      vertex 21.1099 32.5744 6.2
      vertex 21.1099 31.5756 6.2
      vertex 21.2001 31.4284 6.2
    endloop
  endfacet
  facet normal -0 0 1
    outer loop
      vertex 21.0438 32.4149 6.2
      vertex 21.1099 31.5756 6.2
      vertex 21.1099 32.5744 6.2
    endloop
  endfacet
  facet normal 0 0 1
    outer loop
      vertex 21.0438 32.4149 6.2
      vertex 21.0438 31.7351 6.2
      vertex 21.1099 31.5756 6.2
    endloop
  endfacet
  facet normal -0 0 1
    outer loop
      vertex 21.0035 32.2471 6.2
      vertex 21.0438 31.7351 6.2
      vertex 21.0438 32.4149 6.2
    endloop
  endfacet
  facet normal 0 0 1
    outer loop
      vertex 21.0035 32.2471 6.2
      vertex 21.0035 31.9029 6.2
      vertex 21.0438 31.7351 6.2
    endloop
  endfacet
  facet normal 0 -0 1
    outer loop
      vertex 21.0035 31.9029 6.2
      vertex 21.0035 32.2471 6.2
      vertex 20.99 32.075 6.2
    endloop
  endfacet
  facet normal -0.0782025 -0.996937 0
    outer loop
      vertex 22.09 13.49 6.2
      vertex 22.2621 13.4765 14.2
      vertex 22.09 13.49 14.2
    endloop
  endfacet
  facet normal -0.0782025 -0.996937 -0
    outer loop
      vertex 22.2621 13.4765 14.2
      vertex 22.09 13.49 6.2
      vertex 22.2621 13.4765 6.2
    endloop
  endfacet
  facet normal -0.97235 0.233526 0
    outer loop
      vertex 23.1362 12.0501 6.2
      vertex 23.1765 12.2179 14.2
      vertex 23.1765 12.2179 6.2
    endloop
  endfacet
  facet normal -0.97235 0.233526 0
    outer loop
      vertex 23.1765 12.2179 14.2
      vertex 23.1362 12.0501 6.2
      vertex 23.1362 12.0501 14.2
    endloop
  endfacet
  facet normal -0.996937 0.0782025 0
    outer loop
      vertex 23.1765 12.2179 6.2
      vertex 23.19 12.39 14.2
      vertex 23.19 12.39 6.2
    endloop
  endfacet
  facet normal -0.996937 0.0782025 0
    outer loop
      vertex 23.19 12.39 14.2
      vertex 23.1765 12.2179 6.2
      vertex 23.1765 12.2179 14.2
    endloop
  endfacet
  facet normal -0.923812 0.382846 0
    outer loop
      vertex 23.0701 11.8906 6.2
      vertex 23.1362 12.0501 14.2
      vertex 23.1362 12.0501 6.2
    endloop
  endfacet
  facet normal -0.923812 0.382846 0
    outer loop
      vertex 23.1362 12.0501 14.2
      vertex 23.0701 11.8906 6.2
      vertex 23.0701 11.8906 14.2
    endloop
  endfacet
  facet normal 0.923812 -0.382846 0
    outer loop
      vertex 21.0438 12.7299 14.2
      vertex 21.1099 12.8894 6.2
      vertex 21.1099 12.8894 14.2
    endloop
  endfacet
  facet normal 0.923812 -0.382846 0
    outer loop
      vertex 21.1099 12.8894 6.2
      vertex 21.0438 12.7299 14.2
      vertex 21.0438 12.7299 6.2
    endloop
  endfacet
  facet normal 0.522481 0.852651 -0
    outer loop
      vertex 21.5906 11.4099 6.2
      vertex 21.4434 11.5001 14.2
      vertex 21.5906 11.4099 14.2
    endloop
  endfacet
  facet normal 0.522481 0.852651 0
    outer loop
      vertex 21.4434 11.5001 14.2
      vertex 21.5906 11.4099 6.2
      vertex 21.4434 11.5001 6.2
    endloop
  endfacet
  facet normal -0.852651 -0.522481 0
    outer loop
      vertex 23.0701 12.8894 6.2
      vertex 22.9799 13.0366 14.2
      vertex 22.9799 13.0366 6.2
    endloop
  endfacet
  facet normal -0.852651 -0.522481 0
    outer loop
      vertex 22.9799 13.0366 14.2
      vertex 23.0701 12.8894 6.2
      vertex 23.0701 12.8894 14.2
    endloop
  endfacet
  facet normal -0.97235 -0.233526 0
    outer loop
      vertex 23.1765 12.5621 6.2
      vertex 23.1362 12.7299 14.2
      vertex 23.1362 12.7299 6.2
    endloop
  endfacet
  facet normal -0.97235 -0.233526 0
    outer loop
      vertex 23.1362 12.7299 14.2
      vertex 23.1765 12.5621 6.2
      vertex 23.1765 12.5621 14.2
    endloop
  endfacet
  facet normal 0.97235 0.233526 0
    outer loop
      vertex 21.0438 12.0501 14.2
      vertex 21.0035 12.2179 6.2
      vertex 21.0035 12.2179 14.2
    endloop
  endfacet
  facet normal 0.97235 0.233526 0
    outer loop
      vertex 21.0035 12.2179 6.2
      vertex 21.0438 12.0501 14.2
      vertex 21.0438 12.0501 6.2
    endloop
  endfacet
  facet normal -0.760278 0.649598 0
    outer loop
      vertex 22.8678 11.6122 6.2
      vertex 22.9799 11.7434 14.2
      vertex 22.9799 11.7434 6.2
    endloop
  endfacet
  facet normal -0.760278 0.649598 0
    outer loop
      vertex 22.9799 11.7434 14.2
      vertex 22.8678 11.6122 6.2
      vertex 22.8678 11.6122 14.2
    endloop
  endfacet
  facet normal 0.996937 -0.0782025 0
    outer loop
      vertex 20.99 12.39 14.2
      vertex 21.0035 12.5621 6.2
      vertex 21.0035 12.5621 14.2
    endloop
  endfacet
  facet normal 0.996937 -0.0782025 0
    outer loop
      vertex 21.0035 12.5621 6.2
      vertex 20.99 12.39 14.2
      vertex 20.99 12.39 6.2
    endloop
  endfacet
  facet normal -0.760278 -0.649598 0
    outer loop
      vertex 22.9799 13.0366 6.2
      vertex 22.8678 13.1678 14.2
      vertex 22.8678 13.1678 6.2
    endloop
  endfacet
  facet normal -0.760278 -0.649598 0
    outer loop
      vertex 22.8678 13.1678 14.2
      vertex 22.9799 13.0366 6.2
      vertex 22.9799 13.0366 14.2
    endloop
  endfacet
  facet normal 0.97235 -0.233526 0
    outer loop
      vertex 21.0035 12.5621 14.2
      vertex 21.0438 12.7299 6.2
      vertex 21.0438 12.7299 14.2
    endloop
  endfacet
  facet normal 0.97235 -0.233526 0
    outer loop
      vertex 21.0438 12.7299 6.2
      vertex 21.0035 12.5621 14.2
      vertex 21.0035 12.5621 6.2
    endloop
  endfacet
  facet normal -0.522481 0.852651 0
    outer loop
      vertex 22.7366 11.5001 6.2
      vertex 22.5894 11.4099 14.2
      vertex 22.7366 11.5001 14.2
    endloop
  endfacet
  facet normal -0.522481 0.852651 0
    outer loop
      vertex 22.5894 11.4099 14.2
      vertex 22.7366 11.5001 6.2
      vertex 22.5894 11.4099 6.2
    endloop
  endfacet
  facet normal 0.649598 -0.760278 0
    outer loop
      vertex 21.3122 13.1678 6.2
      vertex 21.4434 13.2799 14.2
      vertex 21.3122 13.1678 14.2
    endloop
  endfacet
  facet normal 0.649598 -0.760278 0
    outer loop
      vertex 21.4434 13.2799 14.2
      vertex 21.3122 13.1678 6.2
      vertex 21.4434 13.2799 6.2
    endloop
  endfacet
  facet normal -0.382846 -0.923812 0
    outer loop
      vertex 22.4299 13.4362 6.2
      vertex 22.5894 13.3701 14.2
      vertex 22.4299 13.4362 14.2
    endloop
  endfacet
  facet normal -0.382846 -0.923812 -0
    outer loop
      vertex 22.5894 13.3701 14.2
      vertex 22.4299 13.4362 6.2
      vertex 22.5894 13.3701 6.2
    endloop
  endfacet
  facet normal -0.923812 -0.382846 0
    outer loop
      vertex 23.1362 12.7299 6.2
      vertex 23.0701 12.8894 14.2
      vertex 23.0701 12.8894 6.2
    endloop
  endfacet
  facet normal -0.923812 -0.382846 0
    outer loop
      vertex 23.0701 12.8894 14.2
      vertex 23.1362 12.7299 6.2
      vertex 23.1362 12.7299 14.2
    endloop
  endfacet
  facet normal -0.649598 0.760278 0
    outer loop
      vertex 22.8678 11.6122 6.2
      vertex 22.7366 11.5001 14.2
      vertex 22.8678 11.6122 14.2
    endloop
  endfacet
  facet normal -0.649598 0.760278 0
    outer loop
      vertex 22.7366 11.5001 14.2
      vertex 22.8678 11.6122 6.2
      vertex 22.7366 11.5001 6.2
    endloop
  endfacet
  facet normal 0.382846 0.923812 -0
    outer loop
      vertex 21.7501 11.3438 6.2
      vertex 21.5906 11.4099 14.2
      vertex 21.7501 11.3438 14.2
    endloop
  endfacet
  facet normal 0.382846 0.923812 0
    outer loop
      vertex 21.5906 11.4099 14.2
      vertex 21.7501 11.3438 6.2
      vertex 21.5906 11.4099 6.2
    endloop
  endfacet
  facet normal -0.0782025 0.996937 0
    outer loop
      vertex 22.2621 11.3035 6.2
      vertex 22.09 11.29 14.2
      vertex 22.2621 11.3035 14.2
    endloop
  endfacet
  facet normal -0.0782025 0.996937 0
    outer loop
      vertex 22.09 11.29 14.2
      vertex 22.2621 11.3035 6.2
      vertex 22.09 11.29 6.2
    endloop
  endfacet
  facet normal 0.522481 -0.852651 0
    outer loop
      vertex 21.4434 13.2799 6.2
      vertex 21.5906 13.3701 14.2
      vertex 21.4434 13.2799 14.2
    endloop
  endfacet
  facet normal 0.522481 -0.852651 0
    outer loop
      vertex 21.5906 13.3701 14.2
      vertex 21.4434 13.2799 6.2
      vertex 21.5906 13.3701 6.2
    endloop
  endfacet
  facet normal -0.852651 0.522481 0
    outer loop
      vertex 22.9799 11.7434 6.2
      vertex 23.0701 11.8906 14.2
      vertex 23.0701 11.8906 6.2
    endloop
  endfacet
  facet normal -0.852651 0.522481 0
    outer loop
      vertex 23.0701 11.8906 14.2
      vertex 22.9799 11.7434 6.2
      vertex 22.9799 11.7434 14.2
    endloop
  endfacet
  facet normal 0.649598 0.760278 -0
    outer loop
      vertex 21.4434 11.5001 6.2
      vertex 21.3122 11.6122 14.2
      vertex 21.4434 11.5001 14.2
    endloop
  endfacet
  facet normal 0.649598 0.760278 0
    outer loop
      vertex 21.3122 11.6122 14.2
      vertex 21.4434 11.5001 6.2
      vertex 21.3122 11.6122 6.2
    endloop
  endfacet
  facet normal -0.996937 -0.0782025 0
    outer loop
      vertex 23.19 12.39 6.2
      vertex 23.1765 12.5621 14.2
      vertex 23.1765 12.5621 6.2
    endloop
  endfacet
  facet normal -0.996937 -0.0782025 0
    outer loop
      vertex 23.1765 12.5621 14.2
      vertex 23.19 12.39 6.2
      vertex 23.19 12.39 14.2
    endloop
  endfacet
  facet normal 0.852651 0.522481 0
    outer loop
      vertex 21.2001 11.7434 14.2
      vertex 21.1099 11.8906 6.2
      vertex 21.1099 11.8906 14.2
    endloop
  endfacet
  facet normal 0.852651 0.522481 0
    outer loop
      vertex 21.1099 11.8906 6.2
      vertex 21.2001 11.7434 14.2
      vertex 21.2001 11.7434 6.2
    endloop
  endfacet
  facet normal 0.233526 0.97235 -0
    outer loop
      vertex 21.9179 11.3035 6.2
      vertex 21.7501 11.3438 14.2
      vertex 21.9179 11.3035 14.2
    endloop
  endfacet
  facet normal 0.233526 0.97235 0
    outer loop
      vertex 21.7501 11.3438 14.2
      vertex 21.9179 11.3035 6.2
      vertex 21.7501 11.3438 6.2
    endloop
  endfacet
  facet normal 0.0782025 0.996937 -0
    outer loop
      vertex 22.09 11.29 6.2
      vertex 21.9179 11.3035 14.2
      vertex 22.09 11.29 14.2
    endloop
  endfacet
  facet normal 0.0782025 0.996937 0
    outer loop
      vertex 21.9179 11.3035 14.2
      vertex 22.09 11.29 6.2
      vertex 21.9179 11.3035 6.2
    endloop
  endfacet
  facet normal 0 0 1
    outer loop
      vertex 23.1765 12.5621 6.2
      vertex 23.1765 12.2179 6.2
      vertex 23.19 12.39 6.2
    endloop
  endfacet
  facet normal 0 0 1
    outer loop
      vertex 23.1362 12.7299 6.2
      vertex 23.1765 12.2179 6.2
      vertex 23.1765 12.5621 6.2
    endloop
  endfacet
  facet normal 0 0 1
    outer loop
      vertex 23.1362 12.7299 6.2
      vertex 23.1362 12.0501 6.2
      vertex 23.1765 12.2179 6.2
    endloop
  endfacet
  facet normal 0 0 1
    outer loop
      vertex 23.0701 12.8894 6.2
      vertex 23.1362 12.0501 6.2
      vertex 23.1362 12.7299 6.2
    endloop
  endfacet
  facet normal 0 0 1
    outer loop
      vertex 23.0701 12.8894 6.2
      vertex 23.0701 11.8906 6.2
      vertex 23.1362 12.0501 6.2
    endloop
  endfacet
  facet normal 0 0 1
    outer loop
      vertex 22.9799 13.0366 6.2
      vertex 23.0701 11.8906 6.2
      vertex 23.0701 12.8894 6.2
    endloop
  endfacet
  facet normal 0 0 1
    outer loop
      vertex 22.9799 13.0366 6.2
      vertex 22.9799 11.7434 6.2
      vertex 23.0701 11.8906 6.2
    endloop
  endfacet
  facet normal 0 0 1
    outer loop
      vertex 22.8678 13.1678 6.2
      vertex 22.9799 11.7434 6.2
      vertex 22.9799 13.0366 6.2
    endloop
  endfacet
  facet normal 0 0 1
    outer loop
      vertex 22.8678 13.1678 6.2
      vertex 22.8678 11.6122 6.2
      vertex 22.9799 11.7434 6.2
    endloop
  endfacet
  facet normal 0 0 1
    outer loop
      vertex 22.7366 13.2799 6.2
      vertex 22.8678 11.6122 6.2
      vertex 22.8678 13.1678 6.2
    endloop
  endfacet
  facet normal 0 0 1
    outer loop
      vertex 22.7366 13.2799 6.2
      vertex 22.7366 11.5001 6.2
      vertex 22.8678 11.6122 6.2
    endloop
  endfacet
  facet normal 0 0 1
    outer loop
      vertex 22.5894 13.3701 6.2
      vertex 22.7366 11.5001 6.2
      vertex 22.7366 13.2799 6.2
    endloop
  endfacet
  facet normal 0 0 1
    outer loop
      vertex 22.5894 13.3701 6.2
      vertex 22.5894 11.4099 6.2
      vertex 22.7366 11.5001 6.2
    endloop
  endfacet
  facet normal 0 0 1
    outer loop
      vertex 22.4299 13.4362 6.2
      vertex 22.5894 11.4099 6.2
      vertex 22.5894 13.3701 6.2
    endloop
  endfacet
  facet normal 0 0 1
    outer loop
      vertex 22.4299 13.4362 6.2
      vertex 22.4299 11.3438 6.2
      vertex 22.5894 11.4099 6.2
    endloop
  endfacet
  facet normal 0 0 1
    outer loop
      vertex 22.2621 13.4765 6.2
      vertex 22.4299 11.3438 6.2
      vertex 22.4299 13.4362 6.2
    endloop
  endfacet
  facet normal 0 0 1
    outer loop
      vertex 22.2621 13.4765 6.2
      vertex 22.2621 11.3035 6.2
      vertex 22.4299 11.3438 6.2
    endloop
  endfacet
  facet normal 0 0 1
    outer loop
      vertex 22.09 13.49 6.2
      vertex 22.2621 11.3035 6.2
      vertex 22.2621 13.4765 6.2
    endloop
  endfacet
  facet normal 0 0 1
    outer loop
      vertex 22.09 13.49 6.2
      vertex 22.09 11.29 6.2
      vertex 22.2621 11.3035 6.2
    endloop
  endfacet
  facet normal -0 0 1
    outer loop
      vertex 21.9179 13.4765 6.2
      vertex 22.09 11.29 6.2
      vertex 22.09 13.49 6.2
    endloop
  endfacet
  facet normal 0 0 1
    outer loop
      vertex 21.9179 13.4765 6.2
      vertex 21.9179 11.3035 6.2
      vertex 22.09 11.29 6.2
    endloop
  endfacet
  facet normal -0 0 1
    outer loop
      vertex 21.7501 13.4362 6.2
      vertex 21.9179 11.3035 6.2
      vertex 21.9179 13.4765 6.2
    endloop
  endfacet
  facet normal 0 0 1
    outer loop
      vertex 21.7501 13.4362 6.2
      vertex 21.7501 11.3438 6.2
      vertex 21.9179 11.3035 6.2
    endloop
  endfacet
  facet normal -0 0 1
    outer loop
      vertex 21.5906 13.3701 6.2
      vertex 21.7501 11.3438 6.2
      vertex 21.7501 13.4362 6.2
    endloop
  endfacet
  facet normal 0 0 1
    outer loop
      vertex 21.5906 13.3701 6.2
      vertex 21.5906 11.4099 6.2
      vertex 21.7501 11.3438 6.2
    endloop
  endfacet
  facet normal -0 0 1
    outer loop
      vertex 21.4434 13.2799 6.2
      vertex 21.5906 11.4099 6.2
      vertex 21.5906 13.3701 6.2
    endloop
  endfacet
  facet normal 0 0 1
    outer loop
      vertex 21.4434 13.2799 6.2
      vertex 21.4434 11.5001 6.2
      vertex 21.5906 11.4099 6.2
    endloop
  endfacet
  facet normal -0 0 1
    outer loop
      vertex 21.3122 13.1678 6.2
      vertex 21.4434 11.5001 6.2
      vertex 21.4434 13.2799 6.2
    endloop
  endfacet
  facet normal 0 0 1
    outer loop
      vertex 21.3122 13.1678 6.2
      vertex 21.3122 11.6122 6.2
      vertex 21.4434 11.5001 6.2
    endloop
  endfacet
  facet normal -0 0 1
    outer loop
      vertex 21.2001 13.0366 6.2
      vertex 21.3122 11.6122 6.2
      vertex 21.3122 13.1678 6.2
    endloop
  endfacet
  facet normal 0 0 1
    outer loop
      vertex 21.2001 13.0366 6.2
      vertex 21.2001 11.7434 6.2
      vertex 21.3122 11.6122 6.2
    endloop
  endfacet
  facet normal -0 0 1
    outer loop
      vertex 21.1099 12.8894 6.2
      vertex 21.2001 11.7434 6.2
      vertex 21.2001 13.0366 6.2
    endloop
  endfacet
  facet normal 0 0 1
    outer loop
      vertex 21.1099 12.8894 6.2
      vertex 21.1099 11.8906 6.2
      vertex 21.2001 11.7434 6.2
    endloop
  endfacet
  facet normal -0 0 1
    outer loop
      vertex 21.0438 12.7299 6.2
      vertex 21.1099 11.8906 6.2
      vertex 21.1099 12.8894 6.2
    endloop
  endfacet
  facet normal 0 0 1
    outer loop
      vertex 21.0438 12.7299 6.2
      vertex 21.0438 12.0501 6.2
      vertex 21.1099 11.8906 6.2
    endloop
  endfacet
  facet normal -0 0 1
    outer loop
      vertex 21.0035 12.5621 6.2
      vertex 21.0438 12.0501 6.2
      vertex 21.0438 12.7299 6.2
    endloop
  endfacet
  facet normal 0 0 1
    outer loop
      vertex 21.0035 12.5621 6.2
      vertex 21.0035 12.2179 6.2
      vertex 21.0438 12.0501 6.2
    endloop
  endfacet
  facet normal 0 -0 1
    outer loop
      vertex 21.0035 12.2179 6.2
      vertex 21.0035 12.5621 6.2
      vertex 20.99 12.39 6.2
    endloop
  endfacet
  facet normal -0.382846 0.923812 0
    outer loop
      vertex 22.5894 11.4099 6.2
      vertex 22.4299 11.3438 14.2
      vertex 22.5894 11.4099 14.2
    endloop
  endfacet
  facet normal -0.382846 0.923812 0
    outer loop
      vertex 22.4299 11.3438 14.2
      vertex 22.5894 11.4099 6.2
      vertex 22.4299 11.3438 6.2
    endloop
  endfacet
  facet normal 0.923812 0.382846 0
    outer loop
      vertex 21.1099 11.8906 14.2
      vertex 21.0438 12.0501 6.2
      vertex 21.0438 12.0501 14.2
    endloop
  endfacet
  facet normal 0.923812 0.382846 0
    outer loop
      vertex 21.0438 12.0501 6.2
      vertex 21.1099 11.8906 14.2
      vertex 21.1099 11.8906 6.2
    endloop
  endfacet
  facet normal 0.760278 -0.649598 0
    outer loop
      vertex 21.2001 13.0366 14.2
      vertex 21.3122 13.1678 6.2
      vertex 21.3122 13.1678 14.2
    endloop
  endfacet
  facet normal 0.760278 -0.649598 0
    outer loop
      vertex 21.3122 13.1678 6.2
      vertex 21.2001 13.0366 14.2
      vertex 21.2001 13.0366 6.2
    endloop
  endfacet
  facet normal -0.649598 -0.760278 0
    outer loop
      vertex 22.7366 13.2799 6.2
      vertex 22.8678 13.1678 14.2
      vertex 22.7366 13.2799 14.2
    endloop
  endfacet
  facet normal -0.649598 -0.760278 -0
    outer loop
      vertex 22.8678 13.1678 14.2
      vertex 22.7366 13.2799 6.2
      vertex 22.8678 13.1678 6.2
    endloop
  endfacet
  facet normal -0.522481 -0.852651 0
    outer loop
      vertex 22.5894 13.3701 6.2
      vertex 22.7366 13.2799 14.2
      vertex 22.5894 13.3701 14.2
    endloop
  endfacet
  facet normal -0.522481 -0.852651 -0
    outer loop
      vertex 22.7366 13.2799 14.2
      vertex 22.5894 13.3701 6.2
      vertex 22.7366 13.2799 6.2
    endloop
  endfacet
  facet normal 0.996937 0.0782025 0
    outer loop
      vertex 21.0035 12.2179 14.2
      vertex 20.99 12.39 6.2
      vertex 20.99 12.39 14.2
    endloop
  endfacet
  facet normal 0.996937 0.0782025 0
    outer loop
      vertex 20.99 12.39 6.2
      vertex 21.0035 12.2179 14.2
      vertex 21.0035 12.2179 6.2
    endloop
  endfacet
  facet normal 0.760278 0.649598 0
    outer loop
      vertex 21.3122 11.6122 14.2
      vertex 21.2001 11.7434 6.2
      vertex 21.2001 11.7434 14.2
    endloop
  endfacet
  facet normal 0.760278 0.649598 0
    outer loop
      vertex 21.2001 11.7434 6.2
      vertex 21.3122 11.6122 14.2
      vertex 21.3122 11.6122 6.2
    endloop
  endfacet
  facet normal -0.233526 0.97235 0
    outer loop
      vertex 22.4299 11.3438 6.2
      vertex 22.2621 11.3035 14.2
      vertex 22.4299 11.3438 14.2
    endloop
  endfacet
  facet normal -0.233526 0.97235 0
    outer loop
      vertex 22.2621 11.3035 14.2
      vertex 22.4299 11.3438 6.2
      vertex 22.2621 11.3035 6.2
    endloop
  endfacet
  facet normal 0.0782025 -0.996937 0
    outer loop
      vertex 21.9179 13.4765 6.2
      vertex 22.09 13.49 14.2
      vertex 21.9179 13.4765 14.2
    endloop
  endfacet
  facet normal 0.0782025 -0.996937 0
    outer loop
      vertex 22.09 13.49 14.2
      vertex 21.9179 13.4765 6.2
      vertex 22.09 13.49 6.2
    endloop
  endfacet
  facet normal 0.852651 -0.522481 0
    outer loop
      vertex 21.1099 12.8894 14.2
      vertex 21.2001 13.0366 6.2
      vertex 21.2001 13.0366 14.2
    endloop
  endfacet
  facet normal 0.852651 -0.522481 0
    outer loop
      vertex 21.2001 13.0366 6.2
      vertex 21.1099 12.8894 14.2
      vertex 21.1099 12.8894 6.2
    endloop
  endfacet
  facet normal -0.233526 -0.97235 0
    outer loop
      vertex 22.2621 13.4765 6.2
      vertex 22.4299 13.4362 14.2
      vertex 22.2621 13.4765 14.2
    endloop
  endfacet
  facet normal -0.233526 -0.97235 -0
    outer loop
      vertex 22.4299 13.4362 14.2
      vertex 22.2621 13.4765 6.2
      vertex 22.4299 13.4362 6.2
    endloop
  endfacet
  facet normal 0.382846 -0.923812 0
    outer loop
      vertex 21.5906 13.3701 6.2
      vertex 21.7501 13.4362 14.2
      vertex 21.5906 13.3701 14.2
    endloop
  endfacet
  facet normal 0.382846 -0.923812 0
    outer loop
      vertex 21.7501 13.4362 14.2
      vertex 21.5906 13.3701 6.2
      vertex 21.7501 13.4362 6.2
    endloop
  endfacet
  facet normal 0.233526 -0.97235 0
    outer loop
      vertex 21.7501 13.4362 6.2
      vertex 21.9179 13.4765 14.2
      vertex 21.7501 13.4362 14.2
    endloop
  endfacet
  facet normal 0.233526 -0.97235 0
    outer loop
      vertex 21.9179 13.4765 14.2
      vertex 21.7501 13.4362 6.2
      vertex 21.9179 13.4765 6.2
    endloop
  endfacet
  facet normal 0.760278 -0.649598 0
    outer loop
      vertex 61.8401 32.7216 14.2
      vertex 61.9522 32.8528 6.2
      vertex 61.9522 32.8528 14.2
    endloop
  endfacet
  facet normal 0.760278 -0.649598 0
    outer loop
      vertex 61.9522 32.8528 6.2
      vertex 61.8401 32.7216 14.2
      vertex 61.8401 32.7216 6.2
    endloop
  endfacet
  facet normal -0.97235 0.233526 0
    outer loop
      vertex 63.7762 31.7351 6.2
      vertex 63.8165 31.9029 14.2
      vertex 63.8165 31.9029 6.2
    endloop
  endfacet
  facet normal -0.97235 0.233526 0
    outer loop
      vertex 63.8165 31.9029 14.2
      vertex 63.7762 31.7351 6.2
      vertex 63.7762 31.7351 14.2
    endloop
  endfacet
  facet normal -0.996937 0.0782025 0
    outer loop
      vertex 63.8165 31.9029 6.2
      vertex 63.83 32.075 14.2
      vertex 63.83 32.075 6.2
    endloop
  endfacet
  facet normal -0.996937 0.0782025 0
    outer loop
      vertex 63.83 32.075 14.2
      vertex 63.8165 31.9029 6.2
      vertex 63.8165 31.9029 14.2
    endloop
  endfacet
  facet normal 0.923812 0.382846 0
    outer loop
      vertex 61.7499 31.5756 14.2
      vertex 61.6838 31.7351 6.2
      vertex 61.6838 31.7351 14.2
    endloop
  endfacet
  facet normal 0.923812 0.382846 0
    outer loop
      vertex 61.6838 31.7351 6.2
      vertex 61.7499 31.5756 14.2
      vertex 61.7499 31.5756 6.2
    endloop
  endfacet
  facet normal 0.0782025 -0.996937 0
    outer loop
      vertex 62.5579 33.1615 6.2
      vertex 62.73 33.175 14.2
      vertex 62.5579 33.1615 14.2
    endloop
  endfacet
  facet normal 0.0782025 -0.996937 0
    outer loop
      vertex 62.73 33.175 14.2
      vertex 62.5579 33.1615 6.2
      vertex 62.73 33.175 6.2
    endloop
  endfacet
  facet normal 0.233526 0.97235 -0
    outer loop
      vertex 62.5579 30.9885 6.2
      vertex 62.3901 31.0288 14.2
      vertex 62.5579 30.9885 14.2
    endloop
  endfacet
  facet normal 0.233526 0.97235 0
    outer loop
      vertex 62.3901 31.0288 14.2
      vertex 62.5579 30.9885 6.2
      vertex 62.3901 31.0288 6.2
    endloop
  endfacet
  facet normal 0.522481 0.852651 -0
    outer loop
      vertex 62.2306 31.0949 6.2
      vertex 62.0834 31.1851 14.2
      vertex 62.2306 31.0949 14.2
    endloop
  endfacet
  facet normal 0.522481 0.852651 0
    outer loop
      vertex 62.0834 31.1851 14.2
      vertex 62.2306 31.0949 6.2
      vertex 62.0834 31.1851 6.2
    endloop
  endfacet
  facet normal 0.852651 -0.522481 0
    outer loop
      vertex 61.7499 32.5744 14.2
      vertex 61.8401 32.7216 6.2
      vertex 61.8401 32.7216 14.2
    endloop
  endfacet
  facet normal 0.852651 -0.522481 0
    outer loop
      vertex 61.8401 32.7216 6.2
      vertex 61.7499 32.5744 14.2
      vertex 61.7499 32.5744 6.2
    endloop
  endfacet
  facet normal -0.233526 0.97235 0
    outer loop
      vertex 63.0699 31.0288 6.2
      vertex 62.9021 30.9885 14.2
      vertex 63.0699 31.0288 14.2
    endloop
  endfacet
  facet normal -0.233526 0.97235 0
    outer loop
      vertex 62.9021 30.9885 14.2
      vertex 63.0699 31.0288 6.2
      vertex 62.9021 30.9885 6.2
    endloop
  endfacet
  facet normal -0.996937 -0.0782025 0
    outer loop
      vertex 63.83 32.075 6.2
      vertex 63.8165 32.2471 14.2
      vertex 63.8165 32.2471 6.2
    endloop
  endfacet
  facet normal -0.996937 -0.0782025 0
    outer loop
      vertex 63.8165 32.2471 14.2
      vertex 63.83 32.075 6.2
      vertex 63.83 32.075 14.2
    endloop
  endfacet
  facet normal -0.382846 -0.923812 0
    outer loop
      vertex 63.0699 33.1212 6.2
      vertex 63.2294 33.0551 14.2
      vertex 63.0699 33.1212 14.2
    endloop
  endfacet
  facet normal -0.382846 -0.923812 -0
    outer loop
      vertex 63.2294 33.0551 14.2
      vertex 63.0699 33.1212 6.2
      vertex 63.2294 33.0551 6.2
    endloop
  endfacet
  facet normal -0.382846 0.923812 0
    outer loop
      vertex 63.2294 31.0949 6.2
      vertex 63.0699 31.0288 14.2
      vertex 63.2294 31.0949 14.2
    endloop
  endfacet
  facet normal -0.382846 0.923812 0
    outer loop
      vertex 63.0699 31.0288 14.2
      vertex 63.2294 31.0949 6.2
      vertex 63.0699 31.0288 6.2
    endloop
  endfacet
  facet normal -0.852651 -0.522481 0
    outer loop
      vertex 63.7101 32.5744 6.2
      vertex 63.6199 32.7216 14.2
      vertex 63.6199 32.7216 6.2
    endloop
  endfacet
  facet normal -0.852651 -0.522481 0
    outer loop
      vertex 63.6199 32.7216 14.2
      vertex 63.7101 32.5744 6.2
      vertex 63.7101 32.5744 14.2
    endloop
  endfacet
  facet normal 0.923812 -0.382846 0
    outer loop
      vertex 61.6838 32.4149 14.2
      vertex 61.7499 32.5744 6.2
      vertex 61.7499 32.5744 14.2
    endloop
  endfacet
  facet normal 0.923812 -0.382846 0
    outer loop
      vertex 61.7499 32.5744 6.2
      vertex 61.6838 32.4149 14.2
      vertex 61.6838 32.4149 6.2
    endloop
  endfacet
  facet normal -0.0782025 -0.996937 0
    outer loop
      vertex 62.73 33.175 6.2
      vertex 62.9021 33.1615 14.2
      vertex 62.73 33.175 14.2
    endloop
  endfacet
  facet normal -0.0782025 -0.996937 -0
    outer loop
      vertex 62.9021 33.1615 14.2
      vertex 62.73 33.175 6.2
      vertex 62.9021 33.1615 6.2
    endloop
  endfacet
  facet normal -0.233526 -0.97235 0
    outer loop
      vertex 62.9021 33.1615 6.2
      vertex 63.0699 33.1212 14.2
      vertex 62.9021 33.1615 14.2
    endloop
  endfacet
  facet normal -0.233526 -0.97235 -0
    outer loop
      vertex 63.0699 33.1212 14.2
      vertex 62.9021 33.1615 6.2
      vertex 63.0699 33.1212 6.2
    endloop
  endfacet
  facet normal -0.649598 -0.760278 0
    outer loop
      vertex 63.3766 32.9649 6.2
      vertex 63.5078 32.8528 14.2
      vertex 63.3766 32.9649 14.2
    endloop
  endfacet
  facet normal -0.649598 -0.760278 -0
    outer loop
      vertex 63.5078 32.8528 14.2
      vertex 63.3766 32.9649 6.2
      vertex 63.5078 32.8528 6.2
    endloop
  endfacet
  facet normal 0.649598 0.760278 -0
    outer loop
      vertex 62.0834 31.1851 6.2
      vertex 61.9522 31.2972 14.2
      vertex 62.0834 31.1851 14.2
    endloop
  endfacet
  facet normal 0.649598 0.760278 0
    outer loop
      vertex 61.9522 31.2972 14.2
      vertex 62.0834 31.1851 6.2
      vertex 61.9522 31.2972 6.2
    endloop
  endfacet
  facet normal -0.760278 0.649598 0
    outer loop
      vertex 63.5078 31.2972 6.2
      vertex 63.6199 31.4284 14.2
      vertex 63.6199 31.4284 6.2
    endloop
  endfacet
  facet normal -0.760278 0.649598 0
    outer loop
      vertex 63.6199 31.4284 14.2
      vertex 63.5078 31.2972 6.2
      vertex 63.5078 31.2972 14.2
    endloop
  endfacet
  facet normal -0.97235 -0.233526 0
    outer loop
      vertex 63.8165 32.2471 6.2
      vertex 63.7762 32.4149 14.2
      vertex 63.7762 32.4149 6.2
    endloop
  endfacet
  facet normal -0.97235 -0.233526 0
    outer loop
      vertex 63.7762 32.4149 14.2
      vertex 63.8165 32.2471 6.2
      vertex 63.8165 32.2471 14.2
    endloop
  endfacet
  facet normal -0.649598 0.760278 0
    outer loop
      vertex 63.5078 31.2972 6.2
      vertex 63.3766 31.1851 14.2
      vertex 63.5078 31.2972 14.2
    endloop
  endfacet
  facet normal -0.649598 0.760278 0
    outer loop
      vertex 63.3766 31.1851 14.2
      vertex 63.5078 31.2972 6.2
      vertex 63.3766 31.1851 6.2
    endloop
  endfacet
  facet normal 0.97235 0.233526 0
    outer loop
      vertex 61.6838 31.7351 14.2
      vertex 61.6435 31.9029 6.2
      vertex 61.6435 31.9029 14.2
    endloop
  endfacet
  facet normal 0.97235 0.233526 0
    outer loop
      vertex 61.6435 31.9029 6.2
      vertex 61.6838 31.7351 14.2
      vertex 61.6838 31.7351 6.2
    endloop
  endfacet
  facet normal -0.0782025 0.996937 0
    outer loop
      vertex 62.9021 30.9885 6.2
      vertex 62.73 30.975 14.2
      vertex 62.9021 30.9885 14.2
    endloop
  endfacet
  facet normal -0.0782025 0.996937 0
    outer loop
      vertex 62.73 30.975 14.2
      vertex 62.9021 30.9885 6.2
      vertex 62.73 30.975 6.2
    endloop
  endfacet
  facet normal -0.522481 0.852651 0
    outer loop
      vertex 63.3766 31.1851 6.2
      vertex 63.2294 31.0949 14.2
      vertex 63.3766 31.1851 14.2
    endloop
  endfacet
  facet normal -0.522481 0.852651 0
    outer loop
      vertex 63.2294 31.0949 14.2
      vertex 63.3766 31.1851 6.2
      vertex 63.2294 31.0949 6.2
    endloop
  endfacet
  facet normal 0.233526 -0.97235 0
    outer loop
      vertex 62.3901 33.1212 6.2
      vertex 62.5579 33.1615 14.2
      vertex 62.3901 33.1212 14.2
    endloop
  endfacet
  facet normal 0.233526 -0.97235 0
    outer loop
      vertex 62.5579 33.1615 14.2
      vertex 62.3901 33.1212 6.2
      vertex 62.5579 33.1615 6.2
    endloop
  endfacet
  facet normal -0.522481 -0.852651 0
    outer loop
      vertex 63.2294 33.0551 6.2
      vertex 63.3766 32.9649 14.2
      vertex 63.2294 33.0551 14.2
    endloop
  endfacet
  facet normal -0.522481 -0.852651 -0
    outer loop
      vertex 63.3766 32.9649 14.2
      vertex 63.2294 33.0551 6.2
      vertex 63.3766 32.9649 6.2
    endloop
  endfacet
  facet normal -0.760278 -0.649598 0
    outer loop
      vertex 63.6199 32.7216 6.2
      vertex 63.5078 32.8528 14.2
      vertex 63.5078 32.8528 6.2
    endloop
  endfacet
  facet normal -0.760278 -0.649598 0
    outer loop
      vertex 63.5078 32.8528 14.2
      vertex 63.6199 32.7216 6.2
      vertex 63.6199 32.7216 14.2
    endloop
  endfacet
  facet normal 0.649598 -0.760278 0
    outer loop
      vertex 61.9522 32.8528 6.2
      vertex 62.0834 32.9649 14.2
      vertex 61.9522 32.8528 14.2
    endloop
  endfacet
  facet normal 0.649598 -0.760278 0
    outer loop
      vertex 62.0834 32.9649 14.2
      vertex 61.9522 32.8528 6.2
      vertex 62.0834 32.9649 6.2
    endloop
  endfacet
  facet normal -0.923812 -0.382846 0
    outer loop
      vertex 63.7762 32.4149 6.2
      vertex 63.7101 32.5744 14.2
      vertex 63.7101 32.5744 6.2
    endloop
  endfacet
  facet normal -0.923812 -0.382846 0
    outer loop
      vertex 63.7101 32.5744 14.2
      vertex 63.7762 32.4149 6.2
      vertex 63.7762 32.4149 14.2
    endloop
  endfacet
  facet normal 0.97235 -0.233526 0
    outer loop
      vertex 61.6435 32.2471 14.2
      vertex 61.6838 32.4149 6.2
      vertex 61.6838 32.4149 14.2
    endloop
  endfacet
  facet normal 0.97235 -0.233526 0
    outer loop
      vertex 61.6838 32.4149 6.2
      vertex 61.6435 32.2471 14.2
      vertex 61.6435 32.2471 6.2
    endloop
  endfacet
  facet normal 0.760278 0.649598 0
    outer loop
      vertex 61.9522 31.2972 14.2
      vertex 61.8401 31.4284 6.2
      vertex 61.8401 31.4284 14.2
    endloop
  endfacet
  facet normal 0.760278 0.649598 0
    outer loop
      vertex 61.8401 31.4284 6.2
      vertex 61.9522 31.2972 14.2
      vertex 61.9522 31.2972 6.2
    endloop
  endfacet
  facet normal 0.996937 -0.0782025 0
    outer loop
      vertex 61.63 32.075 14.2
      vertex 61.6435 32.2471 6.2
      vertex 61.6435 32.2471 14.2
    endloop
  endfacet
  facet normal 0.996937 -0.0782025 0
    outer loop
      vertex 61.6435 32.2471 6.2
      vertex 61.63 32.075 14.2
      vertex 61.63 32.075 6.2
    endloop
  endfacet
  facet normal -0.852651 0.522481 0
    outer loop
      vertex 63.6199 31.4284 6.2
      vertex 63.7101 31.5756 14.2
      vertex 63.7101 31.5756 6.2
    endloop
  endfacet
  facet normal -0.852651 0.522481 0
    outer loop
      vertex 63.7101 31.5756 14.2
      vertex 63.6199 31.4284 6.2
      vertex 63.6199 31.4284 14.2
    endloop
  endfacet
  facet normal 0.0782025 0.996937 -0
    outer loop
      vertex 62.73 30.975 6.2
      vertex 62.5579 30.9885 14.2
      vertex 62.73 30.975 14.2
    endloop
  endfacet
  facet normal 0.0782025 0.996937 0
    outer loop
      vertex 62.5579 30.9885 14.2
      vertex 62.73 30.975 6.2
      vertex 62.5579 30.9885 6.2
    endloop
  endfacet
  facet normal 0.996937 0.0782025 0
    outer loop
      vertex 61.6435 31.9029 14.2
      vertex 61.63 32.075 6.2
      vertex 61.63 32.075 14.2
    endloop
  endfacet
  facet normal 0.996937 0.0782025 0
    outer loop
      vertex 61.63 32.075 6.2
      vertex 61.6435 31.9029 14.2
      vertex 61.6435 31.9029 6.2
    endloop
  endfacet
  facet normal 0.382846 0.923812 -0
    outer loop
      vertex 62.3901 31.0288 6.2
      vertex 62.2306 31.0949 14.2
      vertex 62.3901 31.0288 14.2
    endloop
  endfacet
  facet normal 0.382846 0.923812 0
    outer loop
      vertex 62.2306 31.0949 14.2
      vertex 62.3901 31.0288 6.2
      vertex 62.2306 31.0949 6.2
    endloop
  endfacet
  facet normal -0.923812 0.382846 0
    outer loop
      vertex 63.7101 31.5756 6.2
      vertex 63.7762 31.7351 14.2
      vertex 63.7762 31.7351 6.2
    endloop
  endfacet
  facet normal -0.923812 0.382846 0
    outer loop
      vertex 63.7762 31.7351 14.2
      vertex 63.7101 31.5756 6.2
      vertex 63.7101 31.5756 14.2
    endloop
  endfacet
  facet normal 0.382846 -0.923812 0
    outer loop
      vertex 62.2306 33.0551 6.2
      vertex 62.3901 33.1212 14.2
      vertex 62.2306 33.0551 14.2
    endloop
  endfacet
  facet normal 0.382846 -0.923812 0
    outer loop
      vertex 62.3901 33.1212 14.2
      vertex 62.2306 33.0551 6.2
      vertex 62.3901 33.1212 6.2
    endloop
  endfacet
  facet normal 0 0 1
    outer loop
      vertex 63.8165 32.2471 6.2
      vertex 63.8165 31.9029 6.2
      vertex 63.83 32.075 6.2
    endloop
  endfacet
  facet normal 0 0 1
    outer loop
      vertex 63.7762 32.4149 6.2
      vertex 63.8165 31.9029 6.2
      vertex 63.8165 32.2471 6.2
    endloop
  endfacet
  facet normal 0 0 1
    outer loop
      vertex 63.7762 32.4149 6.2
      vertex 63.7762 31.7351 6.2
      vertex 63.8165 31.9029 6.2
    endloop
  endfacet
  facet normal 0 0 1
    outer loop
      vertex 63.7101 32.5744 6.2
      vertex 63.7762 31.7351 6.2
      vertex 63.7762 32.4149 6.2
    endloop
  endfacet
  facet normal 0 0 1
    outer loop
      vertex 63.7101 32.5744 6.2
      vertex 63.7101 31.5756 6.2
      vertex 63.7762 31.7351 6.2
    endloop
  endfacet
  facet normal 0 0 1
    outer loop
      vertex 63.6199 32.7216 6.2
      vertex 63.7101 31.5756 6.2
      vertex 63.7101 32.5744 6.2
    endloop
  endfacet
  facet normal 0 0 1
    outer loop
      vertex 63.6199 32.7216 6.2
      vertex 63.6199 31.4284 6.2
      vertex 63.7101 31.5756 6.2
    endloop
  endfacet
  facet normal 0 0 1
    outer loop
      vertex 63.5078 32.8528 6.2
      vertex 63.6199 31.4284 6.2
      vertex 63.6199 32.7216 6.2
    endloop
  endfacet
  facet normal 0 0 1
    outer loop
      vertex 63.5078 32.8528 6.2
      vertex 63.5078 31.2972 6.2
      vertex 63.6199 31.4284 6.2
    endloop
  endfacet
  facet normal 0 0 1
    outer loop
      vertex 63.3766 32.9649 6.2
      vertex 63.5078 31.2972 6.2
      vertex 63.5078 32.8528 6.2
    endloop
  endfacet
  facet normal 0 0 1
    outer loop
      vertex 63.3766 32.9649 6.2
      vertex 63.3766 31.1851 6.2
      vertex 63.5078 31.2972 6.2
    endloop
  endfacet
  facet normal 0 0 1
    outer loop
      vertex 63.2294 33.0551 6.2
      vertex 63.3766 31.1851 6.2
      vertex 63.3766 32.9649 6.2
    endloop
  endfacet
  facet normal 0 0 1
    outer loop
      vertex 63.2294 33.0551 6.2
      vertex 63.2294 31.0949 6.2
      vertex 63.3766 31.1851 6.2
    endloop
  endfacet
  facet normal 0 0 1
    outer loop
      vertex 63.0699 33.1212 6.2
      vertex 63.2294 31.0949 6.2
      vertex 63.2294 33.0551 6.2
    endloop
  endfacet
  facet normal 0 0 1
    outer loop
      vertex 63.0699 33.1212 6.2
      vertex 63.0699 31.0288 6.2
      vertex 63.2294 31.0949 6.2
    endloop
  endfacet
  facet normal 0 0 1
    outer loop
      vertex 62.9021 33.1615 6.2
      vertex 63.0699 31.0288 6.2
      vertex 63.0699 33.1212 6.2
    endloop
  endfacet
  facet normal 0 0 1
    outer loop
      vertex 62.9021 33.1615 6.2
      vertex 62.9021 30.9885 6.2
      vertex 63.0699 31.0288 6.2
    endloop
  endfacet
  facet normal 0 0 1
    outer loop
      vertex 62.73 33.175 6.2
      vertex 62.9021 30.9885 6.2
      vertex 62.9021 33.1615 6.2
    endloop
  endfacet
  facet normal 0 0 1
    outer loop
      vertex 62.73 33.175 6.2
      vertex 62.73 30.975 6.2
      vertex 62.9021 30.9885 6.2
    endloop
  endfacet
  facet normal -0 0 1
    outer loop
      vertex 62.5579 33.1615 6.2
      vertex 62.73 30.975 6.2
      vertex 62.73 33.175 6.2
    endloop
  endfacet
  facet normal 0 0 1
    outer loop
      vertex 62.5579 33.1615 6.2
      vertex 62.5579 30.9885 6.2
      vertex 62.73 30.975 6.2
    endloop
  endfacet
  facet normal -0 0 1
    outer loop
      vertex 62.3901 33.1212 6.2
      vertex 62.5579 30.9885 6.2
      vertex 62.5579 33.1615 6.2
    endloop
  endfacet
  facet normal 0 0 1
    outer loop
      vertex 62.3901 33.1212 6.2
      vertex 62.3901 31.0288 6.2
      vertex 62.5579 30.9885 6.2
    endloop
  endfacet
  facet normal -0 0 1
    outer loop
      vertex 62.2306 33.0551 6.2
      vertex 62.3901 31.0288 6.2
      vertex 62.3901 33.1212 6.2
    endloop
  endfacet
  facet normal 0 0 1
    outer loop
      vertex 62.2306 33.0551 6.2
      vertex 62.2306 31.0949 6.2
      vertex 62.3901 31.0288 6.2
    endloop
  endfacet
  facet normal -0 0 1
    outer loop
      vertex 62.0834 32.9649 6.2
      vertex 62.2306 31.0949 6.2
      vertex 62.2306 33.0551 6.2
    endloop
  endfacet
  facet normal 0 0 1
    outer loop
      vertex 62.0834 32.9649 6.2
      vertex 62.0834 31.1851 6.2
      vertex 62.2306 31.0949 6.2
    endloop
  endfacet
  facet normal -0 0 1
    outer loop
      vertex 61.9522 32.8528 6.2
      vertex 62.0834 31.1851 6.2
      vertex 62.0834 32.9649 6.2
    endloop
  endfacet
  facet normal 0 0 1
    outer loop
      vertex 61.9522 32.8528 6.2
      vertex 61.9522 31.2972 6.2
      vertex 62.0834 31.1851 6.2
    endloop
  endfacet
  facet normal -0 0 1
    outer loop
      vertex 61.8401 32.7216 6.2
      vertex 61.9522 31.2972 6.2
      vertex 61.9522 32.8528 6.2
    endloop
  endfacet
  facet normal 0 0 1
    outer loop
      vertex 61.8401 32.7216 6.2
      vertex 61.8401 31.4284 6.2
      vertex 61.9522 31.2972 6.2
    endloop
  endfacet
  facet normal -0 0 1
    outer loop
      vertex 61.7499 32.5744 6.2
      vertex 61.8401 31.4284 6.2
      vertex 61.8401 32.7216 6.2
    endloop
  endfacet
  facet normal 0 0 1
    outer loop
      vertex 61.7499 32.5744 6.2
      vertex 61.7499 31.5756 6.2
      vertex 61.8401 31.4284 6.2
    endloop
  endfacet
  facet normal -0 0 1
    outer loop
      vertex 61.6838 32.4149 6.2
      vertex 61.7499 31.5756 6.2
      vertex 61.7499 32.5744 6.2
    endloop
  endfacet
  facet normal 0 0 1
    outer loop
      vertex 61.6838 32.4149 6.2
      vertex 61.6838 31.7351 6.2
      vertex 61.7499 31.5756 6.2
    endloop
  endfacet
  facet normal -0 0 1
    outer loop
      vertex 61.6435 32.2471 6.2
      vertex 61.6838 31.7351 6.2
      vertex 61.6838 32.4149 6.2
    endloop
  endfacet
  facet normal 0 0 1
    outer loop
      vertex 61.6435 32.2471 6.2
      vertex 61.6435 31.9029 6.2
      vertex 61.6838 31.7351 6.2
    endloop
  endfacet
  facet normal 0 -0 1
    outer loop
      vertex 61.6435 31.9029 6.2
      vertex 61.6435 32.2471 6.2
      vertex 61.63 32.075 6.2
    endloop
  endfacet
  facet normal 0.522481 -0.852651 0
    outer loop
      vertex 62.0834 32.9649 6.2
      vertex 62.2306 33.0551 14.2
      vertex 62.0834 32.9649 14.2
    endloop
  endfacet
  facet normal 0.522481 -0.852651 0
    outer loop
      vertex 62.2306 33.0551 14.2
      vertex 62.0834 32.9649 6.2
      vertex 62.2306 33.0551 6.2
    endloop
  endfacet
  facet normal 0.852651 0.522481 0
    outer loop
      vertex 61.8401 31.4284 14.2
      vertex 61.7499 31.5756 6.2
      vertex 61.7499 31.5756 14.2
    endloop
  endfacet
  facet normal 0.852651 0.522481 0
    outer loop
      vertex 61.7499 31.5756 6.2
      vertex 61.8401 31.4284 14.2
      vertex 61.8401 31.4284 6.2
    endloop
  endfacet
  facet normal 0.996937 0.0782025 0
    outer loop
      vertex 61.6435 12.2179 14.2
      vertex 61.63 12.39 6.2
      vertex 61.63 12.39 14.2
    endloop
  endfacet
  facet normal 0.996937 0.0782025 0
    outer loop
      vertex 61.63 12.39 6.2
      vertex 61.6435 12.2179 14.2
      vertex 61.6435 12.2179 6.2
    endloop
  endfacet
  facet normal -0.97235 0.233526 0
    outer loop
      vertex 63.7762 12.0501 6.2
      vertex 63.8165 12.2179 14.2
      vertex 63.8165 12.2179 6.2
    endloop
  endfacet
  facet normal -0.97235 0.233526 0
    outer loop
      vertex 63.8165 12.2179 14.2
      vertex 63.7762 12.0501 6.2
      vertex 63.7762 12.0501 14.2
    endloop
  endfacet
  facet normal -0.996937 0.0782025 0
    outer loop
      vertex 63.8165 12.2179 6.2
      vertex 63.83 12.39 14.2
      vertex 63.83 12.39 6.2
    endloop
  endfacet
  facet normal -0.996937 0.0782025 0
    outer loop
      vertex 63.83 12.39 14.2
      vertex 63.8165 12.2179 6.2
      vertex 63.8165 12.2179 14.2
    endloop
  endfacet
  facet normal 0.97235 0.233526 0
    outer loop
      vertex 61.6838 12.0501 14.2
      vertex 61.6435 12.2179 6.2
      vertex 61.6435 12.2179 14.2
    endloop
  endfacet
  facet normal 0.97235 0.233526 0
    outer loop
      vertex 61.6435 12.2179 6.2
      vertex 61.6838 12.0501 14.2
      vertex 61.6838 12.0501 6.2
    endloop
  endfacet
  facet normal 0.923812 -0.382846 0
    outer loop
      vertex 61.6838 12.7299 14.2
      vertex 61.7499 12.8894 6.2
      vertex 61.7499 12.8894 14.2
    endloop
  endfacet
  facet normal 0.923812 -0.382846 0
    outer loop
      vertex 61.7499 12.8894 6.2
      vertex 61.6838 12.7299 14.2
      vertex 61.6838 12.7299 6.2
    endloop
  endfacet
  facet normal 0.233526 0.97235 -0
    outer loop
      vertex 62.5579 11.3035 6.2
      vertex 62.3901 11.3438 14.2
      vertex 62.5579 11.3035 14.2
    endloop
  endfacet
  facet normal 0.233526 0.97235 0
    outer loop
      vertex 62.3901 11.3438 14.2
      vertex 62.5579 11.3035 6.2
      vertex 62.3901 11.3438 6.2
    endloop
  endfacet
  facet normal -0.760278 0.649598 0
    outer loop
      vertex 63.5078 11.6122 6.2
      vertex 63.6199 11.7434 14.2
      vertex 63.6199 11.7434 6.2
    endloop
  endfacet
  facet normal -0.760278 0.649598 0
    outer loop
      vertex 63.6199 11.7434 14.2
      vertex 63.5078 11.6122 6.2
      vertex 63.5078 11.6122 14.2
    endloop
  endfacet
  facet normal -0.97235 -0.233526 0
    outer loop
      vertex 63.8165 12.5621 6.2
      vertex 63.7762 12.7299 14.2
      vertex 63.7762 12.7299 6.2
    endloop
  endfacet
  facet normal -0.97235 -0.233526 0
    outer loop
      vertex 63.7762 12.7299 14.2
      vertex 63.8165 12.5621 6.2
      vertex 63.8165 12.5621 14.2
    endloop
  endfacet
  facet normal 0.760278 0.649598 0
    outer loop
      vertex 61.9522 11.6122 14.2
      vertex 61.8401 11.7434 6.2
      vertex 61.8401 11.7434 14.2
    endloop
  endfacet
  facet normal 0.760278 0.649598 0
    outer loop
      vertex 61.8401 11.7434 6.2
      vertex 61.9522 11.6122 14.2
      vertex 61.9522 11.6122 6.2
    endloop
  endfacet
  facet normal 0.923812 0.382846 0
    outer loop
      vertex 61.7499 11.8906 14.2
      vertex 61.6838 12.0501 6.2
      vertex 61.6838 12.0501 14.2
    endloop
  endfacet
  facet normal 0.923812 0.382846 0
    outer loop
      vertex 61.6838 12.0501 6.2
      vertex 61.7499 11.8906 14.2
      vertex 61.7499 11.8906 6.2
    endloop
  endfacet
  facet normal -0.233526 0.97235 0
    outer loop
      vertex 63.0699 11.3438 6.2
      vertex 62.9021 11.3035 14.2
      vertex 63.0699 11.3438 14.2
    endloop
  endfacet
  facet normal -0.233526 0.97235 0
    outer loop
      vertex 62.9021 11.3035 14.2
      vertex 63.0699 11.3438 6.2
      vertex 62.9021 11.3035 6.2
    endloop
  endfacet
  facet normal -0.0782025 -0.996937 0
    outer loop
      vertex 62.73 13.49 6.2
      vertex 62.9021 13.4765 14.2
      vertex 62.73 13.49 14.2
    endloop
  endfacet
  facet normal -0.0782025 -0.996937 -0
    outer loop
      vertex 62.9021 13.4765 14.2
      vertex 62.73 13.49 6.2
      vertex 62.9021 13.4765 6.2
    endloop
  endfacet
  facet normal -0.522481 0.852651 0
    outer loop
      vertex 63.3766 11.5001 6.2
      vertex 63.2294 11.4099 14.2
      vertex 63.3766 11.5001 14.2
    endloop
  endfacet
  facet normal -0.522481 0.852651 0
    outer loop
      vertex 63.2294 11.4099 14.2
      vertex 63.3766 11.5001 6.2
      vertex 63.2294 11.4099 6.2
    endloop
  endfacet
  facet normal 0.382846 0.923812 -0
    outer loop
      vertex 62.3901 11.3438 6.2
      vertex 62.2306 11.4099 14.2
      vertex 62.3901 11.3438 14.2
    endloop
  endfacet
  facet normal 0.382846 0.923812 0
    outer loop
      vertex 62.2306 11.4099 14.2
      vertex 62.3901 11.3438 6.2
      vertex 62.2306 11.4099 6.2
    endloop
  endfacet
  facet normal 0.649598 0.760278 -0
    outer loop
      vertex 62.0834 11.5001 6.2
      vertex 61.9522 11.6122 14.2
      vertex 62.0834 11.5001 14.2
    endloop
  endfacet
  facet normal 0.649598 0.760278 0
    outer loop
      vertex 61.9522 11.6122 14.2
      vertex 62.0834 11.5001 6.2
      vertex 61.9522 11.6122 6.2
    endloop
  endfacet
  facet normal -0.923812 -0.382846 0
    outer loop
      vertex 63.7762 12.7299 6.2
      vertex 63.7101 12.8894 14.2
      vertex 63.7101 12.8894 6.2
    endloop
  endfacet
  facet normal -0.923812 -0.382846 0
    outer loop
      vertex 63.7101 12.8894 14.2
      vertex 63.7762 12.7299 6.2
      vertex 63.7762 12.7299 14.2
    endloop
  endfacet
  facet normal -0.923812 0.382846 0
    outer loop
      vertex 63.7101 11.8906 6.2
      vertex 63.7762 12.0501 14.2
      vertex 63.7762 12.0501 6.2
    endloop
  endfacet
  facet normal -0.923812 0.382846 0
    outer loop
      vertex 63.7762 12.0501 14.2
      vertex 63.7101 11.8906 6.2
      vertex 63.7101 11.8906 14.2
    endloop
  endfacet
  facet normal -0.233526 -0.97235 0
    outer loop
      vertex 62.9021 13.4765 6.2
      vertex 63.0699 13.4362 14.2
      vertex 62.9021 13.4765 14.2
    endloop
  endfacet
  facet normal -0.233526 -0.97235 -0
    outer loop
      vertex 63.0699 13.4362 14.2
      vertex 62.9021 13.4765 6.2
      vertex 63.0699 13.4362 6.2
    endloop
  endfacet
  facet normal -0.996937 -0.0782025 0
    outer loop
      vertex 63.83 12.39 6.2
      vertex 63.8165 12.5621 14.2
      vertex 63.8165 12.5621 6.2
    endloop
  endfacet
  facet normal -0.996937 -0.0782025 0
    outer loop
      vertex 63.8165 12.5621 14.2
      vertex 63.83 12.39 6.2
      vertex 63.83 12.39 14.2
    endloop
  endfacet
  facet normal -0.382846 0.923812 0
    outer loop
      vertex 63.2294 11.4099 6.2
      vertex 63.0699 11.3438 14.2
      vertex 63.2294 11.4099 14.2
    endloop
  endfacet
  facet normal -0.382846 0.923812 0
    outer loop
      vertex 63.0699 11.3438 14.2
      vertex 63.2294 11.4099 6.2
      vertex 63.0699 11.3438 6.2
    endloop
  endfacet
  facet normal -0.522481 -0.852651 0
    outer loop
      vertex 63.2294 13.3701 6.2
      vertex 63.3766 13.2799 14.2
      vertex 63.2294 13.3701 14.2
    endloop
  endfacet
  facet normal -0.522481 -0.852651 -0
    outer loop
      vertex 63.3766 13.2799 14.2
      vertex 63.2294 13.3701 6.2
      vertex 63.3766 13.2799 6.2
    endloop
  endfacet
  facet normal -0.649598 -0.760278 0
    outer loop
      vertex 63.3766 13.2799 6.2
      vertex 63.5078 13.1678 14.2
      vertex 63.3766 13.2799 14.2
    endloop
  endfacet
  facet normal -0.649598 -0.760278 -0
    outer loop
      vertex 63.5078 13.1678 14.2
      vertex 63.3766 13.2799 6.2
      vertex 63.5078 13.1678 6.2
    endloop
  endfacet
  facet normal 0.760278 -0.649598 0
    outer loop
      vertex 61.8401 13.0366 14.2
      vertex 61.9522 13.1678 6.2
      vertex 61.9522 13.1678 14.2
    endloop
  endfacet
  facet normal 0.760278 -0.649598 0
    outer loop
      vertex 61.9522 13.1678 6.2
      vertex 61.8401 13.0366 14.2
      vertex 61.8401 13.0366 6.2
    endloop
  endfacet
  facet normal -0.760278 -0.649598 0
    outer loop
      vertex 63.6199 13.0366 6.2
      vertex 63.5078 13.1678 14.2
      vertex 63.5078 13.1678 6.2
    endloop
  endfacet
  facet normal -0.760278 -0.649598 0
    outer loop
      vertex 63.5078 13.1678 14.2
      vertex 63.6199 13.0366 6.2
      vertex 63.6199 13.0366 14.2
    endloop
  endfacet
  facet normal -0.649598 0.760278 0
    outer loop
      vertex 63.5078 11.6122 6.2
      vertex 63.3766 11.5001 14.2
      vertex 63.5078 11.6122 14.2
    endloop
  endfacet
  facet normal -0.649598 0.760278 0
    outer loop
      vertex 63.3766 11.5001 14.2
      vertex 63.5078 11.6122 6.2
      vertex 63.3766 11.5001 6.2
    endloop
  endfacet
  facet normal 0.382846 -0.923812 0
    outer loop
      vertex 62.2306 13.3701 6.2
      vertex 62.3901 13.4362 14.2
      vertex 62.2306 13.3701 14.2
    endloop
  endfacet
  facet normal 0.382846 -0.923812 0
    outer loop
      vertex 62.3901 13.4362 14.2
      vertex 62.2306 13.3701 6.2
      vertex 62.3901 13.4362 6.2
    endloop
  endfacet
  facet normal -0.382846 -0.923812 0
    outer loop
      vertex 63.0699 13.4362 6.2
      vertex 63.2294 13.3701 14.2
      vertex 63.0699 13.4362 14.2
    endloop
  endfacet
  facet normal -0.382846 -0.923812 -0
    outer loop
      vertex 63.2294 13.3701 14.2
      vertex 63.0699 13.4362 6.2
      vertex 63.2294 13.3701 6.2
    endloop
  endfacet
  facet normal -0.0782025 0.996937 0
    outer loop
      vertex 62.9021 11.3035 6.2
      vertex 62.73 11.29 14.2
      vertex 62.9021 11.3035 14.2
    endloop
  endfacet
  facet normal -0.0782025 0.996937 0
    outer loop
      vertex 62.73 11.29 14.2
      vertex 62.9021 11.3035 6.2
      vertex 62.73 11.29 6.2
    endloop
  endfacet
  facet normal 0.97235 -0.233526 0
    outer loop
      vertex 61.6435 12.5621 14.2
      vertex 61.6838 12.7299 6.2
      vertex 61.6838 12.7299 14.2
    endloop
  endfacet
  facet normal 0.97235 -0.233526 0
    outer loop
      vertex 61.6838 12.7299 6.2
      vertex 61.6435 12.5621 14.2
      vertex 61.6435 12.5621 6.2
    endloop
  endfacet
  facet normal -0.852651 0.522481 0
    outer loop
      vertex 63.6199 11.7434 6.2
      vertex 63.7101 11.8906 14.2
      vertex 63.7101 11.8906 6.2
    endloop
  endfacet
  facet normal -0.852651 0.522481 0
    outer loop
      vertex 63.7101 11.8906 14.2
      vertex 63.6199 11.7434 6.2
      vertex 63.6199 11.7434 14.2
    endloop
  endfacet
  facet normal 0.0782025 0.996937 -0
    outer loop
      vertex 62.73 11.29 6.2
      vertex 62.5579 11.3035 14.2
      vertex 62.73 11.29 14.2
    endloop
  endfacet
  facet normal 0.0782025 0.996937 0
    outer loop
      vertex 62.5579 11.3035 14.2
      vertex 62.73 11.29 6.2
      vertex 62.5579 11.3035 6.2
    endloop
  endfacet
  facet normal 0.852651 -0.522481 0
    outer loop
      vertex 61.7499 12.8894 14.2
      vertex 61.8401 13.0366 6.2
      vertex 61.8401 13.0366 14.2
    endloop
  endfacet
  facet normal 0.852651 -0.522481 0
    outer loop
      vertex 61.8401 13.0366 6.2
      vertex 61.7499 12.8894 14.2
      vertex 61.7499 12.8894 6.2
    endloop
  endfacet
  facet normal 0.233526 -0.97235 0
    outer loop
      vertex 62.3901 13.4362 6.2
      vertex 62.5579 13.4765 14.2
      vertex 62.3901 13.4362 14.2
    endloop
  endfacet
  facet normal 0.233526 -0.97235 0
    outer loop
      vertex 62.5579 13.4765 14.2
      vertex 62.3901 13.4362 6.2
      vertex 62.5579 13.4765 6.2
    endloop
  endfacet
  facet normal 0.996937 -0.0782025 0
    outer loop
      vertex 61.63 12.39 14.2
      vertex 61.6435 12.5621 6.2
      vertex 61.6435 12.5621 14.2
    endloop
  endfacet
  facet normal 0.996937 -0.0782025 0
    outer loop
      vertex 61.6435 12.5621 6.2
      vertex 61.63 12.39 14.2
      vertex 61.63 12.39 6.2
    endloop
  endfacet
  facet normal 0.649598 -0.760278 0
    outer loop
      vertex 61.9522 13.1678 6.2
      vertex 62.0834 13.2799 14.2
      vertex 61.9522 13.1678 14.2
    endloop
  endfacet
  facet normal 0.649598 -0.760278 0
    outer loop
      vertex 62.0834 13.2799 14.2
      vertex 61.9522 13.1678 6.2
      vertex 62.0834 13.2799 6.2
    endloop
  endfacet
  facet normal 0.0782025 -0.996937 0
    outer loop
      vertex 62.5579 13.4765 6.2
      vertex 62.73 13.49 14.2
      vertex 62.5579 13.4765 14.2
    endloop
  endfacet
  facet normal 0.0782025 -0.996937 0
    outer loop
      vertex 62.73 13.49 14.2
      vertex 62.5579 13.4765 6.2
      vertex 62.73 13.49 6.2
    endloop
  endfacet
  facet normal -0.852651 -0.522481 0
    outer loop
      vertex 63.7101 12.8894 6.2
      vertex 63.6199 13.0366 14.2
      vertex 63.6199 13.0366 6.2
    endloop
  endfacet
  facet normal -0.852651 -0.522481 0
    outer loop
      vertex 63.6199 13.0366 14.2
      vertex 63.7101 12.8894 6.2
      vertex 63.7101 12.8894 14.2
    endloop
  endfacet
  facet normal 0.522481 -0.852651 0
    outer loop
      vertex 62.0834 13.2799 6.2
      vertex 62.2306 13.3701 14.2
      vertex 62.0834 13.2799 14.2
    endloop
  endfacet
  facet normal 0.522481 -0.852651 0
    outer loop
      vertex 62.2306 13.3701 14.2
      vertex 62.0834 13.2799 6.2
      vertex 62.2306 13.3701 6.2
    endloop
  endfacet
  facet normal 0.852651 0.522481 0
    outer loop
      vertex 61.8401 11.7434 14.2
      vertex 61.7499 11.8906 6.2
      vertex 61.7499 11.8906 14.2
    endloop
  endfacet
  facet normal 0.852651 0.522481 0
    outer loop
      vertex 61.7499 11.8906 6.2
      vertex 61.8401 11.7434 14.2
      vertex 61.8401 11.7434 6.2
    endloop
  endfacet
  facet normal 0.522481 0.852651 -0
    outer loop
      vertex 62.2306 11.4099 6.2
      vertex 62.0834 11.5001 14.2
      vertex 62.2306 11.4099 14.2
    endloop
  endfacet
  facet normal 0.522481 0.852651 0
    outer loop
      vertex 62.0834 11.5001 14.2
      vertex 62.2306 11.4099 6.2
      vertex 62.0834 11.5001 6.2
    endloop
  endfacet
  facet normal 0 0 1
    outer loop
      vertex 63.8165 12.5621 6.2
      vertex 63.8165 12.2179 6.2
      vertex 63.83 12.39 6.2
    endloop
  endfacet
  facet normal 0 0 1
    outer loop
      vertex 63.7762 12.7299 6.2
      vertex 63.8165 12.2179 6.2
      vertex 63.8165 12.5621 6.2
    endloop
  endfacet
  facet normal 0 0 1
    outer loop
      vertex 63.7762 12.7299 6.2
      vertex 63.7762 12.0501 6.2
      vertex 63.8165 12.2179 6.2
    endloop
  endfacet
  facet normal 0 0 1
    outer loop
      vertex 63.7101 12.8894 6.2
      vertex 63.7762 12.0501 6.2
      vertex 63.7762 12.7299 6.2
    endloop
  endfacet
  facet normal 0 0 1
    outer loop
      vertex 63.7101 12.8894 6.2
      vertex 63.7101 11.8906 6.2
      vertex 63.7762 12.0501 6.2
    endloop
  endfacet
  facet normal 0 0 1
    outer loop
      vertex 63.6199 13.0366 6.2
      vertex 63.7101 11.8906 6.2
      vertex 63.7101 12.8894 6.2
    endloop
  endfacet
  facet normal 0 0 1
    outer loop
      vertex 63.6199 13.0366 6.2
      vertex 63.6199 11.7434 6.2
      vertex 63.7101 11.8906 6.2
    endloop
  endfacet
  facet normal 0 0 1
    outer loop
      vertex 63.5078 13.1678 6.2
      vertex 63.6199 11.7434 6.2
      vertex 63.6199 13.0366 6.2
    endloop
  endfacet
  facet normal 0 0 1
    outer loop
      vertex 63.5078 13.1678 6.2
      vertex 63.5078 11.6122 6.2
      vertex 63.6199 11.7434 6.2
    endloop
  endfacet
  facet normal 0 0 1
    outer loop
      vertex 63.3766 13.2799 6.2
      vertex 63.5078 11.6122 6.2
      vertex 63.5078 13.1678 6.2
    endloop
  endfacet
  facet normal 0 0 1
    outer loop
      vertex 63.3766 13.2799 6.2
      vertex 63.3766 11.5001 6.2
      vertex 63.5078 11.6122 6.2
    endloop
  endfacet
  facet normal 0 0 1
    outer loop
      vertex 63.2294 13.3701 6.2
      vertex 63.3766 11.5001 6.2
      vertex 63.3766 13.2799 6.2
    endloop
  endfacet
  facet normal 0 0 1
    outer loop
      vertex 63.2294 13.3701 6.2
      vertex 63.2294 11.4099 6.2
      vertex 63.3766 11.5001 6.2
    endloop
  endfacet
  facet normal 0 0 1
    outer loop
      vertex 63.0699 13.4362 6.2
      vertex 63.2294 11.4099 6.2
      vertex 63.2294 13.3701 6.2
    endloop
  endfacet
  facet normal 0 0 1
    outer loop
      vertex 63.0699 13.4362 6.2
      vertex 63.0699 11.3438 6.2
      vertex 63.2294 11.4099 6.2
    endloop
  endfacet
  facet normal 0 0 1
    outer loop
      vertex 62.9021 13.4765 6.2
      vertex 63.0699 11.3438 6.2
      vertex 63.0699 13.4362 6.2
    endloop
  endfacet
  facet normal 0 0 1
    outer loop
      vertex 62.9021 13.4765 6.2
      vertex 62.9021 11.3035 6.2
      vertex 63.0699 11.3438 6.2
    endloop
  endfacet
  facet normal 0 0 1
    outer loop
      vertex 62.73 13.49 6.2
      vertex 62.9021 11.3035 6.2
      vertex 62.9021 13.4765 6.2
    endloop
  endfacet
  facet normal 0 0 1
    outer loop
      vertex 62.73 13.49 6.2
      vertex 62.73 11.29 6.2
      vertex 62.9021 11.3035 6.2
    endloop
  endfacet
  facet normal -0 0 1
    outer loop
      vertex 62.5579 13.4765 6.2
      vertex 62.73 11.29 6.2
      vertex 62.73 13.49 6.2
    endloop
  endfacet
  facet normal 0 0 1
    outer loop
      vertex 62.5579 13.4765 6.2
      vertex 62.5579 11.3035 6.2
      vertex 62.73 11.29 6.2
    endloop
  endfacet
  facet normal -0 0 1
    outer loop
      vertex 62.3901 13.4362 6.2
      vertex 62.5579 11.3035 6.2
      vertex 62.5579 13.4765 6.2
    endloop
  endfacet
  facet normal 0 0 1
    outer loop
      vertex 62.3901 13.4362 6.2
      vertex 62.3901 11.3438 6.2
      vertex 62.5579 11.3035 6.2
    endloop
  endfacet
  facet normal -0 0 1
    outer loop
      vertex 62.2306 13.3701 6.2
      vertex 62.3901 11.3438 6.2
      vertex 62.3901 13.4362 6.2
    endloop
  endfacet
  facet normal 0 0 1
    outer loop
      vertex 62.2306 13.3701 6.2
      vertex 62.2306 11.4099 6.2
      vertex 62.3901 11.3438 6.2
    endloop
  endfacet
  facet normal -0 0 1
    outer loop
      vertex 62.0834 13.2799 6.2
      vertex 62.2306 11.4099 6.2
      vertex 62.2306 13.3701 6.2
    endloop
  endfacet
  facet normal 0 0 1
    outer loop
      vertex 62.0834 13.2799 6.2
      vertex 62.0834 11.5001 6.2
      vertex 62.2306 11.4099 6.2
    endloop
  endfacet
  facet normal -0 0 1
    outer loop
      vertex 61.9522 13.1678 6.2
      vertex 62.0834 11.5001 6.2
      vertex 62.0834 13.2799 6.2
    endloop
  endfacet
  facet normal 0 0 1
    outer loop
      vertex 61.9522 13.1678 6.2
      vertex 61.9522 11.6122 6.2
      vertex 62.0834 11.5001 6.2
    endloop
  endfacet
  facet normal -0 0 1
    outer loop
      vertex 61.8401 13.0366 6.2
      vertex 61.9522 11.6122 6.2
      vertex 61.9522 13.1678 6.2
    endloop
  endfacet
  facet normal 0 0 1
    outer loop
      vertex 61.8401 13.0366 6.2
      vertex 61.8401 11.7434 6.2
      vertex 61.9522 11.6122 6.2
    endloop
  endfacet
  facet normal -0 0 1
    outer loop
      vertex 61.7499 12.8894 6.2
      vertex 61.8401 11.7434 6.2
      vertex 61.8401 13.0366 6.2
    endloop
  endfacet
  facet normal 0 0 1
    outer loop
      vertex 61.7499 12.8894 6.2
      vertex 61.7499 11.8906 6.2
      vertex 61.8401 11.7434 6.2
    endloop
  endfacet
  facet normal -0 0 1
    outer loop
      vertex 61.6838 12.7299 6.2
      vertex 61.7499 11.8906 6.2
      vertex 61.7499 12.8894 6.2
    endloop
  endfacet
  facet normal 0 0 1
    outer loop
      vertex 61.6838 12.7299 6.2
      vertex 61.6838 12.0501 6.2
      vertex 61.7499 11.8906 6.2
    endloop
  endfacet
  facet normal -0 0 1
    outer loop
      vertex 61.6435 12.5621 6.2
      vertex 61.6838 12.0501 6.2
      vertex 61.6838 12.7299 6.2
    endloop
  endfacet
  facet normal 0 0 1
    outer loop
      vertex 61.6435 12.5621 6.2
      vertex 61.6435 12.2179 6.2
      vertex 61.6838 12.0501 6.2
    endloop
  endfacet
  facet normal 0 -0 1
    outer loop
      vertex 61.6435 12.2179 6.2
      vertex 61.6435 12.5621 6.2
      vertex 61.63 12.39 6.2
    endloop
  endfacet
  facet normal -0 0 1
    outer loop
      vertex 0.500001 31.708 2.8
      vertex 10.5 27.108 2.8
      vertex 10.5 31.708 2.8
    endloop
  endfacet
  facet normal 0 0 1
    outer loop
      vertex 10.5 27.108 2.8
      vertex 0.500001 31.708 2.8
      vertex 0.500001 27.108 2.8
    endloop
  endfacet
  facet normal 0 0 -1
    outer loop
      vertex 0.500001 27.108 7.9
      vertex 10.5 31.708 7.9
      vertex 10.5 27.108 7.9
    endloop
  endfacet
  facet normal -0 0 -1
    outer loop
      vertex 10.5 31.708 7.9
      vertex 0.500001 27.108 7.9
      vertex 0.500001 31.708 7.9
    endloop
  endfacet
  facet normal 0 1 -0
    outer loop
      vertex 10.5 27.108 2.8
      vertex 0.500001 27.108 7.9
      vertex 10.5 27.108 7.9
    endloop
  endfacet
  facet normal 0 1 0
    outer loop
      vertex 0.500001 27.108 7.9
      vertex 10.5 27.108 2.8
      vertex 0.500001 27.108 2.8
    endloop
  endfacet
  facet normal 0 -1 0
    outer loop
      vertex 0.500001 31.708 2.8
      vertex 10.5 31.708 7.9
      vertex 0.500001 31.708 7.9
    endloop
  endfacet
  facet normal 0 -1 -0
    outer loop
      vertex 10.5 31.708 7.9
      vertex 0.500001 31.708 2.8
      vertex 10.5 31.708 2.8
    endloop
  endfacet
  facet normal -0 0 1
    outer loop
      vertex 0.500001 21.929 2.8
      vertex 10.5 17.329 2.8
      vertex 10.5 21.929 2.8
    endloop
  endfacet
  facet normal 0 0 1
    outer loop
      vertex 10.5 17.329 2.8
      vertex 0.500001 21.929 2.8
      vertex 0.500001 17.329 2.8
    endloop
  endfacet
  facet normal 0 0 -1
    outer loop
      vertex 0.500001 17.329 7.9
      vertex 10.5 21.929 7.9
      vertex 10.5 17.329 7.9
    endloop
  endfacet
  facet normal -0 0 -1
    outer loop
      vertex 10.5 21.929 7.9
      vertex 0.500001 17.329 7.9
      vertex 0.500001 21.929 7.9
    endloop
  endfacet
  facet normal 0 1 -0
    outer loop
      vertex 10.5 17.329 2.8
      vertex 0.500001 17.329 7.9
      vertex 10.5 17.329 7.9
    endloop
  endfacet
  facet normal 0 1 0
    outer loop
      vertex 0.500001 17.329 7.9
      vertex 10.5 17.329 2.8
      vertex 0.500001 17.329 2.8
    endloop
  endfacet
  facet normal 0 -1 0
    outer loop
      vertex 0.500001 21.929 2.8
      vertex 10.5 21.929 7.9
      vertex 0.500001 21.929 7.9
    endloop
  endfacet
  facet normal 0 -1 -0
    outer loop
      vertex 10.5 21.929 7.9
      vertex 0.500001 21.929 2.8
      vertex 10.5 21.929 2.8
    endloop
  endfacet
  facet normal -0 0 1
    outer loop
      vertex 0.500001 12.15 2.8
      vertex 10.5 7.55 2.8
      vertex 10.5 12.15 2.8
    endloop
  endfacet
  facet normal 0 0 1
    outer loop
      vertex 10.5 7.55 2.8
      vertex 0.500001 12.15 2.8
      vertex 0.500001 7.55 2.8
    endloop
  endfacet
  facet normal 0 0 -1
    outer loop
      vertex 0.500001 7.55 7.9
      vertex 10.5 12.15 7.9
      vertex 10.5 7.55 7.9
    endloop
  endfacet
  facet normal -0 0 -1
    outer loop
      vertex 10.5 12.15 7.9
      vertex 0.500001 7.55 7.9
      vertex 0.500001 12.15 7.9
    endloop
  endfacet
  facet normal 0 1 -0
    outer loop
      vertex 10.5 7.55 2.8
      vertex 0.500001 7.55 7.9
      vertex 10.5 7.55 7.9
    endloop
  endfacet
  facet normal 0 1 0
    outer loop
      vertex 0.500001 7.55 7.9
      vertex 10.5 7.55 2.8
      vertex 0.500001 7.55 2.8
    endloop
  endfacet
  facet normal 0 -1 0
    outer loop
      vertex 0.500001 12.15 2.8
      vertex 10.5 12.15 7.9
      vertex 0.500001 12.15 7.9
    endloop
  endfacet
  facet normal 0 -1 -0
    outer loop
      vertex 10.5 12.15 7.9
      vertex 0.500001 12.15 2.8
      vertex 10.5 12.15 2.8
    endloop
  endfacet
  facet normal 0.98077 -0.195168 0
    outer loop
      vertex 28.17 28.45 2.4
      vertex 28.269 28.9475 7.62939e-07
      vertex 28.269 28.9475 2.4
    endloop
  endfacet
  facet normal 0.98077 -0.195168 0
    outer loop
      vertex 28.269 28.9475 7.62939e-07
      vertex 28.17 28.45 2.4
      vertex 28.17 28.45 7.62939e-07
    endloop
  endfacet
  facet normal -1 0 0
    outer loop
      vertex 30.77 15.95 7.62939e-07
      vertex 30.77 28.45 2.4
      vertex 30.77 28.45 7.62939e-07
    endloop
  endfacet
  facet normal -1 -0 0
    outer loop
      vertex 30.77 28.45 2.4
      vertex 30.77 15.95 7.62939e-07
      vertex 30.77 15.95 2.4
    endloop
  endfacet
  facet normal -0.98077 -0.195168 0
    outer loop
      vertex 30.77 28.45 7.62939e-07
      vertex 30.671 28.9475 2.4
      vertex 30.671 28.9475 7.62939e-07
    endloop
  endfacet
  facet normal -0.98077 -0.195168 0
    outer loop
      vertex 30.671 28.9475 2.4
      vertex 30.77 28.45 7.62939e-07
      vertex 30.77 28.45 2.4
    endloop
  endfacet
  facet normal 1 -0 0
    outer loop
      vertex 28.17 15.95 2.4
      vertex 28.17 28.45 7.62939e-07
      vertex 28.17 28.45 2.4
    endloop
  endfacet
  facet normal 1 0 0
    outer loop
      vertex 28.17 28.45 7.62939e-07
      vertex 28.17 15.95 2.4
      vertex 28.17 15.95 7.62939e-07
    endloop
  endfacet
  facet normal -0.55561 0.831443 0
    outer loop
      vertex 30.3892 15.0308 7.62939e-07
      vertex 29.9675 14.749 2.4
      vertex 30.3892 15.0308 2.4
    endloop
  endfacet
  facet normal -0.55561 0.831443 0
    outer loop
      vertex 29.9675 14.749 2.4
      vertex 30.3892 15.0308 7.62939e-07
      vertex 29.9675 14.749 7.62939e-07
    endloop
  endfacet
  facet normal 0.195168 -0.98077 0
    outer loop
      vertex 28.9725 29.651 7.62939e-07
      vertex 29.47 29.75 2.4
      vertex 28.9725 29.651 2.4
    endloop
  endfacet
  facet normal 0.195168 -0.98077 0
    outer loop
      vertex 29.47 29.75 2.4
      vertex 28.9725 29.651 7.62939e-07
      vertex 29.47 29.75 7.62939e-07
    endloop
  endfacet
  facet normal -0.98077 0.195168 0
    outer loop
      vertex 30.671 15.4525 7.62939e-07
      vertex 30.77 15.95 2.4
      vertex 30.77 15.95 7.62939e-07
    endloop
  endfacet
  facet normal -0.98077 0.195168 0
    outer loop
      vertex 30.77 15.95 2.4
      vertex 30.671 15.4525 7.62939e-07
      vertex 30.671 15.4525 2.4
    endloop
  endfacet
  facet normal -0.831443 -0.55561 0
    outer loop
      vertex 30.671 28.9475 7.62939e-07
      vertex 30.3892 29.3692 2.4
      vertex 30.3892 29.3692 7.62939e-07
    endloop
  endfacet
  facet normal -0.831443 -0.55561 0
    outer loop
      vertex 30.3892 29.3692 2.4
      vertex 30.671 28.9475 7.62939e-07
      vertex 30.671 28.9475 2.4
    endloop
  endfacet
  facet normal 0.98077 0.195168 0
    outer loop
      vertex 28.269 15.4525 2.4
      vertex 28.17 15.95 7.62939e-07
      vertex 28.17 15.95 2.4
    endloop
  endfacet
  facet normal 0.98077 0.195168 0
    outer loop
      vertex 28.17 15.95 7.62939e-07
      vertex 28.269 15.4525 2.4
      vertex 28.269 15.4525 7.62939e-07
    endloop
  endfacet
  facet normal -0.195168 0.98077 0
    outer loop
      vertex 29.9675 14.749 7.62939e-07
      vertex 29.47 14.65 2.4
      vertex 29.9675 14.749 2.4
    endloop
  endfacet
  facet normal -0.195168 0.98077 0
    outer loop
      vertex 29.47 14.65 2.4
      vertex 29.9675 14.749 7.62939e-07
      vertex 29.47 14.65 7.62939e-07
    endloop
  endfacet
  facet normal -0.195168 -0.98077 0
    outer loop
      vertex 29.47 29.75 7.62939e-07
      vertex 29.9675 29.651 2.4
      vertex 29.47 29.75 2.4
    endloop
  endfacet
  facet normal -0.195168 -0.98077 -0
    outer loop
      vertex 29.9675 29.651 2.4
      vertex 29.47 29.75 7.62939e-07
      vertex 29.9675 29.651 7.62939e-07
    endloop
  endfacet
  facet normal -0.831443 0.55561 0
    outer loop
      vertex 30.3892 15.0308 7.62939e-07
      vertex 30.671 15.4525 2.4
      vertex 30.671 15.4525 7.62939e-07
    endloop
  endfacet
  facet normal -0.831443 0.55561 0
    outer loop
      vertex 30.671 15.4525 2.4
      vertex 30.3892 15.0308 7.62939e-07
      vertex 30.3892 15.0308 2.4
    endloop
  endfacet
  facet normal 0.195168 0.98077 -0
    outer loop
      vertex 29.47 14.65 7.62939e-07
      vertex 28.9725 14.749 2.4
      vertex 29.47 14.65 2.4
    endloop
  endfacet
  facet normal 0.195168 0.98077 0
    outer loop
      vertex 28.9725 14.749 2.4
      vertex 29.47 14.65 7.62939e-07
      vertex 28.9725 14.749 7.62939e-07
    endloop
  endfacet
  facet normal -0.55561 -0.831443 0
    outer loop
      vertex 29.9675 29.651 7.62939e-07
      vertex 30.3892 29.3692 2.4
      vertex 29.9675 29.651 2.4
    endloop
  endfacet
  facet normal -0.55561 -0.831443 -0
    outer loop
      vertex 30.3892 29.3692 2.4
      vertex 29.9675 29.651 7.62939e-07
      vertex 30.3892 29.3692 7.62939e-07
    endloop
  endfacet
  facet normal 0.55561 -0.831443 0
    outer loop
      vertex 28.5508 29.3692 7.62939e-07
      vertex 28.9725 29.651 2.4
      vertex 28.5508 29.3692 2.4
    endloop
  endfacet
  facet normal 0.55561 -0.831443 0
    outer loop
      vertex 28.9725 29.651 2.4
      vertex 28.5508 29.3692 7.62939e-07
      vertex 28.9725 29.651 7.62939e-07
    endloop
  endfacet
  facet normal 0.55561 0.831443 -0
    outer loop
      vertex 28.9725 14.749 7.62939e-07
      vertex 28.5508 15.0308 2.4
      vertex 28.9725 14.749 2.4
    endloop
  endfacet
  facet normal 0.55561 0.831443 0
    outer loop
      vertex 28.5508 15.0308 2.4
      vertex 28.9725 14.749 7.62939e-07
      vertex 28.5508 15.0308 7.62939e-07
    endloop
  endfacet
  facet normal 0.831443 -0.55561 0
    outer loop
      vertex 28.269 28.9475 2.4
      vertex 28.5508 29.3692 7.62939e-07
      vertex 28.5508 29.3692 2.4
    endloop
  endfacet
  facet normal 0.831443 -0.55561 0
    outer loop
      vertex 28.5508 29.3692 7.62939e-07
      vertex 28.269 28.9475 2.4
      vertex 28.269 28.9475 7.62939e-07
    endloop
  endfacet
  facet normal 0.831443 0.55561 0
    outer loop
      vertex 28.5508 15.0308 2.4
      vertex 28.269 15.4525 7.62939e-07
      vertex 28.269 15.4525 2.4
    endloop
  endfacet
  facet normal 0.831443 0.55561 0
    outer loop
      vertex 28.269 15.4525 7.62939e-07
      vertex 28.5508 15.0308 2.4
      vertex 28.5508 15.0308 7.62939e-07
    endloop
  endfacet
  facet normal 0.98077 -0.195168 0
    outer loop
      vertex 33.17 28.45 2.4
      vertex 33.269 28.9475 7.62939e-07
      vertex 33.269 28.9475 2.4
    endloop
  endfacet
  facet normal 0.98077 -0.195168 0
    outer loop
      vertex 33.269 28.9475 7.62939e-07
      vertex 33.17 28.45 2.4
      vertex 33.17 28.45 7.62939e-07
    endloop
  endfacet
  facet normal -1 0 0
    outer loop
      vertex 35.77 15.95 7.62939e-07
      vertex 35.77 28.45 2.4
      vertex 35.77 28.45 7.62939e-07
    endloop
  endfacet
  facet normal -1 -0 0
    outer loop
      vertex 35.77 28.45 2.4
      vertex 35.77 15.95 7.62939e-07
      vertex 35.77 15.95 2.4
    endloop
  endfacet
  facet normal -0.98077 -0.195168 0
    outer loop
      vertex 35.77 28.45 7.62939e-07
      vertex 35.671 28.9475 2.4
      vertex 35.671 28.9475 7.62939e-07
    endloop
  endfacet
  facet normal -0.98077 -0.195168 0
    outer loop
      vertex 35.671 28.9475 2.4
      vertex 35.77 28.45 7.62939e-07
      vertex 35.77 28.45 2.4
    endloop
  endfacet
  facet normal 1 -0 0
    outer loop
      vertex 33.17 15.95 2.4
      vertex 33.17 28.45 7.62939e-07
      vertex 33.17 28.45 2.4
    endloop
  endfacet
  facet normal 1 0 0
    outer loop
      vertex 33.17 28.45 7.62939e-07
      vertex 33.17 15.95 2.4
      vertex 33.17 15.95 7.62939e-07
    endloop
  endfacet
  facet normal -0.55561 0.831443 0
    outer loop
      vertex 35.3892 15.0308 7.62939e-07
      vertex 34.9675 14.749 2.4
      vertex 35.3892 15.0308 2.4
    endloop
  endfacet
  facet normal -0.55561 0.831443 0
    outer loop
      vertex 34.9675 14.749 2.4
      vertex 35.3892 15.0308 7.62939e-07
      vertex 34.9675 14.749 7.62939e-07
    endloop
  endfacet
  facet normal 0.195168 -0.98077 0
    outer loop
      vertex 33.9725 29.651 7.62939e-07
      vertex 34.47 29.75 2.4
      vertex 33.9725 29.651 2.4
    endloop
  endfacet
  facet normal 0.195168 -0.98077 0
    outer loop
      vertex 34.47 29.75 2.4
      vertex 33.9725 29.651 7.62939e-07
      vertex 34.47 29.75 7.62939e-07
    endloop
  endfacet
  facet normal -0.98077 0.195168 0
    outer loop
      vertex 35.671 15.4525 7.62939e-07
      vertex 35.77 15.95 2.4
      vertex 35.77 15.95 7.62939e-07
    endloop
  endfacet
  facet normal -0.98077 0.195168 0
    outer loop
      vertex 35.77 15.95 2.4
      vertex 35.671 15.4525 7.62939e-07
      vertex 35.671 15.4525 2.4
    endloop
  endfacet
  facet normal -0.831443 -0.55561 0
    outer loop
      vertex 35.671 28.9475 7.62939e-07
      vertex 35.3892 29.3692 2.4
      vertex 35.3892 29.3692 7.62939e-07
    endloop
  endfacet
  facet normal -0.831443 -0.55561 0
    outer loop
      vertex 35.3892 29.3692 2.4
      vertex 35.671 28.9475 7.62939e-07
      vertex 35.671 28.9475 2.4
    endloop
  endfacet
  facet normal 0.98077 0.195168 0
    outer loop
      vertex 33.269 15.4525 2.4
      vertex 33.17 15.95 7.62939e-07
      vertex 33.17 15.95 2.4
    endloop
  endfacet
  facet normal 0.98077 0.195168 0
    outer loop
      vertex 33.17 15.95 7.62939e-07
      vertex 33.269 15.4525 2.4
      vertex 33.269 15.4525 7.62939e-07
    endloop
  endfacet
  facet normal -0.195168 0.98077 0
    outer loop
      vertex 34.9675 14.749 7.62939e-07
      vertex 34.47 14.65 2.4
      vertex 34.9675 14.749 2.4
    endloop
  endfacet
  facet normal -0.195168 0.98077 0
    outer loop
      vertex 34.47 14.65 2.4
      vertex 34.9675 14.749 7.62939e-07
      vertex 34.47 14.65 7.62939e-07
    endloop
  endfacet
  facet normal -0.195168 -0.98077 0
    outer loop
      vertex 34.47 29.75 7.62939e-07
      vertex 34.9675 29.651 2.4
      vertex 34.47 29.75 2.4
    endloop
  endfacet
  facet normal -0.195168 -0.98077 -0
    outer loop
      vertex 34.9675 29.651 2.4
      vertex 34.47 29.75 7.62939e-07
      vertex 34.9675 29.651 7.62939e-07
    endloop
  endfacet
  facet normal -0.831443 0.55561 0
    outer loop
      vertex 35.3892 15.0308 7.62939e-07
      vertex 35.671 15.4525 2.4
      vertex 35.671 15.4525 7.62939e-07
    endloop
  endfacet
  facet normal -0.831443 0.55561 0
    outer loop
      vertex 35.671 15.4525 2.4
      vertex 35.3892 15.0308 7.62939e-07
      vertex 35.3892 15.0308 2.4
    endloop
  endfacet
  facet normal 0.195168 0.98077 -0
    outer loop
      vertex 34.47 14.65 7.62939e-07
      vertex 33.9725 14.749 2.4
      vertex 34.47 14.65 2.4
    endloop
  endfacet
  facet normal 0.195168 0.98077 0
    outer loop
      vertex 33.9725 14.749 2.4
      vertex 34.47 14.65 7.62939e-07
      vertex 33.9725 14.749 7.62939e-07
    endloop
  endfacet
  facet normal -0.55561 -0.831443 0
    outer loop
      vertex 34.9675 29.651 7.62939e-07
      vertex 35.3892 29.3692 2.4
      vertex 34.9675 29.651 2.4
    endloop
  endfacet
  facet normal -0.55561 -0.831443 -0
    outer loop
      vertex 35.3892 29.3692 2.4
      vertex 34.9675 29.651 7.62939e-07
      vertex 35.3892 29.3692 7.62939e-07
    endloop
  endfacet
  facet normal 0.55561 -0.831443 0
    outer loop
      vertex 33.5508 29.3692 7.62939e-07
      vertex 33.9725 29.651 2.4
      vertex 33.5508 29.3692 2.4
    endloop
  endfacet
  facet normal 0.55561 -0.831443 0
    outer loop
      vertex 33.9725 29.651 2.4
      vertex 33.5508 29.3692 7.62939e-07
      vertex 33.9725 29.651 7.62939e-07
    endloop
  endfacet
  facet normal 0.55561 0.831443 -0
    outer loop
      vertex 33.9725 14.749 7.62939e-07
      vertex 33.5508 15.0308 2.4
      vertex 33.9725 14.749 2.4
    endloop
  endfacet
  facet normal 0.55561 0.831443 0
    outer loop
      vertex 33.5508 15.0308 2.4
      vertex 33.9725 14.749 7.62939e-07
      vertex 33.5508 15.0308 7.62939e-07
    endloop
  endfacet
  facet normal 0.831443 -0.55561 0
    outer loop
      vertex 33.269 28.9475 2.4
      vertex 33.5508 29.3692 7.62939e-07
      vertex 33.5508 29.3692 2.4
    endloop
  endfacet
  facet normal 0.831443 -0.55561 0
    outer loop
      vertex 33.5508 29.3692 7.62939e-07
      vertex 33.269 28.9475 2.4
      vertex 33.269 28.9475 7.62939e-07
    endloop
  endfacet
  facet normal 0.831443 0.55561 0
    outer loop
      vertex 33.5508 15.0308 2.4
      vertex 33.269 15.4525 7.62939e-07
      vertex 33.269 15.4525 2.4
    endloop
  endfacet
  facet normal 0.831443 0.55561 0
    outer loop
      vertex 33.269 15.4525 7.62939e-07
      vertex 33.5508 15.0308 2.4
      vertex 33.5508 15.0308 7.62939e-07
    endloop
  endfacet
  facet normal 1 -0 0
    outer loop
      vertex 38.17 15.95 2.4
      vertex 38.17 28.45 7.62939e-07
      vertex 38.17 28.45 2.4
    endloop
  endfacet
  facet normal 1 0 0
    outer loop
      vertex 38.17 28.45 7.62939e-07
      vertex 38.17 15.95 2.4
      vertex 38.17 15.95 7.62939e-07
    endloop
  endfacet
  facet normal -0.98077 0.195168 0
    outer loop
      vertex 40.671 15.4525 7.62939e-07
      vertex 40.77 15.95 2.4
      vertex 40.77 15.95 7.62939e-07
    endloop
  endfacet
  facet normal -0.98077 0.195168 0
    outer loop
      vertex 40.77 15.95 2.4
      vertex 40.671 15.4525 7.62939e-07
      vertex 40.671 15.4525 2.4
    endloop
  endfacet
  facet normal -0.55561 0.831443 0
    outer loop
      vertex 40.3892 15.0308 7.62939e-07
      vertex 39.9675 14.749 2.4
      vertex 40.3892 15.0308 2.4
    endloop
  endfacet
  facet normal -0.55561 0.831443 0
    outer loop
      vertex 39.9675 14.749 2.4
      vertex 40.3892 15.0308 7.62939e-07
      vertex 39.9675 14.749 7.62939e-07
    endloop
  endfacet
  facet normal 0.195168 -0.98077 0
    outer loop
      vertex 38.9725 29.651 7.62939e-07
      vertex 39.47 29.75 2.4
      vertex 38.9725 29.651 2.4
    endloop
  endfacet
  facet normal 0.195168 -0.98077 0
    outer loop
      vertex 39.47 29.75 2.4
      vertex 38.9725 29.651 7.62939e-07
      vertex 39.47 29.75 7.62939e-07
    endloop
  endfacet
  facet normal -0.195168 0.98077 0
    outer loop
      vertex 39.9675 14.749 7.62939e-07
      vertex 39.47 14.65 2.4
      vertex 39.9675 14.749 2.4
    endloop
  endfacet
  facet normal -0.195168 0.98077 0
    outer loop
      vertex 39.47 14.65 2.4
      vertex 39.9675 14.749 7.62939e-07
      vertex 39.47 14.65 7.62939e-07
    endloop
  endfacet
  facet normal -0.55561 -0.831443 0
    outer loop
      vertex 39.9675 29.651 7.62939e-07
      vertex 40.3892 29.3692 2.4
      vertex 39.9675 29.651 2.4
    endloop
  endfacet
  facet normal -0.55561 -0.831443 -0
    outer loop
      vertex 40.3892 29.3692 2.4
      vertex 39.9675 29.651 7.62939e-07
      vertex 40.3892 29.3692 7.62939e-07
    endloop
  endfacet
  facet normal 0.55561 0.831443 -0
    outer loop
      vertex 38.9725 14.749 7.62939e-07
      vertex 38.5508 15.0308 2.4
      vertex 38.9725 14.749 2.4
    endloop
  endfacet
  facet normal 0.55561 0.831443 0
    outer loop
      vertex 38.5508 15.0308 2.4
      vertex 38.9725 14.749 7.62939e-07
      vertex 38.5508 15.0308 7.62939e-07
    endloop
  endfacet
  facet normal -0.831443 -0.55561 0
    outer loop
      vertex 40.671 28.9475 7.62939e-07
      vertex 40.3892 29.3692 2.4
      vertex 40.3892 29.3692 7.62939e-07
    endloop
  endfacet
  facet normal -0.831443 -0.55561 0
    outer loop
      vertex 40.3892 29.3692 2.4
      vertex 40.671 28.9475 7.62939e-07
      vertex 40.671 28.9475 2.4
    endloop
  endfacet
  facet normal -1 0 0
    outer loop
      vertex 40.77 15.95 7.62939e-07
      vertex 40.77 28.45 2.4
      vertex 40.77 28.45 7.62939e-07
    endloop
  endfacet
  facet normal -1 -0 0
    outer loop
      vertex 40.77 28.45 2.4
      vertex 40.77 15.95 7.62939e-07
      vertex 40.77 15.95 2.4
    endloop
  endfacet
  facet normal 0.98077 0.195168 0
    outer loop
      vertex 38.269 15.4525 2.4
      vertex 38.17 15.95 7.62939e-07
      vertex 38.17 15.95 2.4
    endloop
  endfacet
  facet normal 0.98077 0.195168 0
    outer loop
      vertex 38.17 15.95 7.62939e-07
      vertex 38.269 15.4525 2.4
      vertex 38.269 15.4525 7.62939e-07
    endloop
  endfacet
  facet normal 0.195168 0.98077 -0
    outer loop
      vertex 39.47 14.65 7.62939e-07
      vertex 38.9725 14.749 2.4
      vertex 39.47 14.65 2.4
    endloop
  endfacet
  facet normal 0.195168 0.98077 0
    outer loop
      vertex 38.9725 14.749 2.4
      vertex 39.47 14.65 7.62939e-07
      vertex 38.9725 14.749 7.62939e-07
    endloop
  endfacet
  facet normal 0.98077 -0.195168 0
    outer loop
      vertex 38.17 28.45 2.4
      vertex 38.269 28.9475 7.62939e-07
      vertex 38.269 28.9475 2.4
    endloop
  endfacet
  facet normal 0.98077 -0.195168 0
    outer loop
      vertex 38.269 28.9475 7.62939e-07
      vertex 38.17 28.45 2.4
      vertex 38.17 28.45 7.62939e-07
    endloop
  endfacet
  facet normal -0.831443 0.55561 0
    outer loop
      vertex 40.3892 15.0308 7.62939e-07
      vertex 40.671 15.4525 2.4
      vertex 40.671 15.4525 7.62939e-07
    endloop
  endfacet
  facet normal -0.831443 0.55561 0
    outer loop
      vertex 40.671 15.4525 2.4
      vertex 40.3892 15.0308 7.62939e-07
      vertex 40.3892 15.0308 2.4
    endloop
  endfacet
  facet normal 0.55561 -0.831443 0
    outer loop
      vertex 38.5508 29.3692 7.62939e-07
      vertex 38.9725 29.651 2.4
      vertex 38.5508 29.3692 2.4
    endloop
  endfacet
  facet normal 0.55561 -0.831443 0
    outer loop
      vertex 38.9725 29.651 2.4
      vertex 38.5508 29.3692 7.62939e-07
      vertex 38.9725 29.651 7.62939e-07
    endloop
  endfacet
  facet normal -0.98077 -0.195168 0
    outer loop
      vertex 40.77 28.45 7.62939e-07
      vertex 40.671 28.9475 2.4
      vertex 40.671 28.9475 7.62939e-07
    endloop
  endfacet
  facet normal -0.98077 -0.195168 0
    outer loop
      vertex 40.671 28.9475 2.4
      vertex 40.77 28.45 7.62939e-07
      vertex 40.77 28.45 2.4
    endloop
  endfacet
  facet normal 0.831443 -0.55561 0
    outer loop
      vertex 38.269 28.9475 2.4
      vertex 38.5508 29.3692 7.62939e-07
      vertex 38.5508 29.3692 2.4
    endloop
  endfacet
  facet normal 0.831443 -0.55561 0
    outer loop
      vertex 38.5508 29.3692 7.62939e-07
      vertex 38.269 28.9475 2.4
      vertex 38.269 28.9475 7.62939e-07
    endloop
  endfacet
  facet normal 0.831443 0.55561 0
    outer loop
      vertex 38.5508 15.0308 2.4
      vertex 38.269 15.4525 7.62939e-07
      vertex 38.269 15.4525 2.4
    endloop
  endfacet
  facet normal 0.831443 0.55561 0
    outer loop
      vertex 38.269 15.4525 7.62939e-07
      vertex 38.5508 15.0308 2.4
      vertex 38.5508 15.0308 7.62939e-07
    endloop
  endfacet
  facet normal -0.195168 -0.98077 0
    outer loop
      vertex 39.47 29.75 7.62939e-07
      vertex 39.9675 29.651 2.4
      vertex 39.47 29.75 2.4
    endloop
  endfacet
  facet normal -0.195168 -0.98077 -0
    outer loop
      vertex 39.9675 29.651 2.4
      vertex 39.47 29.75 7.62939e-07
      vertex 39.9675 29.651 7.62939e-07
    endloop
  endfacet
  facet normal -0.98077 0.195168 0
    outer loop
      vertex 45.671 15.4525 7.62939e-07
      vertex 45.77 15.95 2.4
      vertex 45.77 15.95 7.62939e-07
    endloop
  endfacet
  facet normal -0.98077 0.195168 0
    outer loop
      vertex 45.77 15.95 2.4
      vertex 45.671 15.4525 7.62939e-07
      vertex 45.671 15.4525 2.4
    endloop
  endfacet
  facet normal -0.195168 0.98077 0
    outer loop
      vertex 44.9675 14.749 7.62939e-07
      vertex 44.47 14.65 2.4
      vertex 44.9675 14.749 2.4
    endloop
  endfacet
  facet normal -0.195168 0.98077 0
    outer loop
      vertex 44.47 14.65 2.4
      vertex 44.9675 14.749 7.62939e-07
      vertex 44.47 14.65 7.62939e-07
    endloop
  endfacet
  facet normal 0.195168 0.98077 -0
    outer loop
      vertex 44.47 14.65 7.62939e-07
      vertex 43.9725 14.749 2.4
      vertex 44.47 14.65 2.4
    endloop
  endfacet
  facet normal 0.195168 0.98077 0
    outer loop
      vertex 43.9725 14.749 2.4
      vertex 44.47 14.65 7.62939e-07
      vertex 43.9725 14.749 7.62939e-07
    endloop
  endfacet
  facet normal 0.98077 0.195168 0
    outer loop
      vertex 43.269 15.4525 2.4
      vertex 43.17 15.95 7.62939e-07
      vertex 43.17 15.95 2.4
    endloop
  endfacet
  facet normal 0.98077 0.195168 0
    outer loop
      vertex 43.17 15.95 7.62939e-07
      vertex 43.269 15.4525 2.4
      vertex 43.269 15.4525 7.62939e-07
    endloop
  endfacet
  facet normal 0.831443 0.55561 0
    outer loop
      vertex 43.5508 15.0308 2.4
      vertex 43.269 15.4525 7.62939e-07
      vertex 43.269 15.4525 2.4
    endloop
  endfacet
  facet normal 0.831443 0.55561 0
    outer loop
      vertex 43.269 15.4525 7.62939e-07
      vertex 43.5508 15.0308 2.4
      vertex 43.5508 15.0308 7.62939e-07
    endloop
  endfacet
  facet normal 0.55561 -0.831443 0
    outer loop
      vertex 43.5508 29.3692 7.62939e-07
      vertex 43.9725 29.651 2.4
      vertex 43.5508 29.3692 2.4
    endloop
  endfacet
  facet normal 0.55561 -0.831443 0
    outer loop
      vertex 43.9725 29.651 2.4
      vertex 43.5508 29.3692 7.62939e-07
      vertex 43.9725 29.651 7.62939e-07
    endloop
  endfacet
  facet normal 1 -0 0
    outer loop
      vertex 43.17 15.95 2.4
      vertex 43.17 28.45 7.62939e-07
      vertex 43.17 28.45 2.4
    endloop
  endfacet
  facet normal 1 0 0
    outer loop
      vertex 43.17 28.45 7.62939e-07
      vertex 43.17 15.95 2.4
      vertex 43.17 15.95 7.62939e-07
    endloop
  endfacet
  facet normal 0.195168 -0.98077 0
    outer loop
      vertex 43.9725 29.651 7.62939e-07
      vertex 44.47 29.75 2.4
      vertex 43.9725 29.651 2.4
    endloop
  endfacet
  facet normal 0.195168 -0.98077 0
    outer loop
      vertex 44.47 29.75 2.4
      vertex 43.9725 29.651 7.62939e-07
      vertex 44.47 29.75 7.62939e-07
    endloop
  endfacet
  facet normal -0.195168 -0.98077 0
    outer loop
      vertex 44.47 29.75 7.62939e-07
      vertex 44.9675 29.651 2.4
      vertex 44.47 29.75 2.4
    endloop
  endfacet
  facet normal -0.195168 -0.98077 -0
    outer loop
      vertex 44.9675 29.651 2.4
      vertex 44.47 29.75 7.62939e-07
      vertex 44.9675 29.651 7.62939e-07
    endloop
  endfacet
  facet normal -0.831443 0.55561 0
    outer loop
      vertex 45.3892 15.0308 7.62939e-07
      vertex 45.671 15.4525 2.4
      vertex 45.671 15.4525 7.62939e-07
    endloop
  endfacet
  facet normal -0.831443 0.55561 0
    outer loop
      vertex 45.671 15.4525 2.4
      vertex 45.3892 15.0308 7.62939e-07
      vertex 45.3892 15.0308 2.4
    endloop
  endfacet
  facet normal 0.55561 0.831443 -0
    outer loop
      vertex 43.9725 14.749 7.62939e-07
      vertex 43.5508 15.0308 2.4
      vertex 43.9725 14.749 2.4
    endloop
  endfacet
  facet normal 0.55561 0.831443 0
    outer loop
      vertex 43.5508 15.0308 2.4
      vertex 43.9725 14.749 7.62939e-07
      vertex 43.5508 15.0308 7.62939e-07
    endloop
  endfacet
  facet normal -0.831443 -0.55561 0
    outer loop
      vertex 45.671 28.9475 7.62939e-07
      vertex 45.3892 29.3692 2.4
      vertex 45.3892 29.3692 7.62939e-07
    endloop
  endfacet
  facet normal -0.831443 -0.55561 0
    outer loop
      vertex 45.3892 29.3692 2.4
      vertex 45.671 28.9475 7.62939e-07
      vertex 45.671 28.9475 2.4
    endloop
  endfacet
  facet normal -1 0 0
    outer loop
      vertex 45.77 15.95 7.62939e-07
      vertex 45.77 28.45 2.4
      vertex 45.77 28.45 7.62939e-07
    endloop
  endfacet
  facet normal -1 -0 0
    outer loop
      vertex 45.77 28.45 2.4
      vertex 45.77 15.95 7.62939e-07
      vertex 45.77 15.95 2.4
    endloop
  endfacet
  facet normal -0.55561 0.831443 0
    outer loop
      vertex 45.3892 15.0308 7.62939e-07
      vertex 44.9675 14.749 2.4
      vertex 45.3892 15.0308 2.4
    endloop
  endfacet
  facet normal -0.55561 0.831443 0
    outer loop
      vertex 44.9675 14.749 2.4
      vertex 45.3892 15.0308 7.62939e-07
      vertex 44.9675 14.749 7.62939e-07
    endloop
  endfacet
  facet normal -0.98077 -0.195168 0
    outer loop
      vertex 45.77 28.45 7.62939e-07
      vertex 45.671 28.9475 2.4
      vertex 45.671 28.9475 7.62939e-07
    endloop
  endfacet
  facet normal -0.98077 -0.195168 0
    outer loop
      vertex 45.671 28.9475 2.4
      vertex 45.77 28.45 7.62939e-07
      vertex 45.77 28.45 2.4
    endloop
  endfacet
  facet normal 0.831443 -0.55561 0
    outer loop
      vertex 43.269 28.9475 2.4
      vertex 43.5508 29.3692 7.62939e-07
      vertex 43.5508 29.3692 2.4
    endloop
  endfacet
  facet normal 0.831443 -0.55561 0
    outer loop
      vertex 43.5508 29.3692 7.62939e-07
      vertex 43.269 28.9475 2.4
      vertex 43.269 28.9475 7.62939e-07
    endloop
  endfacet
  facet normal 0.98077 -0.195168 0
    outer loop
      vertex 43.17 28.45 2.4
      vertex 43.269 28.9475 7.62939e-07
      vertex 43.269 28.9475 2.4
    endloop
  endfacet
  facet normal 0.98077 -0.195168 0
    outer loop
      vertex 43.269 28.9475 7.62939e-07
      vertex 43.17 28.45 2.4
      vertex 43.17 28.45 7.62939e-07
    endloop
  endfacet
  facet normal -0.55561 -0.831443 0
    outer loop
      vertex 44.9675 29.651 7.62939e-07
      vertex 45.3892 29.3692 2.4
      vertex 44.9675 29.651 2.4
    endloop
  endfacet
  facet normal -0.55561 -0.831443 -0
    outer loop
      vertex 45.3892 29.3692 2.4
      vertex 44.9675 29.651 7.62939e-07
      vertex 45.3892 29.3692 7.62939e-07
    endloop
  endfacet
  facet normal 0.195168 -0.98077 0
    outer loop
      vertex 48.9725 29.651 7.62939e-07
      vertex 49.47 29.75 2.4
      vertex 48.9725 29.651 2.4
    endloop
  endfacet
  facet normal 0.195168 -0.98077 0
    outer loop
      vertex 49.47 29.75 2.4
      vertex 48.9725 29.651 7.62939e-07
      vertex 49.47 29.75 7.62939e-07
    endloop
  endfacet
  facet normal 0.55561 -0.831443 0
    outer loop
      vertex 48.5508 29.3692 7.62939e-07
      vertex 48.9725 29.651 2.4
      vertex 48.5508 29.3692 2.4
    endloop
  endfacet
  facet normal 0.55561 -0.831443 0
    outer loop
      vertex 48.9725 29.651 2.4
      vertex 48.5508 29.3692 7.62939e-07
      vertex 48.9725 29.651 7.62939e-07
    endloop
  endfacet
  facet normal -0.98077 -0.195168 0
    outer loop
      vertex 50.77 28.45 7.62939e-07
      vertex 50.671 28.9475 2.4
      vertex 50.671 28.9475 7.62939e-07
    endloop
  endfacet
  facet normal -0.98077 -0.195168 0
    outer loop
      vertex 50.671 28.9475 2.4
      vertex 50.77 28.45 7.62939e-07
      vertex 50.77 28.45 2.4
    endloop
  endfacet
  facet normal 1 -0 0
    outer loop
      vertex 48.17 15.95 2.4
      vertex 48.17 28.45 7.62939e-07
      vertex 48.17 28.45 2.4
    endloop
  endfacet
  facet normal 1 0 0
    outer loop
      vertex 48.17 28.45 7.62939e-07
      vertex 48.17 15.95 2.4
      vertex 48.17 15.95 7.62939e-07
    endloop
  endfacet
  facet normal 0.98077 -0.195168 0
    outer loop
      vertex 48.17 28.45 2.4
      vertex 48.269 28.9475 7.62939e-07
      vertex 48.269 28.9475 2.4
    endloop
  endfacet
  facet normal 0.98077 -0.195168 0
    outer loop
      vertex 48.269 28.9475 7.62939e-07
      vertex 48.17 28.45 2.4
      vertex 48.17 28.45 7.62939e-07
    endloop
  endfacet
  facet normal -0.195168 -0.98077 0
    outer loop
      vertex 49.47 29.75 7.62939e-07
      vertex 49.9675 29.651 2.4
      vertex 49.47 29.75 2.4
    endloop
  endfacet
  facet normal -0.195168 -0.98077 -0
    outer loop
      vertex 49.9675 29.651 2.4
      vertex 49.47 29.75 7.62939e-07
      vertex 49.9675 29.651 7.62939e-07
    endloop
  endfacet
  facet normal -0.55561 0.831443 0
    outer loop
      vertex 50.3892 15.0308 7.62939e-07
      vertex 49.9675 14.749 2.4
      vertex 50.3892 15.0308 2.4
    endloop
  endfacet
  facet normal -0.55561 0.831443 0
    outer loop
      vertex 49.9675 14.749 2.4
      vertex 50.3892 15.0308 7.62939e-07
      vertex 49.9675 14.749 7.62939e-07
    endloop
  endfacet
  facet normal -1 0 0
    outer loop
      vertex 50.77 15.95 7.62939e-07
      vertex 50.77 28.45 2.4
      vertex 50.77 28.45 7.62939e-07
    endloop
  endfacet
  facet normal -1 -0 0
    outer loop
      vertex 50.77 28.45 2.4
      vertex 50.77 15.95 7.62939e-07
      vertex 50.77 15.95 2.4
    endloop
  endfacet
  facet normal -0.55561 -0.831443 0
    outer loop
      vertex 49.9675 29.651 7.62939e-07
      vertex 50.3892 29.3692 2.4
      vertex 49.9675 29.651 2.4
    endloop
  endfacet
  facet normal -0.55561 -0.831443 -0
    outer loop
      vertex 50.3892 29.3692 2.4
      vertex 49.9675 29.651 7.62939e-07
      vertex 50.3892 29.3692 7.62939e-07
    endloop
  endfacet
  facet normal 0.195168 0.98077 -0
    outer loop
      vertex 49.47 14.65 7.62939e-07
      vertex 48.9725 14.749 2.4
      vertex 49.47 14.65 2.4
    endloop
  endfacet
  facet normal 0.195168 0.98077 0
    outer loop
      vertex 48.9725 14.749 2.4
      vertex 49.47 14.65 7.62939e-07
      vertex 48.9725 14.749 7.62939e-07
    endloop
  endfacet
  facet normal 0.831443 -0.55561 0
    outer loop
      vertex 48.269 28.9475 2.4
      vertex 48.5508 29.3692 7.62939e-07
      vertex 48.5508 29.3692 2.4
    endloop
  endfacet
  facet normal 0.831443 -0.55561 0
    outer loop
      vertex 48.5508 29.3692 7.62939e-07
      vertex 48.269 28.9475 2.4
      vertex 48.269 28.9475 7.62939e-07
    endloop
  endfacet
  facet normal -0.195168 0.98077 0
    outer loop
      vertex 49.9675 14.749 7.62939e-07
      vertex 49.47 14.65 2.4
      vertex 49.9675 14.749 2.4
    endloop
  endfacet
  facet normal -0.195168 0.98077 0
    outer loop
      vertex 49.47 14.65 2.4
      vertex 49.9675 14.749 7.62939e-07
      vertex 49.47 14.65 7.62939e-07
    endloop
  endfacet
  facet normal -0.831443 0.55561 0
    outer loop
      vertex 50.3892 15.0308 7.62939e-07
      vertex 50.671 15.4525 2.4
      vertex 50.671 15.4525 7.62939e-07
    endloop
  endfacet
  facet normal -0.831443 0.55561 0
    outer loop
      vertex 50.671 15.4525 2.4
      vertex 50.3892 15.0308 7.62939e-07
      vertex 50.3892 15.0308 2.4
    endloop
  endfacet
  facet normal -0.98077 0.195168 0
    outer loop
      vertex 50.671 15.4525 7.62939e-07
      vertex 50.77 15.95 2.4
      vertex 50.77 15.95 7.62939e-07
    endloop
  endfacet
  facet normal -0.98077 0.195168 0
    outer loop
      vertex 50.77 15.95 2.4
      vertex 50.671 15.4525 7.62939e-07
      vertex 50.671 15.4525 2.4
    endloop
  endfacet
  facet normal 0.98077 0.195168 0
    outer loop
      vertex 48.269 15.4525 2.4
      vertex 48.17 15.95 7.62939e-07
      vertex 48.17 15.95 2.4
    endloop
  endfacet
  facet normal 0.98077 0.195168 0
    outer loop
      vertex 48.17 15.95 7.62939e-07
      vertex 48.269 15.4525 2.4
      vertex 48.269 15.4525 7.62939e-07
    endloop
  endfacet
  facet normal -0.831443 -0.55561 0
    outer loop
      vertex 50.671 28.9475 7.62939e-07
      vertex 50.3892 29.3692 2.4
      vertex 50.3892 29.3692 7.62939e-07
    endloop
  endfacet
  facet normal -0.831443 -0.55561 0
    outer loop
      vertex 50.3892 29.3692 2.4
      vertex 50.671 28.9475 7.62939e-07
      vertex 50.671 28.9475 2.4
    endloop
  endfacet
  facet normal 0.831443 0.55561 0
    outer loop
      vertex 48.5508 15.0308 2.4
      vertex 48.269 15.4525 7.62939e-07
      vertex 48.269 15.4525 2.4
    endloop
  endfacet
  facet normal 0.831443 0.55561 0
    outer loop
      vertex 48.269 15.4525 7.62939e-07
      vertex 48.5508 15.0308 2.4
      vertex 48.5508 15.0308 7.62939e-07
    endloop
  endfacet
  facet normal 0.55561 0.831443 -0
    outer loop
      vertex 48.9725 14.749 7.62939e-07
      vertex 48.5508 15.0308 2.4
      vertex 48.9725 14.749 2.4
    endloop
  endfacet
  facet normal 0.55561 0.831443 0
    outer loop
      vertex 48.5508 15.0308 2.4
      vertex 48.9725 14.749 7.62939e-07
      vertex 48.5508 15.0308 7.62939e-07
    endloop
  endfacet
  facet normal 0.98077 -0.195168 0
    outer loop
      vertex 53.17 28.45 2.4
      vertex 53.269 28.9475 7.62939e-07
      vertex 53.269 28.9475 2.4
    endloop
  endfacet
  facet normal 0.98077 -0.195168 0
    outer loop
      vertex 53.269 28.9475 7.62939e-07
      vertex 53.17 28.45 2.4
      vertex 53.17 28.45 7.62939e-07
    endloop
  endfacet
  facet normal -0.831443 -0.55561 0
    outer loop
      vertex 55.671 28.9475 7.62939e-07
      vertex 55.3892 29.3692 2.4
      vertex 55.3892 29.3692 7.62939e-07
    endloop
  endfacet
  facet normal -0.831443 -0.55561 0
    outer loop
      vertex 55.3892 29.3692 2.4
      vertex 55.671 28.9475 7.62939e-07
      vertex 55.671 28.9475 2.4
    endloop
  endfacet
  facet normal -0.195168 -0.98077 0
    outer loop
      vertex 54.47 29.75 7.62939e-07
      vertex 54.9675 29.651 2.4
      vertex 54.47 29.75 2.4
    endloop
  endfacet
  facet normal -0.195168 -0.98077 -0
    outer loop
      vertex 54.9675 29.651 2.4
      vertex 54.47 29.75 7.62939e-07
      vertex 54.9675 29.651 7.62939e-07
    endloop
  endfacet
  facet normal -1 0 0
    outer loop
      vertex 55.77 15.95 7.62939e-07
      vertex 55.77 28.45 2.4
      vertex 55.77 28.45 7.62939e-07
    endloop
  endfacet
  facet normal -1 -0 0
    outer loop
      vertex 55.77 28.45 2.4
      vertex 55.77 15.95 7.62939e-07
      vertex 55.77 15.95 2.4
    endloop
  endfacet
  facet normal 1 -0 0
    outer loop
      vertex 53.17 15.95 2.4
      vertex 53.17 28.45 7.62939e-07
      vertex 53.17 28.45 2.4
    endloop
  endfacet
  facet normal 1 0 0
    outer loop
      vertex 53.17 28.45 7.62939e-07
      vertex 53.17 15.95 2.4
      vertex 53.17 15.95 7.62939e-07
    endloop
  endfacet
  facet normal -0.55561 -0.831443 0
    outer loop
      vertex 54.9675 29.651 7.62939e-07
      vertex 55.3892 29.3692 2.4
      vertex 54.9675 29.651 2.4
    endloop
  endfacet
  facet normal -0.55561 -0.831443 -0
    outer loop
      vertex 55.3892 29.3692 2.4
      vertex 54.9675 29.651 7.62939e-07
      vertex 55.3892 29.3692 7.62939e-07
    endloop
  endfacet
  facet normal -0.195168 0.98077 0
    outer loop
      vertex 54.9675 14.749 7.62939e-07
      vertex 54.47 14.65 2.4
      vertex 54.9675 14.749 2.4
    endloop
  endfacet
  facet normal -0.195168 0.98077 0
    outer loop
      vertex 54.47 14.65 2.4
      vertex 54.9675 14.749 7.62939e-07
      vertex 54.47 14.65 7.62939e-07
    endloop
  endfacet
  facet normal -0.98077 0.195168 0
    outer loop
      vertex 55.671 15.4525 7.62939e-07
      vertex 55.77 15.95 2.4
      vertex 55.77 15.95 7.62939e-07
    endloop
  endfacet
  facet normal -0.98077 0.195168 0
    outer loop
      vertex 55.77 15.95 2.4
      vertex 55.671 15.4525 7.62939e-07
      vertex 55.671 15.4525 2.4
    endloop
  endfacet
  facet normal 0.831443 -0.55561 0
    outer loop
      vertex 53.269 28.9475 2.4
      vertex 53.5508 29.3692 7.62939e-07
      vertex 53.5508 29.3692 2.4
    endloop
  endfacet
  facet normal 0.831443 -0.55561 0
    outer loop
      vertex 53.5508 29.3692 7.62939e-07
      vertex 53.269 28.9475 2.4
      vertex 53.269 28.9475 7.62939e-07
    endloop
  endfacet
  facet normal 0.98077 0.195168 0
    outer loop
      vertex 53.269 15.4525 2.4
      vertex 53.17 15.95 7.62939e-07
      vertex 53.17 15.95 2.4
    endloop
  endfacet
  facet normal 0.98077 0.195168 0
    outer loop
      vertex 53.17 15.95 7.62939e-07
      vertex 53.269 15.4525 2.4
      vertex 53.269 15.4525 7.62939e-07
    endloop
  endfacet
  facet normal -0.98077 -0.195168 0
    outer loop
      vertex 55.77 28.45 7.62939e-07
      vertex 55.671 28.9475 2.4
      vertex 55.671 28.9475 7.62939e-07
    endloop
  endfacet
  facet normal -0.98077 -0.195168 0
    outer loop
      vertex 55.671 28.9475 2.4
      vertex 55.77 28.45 7.62939e-07
      vertex 55.77 28.45 2.4
    endloop
  endfacet
  facet normal 0.55561 0.831443 -0
    outer loop
      vertex 53.9725 14.749 7.62939e-07
      vertex 53.5508 15.0308 2.4
      vertex 53.9725 14.749 2.4
    endloop
  endfacet
  facet normal 0.55561 0.831443 0
    outer loop
      vertex 53.5508 15.0308 2.4
      vertex 53.9725 14.749 7.62939e-07
      vertex 53.5508 15.0308 7.62939e-07
    endloop
  endfacet
  facet normal -0.831443 0.55561 0
    outer loop
      vertex 55.3892 15.0308 7.62939e-07
      vertex 55.671 15.4525 2.4
      vertex 55.671 15.4525 7.62939e-07
    endloop
  endfacet
  facet normal -0.831443 0.55561 0
    outer loop
      vertex 55.671 15.4525 2.4
      vertex 55.3892 15.0308 7.62939e-07
      vertex 55.3892 15.0308 2.4
    endloop
  endfacet
  facet normal 0.195168 -0.98077 0
    outer loop
      vertex 53.9725 29.651 7.62939e-07
      vertex 54.47 29.75 2.4
      vertex 53.9725 29.651 2.4
    endloop
  endfacet
  facet normal 0.195168 -0.98077 0
    outer loop
      vertex 54.47 29.75 2.4
      vertex 53.9725 29.651 7.62939e-07
      vertex 54.47 29.75 7.62939e-07
    endloop
  endfacet
  facet normal 0.831443 0.55561 0
    outer loop
      vertex 53.5508 15.0308 2.4
      vertex 53.269 15.4525 7.62939e-07
      vertex 53.269 15.4525 2.4
    endloop
  endfacet
  facet normal 0.831443 0.55561 0
    outer loop
      vertex 53.269 15.4525 7.62939e-07
      vertex 53.5508 15.0308 2.4
      vertex 53.5508 15.0308 7.62939e-07
    endloop
  endfacet
  facet normal 0.195168 0.98077 -0
    outer loop
      vertex 54.47 14.65 7.62939e-07
      vertex 53.9725 14.749 2.4
      vertex 54.47 14.65 2.4
    endloop
  endfacet
  facet normal 0.195168 0.98077 0
    outer loop
      vertex 53.9725 14.749 2.4
      vertex 54.47 14.65 7.62939e-07
      vertex 53.9725 14.749 7.62939e-07
    endloop
  endfacet
  facet normal -0.55561 0.831443 0
    outer loop
      vertex 55.3892 15.0308 7.62939e-07
      vertex 54.9675 14.749 2.4
      vertex 55.3892 15.0308 2.4
    endloop
  endfacet
  facet normal -0.55561 0.831443 0
    outer loop
      vertex 54.9675 14.749 2.4
      vertex 55.3892 15.0308 7.62939e-07
      vertex 54.9675 14.749 7.62939e-07
    endloop
  endfacet
  facet normal 0.55561 -0.831443 0
    outer loop
      vertex 53.5508 29.3692 7.62939e-07
      vertex 53.9725 29.651 2.4
      vertex 53.5508 29.3692 2.4
    endloop
  endfacet
  facet normal 0.55561 -0.831443 0
    outer loop
      vertex 53.9725 29.651 2.4
      vertex 53.5508 29.3692 7.62939e-07
      vertex 53.9725 29.651 7.62939e-07
    endloop
  endfacet
  facet normal -0.98077 0.195168 0
    outer loop
      vertex 60.671 15.4525 7.62939e-07
      vertex 60.77 15.95 2.4
      vertex 60.77 15.95 7.62939e-07
    endloop
  endfacet
  facet normal -0.98077 0.195168 0
    outer loop
      vertex 60.77 15.95 2.4
      vertex 60.671 15.4525 7.62939e-07
      vertex 60.671 15.4525 2.4
    endloop
  endfacet
  facet normal -0.195168 0.98077 0
    outer loop
      vertex 59.9675 14.749 7.62939e-07
      vertex 59.47 14.65 2.4
      vertex 59.9675 14.749 2.4
    endloop
  endfacet
  facet normal -0.195168 0.98077 0
    outer loop
      vertex 59.47 14.65 2.4
      vertex 59.9675 14.749 7.62939e-07
      vertex 59.47 14.65 7.62939e-07
    endloop
  endfacet
  facet normal 0.195168 0.98077 -0
    outer loop
      vertex 59.47 14.65 7.62939e-07
      vertex 58.9725 14.749 2.4
      vertex 59.47 14.65 2.4
    endloop
  endfacet
  facet normal 0.195168 0.98077 0
    outer loop
      vertex 58.9725 14.749 2.4
      vertex 59.47 14.65 7.62939e-07
      vertex 58.9725 14.749 7.62939e-07
    endloop
  endfacet
  facet normal 0.98077 0.195168 0
    outer loop
      vertex 58.269 15.4525 2.4
      vertex 58.17 15.95 7.62939e-07
      vertex 58.17 15.95 2.4
    endloop
  endfacet
  facet normal 0.98077 0.195168 0
    outer loop
      vertex 58.17 15.95 7.62939e-07
      vertex 58.269 15.4525 2.4
      vertex 58.269 15.4525 7.62939e-07
    endloop
  endfacet
  facet normal 0.831443 0.55561 0
    outer loop
      vertex 58.5508 15.0308 2.4
      vertex 58.269 15.4525 7.62939e-07
      vertex 58.269 15.4525 2.4
    endloop
  endfacet
  facet normal 0.831443 0.55561 0
    outer loop
      vertex 58.269 15.4525 7.62939e-07
      vertex 58.5508 15.0308 2.4
      vertex 58.5508 15.0308 7.62939e-07
    endloop
  endfacet
  facet normal 0.55561 -0.831443 0
    outer loop
      vertex 58.5508 29.3692 7.62939e-07
      vertex 58.9725 29.651 2.4
      vertex 58.5508 29.3692 2.4
    endloop
  endfacet
  facet normal 0.55561 -0.831443 0
    outer loop
      vertex 58.9725 29.651 2.4
      vertex 58.5508 29.3692 7.62939e-07
      vertex 58.9725 29.651 7.62939e-07
    endloop
  endfacet
  facet normal 1 -0 0
    outer loop
      vertex 58.17 15.95 2.4
      vertex 58.17 28.45 7.62939e-07
      vertex 58.17 28.45 2.4
    endloop
  endfacet
  facet normal 1 0 0
    outer loop
      vertex 58.17 28.45 7.62939e-07
      vertex 58.17 15.95 2.4
      vertex 58.17 15.95 7.62939e-07
    endloop
  endfacet
  facet normal 0.195168 -0.98077 0
    outer loop
      vertex 58.9725 29.651 7.62939e-07
      vertex 59.47 29.75 2.4
      vertex 58.9725 29.651 2.4
    endloop
  endfacet
  facet normal 0.195168 -0.98077 0
    outer loop
      vertex 59.47 29.75 2.4
      vertex 58.9725 29.651 7.62939e-07
      vertex 59.47 29.75 7.62939e-07
    endloop
  endfacet
  facet normal -0.195168 -0.98077 0
    outer loop
      vertex 59.47 29.75 7.62939e-07
      vertex 59.9675 29.651 2.4
      vertex 59.47 29.75 2.4
    endloop
  endfacet
  facet normal -0.195168 -0.98077 -0
    outer loop
      vertex 59.9675 29.651 2.4
      vertex 59.47 29.75 7.62939e-07
      vertex 59.9675 29.651 7.62939e-07
    endloop
  endfacet
  facet normal -0.831443 0.55561 0
    outer loop
      vertex 60.3892 15.0308 7.62939e-07
      vertex 60.671 15.4525 2.4
      vertex 60.671 15.4525 7.62939e-07
    endloop
  endfacet
  facet normal -0.831443 0.55561 0
    outer loop
      vertex 60.671 15.4525 2.4
      vertex 60.3892 15.0308 7.62939e-07
      vertex 60.3892 15.0308 2.4
    endloop
  endfacet
  facet normal 0.55561 0.831443 -0
    outer loop
      vertex 58.9725 14.749 7.62939e-07
      vertex 58.5508 15.0308 2.4
      vertex 58.9725 14.749 2.4
    endloop
  endfacet
  facet normal 0.55561 0.831443 0
    outer loop
      vertex 58.5508 15.0308 2.4
      vertex 58.9725 14.749 7.62939e-07
      vertex 58.5508 15.0308 7.62939e-07
    endloop
  endfacet
  facet normal -0.831443 -0.55561 0
    outer loop
      vertex 60.671 28.9475 7.62939e-07
      vertex 60.3892 29.3692 2.4
      vertex 60.3892 29.3692 7.62939e-07
    endloop
  endfacet
  facet normal -0.831443 -0.55561 0
    outer loop
      vertex 60.3892 29.3692 2.4
      vertex 60.671 28.9475 7.62939e-07
      vertex 60.671 28.9475 2.4
    endloop
  endfacet
  facet normal -1 0 0
    outer loop
      vertex 60.77 15.95 7.62939e-07
      vertex 60.77 28.45 2.4
      vertex 60.77 28.45 7.62939e-07
    endloop
  endfacet
  facet normal -1 -0 0
    outer loop
      vertex 60.77 28.45 2.4
      vertex 60.77 15.95 7.62939e-07
      vertex 60.77 15.95 2.4
    endloop
  endfacet
  facet normal -0.55561 0.831443 0
    outer loop
      vertex 60.3892 15.0308 7.62939e-07
      vertex 59.9675 14.749 2.4
      vertex 60.3892 15.0308 2.4
    endloop
  endfacet
  facet normal -0.55561 0.831443 0
    outer loop
      vertex 59.9675 14.749 2.4
      vertex 60.3892 15.0308 7.62939e-07
      vertex 59.9675 14.749 7.62939e-07
    endloop
  endfacet
  facet normal -0.98077 -0.195168 0
    outer loop
      vertex 60.77 28.45 7.62939e-07
      vertex 60.671 28.9475 2.4
      vertex 60.671 28.9475 7.62939e-07
    endloop
  endfacet
  facet normal -0.98077 -0.195168 0
    outer loop
      vertex 60.671 28.9475 2.4
      vertex 60.77 28.45 7.62939e-07
      vertex 60.77 28.45 2.4
    endloop
  endfacet
  facet normal 0.831443 -0.55561 0
    outer loop
      vertex 58.269 28.9475 2.4
      vertex 58.5508 29.3692 7.62939e-07
      vertex 58.5508 29.3692 2.4
    endloop
  endfacet
  facet normal 0.831443 -0.55561 0
    outer loop
      vertex 58.5508 29.3692 7.62939e-07
      vertex 58.269 28.9475 2.4
      vertex 58.269 28.9475 7.62939e-07
    endloop
  endfacet
  facet normal 0.98077 -0.195168 0
    outer loop
      vertex 58.17 28.45 2.4
      vertex 58.269 28.9475 7.62939e-07
      vertex 58.269 28.9475 2.4
    endloop
  endfacet
  facet normal 0.98077 -0.195168 0
    outer loop
      vertex 58.269 28.9475 7.62939e-07
      vertex 58.17 28.45 2.4
      vertex 58.17 28.45 7.62939e-07
    endloop
  endfacet
  facet normal -0.55561 -0.831443 0
    outer loop
      vertex 59.9675 29.651 7.62939e-07
      vertex 60.3892 29.3692 2.4
      vertex 59.9675 29.651 2.4
    endloop
  endfacet
  facet normal -0.55561 -0.831443 -0
    outer loop
      vertex 60.3892 29.3692 2.4
      vertex 59.9675 29.651 7.62939e-07
      vertex 60.3892 29.3692 7.62939e-07
    endloop
  endfacet
  facet normal 0 0 -1
    outer loop
      vertex 48.7136 37.3417 0.6
      vertex 49.6664 38.7149 0.6
      vertex 49.6664 37.3417 0.6
    endloop
  endfacet
  facet normal -0 0 -1
    outer loop
      vertex 49.6664 38.7149 0.6
      vertex 48.7136 37.3417 0.6
      vertex 49.6656 38.8377 0.6
    endloop
  endfacet
  facet normal -0 0 -1
    outer loop
      vertex 49.6656 38.8377 0.6
      vertex 48.7136 37.3417 0.6
      vertex 49.6634 38.9595 0.6
    endloop
  endfacet
  facet normal -0 0 -1
    outer loop
      vertex 49.6634 38.9595 0.6
      vertex 48.7136 37.3417 0.6
      vertex 49.6596 39.0803 0.6
    endloop
  endfacet
  facet normal -0 0 -1
    outer loop
      vertex 49.6596 39.0803 0.6
      vertex 48.7136 37.3417 0.6
      vertex 49.6543 39.2002 0.6
    endloop
  endfacet
  facet normal -0 0 -1
    outer loop
      vertex 49.6543 39.2002 0.6
      vertex 48.7136 37.3417 0.6
      vertex 49.6475 39.3191 0.6
    endloop
  endfacet
  facet normal -0 0 -1
    outer loop
      vertex 49.6475 39.3191 0.6
      vertex 48.7136 37.3417 0.6
      vertex 49.6392 39.4372 0.6
    endloop
  endfacet
  facet normal -0 0 -1
    outer loop
      vertex 52.0398 40.0475 0.6
      vertex 51.0723 40.0235 0.6
      vertex 51.0904 40.3187 0.6
    endloop
  endfacet
  facet normal 0 0 -1
    outer loop
      vertex 50.7996 39.4598 0.6
      vertex 51.1914 38.6769 0.6
      vertex 51.0196 38.647 0.6
    endloop
  endfacet
  facet normal 0 0 -1
    outer loop
      vertex 51.3481 38.7268 0.6
      vertex 51.0177 39.7819 0.6
      vertex 51.0723 40.0235 0.6
    endloop
  endfacet
  facet normal 0 0 -1
    outer loop
      vertex 51.3481 38.7268 0.6
      vertex 50.9268 39.594 0.6
      vertex 51.0177 39.7819 0.6
    endloop
  endfacet
  facet normal 0 0 -1
    outer loop
      vertex 50.7996 39.4598 0.6
      vertex 51.0196 38.647 0.6
      vertex 50.8327 38.637 0.6
    endloop
  endfacet
  facet normal 0 0 -1
    outer loop
      vertex 51.3481 38.7268 0.6
      vertex 50.7996 39.4598 0.6
      vertex 50.9268 39.594 0.6
    endloop
  endfacet
  facet normal 0 0 -1
    outer loop
      vertex 50.636 39.3792 0.6
      vertex 50.8327 38.637 0.6
      vertex 50.7014 38.6423 0.6
    endloop
  endfacet
  facet normal 0 0 -1
    outer loop
      vertex 50.8327 38.637 0.6
      vertex 50.636 39.3792 0.6
      vertex 50.7996 39.4598 0.6
    endloop
  endfacet
  facet normal 0 0 -1
    outer loop
      vertex 50.5762 38.6581 0.6
      vertex 50.636 39.3792 0.6
      vertex 50.7014 38.6423 0.6
    endloop
  endfacet
  facet normal 0 0 -1
    outer loop
      vertex 50.4572 38.6845 0.6
      vertex 50.636 39.3792 0.6
      vertex 50.5762 38.6581 0.6
    endloop
  endfacet
  facet normal 0 0 -1
    outer loop
      vertex 50.4572 38.6845 0.6
      vertex 50.4361 39.3524 0.6
      vertex 50.636 39.3792 0.6
    endloop
  endfacet
  facet normal 0 0 -1
    outer loop
      vertex 50.3445 38.7214 0.6
      vertex 50.4361 39.3524 0.6
      vertex 50.4572 38.6845 0.6
    endloop
  endfacet
  facet normal 0 0 -1
    outer loop
      vertex 50.2379 38.7689 0.6
      vertex 50.4361 39.3524 0.6
      vertex 50.3445 38.7214 0.6
    endloop
  endfacet
  facet normal -0 0 -1
    outer loop
      vertex 50.4361 39.3524 0.6
      vertex 50.2379 38.7689 0.6
      vertex 50.3245 39.3606 0.6
    endloop
  endfacet
  facet normal 0 0 -1
    outer loop
      vertex 50.1376 38.8269 0.6
      vertex 50.3245 39.3606 0.6
      vertex 50.2379 38.7689 0.6
    endloop
  endfacet
  facet normal 0 0 -1
    outer loop
      vertex 50.0432 38.8966 0.6
      vertex 50.3245 39.3606 0.6
      vertex 50.1376 38.8269 0.6
    endloop
  endfacet
  facet normal -0 0 -1
    outer loop
      vertex 50.3245 39.3606 0.6
      vertex 50.0432 38.8966 0.6
      vertex 50.2204 39.3854 0.6
    endloop
  endfacet
  facet normal 0 0 -1
    outer loop
      vertex 49.9542 38.9791 0.6
      vertex 50.2204 39.3854 0.6
      vertex 50.0432 38.8966 0.6
    endloop
  endfacet
  facet normal 0 0 -1
    outer loop
      vertex 49.8707 39.0744 0.6
      vertex 50.2204 39.3854 0.6
      vertex 49.9542 38.9791 0.6
    endloop
  endfacet
  facet normal -0 0 -1
    outer loop
      vertex 50.2204 39.3854 0.6
      vertex 49.8707 39.0744 0.6
      vertex 50.1237 39.4266 0.6
    endloop
  endfacet
  facet normal 0 0 -1
    outer loop
      vertex 49.7926 39.1825 0.6
      vertex 50.1237 39.4266 0.6
      vertex 49.8707 39.0744 0.6
    endloop
  endfacet
  facet normal -0 0 -1
    outer loop
      vertex 50.1237 39.4266 0.6
      vertex 49.7926 39.1825 0.6
      vertex 50.0344 39.4843 0.6
    endloop
  endfacet
  facet normal 0 0 -1
    outer loop
      vertex 49.72 39.3034 0.6
      vertex 50.0344 39.4843 0.6
      vertex 49.7926 39.1825 0.6
    endloop
  endfacet
  facet normal -0 0 -1
    outer loop
      vertex 50.0344 39.4843 0.6
      vertex 49.72 39.3034 0.6
      vertex 49.9527 39.5584 0.6
    endloop
  endfacet
  facet normal 0 0 -1
    outer loop
      vertex 49.6528 39.4372 0.6
      vertex 49.9527 39.5584 0.6
      vertex 49.72 39.3034 0.6
    endloop
  endfacet
  facet normal -0 0 -1
    outer loop
      vertex 49.9527 39.5584 0.6
      vertex 49.6528 39.4372 0.6
      vertex 49.8783 39.6491 0.6
    endloop
  endfacet
  facet normal -0 0 -1
    outer loop
      vertex 49.8783 39.6491 0.6
      vertex 49.6528 39.4372 0.6
      vertex 49.8136 39.7526 0.6
    endloop
  endfacet
  facet normal 0 0 -1
    outer loop
      vertex 49.6392 39.4372 0.6
      vertex 49.8136 39.7526 0.6
      vertex 49.6528 39.4372 0.6
    endloop
  endfacet
  facet normal -0 0 -1
    outer loop
      vertex 49.8136 39.7526 0.6
      vertex 49.6392 39.4372 0.6
      vertex 49.7606 39.8655 0.6
    endloop
  endfacet
  facet normal -0 0 -1
    outer loop
      vertex 49.7606 39.8655 0.6
      vertex 49.6392 39.4372 0.6
      vertex 49.7194 39.9877 0.6
    endloop
  endfacet
  facet normal -0 0 -1
    outer loop
      vertex 49.7194 39.9877 0.6
      vertex 49.6392 39.4372 0.6
      vertex 49.6899 40.1192 0.6
    endloop
  endfacet
  facet normal -0 0 -1
    outer loop
      vertex 49.6899 40.1192 0.6
      vertex 49.6392 39.4372 0.6
      vertex 49.6723 40.2601 0.6
    endloop
  endfacet
  facet normal 0 0 -1
    outer loop
      vertex 48.7136 42.3734 0.6
      vertex 49.6723 40.2601 0.6
      vertex 49.6392 39.4372 0.6
    endloop
  endfacet
  facet normal 0 0 -1
    outer loop
      vertex 49.6723 40.2601 0.6
      vertex 48.7136 42.3734 0.6
      vertex 49.6664 40.4103 0.6
    endloop
  endfacet
  facet normal 0 0 -1
    outer loop
      vertex 48.7136 42.3734 0.6
      vertex 49.6392 39.4372 0.6
      vertex 48.7136 37.3417 0.6
    endloop
  endfacet
  facet normal 0 0 -1
    outer loop
      vertex 49.6664 40.4103 0.6
      vertex 48.7136 42.3734 0.6
      vertex 49.6664 42.3734 0.6
    endloop
  endfacet
  facet normal 0 0 -1
    outer loop
      vertex 51.0723 40.0235 0.6
      vertex 52.0398 40.0475 0.6
      vertex 52.0311 39.8262 0.6
    endloop
  endfacet
  facet normal 0 0 -1
    outer loop
      vertex 51.0723 40.0235 0.6
      vertex 52.0311 39.8262 0.6
      vertex 52.0051 39.6233 0.6
    endloop
  endfacet
  facet normal 0 0 -1
    outer loop
      vertex 51.0723 40.0235 0.6
      vertex 52.0051 39.6233 0.6
      vertex 51.9618 39.4389 0.6
    endloop
  endfacet
  facet normal 0 0 -1
    outer loop
      vertex 51.0723 40.0235 0.6
      vertex 51.9618 39.4389 0.6
      vertex 51.9012 39.2729 0.6
    endloop
  endfacet
  facet normal 0 0 -1
    outer loop
      vertex 51.0723 40.0235 0.6
      vertex 51.9012 39.2729 0.6
      vertex 51.8232 39.1254 0.6
    endloop
  endfacet
  facet normal 0 0 -1
    outer loop
      vertex 51.0723 40.0235 0.6
      vertex 51.8232 39.1254 0.6
      vertex 51.7278 38.9964 0.6
    endloop
  endfacet
  facet normal 0 0 -1
    outer loop
      vertex 51.0723 40.0235 0.6
      vertex 51.7278 38.9964 0.6
      vertex 51.6163 38.8866 0.6
    endloop
  endfacet
  facet normal 0 0 -1
    outer loop
      vertex 51.0723 40.0235 0.6
      vertex 51.6163 38.8866 0.6
      vertex 51.4898 38.7967 0.6
    endloop
  endfacet
  facet normal 0 0 -1
    outer loop
      vertex 51.0723 40.0235 0.6
      vertex 51.4898 38.7967 0.6
      vertex 51.3481 38.7268 0.6
    endloop
  endfacet
  facet normal 0 0 -1
    outer loop
      vertex 50.7996 39.4598 0.6
      vertex 51.3481 38.7268 0.6
      vertex 51.1914 38.6769 0.6
    endloop
  endfacet
  facet normal 0 0 -1
    outer loop
      vertex 52.0398 40.0475 0.6
      vertex 51.0904 40.3187 0.6
      vertex 52.0398 42.3734 0.6
    endloop
  endfacet
  facet normal -0 0 -1
    outer loop
      vertex 52.0398 42.3734 0.6
      vertex 51.0904 40.3187 0.6
      vertex 51.0904 42.3734 0.6
    endloop
  endfacet
  facet normal 0 0 -1
    outer loop
      vertex 28.9944 37.3417 0.6
      vertex 29.9472 38.0436 0.6
      vertex 29.9472 37.3417 0.6
    endloop
  endfacet
  facet normal -0 0 -1
    outer loop
      vertex 29.9472 38.0436 0.6
      vertex 28.9944 37.3417 0.6
      vertex 28.9944 38.0436 0.6
    endloop
  endfacet
  facet normal 0 0 -1
    outer loop
      vertex 25.2658 37.596 0.6
      vertex 23.7197 38.3691 0.6
      vertex 25.2658 38.3691 0.6
    endloop
  endfacet
  facet normal 0 0 -1
    outer loop
      vertex 23.7197 38.3691 0.6
      vertex 22.7194 38.3691 0.6
      vertex 23.7197 42.3734 0.6
    endloop
  endfacet
  facet normal 0 0 -1
    outer loop
      vertex 25.2658 37.596 0.6
      vertex 22.7194 38.3691 0.6
      vertex 23.7197 38.3691 0.6
    endloop
  endfacet
  facet normal 0 0 -1
    outer loop
      vertex 21.1767 37.596 0.6
      vertex 22.7194 38.3691 0.6
      vertex 25.2658 37.596 0.6
    endloop
  endfacet
  facet normal -0 0 -1
    outer loop
      vertex 22.7194 38.3691 0.6
      vertex 21.1767 37.596 0.6
      vertex 21.1767 38.3691 0.6
    endloop
  endfacet
  facet normal -0 0 -1
    outer loop
      vertex 23.7197 42.3734 0.6
      vertex 22.7194 38.3691 0.6
      vertex 22.7194 42.3734 0.6
    endloop
  endfacet
  facet normal 0 0 -1
    outer loop
      vertex 30.8786 37.3417 0.6
      vertex 31.8314 42.3734 0.6
      vertex 31.8314 37.3417 0.6
    endloop
  endfacet
  facet normal -0 0 -1
    outer loop
      vertex 31.8314 42.3734 0.6
      vertex 30.8786 37.3417 0.6
      vertex 30.8786 42.3734 0.6
    endloop
  endfacet
  facet normal 0 0 -1
    outer loop
      vertex 37.235 40.2543 0.6
      vertex 38.8252 37.596 0.6
      vertex 37.8114 37.596 0.6
    endloop
  endfacet
  facet normal 0 0 -1
    outer loop
      vertex 38.8252 37.596 0.6
      vertex 37.235 40.2543 0.6
      vertex 37.591 42.3734 0.6
    endloop
  endfacet
  facet normal 0 0 -1
    outer loop
      vertex 37.0553 41.0341 0.6
      vertex 37.591 42.3734 0.6
      vertex 37.235 40.2543 0.6
    endloop
  endfacet
  facet normal 0 0 -1
    outer loop
      vertex 36.9706 41.4274 0.6
      vertex 37.591 42.3734 0.6
      vertex 37.0553 41.0341 0.6
    endloop
  endfacet
  facet normal 0 0 -1
    outer loop
      vertex 36.4043 42.3734 0.6
      vertex 36.9168 41.1129 0.6
      vertex 36.8685 40.8382 0.6
    endloop
  endfacet
  facet normal 0 0 -1
    outer loop
      vertex 35.7567 39.6101 0.6
      vertex 36.8685 40.8382 0.6
      vertex 36.8256 40.6035 0.6
    endloop
  endfacet
  facet normal 0 0 -1
    outer loop
      vertex 35.7567 39.6101 0.6
      vertex 36.8256 40.6035 0.6
      vertex 36.7882 40.4088 0.6
    endloop
  endfacet
  facet normal 0 0 -1
    outer loop
      vertex 35.7567 39.6101 0.6
      vertex 36.7882 40.4088 0.6
      vertex 36.7563 40.2539 0.6
    endloop
  endfacet
  facet normal 0 0 -1
    outer loop
      vertex 35.7567 39.6101 0.6
      vertex 36.7563 40.2539 0.6
      vertex 36.7298 40.139 0.6
    endloop
  endfacet
  facet normal 0 0 -1
    outer loop
      vertex 36.9706 41.4274 0.6
      vertex 36.4043 42.3734 0.6
      vertex 37.591 42.3734 0.6
    endloop
  endfacet
  facet normal -0 0 -1
    outer loop
      vertex 36.8685 40.8382 0.6
      vertex 35.7567 39.6101 0.6
      vertex 36.4043 42.3734 0.6
    endloop
  endfacet
  facet normal 0 0 -1
    outer loop
      vertex 35.6151 38.9395 0.6
      vertex 36.7298 40.139 0.6
      vertex 36.1263 37.596 0.6
    endloop
  endfacet
  facet normal 0 0 -1
    outer loop
      vertex 36.9168 41.1129 0.6
      vertex 36.4043 42.3734 0.6
      vertex 36.9706 41.4274 0.6
    endloop
  endfacet
  facet normal 0 0 -1
    outer loop
      vertex 36.7298 40.139 0.6
      vertex 35.7182 39.4461 0.6
      vertex 35.7567 39.6101 0.6
    endloop
  endfacet
  facet normal 0 0 -1
    outer loop
      vertex 36.7298 40.139 0.6
      vertex 35.6817 39.2797 0.6
      vertex 35.7182 39.4461 0.6
    endloop
  endfacet
  facet normal 0 0 -1
    outer loop
      vertex 36.7298 40.139 0.6
      vertex 35.6474 39.1108 0.6
      vertex 35.6817 39.2797 0.6
    endloop
  endfacet
  facet normal 0 0 -1
    outer loop
      vertex 36.7298 40.139 0.6
      vertex 35.6151 38.9395 0.6
      vertex 35.6474 39.1108 0.6
    endloop
  endfacet
  facet normal 0 0 -1
    outer loop
      vertex 36.1263 37.596 0.6
      vertex 35.5848 38.7657 0.6
      vertex 35.6151 38.9395 0.6
    endloop
  endfacet
  facet normal 0 0 -1
    outer loop
      vertex 36.1263 37.596 0.6
      vertex 35.5567 38.5895 0.6
      vertex 35.5848 38.7657 0.6
    endloop
  endfacet
  facet normal 0 0 -1
    outer loop
      vertex 34.8257 38.3725 0.6
      vertex 35.5304 38.7317 0.6
      vertex 35.5567 38.5895 0.6
    endloop
  endfacet
  facet normal -0 0 -1
    outer loop
      vertex 35.5304 38.7317 0.6
      vertex 34.8257 38.3725 0.6
      vertex 35.5058 38.8621 0.6
    endloop
  endfacet
  facet normal 0 0 -1
    outer loop
      vertex 34.6715 39.0339 0.6
      vertex 35.5058 38.8621 0.6
      vertex 34.8257 38.3725 0.6
    endloop
  endfacet
  facet normal 0 0 -1
    outer loop
      vertex 35.5058 38.8621 0.6
      vertex 34.6715 39.0339 0.6
      vertex 35.4829 38.9807 0.6
    endloop
  endfacet
  facet normal -0 0 -1
    outer loop
      vertex 35.4617 39.0876 0.6
      vertex 34.6715 39.0339 0.6
      vertex 35.4422 39.1826 0.6
    endloop
  endfacet
  facet normal -0 0 -1
    outer loop
      vertex 35.4422 39.1826 0.6
      vertex 34.6715 39.0339 0.6
      vertex 35.4244 39.2659 0.6
    endloop
  endfacet
  facet normal -0 0 -1
    outer loop
      vertex 35.4244 39.2659 0.6
      vertex 34.6715 39.0339 0.6
      vertex 35.3902 39.4168 0.6
    endloop
  endfacet
  facet normal 0 0 -1
    outer loop
      vertex 34.545 39.58 0.6
      vertex 35.3902 39.4168 0.6
      vertex 34.6715 39.0339 0.6
    endloop
  endfacet
  facet normal 0 0 -1
    outer loop
      vertex 35.3902 39.4168 0.6
      vertex 34.545 39.58 0.6
      vertex 35.3216 39.7145 0.6
    endloop
  endfacet
  facet normal 0 0 -1
    outer loop
      vertex 35.0074 37.596 0.6
      vertex 35.5567 38.5895 0.6
      vertex 36.1263 37.596 0.6
    endloop
  endfacet
  facet normal 0 0 -1
    outer loop
      vertex 34.8257 38.3725 0.6
      vertex 35.5567 38.5895 0.6
      vertex 35.0074 37.596 0.6
    endloop
  endfacet
  facet normal 0 0 -1
    outer loop
      vertex 35.4829 38.9807 0.6
      vertex 34.6715 39.0339 0.6
      vertex 35.4617 39.0876 0.6
    endloop
  endfacet
  facet normal -0 0 -1
    outer loop
      vertex 35.3216 39.7145 0.6
      vertex 34.545 39.58 0.6
      vertex 35.2185 40.1589 0.6
    endloop
  endfacet
  facet normal 0 0 -1
    outer loop
      vertex 34.446 40.0109 0.6
      vertex 35.2185 40.1589 0.6
      vertex 34.545 39.58 0.6
    endloop
  endfacet
  facet normal 0 0 -1
    outer loop
      vertex 34.3747 40.3267 0.6
      vertex 35.2185 40.1589 0.6
      vertex 34.446 40.0109 0.6
    endloop
  endfacet
  facet normal 0 0 -1
    outer loop
      vertex 35.2185 40.1589 0.6
      vertex 34.3747 40.3267 0.6
      vertex 35.0809 40.7503 0.6
    endloop
  endfacet
  facet normal 0 0 -1
    outer loop
      vertex 34.3309 40.5272 0.6
      vertex 35.0809 40.7503 0.6
      vertex 34.3747 40.3267 0.6
    endloop
  endfacet
  facet normal 0 0 -1
    outer loop
      vertex 34.3008 40.6714 0.6
      vertex 35.0809 40.7503 0.6
      vertex 34.3309 40.5272 0.6
    endloop
  endfacet
  facet normal 0 0 -1
    outer loop
      vertex 34.2705 40.8179 0.6
      vertex 35.0809 40.7503 0.6
      vertex 34.3008 40.6714 0.6
    endloop
  endfacet
  facet normal 0 0 -1
    outer loop
      vertex 34.2398 40.9667 0.6
      vertex 35.0809 40.7503 0.6
      vertex 34.2705 40.8179 0.6
    endloop
  endfacet
  facet normal 0 0 -1
    outer loop
      vertex 35.0809 40.7503 0.6
      vertex 34.2398 40.9667 0.6
      vertex 34.9088 41.4884 0.6
    endloop
  endfacet
  facet normal 0 0 -1
    outer loop
      vertex 34.2089 41.1179 0.6
      vertex 34.9088 41.4884 0.6
      vertex 34.2398 40.9667 0.6
    endloop
  endfacet
  facet normal 0 0 -1
    outer loop
      vertex 34.1777 41.2715 0.6
      vertex 34.9088 41.4884 0.6
      vertex 34.2089 41.1179 0.6
    endloop
  endfacet
  facet normal 0 0 -1
    outer loop
      vertex 34.1462 41.4274 0.6
      vertex 34.9088 41.4884 0.6
      vertex 34.1777 41.2715 0.6
    endloop
  endfacet
  facet normal -0 0 -1
    outer loop
      vertex 34.9088 41.4884 0.6
      vertex 34.1462 41.4274 0.6
      vertex 34.7022 42.3734 0.6
    endloop
  endfacet
  facet normal 0 0 -1
    outer loop
      vertex 34.1462 41.4274 0.6
      vertex 33.5155 42.3734 0.6
      vertex 34.7022 42.3734 0.6
    endloop
  endfacet
  facet normal 0 0 -1
    outer loop
      vertex 33.9902 40.6815 0.6
      vertex 33.5155 42.3734 0.6
      vertex 34.1462 41.4274 0.6
    endloop
  endfacet
  facet normal 0 0 -1
    outer loop
      vertex 32.2847 37.596 0.6
      vertex 33.9902 40.6815 0.6
      vertex 33.2985 37.596 0.6
    endloop
  endfacet
  facet normal -0 0 -1
    outer loop
      vertex 33.9902 40.6815 0.6
      vertex 32.2847 37.596 0.6
      vertex 33.5155 42.3734 0.6
    endloop
  endfacet
  facet normal 0 0 -1
    outer loop
      vertex 43.0939 37.8435 0.6
      vertex 43.6907 38.7048 0.6
      vertex 43.6907 37.8435 0.6
    endloop
  endfacet
  facet normal 0 0 -1
    outer loop
      vertex 43.6907 38.7048 0.6
      vertex 42.7955 38.7048 0.6
      vertex 43.6907 39.349 0.6
    endloop
  endfacet
  facet normal 0 0 -1
    outer loop
      vertex 43.6907 39.349 0.6
      vertex 42.7481 39.349 0.6
      vertex 43.6907 41.2545 0.6
    endloop
  endfacet
  facet normal 0 0 -1
    outer loop
      vertex 42.7481 41.5122 0.6
      vertex 43.6907 41.2545 0.6
      vertex 42.7481 39.349 0.6
    endloop
  endfacet
  facet normal 0 -0 -1
    outer loop
      vertex 42.7544 41.6605 0.6
      vertex 43.6907 41.2545 0.6
      vertex 42.7481 41.5122 0.6
    endloop
  endfacet
  facet normal 0 -0 -1
    outer loop
      vertex 42.7733 41.7957 0.6
      vertex 43.6907 41.2545 0.6
      vertex 42.7544 41.6605 0.6
    endloop
  endfacet
  facet normal 0 0 -1
    outer loop
      vertex 43.6907 41.2545 0.6
      vertex 43.4881 42.4281 0.6
      vertex 43.6228 42.4345 0.6
    endloop
  endfacet
  facet normal -0 0 -1
    outer loop
      vertex 43.6907 38.7048 0.6
      vertex 43.0939 37.8435 0.6
      vertex 42.7955 38.7048 0.6
    endloop
  endfacet
  facet normal 0 -0 -1
    outer loop
      vertex 42.8049 41.9178 0.6
      vertex 43.6907 41.2545 0.6
      vertex 42.7733 41.7957 0.6
    endloop
  endfacet
  facet normal 0 0 -1
    outer loop
      vertex 43.6907 41.2545 0.6
      vertex 43.364 42.409 0.6
      vertex 43.4881 42.4281 0.6
    endloop
  endfacet
  facet normal 0 -0 -1
    outer loop
      vertex 42.849 42.0269 0.6
      vertex 43.6907 41.2545 0.6
      vertex 42.8049 41.9178 0.6
    endloop
  endfacet
  facet normal 0 0 -1
    outer loop
      vertex 43.6907 41.2545 0.6
      vertex 43.2507 42.3773 0.6
      vertex 43.364 42.409 0.6
    endloop
  endfacet
  facet normal 0 0 -1
    outer loop
      vertex 43.6907 41.2545 0.6
      vertex 43.1481 42.3328 0.6
      vertex 43.2507 42.3773 0.6
    endloop
  endfacet
  facet normal -0 0 -1
    outer loop
      vertex 43.6907 39.349 0.6
      vertex 42.7955 38.7048 0.6
      vertex 42.7481 39.349 0.6
    endloop
  endfacet
  facet normal 0 -0 -1
    outer loop
      vertex 42.9058 42.1228 0.6
      vertex 43.6907 41.2545 0.6
      vertex 42.849 42.0269 0.6
    endloop
  endfacet
  facet normal 0 0 -1
    outer loop
      vertex 43.6907 41.2545 0.6
      vertex 43.0563 42.2756 0.6
      vertex 43.1481 42.3328 0.6
    endloop
  endfacet
  facet normal 0 0 -1
    outer loop
      vertex 43.6907 41.2545 0.6
      vertex 42.9752 42.2056 0.6
      vertex 43.0563 42.2756 0.6
    endloop
  endfacet
  facet normal 0 0 -1
    outer loop
      vertex 42.2835 38.7048 0.6
      vertex 42.7481 39.349 0.6
      vertex 42.7955 38.7048 0.6
    endloop
  endfacet
  facet normal -0 0 -1
    outer loop
      vertex 42.7481 39.349 0.6
      vertex 42.2835 38.7048 0.6
      vertex 42.2835 39.349 0.6
    endloop
  endfacet
  facet normal 0 0 -1
    outer loop
      vertex 43.6907 38.7048 0.6
      vertex 44.3857 39.349 0.6
      vertex 44.3857 38.7048 0.6
    endloop
  endfacet
  facet normal -0 0 -1
    outer loop
      vertex 44.3857 39.349 0.6
      vertex 43.6907 38.7048 0.6
      vertex 43.6907 39.349 0.6
    endloop
  endfacet
  facet normal 0 0 -1
    outer loop
      vertex 44.3601 41.7437 0.6
      vertex 44.4264 42.3192 0.6
      vertex 44.4264 41.7292 0.6
    endloop
  endfacet
  facet normal 0 0 -1
    outer loop
      vertex 44.2991 41.7556 0.6
      vertex 44.4264 42.3192 0.6
      vertex 44.3601 41.7437 0.6
    endloop
  endfacet
  facet normal 0 0 -1
    outer loop
      vertex 44.2433 41.7648 0.6
      vertex 44.4264 42.3192 0.6
      vertex 44.2991 41.7556 0.6
    endloop
  endfacet
  facet normal -0 0 -1
    outer loop
      vertex 44.4264 42.3192 0.6
      vertex 44.2433 41.7648 0.6
      vertex 44.3061 42.3544 0.6
    endloop
  endfacet
  facet normal 0 0 -1
    outer loop
      vertex 44.1928 41.7714 0.6
      vertex 44.3061 42.3544 0.6
      vertex 44.2433 41.7648 0.6
    endloop
  endfacet
  facet normal 0 0 -1
    outer loop
      vertex 44.1476 41.7754 0.6
      vertex 44.3061 42.3544 0.6
      vertex 44.1928 41.7714 0.6
    endloop
  endfacet
  facet normal -0 0 -1
    outer loop
      vertex 44.3061 42.3544 0.6
      vertex 44.1476 41.7754 0.6
      vertex 44.1804 42.3832 0.6
    endloop
  endfacet
  facet normal 0 0 -1
    outer loop
      vertex 44.1077 41.7767 0.6
      vertex 44.1804 42.3832 0.6
      vertex 44.1476 41.7754 0.6
    endloop
  endfacet
  facet normal 0 0 -1
    outer loop
      vertex 44.1077 41.7767 0.6
      vertex 44.0492 42.4057 0.6
      vertex 44.1804 42.3832 0.6
    endloop
  endfacet
  facet normal 0 0 -1
    outer loop
      vertex 44.0396 41.7732 0.6
      vertex 44.0492 42.4057 0.6
      vertex 44.1077 41.7767 0.6
    endloop
  endfacet
  facet normal 0 0 -1
    outer loop
      vertex 43.9777 41.7625 0.6
      vertex 44.0492 42.4057 0.6
      vertex 44.0396 41.7732 0.6
    endloop
  endfacet
  facet normal 0 0 -1
    outer loop
      vertex 43.9125 42.4217 0.6
      vertex 43.9777 41.7625 0.6
      vertex 43.922 41.7449 0.6
    endloop
  endfacet
  facet normal 0 0 -1
    outer loop
      vertex 43.9777 41.7625 0.6
      vertex 43.9125 42.4217 0.6
      vertex 44.0492 42.4057 0.6
    endloop
  endfacet
  facet normal 0 0 -1
    outer loop
      vertex 43.7704 42.4313 0.6
      vertex 43.922 41.7449 0.6
      vertex 43.8726 41.7202 0.6
    endloop
  endfacet
  facet normal 0 0 -1
    outer loop
      vertex 43.6228 42.4345 0.6
      vertex 43.8726 41.7202 0.6
      vertex 43.8294 41.6884 0.6
    endloop
  endfacet
  facet normal 0 0 -1
    outer loop
      vertex 43.6228 42.4345 0.6
      vertex 43.8294 41.6884 0.6
      vertex 43.7924 41.6495 0.6
    endloop
  endfacet
  facet normal 0 0 -1
    outer loop
      vertex 43.922 41.7449 0.6
      vertex 43.7704 42.4313 0.6
      vertex 43.9125 42.4217 0.6
    endloop
  endfacet
  facet normal 0 0 -1
    outer loop
      vertex 43.6228 42.4345 0.6
      vertex 43.7924 41.6495 0.6
      vertex 43.7613 41.6032 0.6
    endloop
  endfacet
  facet normal 0 0 -1
    outer loop
      vertex 43.6228 42.4345 0.6
      vertex 43.7613 41.6032 0.6
      vertex 43.7359 41.5491 0.6
    endloop
  endfacet
  facet normal 0 0 -1
    outer loop
      vertex 43.6228 42.4345 0.6
      vertex 43.7359 41.5491 0.6
      vertex 43.7161 41.4872 0.6
    endloop
  endfacet
  facet normal 0 0 -1
    outer loop
      vertex 43.6228 42.4345 0.6
      vertex 43.7161 41.4872 0.6
      vertex 43.702 41.4175 0.6
    endloop
  endfacet
  facet normal 0 0 -1
    outer loop
      vertex 43.6228 42.4345 0.6
      vertex 43.702 41.4175 0.6
      vertex 43.6935 41.3399 0.6
    endloop
  endfacet
  facet normal 0 0 -1
    outer loop
      vertex 43.8726 41.7202 0.6
      vertex 43.6228 42.4345 0.6
      vertex 43.7704 42.4313 0.6
    endloop
  endfacet
  facet normal 0 0 -1
    outer loop
      vertex 43.6228 42.4345 0.6
      vertex 43.6935 41.3399 0.6
      vertex 43.6907 41.2545 0.6
    endloop
  endfacet
  facet normal 0 0 -1
    outer loop
      vertex 43.6907 41.2545 0.6
      vertex 42.9058 42.1228 0.6
      vertex 42.9752 42.2056 0.6
    endloop
  endfacet
  facet normal 0 0 -1
    outer loop
      vertex 27.1792 40.1492 0.6
      vertex 26.6909 40.6815 0.6
      vertex 27.1792 40.6747 0.6
    endloop
  endfacet
  facet normal 0 0 -1
    outer loop
      vertex 26.3892 40.1627 0.6
      vertex 26.6909 40.6815 0.6
      vertex 27.1792 40.1492 0.6
    endloop
  endfacet
  facet normal -0 0 -1
    outer loop
      vertex 26.6909 40.6815 0.6
      vertex 26.3892 40.1627 0.6
      vertex 26.5855 40.6873 0.6
    endloop
  endfacet
  facet normal -0 0 -1
    outer loop
      vertex 26.5855 40.6873 0.6
      vertex 26.3892 40.1627 0.6
      vertex 26.4909 40.6957 0.6
    endloop
  endfacet
  facet normal -0 0 -1
    outer loop
      vertex 26.4909 40.6957 0.6
      vertex 26.3892 40.1627 0.6
      vertex 26.407 40.7065 0.6
    endloop
  endfacet
  facet normal 0 0 -1
    outer loop
      vertex 26.3892 40.1627 0.6
      vertex 26.3338 40.72 0.6
      vertex 26.407 40.7065 0.6
    endloop
  endfacet
  facet normal 0 0 -1
    outer loop
      vertex 26.1634 40.1731 0.6
      vertex 26.3338 40.72 0.6
      vertex 26.3892 40.1627 0.6
    endloop
  endfacet
  facet normal -0 0 -1
    outer loop
      vertex 26.3338 40.72 0.6
      vertex 26.1634 40.1731 0.6
      vertex 26.2713 40.7359 0.6
    endloop
  endfacet
  facet normal -0 0 -1
    outer loop
      vertex 26.2713 40.7359 0.6
      vertex 26.1634 40.1731 0.6
      vertex 26.2196 40.7544 0.6
    endloop
  endfacet
  facet normal 0 0 -1
    outer loop
      vertex 25.9561 40.1997 0.6
      vertex 26.2196 40.7544 0.6
      vertex 26.1634 40.1731 0.6
    endloop
  endfacet
  facet normal -0 0 -1
    outer loop
      vertex 26.2196 40.7544 0.6
      vertex 25.9561 40.1997 0.6
      vertex 26.1751 40.7759 0.6
    endloop
  endfacet
  facet normal -0 0 -1
    outer loop
      vertex 26.1751 40.7759 0.6
      vertex 25.9561 40.1997 0.6
      vertex 26.1343 40.8009 0.6
    endloop
  endfacet
  facet normal 0 0 -1
    outer loop
      vertex 25.7674 40.2424 0.6
      vertex 26.1343 40.8009 0.6
      vertex 25.9561 40.1997 0.6
    endloop
  endfacet
  facet normal -0 0 -1
    outer loop
      vertex 26.1343 40.8009 0.6
      vertex 25.7674 40.2424 0.6
      vertex 26.0972 40.8294 0.6
    endloop
  endfacet
  facet normal -0 0 -1
    outer loop
      vertex 26.0972 40.8294 0.6
      vertex 25.7674 40.2424 0.6
      vertex 26.0637 40.8614 0.6
    endloop
  endfacet
  facet normal 0 0 -1
    outer loop
      vertex 25.5973 40.3014 0.6
      vertex 26.0637 40.8614 0.6
      vertex 25.7674 40.2424 0.6
    endloop
  endfacet
  facet normal -0 0 -1
    outer loop
      vertex 26.0637 40.8614 0.6
      vertex 25.5973 40.3014 0.6
      vertex 26.0339 40.8969 0.6
    endloop
  endfacet
  facet normal 0 0 -1
    outer loop
      vertex 25.4457 40.3766 0.6
      vertex 26.0339 40.8969 0.6
      vertex 25.5973 40.3014 0.6
    endloop
  endfacet
  facet normal -0 0 -1
    outer loop
      vertex 26.0339 40.8969 0.6
      vertex 25.4457 40.3766 0.6
      vertex 26.0077 40.9358 0.6
    endloop
  endfacet
  facet normal -0 0 -1
    outer loop
      vertex 26.0077 40.9358 0.6
      vertex 25.4457 40.3766 0.6
      vertex 25.9855 40.9788 0.6
    endloop
  endfacet
  facet normal 0 0 -1
    outer loop
      vertex 25.3126 40.4679 0.6
      vertex 25.9855 40.9788 0.6
      vertex 25.4457 40.3766 0.6
    endloop
  endfacet
  facet normal -0 0 -1
    outer loop
      vertex 25.9855 40.9788 0.6
      vertex 25.3126 40.4679 0.6
      vertex 25.9672 41.0262 0.6
    endloop
  endfacet
  facet normal 0 0 -1
    outer loop
      vertex 25.1992 40.5749 0.6
      vertex 25.9672 41.0262 0.6
      vertex 25.3126 40.4679 0.6
    endloop
  endfacet
  facet normal 0 0 -1
    outer loop
      vertex 25.1064 40.697 0.6
      vertex 25.9672 41.0262 0.6
      vertex 25.1992 40.5749 0.6
    endloop
  endfacet
  facet normal 0 -0 -1
    outer loop
      vertex 24.9497 41.5045 0.6
      vertex 25.9348 41.2613 0.6
      vertex 24.9414 41.3359 0.6
    endloop
  endfacet
  facet normal -0 0 -1
    outer loop
      vertex 25.9672 41.0262 0.6
      vertex 25.1064 40.697 0.6
      vertex 25.9531 41.0782 0.6
    endloop
  endfacet
  facet normal 0 -0 -1
    outer loop
      vertex 24.9745 41.6601 0.6
      vertex 25.9348 41.2613 0.6
      vertex 24.9497 41.5045 0.6
    endloop
  endfacet
  facet normal 0 0 -1
    outer loop
      vertex 25.9348 41.2613 0.6
      vertex 25.7416 42.409 0.6
      vertex 25.8995 42.4332 0.6
    endloop
  endfacet
  facet normal 0 0 -1
    outer loop
      vertex 25.0342 40.8341 0.6
      vertex 25.9531 41.0782 0.6
      vertex 25.1064 40.697 0.6
    endloop
  endfacet
  facet normal 0 -0 -1
    outer loop
      vertex 25.016 41.8025 0.6
      vertex 25.9348 41.2613 0.6
      vertex 24.9745 41.6601 0.6
    endloop
  endfacet
  facet normal -0 0 -1
    outer loop
      vertex 25.9531 41.0782 0.6
      vertex 25.0342 40.8341 0.6
      vertex 25.9429 41.1347 0.6
    endloop
  endfacet
  facet normal 0 0 -1
    outer loop
      vertex 25.9348 41.2613 0.6
      vertex 25.5966 42.3688 0.6
      vertex 25.7416 42.409 0.6
    endloop
  endfacet
  facet normal 0 0 -1
    outer loop
      vertex 24.9826 40.9863 0.6
      vertex 25.9429 41.1347 0.6
      vertex 25.0342 40.8341 0.6
    endloop
  endfacet
  facet normal 0 0 -1
    outer loop
      vertex 25.9348 41.2613 0.6
      vertex 25.4647 42.3124 0.6
      vertex 25.5966 42.3688 0.6
    endloop
  endfacet
  facet normal -0 0 -1
    outer loop
      vertex 25.9429 41.1347 0.6
      vertex 24.9826 40.9863 0.6
      vertex 25.9369 41.1957 0.6
    endloop
  endfacet
  facet normal 0 -0 -1
    outer loop
      vertex 25.074 41.9319 0.6
      vertex 25.9348 41.2613 0.6
      vertex 25.016 41.8025 0.6
    endloop
  endfacet
  facet normal 0 0 -1
    outer loop
      vertex 24.9517 41.1536 0.6
      vertex 25.9369 41.1957 0.6
      vertex 24.9826 40.9863 0.6
    endloop
  endfacet
  facet normal 0 0 -1
    outer loop
      vertex 25.9348 41.2613 0.6
      vertex 25.3457 42.2399 0.6
      vertex 25.4647 42.3124 0.6
    endloop
  endfacet
  facet normal -0 0 -1
    outer loop
      vertex 25.9369 41.1957 0.6
      vertex 24.9517 41.1536 0.6
      vertex 25.9348 41.2613 0.6
    endloop
  endfacet
  facet normal -0 0 -1
    outer loop
      vertex 25.9348 41.2613 0.6
      vertex 24.9517 41.1536 0.6
      vertex 24.9414 41.3359 0.6
    endloop
  endfacet
  facet normal 0 0 -1
    outer loop
      vertex 25.9348 41.2613 0.6
      vertex 25.2397 42.1513 0.6
      vertex 25.3457 42.2399 0.6
    endloop
  endfacet
  facet normal 0 0 -1
    outer loop
      vertex 25.9348 41.2613 0.6
      vertex 25.074 41.9319 0.6
      vertex 25.1486 42.0481 0.6
    endloop
  endfacet
  facet normal 0 0 -1
    outer loop
      vertex 25.9348 41.2613 0.6
      vertex 25.1486 42.0481 0.6
      vertex 25.2397 42.1513 0.6
    endloop
  endfacet
  facet normal 0 0 -1
    outer loop
      vertex 27.1792 40.6747 0.6
      vertex 28.1319 41.2884 0.6
      vertex 28.1319 39.9525 0.6
    endloop
  endfacet
  facet normal 0 0 -1
    outer loop
      vertex 27.1757 39.848 0.6
      vertex 28.1319 39.9525 0.6
      vertex 28.1215 39.7503 0.6
    endloop
  endfacet
  facet normal 0 0 -1
    outer loop
      vertex 28.1319 41.2884 0.6
      vertex 27.1763 40.9408 0.6
      vertex 27.1675 41.0189 0.6
    endloop
  endfacet
  facet normal 0 0 -1
    outer loop
      vertex 27.1653 39.7436 0.6
      vertex 28.1215 39.7503 0.6
      vertex 28.0901 39.5641 0.6
    endloop
  endfacet
  facet normal 0 -0 -1
    outer loop
      vertex 27.313 41.8286 0.6
      vertex 28.1319 41.2884 0.6
      vertex 27.2978 41.719 0.6
    endloop
  endfacet
  facet normal 0 0 -1
    outer loop
      vertex 27.1653 39.7436 0.6
      vertex 28.0901 39.5641 0.6
      vertex 28.0379 39.3939 0.6
    endloop
  endfacet
  facet normal 0 0 -1
    outer loop
      vertex 28.1319 41.2884 0.6
      vertex 27.1792 40.8612 0.6
      vertex 27.1763 40.9408 0.6
    endloop
  endfacet
  facet normal 0 0 -1
    outer loop
      vertex 27.1478 39.6495 0.6
      vertex 28.0379 39.3939 0.6
      vertex 27.9647 39.2398 0.6
    endloop
  endfacet
  facet normal 0 0 -1
    outer loop
      vertex 28.1319 41.2884 0.6
      vertex 28.0986 42.4134 0.6
      vertex 28.129 42.4124 0.6
    endloop
  endfacet
  facet normal 0 0 -1
    outer loop
      vertex 27.1234 39.5656 0.6
      vertex 27.9647 39.2398 0.6
      vertex 27.8706 39.1016 0.6
    endloop
  endfacet
  facet normal 0 0 -1
    outer loop
      vertex 28.1319 41.2884 0.6
      vertex 27.1792 40.6747 0.6
      vertex 27.1792 40.8612 0.6
    endloop
  endfacet
  facet normal 0 0 -1
    outer loop
      vertex 27.0921 39.492 0.6
      vertex 27.8706 39.1016 0.6
      vertex 27.7556 38.9795 0.6
    endloop
  endfacet
  facet normal 0 0 -1
    outer loop
      vertex 28.1319 41.2884 0.6
      vertex 28.0668 42.4139 0.6
      vertex 28.0986 42.4134 0.6
    endloop
  endfacet
  facet normal 0 0 -1
    outer loop
      vertex 28.1319 41.2884 0.6
      vertex 28.0336 42.4141 0.6
      vertex 28.0668 42.4139 0.6
    endloop
  endfacet
  facet normal 0 0 -1
    outer loop
      vertex 27.0921 39.492 0.6
      vertex 27.7556 38.9795 0.6
      vertex 27.6213 38.8748 0.6
    endloop
  endfacet
  facet normal 0 -0 -1
    outer loop
      vertex 27.3357 41.9289 0.6
      vertex 28.1319 41.2884 0.6
      vertex 27.313 41.8286 0.6
    endloop
  endfacet
  facet normal 0 0 -1
    outer loop
      vertex 28.1319 41.2884 0.6
      vertex 27.9191 42.4092 0.6
      vertex 28.0336 42.4141 0.6
    endloop
  endfacet
  facet normal 0 0 -1
    outer loop
      vertex 27.0537 39.4287 0.6
      vertex 27.6213 38.8748 0.6
      vertex 27.4693 38.7892 0.6
    endloop
  endfacet
  facet normal 0 -0 -1
    outer loop
      vertex 27.3661 42.02 0.6
      vertex 28.1319 41.2884 0.6
      vertex 27.3357 41.9289 0.6
    endloop
  endfacet
  facet normal 0 0 -1
    outer loop
      vertex 28.1319 41.2884 0.6
      vertex 27.3661 42.02 0.6
      vertex 27.8149 42.3945 0.6
    endloop
  endfacet
  facet normal 0 -0 -1
    outer loop
      vertex 27.4041 42.1018 0.6
      vertex 27.7213 42.3701 0.6
      vertex 27.3661 42.02 0.6
    endloop
  endfacet
  facet normal 0 -0 -1
    outer loop
      vertex 27.4497 42.1744 0.6
      vertex 27.6381 42.3358 0.6
      vertex 27.4041 42.1018 0.6
    endloop
  endfacet
  facet normal 0 0 -1
    outer loop
      vertex 27.6381 42.3358 0.6
      vertex 27.4497 42.1744 0.6
      vertex 27.5653 42.2917 0.6
    endloop
  endfacet
  facet normal 0 0 -1
    outer loop
      vertex 27.0075 39.3753 0.6
      vertex 27.4693 38.7892 0.6
      vertex 27.2995 38.7226 0.6
    endloop
  endfacet
  facet normal 0 0 -1
    outer loop
      vertex 27.5653 42.2917 0.6
      vertex 27.4497 42.1744 0.6
      vertex 27.503 42.2378 0.6
    endloop
  endfacet
  facet normal 0 0 -1
    outer loop
      vertex 28.1319 39.9525 0.6
      vertex 27.1792 40.1492 0.6
      vertex 27.1792 40.6747 0.6
    endloop
  endfacet
  facet normal 0 0 -1
    outer loop
      vertex 28.1319 39.9525 0.6
      vertex 27.1792 39.9627 0.6
      vertex 27.1792 40.1492 0.6
    endloop
  endfacet
  facet normal -0 0 -1
    outer loop
      vertex 28.1319 39.9525 0.6
      vertex 27.1757 39.848 0.6
      vertex 27.1792 39.9627 0.6
    endloop
  endfacet
  facet normal -0 0 -1
    outer loop
      vertex 28.1215 39.7503 0.6
      vertex 27.1653 39.7436 0.6
      vertex 27.1757 39.848 0.6
    endloop
  endfacet
  facet normal 0 0 -1
    outer loop
      vertex 28.0379 39.3939 0.6
      vertex 27.1478 39.6495 0.6
      vertex 27.1653 39.7436 0.6
    endloop
  endfacet
  facet normal 0 0 -1
    outer loop
      vertex 27.9647 39.2398 0.6
      vertex 27.1234 39.5656 0.6
      vertex 27.1478 39.6495 0.6
    endloop
  endfacet
  facet normal 0 0 -1
    outer loop
      vertex 26.9524 39.3317 0.6
      vertex 27.2995 38.7226 0.6
      vertex 27.1121 38.6751 0.6
    endloop
  endfacet
  facet normal 0 0 -1
    outer loop
      vertex 27.8706 39.1016 0.6
      vertex 27.0921 39.492 0.6
      vertex 27.1234 39.5656 0.6
    endloop
  endfacet
  facet normal 0 0 -1
    outer loop
      vertex 27.6213 38.8748 0.6
      vertex 27.0537 39.4287 0.6
      vertex 27.0921 39.492 0.6
    endloop
  endfacet
  facet normal 0 0 -1
    outer loop
      vertex 27.4693 38.7892 0.6
      vertex 27.0075 39.3753 0.6
      vertex 27.0537 39.4287 0.6
    endloop
  endfacet
  facet normal 0 0 -1
    outer loop
      vertex 27.2995 38.7226 0.6
      vertex 26.9524 39.3317 0.6
      vertex 27.0075 39.3753 0.6
    endloop
  endfacet
  facet normal 0 0 -1
    outer loop
      vertex 26.8884 39.2977 0.6
      vertex 27.1121 38.6751 0.6
      vertex 26.907 38.6465 0.6
    endloop
  endfacet
  facet normal 0 0 -1
    outer loop
      vertex 27.1121 38.6751 0.6
      vertex 26.8884 39.2977 0.6
      vertex 26.9524 39.3317 0.6
    endloop
  endfacet
  facet normal 0 0 -1
    outer loop
      vertex 26.907 38.6465 0.6
      vertex 26.8156 39.2735 0.6
      vertex 26.8884 39.2977 0.6
    endloop
  endfacet
  facet normal 0 0 -1
    outer loop
      vertex 26.907 38.6465 0.6
      vertex 26.734 39.2589 0.6
      vertex 26.8156 39.2735 0.6
    endloop
  endfacet
  facet normal 0 0 -1
    outer loop
      vertex 26.6841 38.637 0.6
      vertex 26.734 39.2589 0.6
      vertex 26.907 38.6465 0.6
    endloop
  endfacet
  facet normal 0 0 -1
    outer loop
      vertex 26.6841 38.637 0.6
      vertex 26.6435 39.254 0.6
      vertex 26.734 39.2589 0.6
    endloop
  endfacet
  facet normal 0 0 -1
    outer loop
      vertex 26.6841 38.637 0.6
      vertex 26.5592 39.2574 0.6
      vertex 26.6435 39.254 0.6
    endloop
  endfacet
  facet normal 0 0 -1
    outer loop
      vertex 26.4628 38.6447 0.6
      vertex 26.5592 39.2574 0.6
      vertex 26.6841 38.637 0.6
    endloop
  endfacet
  facet normal -0 0 -1
    outer loop
      vertex 26.5592 39.2574 0.6
      vertex 26.4628 38.6447 0.6
      vertex 26.4828 39.2674 0.6
    endloop
  endfacet
  facet normal 0 0 -1
    outer loop
      vertex 26.2575 38.6677 0.6
      vertex 26.4828 39.2674 0.6
      vertex 26.4628 38.6447 0.6
    endloop
  endfacet
  facet normal -0 0 -1
    outer loop
      vertex 26.4828 39.2674 0.6
      vertex 26.2575 38.6677 0.6
      vertex 26.4142 39.2842 0.6
    endloop
  endfacet
  facet normal -0 0 -1
    outer loop
      vertex 26.4142 39.2842 0.6
      vertex 26.2575 38.6677 0.6
      vertex 26.3534 39.3076 0.6
    endloop
  endfacet
  facet normal 0 0 -1
    outer loop
      vertex 26.0683 38.7061 0.6
      vertex 26.3534 39.3076 0.6
      vertex 26.2575 38.6677 0.6
    endloop
  endfacet
  facet normal -0 0 -1
    outer loop
      vertex 26.3534 39.3076 0.6
      vertex 26.0683 38.7061 0.6
      vertex 26.3004 39.3377 0.6
    endloop
  endfacet
  facet normal 0 0 -1
    outer loop
      vertex 25.8952 38.7598 0.6
      vertex 26.3004 39.3377 0.6
      vertex 26.0683 38.7061 0.6
    endloop
  endfacet
  facet normal -0 0 -1
    outer loop
      vertex 26.3004 39.3377 0.6
      vertex 25.8952 38.7598 0.6
      vertex 26.2552 39.3744 0.6
    endloop
  endfacet
  facet normal 0 0 -1
    outer loop
      vertex 25.7383 38.8289 0.6
      vertex 26.2552 39.3744 0.6
      vertex 25.8952 38.7598 0.6
    endloop
  endfacet
  facet normal -0 0 -1
    outer loop
      vertex 26.2552 39.3744 0.6
      vertex 25.7383 38.8289 0.6
      vertex 26.2166 39.4189 0.6
    endloop
  endfacet
  facet normal 0 0 -1
    outer loop
      vertex 25.5974 38.9133 0.6
      vertex 26.2166 39.4189 0.6
      vertex 25.7383 38.8289 0.6
    endloop
  endfacet
  facet normal -0 0 -1
    outer loop
      vertex 26.2166 39.4189 0.6
      vertex 25.5974 38.9133 0.6
      vertex 26.1831 39.4722 0.6
    endloop
  endfacet
  facet normal 0 0 -1
    outer loop
      vertex 25.4732 39.0127 0.6
      vertex 26.1831 39.4722 0.6
      vertex 25.5974 38.9133 0.6
    endloop
  endfacet
  facet normal -0 0 -1
    outer loop
      vertex 26.1831 39.4722 0.6
      vertex 25.4732 39.0127 0.6
      vertex 26.1548 39.5342 0.6
    endloop
  endfacet
  facet normal 0 0 -1
    outer loop
      vertex 25.366 39.1264 0.6
      vertex 26.1548 39.5342 0.6
      vertex 25.4732 39.0127 0.6
    endloop
  endfacet
  facet normal -0 0 -1
    outer loop
      vertex 26.1548 39.5342 0.6
      vertex 25.366 39.1264 0.6
      vertex 26.1317 39.605 0.6
    endloop
  endfacet
  facet normal 0 0 -1
    outer loop
      vertex 25.2758 39.2545 0.6
      vertex 26.1317 39.605 0.6
      vertex 25.366 39.1264 0.6
    endloop
  endfacet
  facet normal -0 0 -1
    outer loop
      vertex 26.1317 39.605 0.6
      vertex 25.2758 39.2545 0.6
      vertex 26.1137 39.6845 0.6
    endloop
  endfacet
  facet normal 0 0 -1
    outer loop
      vertex 25.2027 39.397 0.6
      vertex 26.1137 39.6845 0.6
      vertex 25.2758 39.2545 0.6
    endloop
  endfacet
  facet normal 0 0 -1
    outer loop
      vertex 25.1466 39.554 0.6
      vertex 26.1137 39.6845 0.6
      vertex 25.2027 39.397 0.6
    endloop
  endfacet
  facet normal -0 0 -1
    outer loop
      vertex 26.1137 39.6845 0.6
      vertex 25.1466 39.554 0.6
      vertex 26.101 39.7728 0.6
    endloop
  endfacet
  facet normal 0 0 -1
    outer loop
      vertex 26.101 39.7728 0.6
      vertex 25.1466 39.554 0.6
      vertex 25.1075 39.7253 0.6
    endloop
  endfacet
  facet normal 0 0 -1
    outer loop
      vertex 28.6098 41.8168 0.6
      vertex 28.6439 42.326 0.6
      vertex 28.6439 41.8106 0.6
    endloop
  endfacet
  facet normal 0 0 -1
    outer loop
      vertex 28.5754 41.8219 0.6
      vertex 28.6439 42.326 0.6
      vertex 28.6098 41.8168 0.6
    endloop
  endfacet
  facet normal 0 0 -1
    outer loop
      vertex 28.5405 41.8258 0.6
      vertex 28.6439 42.326 0.6
      vertex 28.5754 41.8219 0.6
    endloop
  endfacet
  facet normal -0 0 -1
    outer loop
      vertex 28.6439 42.326 0.6
      vertex 28.5405 41.8258 0.6
      vertex 28.5893 42.3391 0.6
    endloop
  endfacet
  facet normal 0 0 -1
    outer loop
      vertex 28.5053 41.8287 0.6
      vertex 28.5893 42.3391 0.6
      vertex 28.5405 41.8258 0.6
    endloop
  endfacet
  facet normal -0 0 -1
    outer loop
      vertex 28.5893 42.3391 0.6
      vertex 28.5053 41.8287 0.6
      vertex 28.5385 42.3516 0.6
    endloop
  endfacet
  facet normal 0 0 -1
    outer loop
      vertex 28.4697 41.8304 0.6
      vertex 28.5385 42.3516 0.6
      vertex 28.5053 41.8287 0.6
    endloop
  endfacet
  facet normal -0 0 -1
    outer loop
      vertex 28.5385 42.3516 0.6
      vertex 28.4697 41.8304 0.6
      vertex 28.5144 42.3575 0.6
    endloop
  endfacet
  facet normal 0 0 -1
    outer loop
      vertex 28.4337 41.8309 0.6
      vertex 28.5144 42.3575 0.6
      vertex 28.4697 41.8304 0.6
    endloop
  endfacet
  facet normal -0 0 -1
    outer loop
      vertex 28.5144 42.3575 0.6
      vertex 28.4337 41.8309 0.6
      vertex 28.4913 42.3633 0.6
    endloop
  endfacet
  facet normal -0 0 -1
    outer loop
      vertex 28.4913 42.3633 0.6
      vertex 28.4337 41.8309 0.6
      vertex 28.4687 42.3687 0.6
    endloop
  endfacet
  facet normal -0 0 -1
    outer loop
      vertex 28.4687 42.3687 0.6
      vertex 28.4337 41.8309 0.6
      vertex 28.4461 42.3738 0.6
    endloop
  endfacet
  facet normal 0 0 -1
    outer loop
      vertex 28.3821 41.8277 0.6
      vertex 28.4461 42.3738 0.6
      vertex 28.4337 41.8309 0.6
    endloop
  endfacet
  facet normal -0 0 -1
    outer loop
      vertex 28.4461 42.3738 0.6
      vertex 28.3821 41.8277 0.6
      vertex 28.4235 42.3785 0.6
    endloop
  endfacet
  facet normal -0 0 -1
    outer loop
      vertex 28.4235 42.3785 0.6
      vertex 28.3821 41.8277 0.6
      vertex 28.4009 42.3829 0.6
    endloop
  endfacet
  facet normal 0 0 -1
    outer loop
      vertex 28.3821 41.8277 0.6
      vertex 28.3783 42.3868 0.6
      vertex 28.4009 42.3829 0.6
    endloop
  endfacet
  facet normal 0 0 -1
    outer loop
      vertex 28.3821 41.8277 0.6
      vertex 28.3557 42.3904 0.6
      vertex 28.3783 42.3868 0.6
    endloop
  endfacet
  facet normal 0 0 -1
    outer loop
      vertex 28.3329 42.3937 0.6
      vertex 28.3821 41.8277 0.6
      vertex 28.3356 41.8179 0.6
    endloop
  endfacet
  facet normal 0 0 -1
    outer loop
      vertex 28.3821 41.8277 0.6
      vertex 28.3329 42.3937 0.6
      vertex 28.3557 42.3904 0.6
    endloop
  endfacet
  facet normal 0 0 -1
    outer loop
      vertex 28.3356 41.8179 0.6
      vertex 28.3096 42.3968 0.6
      vertex 28.3329 42.3937 0.6
    endloop
  endfacet
  facet normal 0 0 -1
    outer loop
      vertex 28.2368 42.405 0.6
      vertex 28.3356 41.8179 0.6
      vertex 28.2943 41.8017 0.6
    endloop
  endfacet
  facet normal 0 0 -1
    outer loop
      vertex 28.3356 41.8179 0.6
      vertex 28.2858 42.3997 0.6
      vertex 28.3096 42.3968 0.6
    endloop
  endfacet
  facet normal 0 0 -1
    outer loop
      vertex 28.3356 41.8179 0.6
      vertex 28.2616 42.4025 0.6
      vertex 28.2858 42.3997 0.6
    endloop
  endfacet
  facet normal 0 0 -1
    outer loop
      vertex 28.129 42.4124 0.6
      vertex 28.2943 41.8017 0.6
      vertex 28.2582 41.7789 0.6
    endloop
  endfacet
  facet normal 0 0 -1
    outer loop
      vertex 28.3356 41.8179 0.6
      vertex 28.2368 42.405 0.6
      vertex 28.2616 42.4025 0.6
    endloop
  endfacet
  facet normal 0 0 -1
    outer loop
      vertex 28.129 42.4124 0.6
      vertex 28.2582 41.7789 0.6
      vertex 28.2272 41.7497 0.6
    endloop
  endfacet
  facet normal 0 0 -1
    outer loop
      vertex 28.2943 41.8017 0.6
      vertex 28.2116 42.4073 0.6
      vertex 28.2368 42.405 0.6
    endloop
  endfacet
  facet normal 0 0 -1
    outer loop
      vertex 28.129 42.4124 0.6
      vertex 28.2272 41.7497 0.6
      vertex 28.2014 41.714 0.6
    endloop
  endfacet
  facet normal 0 0 -1
    outer loop
      vertex 28.2943 41.8017 0.6
      vertex 28.1855 42.4094 0.6
      vertex 28.2116 42.4073 0.6
    endloop
  endfacet
  facet normal 0 0 -1
    outer loop
      vertex 28.129 42.4124 0.6
      vertex 28.2014 41.714 0.6
      vertex 28.1802 41.6697 0.6
    endloop
  endfacet
  facet normal 0 0 -1
    outer loop
      vertex 28.129 42.4124 0.6
      vertex 28.1802 41.6697 0.6
      vertex 28.1628 41.6147 0.6
    endloop
  endfacet
  facet normal 0 0 -1
    outer loop
      vertex 28.2943 41.8017 0.6
      vertex 28.1579 42.4111 0.6
      vertex 28.1855 42.4094 0.6
    endloop
  endfacet
  facet normal 0 0 -1
    outer loop
      vertex 28.129 42.4124 0.6
      vertex 28.1628 41.6147 0.6
      vertex 28.1493 41.5491 0.6
    endloop
  endfacet
  facet normal 0 0 -1
    outer loop
      vertex 28.129 42.4124 0.6
      vertex 28.1493 41.5491 0.6
      vertex 28.1397 41.4728 0.6
    endloop
  endfacet
  facet normal 0 0 -1
    outer loop
      vertex 28.129 42.4124 0.6
      vertex 28.1397 41.4728 0.6
      vertex 28.1339 41.386 0.6
    endloop
  endfacet
  facet normal 0 0 -1
    outer loop
      vertex 28.2943 41.8017 0.6
      vertex 28.129 42.4124 0.6
      vertex 28.1579 42.4111 0.6
    endloop
  endfacet
  facet normal 0 0 -1
    outer loop
      vertex 28.129 42.4124 0.6
      vertex 28.1339 41.386 0.6
      vertex 28.1319 41.2884 0.6
    endloop
  endfacet
  facet normal 0 0 -1
    outer loop
      vertex 27.7213 42.3701 0.6
      vertex 27.4041 42.1018 0.6
      vertex 27.6381 42.3358 0.6
    endloop
  endfacet
  facet normal 0 0 -1
    outer loop
      vertex 27.8149 42.3945 0.6
      vertex 27.3661 42.02 0.6
      vertex 27.7213 42.3701 0.6
    endloop
  endfacet
  facet normal 0 0 -1
    outer loop
      vertex 28.1319 41.2884 0.6
      vertex 27.8149 42.3945 0.6
      vertex 27.9191 42.4092 0.6
    endloop
  endfacet
  facet normal 0 0 -1
    outer loop
      vertex 27.1529 41.0956 0.6
      vertex 28.1319 41.2884 0.6
      vertex 27.1675 41.0189 0.6
    endloop
  endfacet
  facet normal 0 0 -1
    outer loop
      vertex 27.1325 41.1709 0.6
      vertex 28.1319 41.2884 0.6
      vertex 27.1529 41.0956 0.6
    endloop
  endfacet
  facet normal -0 0 -1
    outer loop
      vertex 28.1319 41.2884 0.6
      vertex 27.1325 41.1709 0.6
      vertex 27.2978 41.719 0.6
    endloop
  endfacet
  facet normal 0 0 -1
    outer loop
      vertex 27.1062 41.2448 0.6
      vertex 27.2978 41.719 0.6
      vertex 27.1325 41.1709 0.6
    endloop
  endfacet
  facet normal 0 0 -1
    outer loop
      vertex 27.0741 41.3172 0.6
      vertex 27.2978 41.719 0.6
      vertex 27.1062 41.2448 0.6
    endloop
  endfacet
  facet normal -0 0 -1
    outer loop
      vertex 27.2978 41.719 0.6
      vertex 27.0741 41.3172 0.6
      vertex 27.2775 41.719 0.6
    endloop
  endfacet
  facet normal 0 0 -1
    outer loop
      vertex 27.0368 41.3864 0.6
      vertex 27.2775 41.719 0.6
      vertex 27.0741 41.3172 0.6
    endloop
  endfacet
  facet normal 0 0 -1
    outer loop
      vertex 26.9952 41.4504 0.6
      vertex 27.2775 41.719 0.6
      vertex 27.0368 41.3864 0.6
    endloop
  endfacet
  facet normal 0 0 -1
    outer loop
      vertex 26.9491 41.5092 0.6
      vertex 27.2775 41.719 0.6
      vertex 26.9952 41.4504 0.6
    endloop
  endfacet
  facet normal 0 0 -1
    outer loop
      vertex 26.8985 41.5629 0.6
      vertex 27.2775 41.719 0.6
      vertex 26.9491 41.5092 0.6
    endloop
  endfacet
  facet normal -0 0 -1
    outer loop
      vertex 27.2775 41.719 0.6
      vertex 26.8985 41.5629 0.6
      vertex 27.1329 41.9397 0.6
    endloop
  endfacet
  facet normal 0 0 -1
    outer loop
      vertex 26.8436 41.6113 0.6
      vertex 27.1329 41.9397 0.6
      vertex 26.8985 41.5629 0.6
    endloop
  endfacet
  facet normal 0 0 -1
    outer loop
      vertex 26.7842 41.6546 0.6
      vertex 27.1329 41.9397 0.6
      vertex 26.8436 41.6113 0.6
    endloop
  endfacet
  facet normal -0 0 -1
    outer loop
      vertex 27.1329 41.9397 0.6
      vertex 26.7842 41.6546 0.6
      vertex 26.9656 42.1203 0.6
    endloop
  endfacet
  facet normal 0 0 -1
    outer loop
      vertex 26.7215 41.6919 0.6
      vertex 26.9656 42.1203 0.6
      vertex 26.7842 41.6546 0.6
    endloop
  endfacet
  facet normal 0 0 -1
    outer loop
      vertex 26.6567 41.7224 0.6
      vertex 26.9656 42.1203 0.6
      vertex 26.7215 41.6919 0.6
    endloop
  endfacet
  facet normal -0 0 -1
    outer loop
      vertex 26.9656 42.1203 0.6
      vertex 26.6567 41.7224 0.6
      vertex 26.7757 42.2607 0.6
    endloop
  endfacet
  facet normal 0 0 -1
    outer loop
      vertex 26.5896 41.7462 0.6
      vertex 26.7757 42.2607 0.6
      vertex 26.6567 41.7224 0.6
    endloop
  endfacet
  facet normal 0 0 -1
    outer loop
      vertex 26.5205 41.7631 0.6
      vertex 26.7757 42.2607 0.6
      vertex 26.5896 41.7462 0.6
    endloop
  endfacet
  facet normal -0 0 -1
    outer loop
      vertex 26.7757 42.2607 0.6
      vertex 26.5205 41.7631 0.6
      vertex 26.5632 42.361 0.6
    endloop
  endfacet
  facet normal 0 0 -1
    outer loop
      vertex 26.4491 41.7733 0.6
      vertex 26.5632 42.361 0.6
      vertex 26.5205 41.7631 0.6
    endloop
  endfacet
  facet normal 0 0 -1
    outer loop
      vertex 26.3756 41.7767 0.6
      vertex 26.5632 42.361 0.6
      vertex 26.4491 41.7733 0.6
    endloop
  endfacet
  facet normal 0 0 -1
    outer loop
      vertex 26.3756 41.7767 0.6
      vertex 26.3281 42.4212 0.6
      vertex 26.5632 42.361 0.6
    endloop
  endfacet
  facet normal 0 0 -1
    outer loop
      vertex 26.3111 41.7732 0.6
      vertex 26.3281 42.4212 0.6
      vertex 26.3756 41.7767 0.6
    endloop
  endfacet
  facet normal 0 0 -1
    outer loop
      vertex 26.2511 41.7625 0.6
      vertex 26.3281 42.4212 0.6
      vertex 26.3111 41.7732 0.6
    endloop
  endfacet
  facet normal 0 0 -1
    outer loop
      vertex 26.0704 42.4412 0.6
      vertex 26.2511 41.7625 0.6
      vertex 26.1955 41.7449 0.6
    endloop
  endfacet
  facet normal 0 0 -1
    outer loop
      vertex 26.0704 42.4412 0.6
      vertex 26.1955 41.7449 0.6
      vertex 26.1443 41.7202 0.6
    endloop
  endfacet
  facet normal 0 0 -1
    outer loop
      vertex 25.8995 42.4332 0.6
      vertex 26.1443 41.7202 0.6
      vertex 26.0975 41.6884 0.6
    endloop
  endfacet
  facet normal 0 0 -1
    outer loop
      vertex 26.2511 41.7625 0.6
      vertex 26.0704 42.4412 0.6
      vertex 26.3281 42.4212 0.6
    endloop
  endfacet
  facet normal 0 0 -1
    outer loop
      vertex 25.8995 42.4332 0.6
      vertex 26.0975 41.6884 0.6
      vertex 26.0552 41.6495 0.6
    endloop
  endfacet
  facet normal 0 0 -1
    outer loop
      vertex 25.8995 42.4332 0.6
      vertex 26.0552 41.6495 0.6
      vertex 26.0184 41.6034 0.6
    endloop
  endfacet
  facet normal 0 0 -1
    outer loop
      vertex 25.8995 42.4332 0.6
      vertex 26.0184 41.6034 0.6
      vertex 25.9883 41.5499 0.6
    endloop
  endfacet
  facet normal 0 0 -1
    outer loop
      vertex 25.8995 42.4332 0.6
      vertex 25.9883 41.5499 0.6
      vertex 25.9649 41.4889 0.6
    endloop
  endfacet
  facet normal 0 0 -1
    outer loop
      vertex 25.8995 42.4332 0.6
      vertex 25.9649 41.4889 0.6
      vertex 25.9482 41.4205 0.6
    endloop
  endfacet
  facet normal 0 0 -1
    outer loop
      vertex 25.8995 42.4332 0.6
      vertex 25.9482 41.4205 0.6
      vertex 25.9382 41.3446 0.6
    endloop
  endfacet
  facet normal 0 0 -1
    outer loop
      vertex 26.1443 41.7202 0.6
      vertex 25.8995 42.4332 0.6
      vertex 26.0704 42.4412 0.6
    endloop
  endfacet
  facet normal 0 0 -1
    outer loop
      vertex 25.8995 42.4332 0.6
      vertex 25.9382 41.3446 0.6
      vertex 25.9348 41.2613 0.6
    endloop
  endfacet
  facet normal 0 0 -1
    outer loop
      vertex 47.112 39.8178 0.6
      vertex 48.0435 39.6769 0.6
      vertex 47.9811 39.5065 0.6
    endloop
  endfacet
  facet normal 0 0 -1
    outer loop
      vertex 47.0882 39.7335 0.6
      vertex 47.9811 39.5065 0.6
      vertex 47.9011 39.3499 0.6
    endloop
  endfacet
  facet normal 0 0 -1
    outer loop
      vertex 47.0577 39.6554 0.6
      vertex 47.9011 39.3499 0.6
      vertex 47.8036 39.207 0.6
    endloop
  endfacet
  facet normal 0 0 -1
    outer loop
      vertex 47.0577 39.6554 0.6
      vertex 47.8036 39.207 0.6
      vertex 47.6886 39.0779 0.6
    endloop
  endfacet
  facet normal 0 0 -1
    outer loop
      vertex 47.0204 39.5837 0.6
      vertex 47.6886 39.0779 0.6
      vertex 47.5561 38.9625 0.6
    endloop
  endfacet
  facet normal 0 0 -1
    outer loop
      vertex 46.9764 39.5183 0.6
      vertex 47.5561 38.9625 0.6
      vertex 47.4086 38.863 0.6
    endloop
  endfacet
  facet normal 0 0 -1
    outer loop
      vertex 46.9255 39.4592 0.6
      vertex 47.4086 38.863 0.6
      vertex 47.2487 38.7817 0.6
    endloop
  endfacet
  facet normal 0 0 -1
    outer loop
      vertex 47.9011 39.3499 0.6
      vertex 47.0577 39.6554 0.6
      vertex 47.0882 39.7335 0.6
    endloop
  endfacet
  facet normal 0 0 -1
    outer loop
      vertex 48.0435 39.6769 0.6
      vertex 47.1289 39.9085 0.6
      vertex 48.0885 39.861 0.6
    endloop
  endfacet
  facet normal 0 0 -1
    outer loop
      vertex 48.0435 39.6769 0.6
      vertex 47.112 39.8178 0.6
      vertex 47.1289 39.9085 0.6
    endloop
  endfacet
  facet normal 0 0 -1
    outer loop
      vertex 46.8675 39.4079 0.6
      vertex 47.2487 38.7817 0.6
      vertex 47.0764 38.7184 0.6
    endloop
  endfacet
  facet normal 0 0 -1
    outer loop
      vertex 47.9811 39.5065 0.6
      vertex 47.0882 39.7335 0.6
      vertex 47.112 39.8178 0.6
    endloop
  endfacet
  facet normal 0 0 -1
    outer loop
      vertex 47.6886 39.0779 0.6
      vertex 47.0204 39.5837 0.6
      vertex 47.0577 39.6554 0.6
    endloop
  endfacet
  facet normal 0 0 -1
    outer loop
      vertex 47.5561 38.9625 0.6
      vertex 46.9764 39.5183 0.6
      vertex 47.0204 39.5837 0.6
    endloop
  endfacet
  facet normal 0 0 -1
    outer loop
      vertex 47.4086 38.863 0.6
      vertex 46.9255 39.4592 0.6
      vertex 46.9764 39.5183 0.6
    endloop
  endfacet
  facet normal 0 0 -1
    outer loop
      vertex 46.7289 39.3333 0.6
      vertex 47.0764 38.7184 0.6
      vertex 46.8916 38.6732 0.6
    endloop
  endfacet
  facet normal 0 0 -1
    outer loop
      vertex 47.2487 38.7817 0.6
      vertex 46.8675 39.4079 0.6
      vertex 46.9255 39.4592 0.6
    endloop
  endfacet
  facet normal 0 0 -1
    outer loop
      vertex 47.0764 38.7184 0.6
      vertex 46.8019 39.3659 0.6
      vertex 46.8675 39.4079 0.6
    endloop
  endfacet
  facet normal 0 0 -1
    outer loop
      vertex 47.0764 38.7184 0.6
      vertex 46.7289 39.3333 0.6
      vertex 46.8019 39.3659 0.6
    endloop
  endfacet
  facet normal 0 0 -1
    outer loop
      vertex 46.6482 39.31 0.6
      vertex 46.8916 38.6732 0.6
      vertex 46.6944 38.646 0.6
    endloop
  endfacet
  facet normal 0 0 -1
    outer loop
      vertex 46.8916 38.6732 0.6
      vertex 46.6482 39.31 0.6
      vertex 46.7289 39.3333 0.6
    endloop
  endfacet
  facet normal 0 0 -1
    outer loop
      vertex 46.6944 38.646 0.6
      vertex 46.5601 39.296 0.6
      vertex 46.6482 39.31 0.6
    endloop
  endfacet
  facet normal 0 0 -1
    outer loop
      vertex 46.4847 38.637 0.6
      vertex 46.5601 39.296 0.6
      vertex 46.6944 38.646 0.6
    endloop
  endfacet
  facet normal 0 0 -1
    outer loop
      vertex 46.4847 38.637 0.6
      vertex 46.4644 39.2913 0.6
      vertex 46.5601 39.296 0.6
    endloop
  endfacet
  facet normal 0 0 -1
    outer loop
      vertex 46.2151 38.6511 0.6
      vertex 46.4644 39.2913 0.6
      vertex 46.4847 38.637 0.6
    endloop
  endfacet
  facet normal -0 0 -1
    outer loop
      vertex 46.4644 39.2913 0.6
      vertex 46.2151 38.6511 0.6
      vertex 46.2395 39.3255 0.6
    endloop
  endfacet
  facet normal 0 0 -1
    outer loop
      vertex 45.9667 38.6933 0.6
      vertex 46.2395 39.3255 0.6
      vertex 46.2151 38.6511 0.6
    endloop
  endfacet
  facet normal -0 0 -1
    outer loop
      vertex 46.2395 39.3255 0.6
      vertex 45.9667 38.6933 0.6
      vertex 46.0556 39.4281 0.6
    endloop
  endfacet
  facet normal 0 0 -1
    outer loop
      vertex 45.7396 38.7637 0.6
      vertex 46.0556 39.4281 0.6
      vertex 45.9667 38.6933 0.6
    endloop
  endfacet
  facet normal 0 0 -1
    outer loop
      vertex 45.5338 38.8623 0.6
      vertex 46.0556 39.4281 0.6
      vertex 45.7396 38.7637 0.6
    endloop
  endfacet
  facet normal -0 0 -1
    outer loop
      vertex 46.0556 39.4281 0.6
      vertex 45.5338 38.8623 0.6
      vertex 45.9126 39.599 0.6
    endloop
  endfacet
  facet normal 0 0 -1
    outer loop
      vertex 45.3493 38.989 0.6
      vertex 45.9126 39.599 0.6
      vertex 45.5338 38.8623 0.6
    endloop
  endfacet
  facet normal 0 0 -1
    outer loop
      vertex 45.1861 39.1439 0.6
      vertex 45.9126 39.599 0.6
      vertex 45.3493 38.989 0.6
    endloop
  endfacet
  facet normal 0 0 -1
    outer loop
      vertex 45.0462 39.324 0.6
      vertex 45.9126 39.599 0.6
      vertex 45.1861 39.1439 0.6
    endloop
  endfacet
  facet normal 0 0 -1
    outer loop
      vertex 47.1595 41.1087 0.6
      vertex 48.094 41.276 0.6
      vertex 48.1156 41.1528 0.6
    endloop
  endfacet
  facet normal -0 0 -1
    outer loop
      vertex 48.094 41.276 0.6
      vertex 47.1595 41.1087 0.6
      vertex 48.0631 41.3947 0.6
    endloop
  endfacet
  facet normal 0 0 -1
    outer loop
      vertex 47.1409 41.2171 0.6
      vertex 48.0631 41.3947 0.6
      vertex 47.1595 41.1087 0.6
    endloop
  endfacet
  facet normal -0 0 -1
    outer loop
      vertex 48.0228 41.5088 0.6
      vertex 47.1409 41.2171 0.6
      vertex 47.9732 41.6185 0.6
    endloop
  endfacet
  facet normal 0 0 -1
    outer loop
      vertex 47.1146 41.3161 0.6
      vertex 47.9732 41.6185 0.6
      vertex 47.1409 41.2171 0.6
    endloop
  endfacet
  facet normal -0 0 -1
    outer loop
      vertex 47.9732 41.6185 0.6
      vertex 47.1146 41.3161 0.6
      vertex 47.9143 41.7236 0.6
    endloop
  endfacet
  facet normal -0 0 -1
    outer loop
      vertex 47.9143 41.7236 0.6
      vertex 47.0806 41.4058 0.6
      vertex 47.8461 41.8242 0.6
    endloop
  endfacet
  facet normal -0 0 -1
    outer loop
      vertex 47.8461 41.8242 0.6
      vertex 47.0806 41.4058 0.6
      vertex 47.7693 41.9188 0.6
    endloop
  endfacet
  facet normal 0 0 -1
    outer loop
      vertex 47.0389 41.4862 0.6
      vertex 47.7693 41.9188 0.6
      vertex 47.0806 41.4058 0.6
    endloop
  endfacet
  facet normal -0 0 -1
    outer loop
      vertex 47.685 42.0059 0.6
      vertex 47.0389 41.4862 0.6
      vertex 47.593 42.0857 0.6
    endloop
  endfacet
  facet normal 0 0 -1
    outer loop
      vertex 46.9894 41.5573 0.6
      vertex 47.593 42.0857 0.6
      vertex 47.0389 41.4862 0.6
    endloop
  endfacet
  facet normal -0 0 -1
    outer loop
      vertex 48.0631 41.3947 0.6
      vertex 47.1409 41.2171 0.6
      vertex 48.0228 41.5088 0.6
    endloop
  endfacet
  facet normal 0 0 -1
    outer loop
      vertex 47.0806 41.4058 0.6
      vertex 47.9143 41.7236 0.6
      vertex 47.1146 41.3161 0.6
    endloop
  endfacet
  facet normal -0 0 -1
    outer loop
      vertex 47.7693 41.9188 0.6
      vertex 47.0389 41.4862 0.6
      vertex 47.685 42.0059 0.6
    endloop
  endfacet
  facet normal -0 0 -1
    outer loop
      vertex 47.593 42.0857 0.6
      vertex 46.9894 41.5573 0.6
      vertex 47.4934 42.1579 0.6
    endloop
  endfacet
  facet normal 0 0 -1
    outer loop
      vertex 46.9323 41.619 0.6
      vertex 47.4934 42.1579 0.6
      vertex 46.9894 41.5573 0.6
    endloop
  endfacet
  facet normal -0 0 -1
    outer loop
      vertex 47.4934 42.1579 0.6
      vertex 46.9323 41.619 0.6
      vertex 47.3862 42.2228 0.6
    endloop
  endfacet
  facet normal -0 0 -1
    outer loop
      vertex 47.3862 42.2228 0.6
      vertex 46.9323 41.619 0.6
      vertex 47.2713 42.2802 0.6
    endloop
  endfacet
  facet normal 0 0 -1
    outer loop
      vertex 46.8688 41.6713 0.6
      vertex 47.2713 42.2802 0.6
      vertex 46.9323 41.619 0.6
    endloop
  endfacet
  facet normal -0 0 -1
    outer loop
      vertex 47.2713 42.2802 0.6
      vertex 46.8688 41.6713 0.6
      vertex 47.1502 42.3294 0.6
    endloop
  endfacet
  facet normal 0 0 -1
    outer loop
      vertex 46.8004 41.7141 0.6
      vertex 47.1502 42.3294 0.6
      vertex 46.8688 41.6713 0.6
    endloop
  endfacet
  facet normal -0 0 -1
    outer loop
      vertex 47.1502 42.3294 0.6
      vertex 46.8004 41.7141 0.6
      vertex 47.0242 42.3696 0.6
    endloop
  endfacet
  facet normal 0 0 -1
    outer loop
      vertex 46.7271 41.7474 0.6
      vertex 47.0242 42.3696 0.6
      vertex 46.8004 41.7141 0.6
    endloop
  endfacet
  facet normal -0 0 -1
    outer loop
      vertex 47.0242 42.3696 0.6
      vertex 46.7271 41.7474 0.6
      vertex 46.8933 42.401 0.6
    endloop
  endfacet
  facet normal 0 0 -1
    outer loop
      vertex 46.649 41.7712 0.6
      vertex 46.8933 42.401 0.6
      vertex 46.7271 41.7474 0.6
    endloop
  endfacet
  facet normal -0 0 -1
    outer loop
      vertex 46.8933 42.401 0.6
      vertex 46.649 41.7712 0.6
      vertex 46.7575 42.4233 0.6
    endloop
  endfacet
  facet normal 0 0 -1
    outer loop
      vertex 46.5659 41.7855 0.6
      vertex 46.7575 42.4233 0.6
      vertex 46.649 41.7712 0.6
    endloop
  endfacet
  facet normal -0 0 -1
    outer loop
      vertex 46.7575 42.4233 0.6
      vertex 46.5659 41.7855 0.6
      vertex 46.6168 42.4368 0.6
    endloop
  endfacet
  facet normal 0 0 -1
    outer loop
      vertex 46.4779 41.7902 0.6
      vertex 46.6168 42.4368 0.6
      vertex 46.5659 41.7855 0.6
    endloop
  endfacet
  facet normal 0 0 -1
    outer loop
      vertex 46.4779 41.7902 0.6
      vertex 46.4712 42.4412 0.6
      vertex 46.6168 42.4368 0.6
    endloop
  endfacet
  facet normal 0 0 -1
    outer loop
      vertex 46.2037 42.4274 0.6
      vertex 46.4779 41.7902 0.6
      vertex 46.249 41.755 0.6
    endloop
  endfacet
  facet normal 0 0 -1
    outer loop
      vertex 46.4779 41.7902 0.6
      vertex 46.2037 42.4274 0.6
      vertex 46.4712 42.4412 0.6
    endloop
  endfacet
  facet normal 0 0 -1
    outer loop
      vertex 45.9573 42.386 0.6
      vertex 46.249 41.755 0.6
      vertex 46.0616 41.6493 0.6
    endloop
  endfacet
  facet normal 0 0 -1
    outer loop
      vertex 46.249 41.755 0.6
      vertex 45.9573 42.386 0.6
      vertex 46.2037 42.4274 0.6
    endloop
  endfacet
  facet normal 0 0 -1
    outer loop
      vertex 45.5278 42.2205 0.6
      vertex 46.0616 41.6493 0.6
      vertex 45.9159 41.4732 0.6
    endloop
  endfacet
  facet normal 0 0 -1
    outer loop
      vertex 45.0439 41.7681 0.6
      vertex 45.9159 41.4732 0.6
      vertex 45.8119 41.2266 0.6
    endloop
  endfacet
  facet normal 0 0 -1
    outer loop
      vertex 44.8419 41.3499 0.6
      vertex 45.8119 41.2266 0.6
      vertex 45.7494 40.9096 0.6
    endloop
  endfacet
  facet normal 0 0 -1
    outer loop
      vertex 46.0616 41.6493 0.6
      vertex 45.732 42.3171 0.6
      vertex 45.9573 42.386 0.6
    endloop
  endfacet
  facet normal 0 0 -1
    outer loop
      vertex 44.741 40.8447 0.6
      vertex 45.7494 40.9096 0.6
      vertex 45.7286 40.5221 0.6
    endloop
  endfacet
  facet normal -0 0 -1
    outer loop
      vertex 45.9126 39.599 0.6
      vertex 45.0462 39.324 0.6
      vertex 45.8104 39.8384 0.6
    endloop
  endfacet
  facet normal 0 -0 -1
    outer loop
      vertex 44.741 40.8447 0.6
      vertex 45.7286 40.5221 0.6
      vertex 44.7284 40.5594 0.6
    endloop
  endfacet
  facet normal 0 0 -1
    outer loop
      vertex 44.9318 39.5265 0.6
      vertex 45.8104 39.8384 0.6
      vertex 45.0462 39.324 0.6
    endloop
  endfacet
  facet normal -0 0 -1
    outer loop
      vertex 45.7494 40.9096 0.6
      vertex 44.741 40.8447 0.6
      vertex 44.7788 41.1082 0.6
    endloop
  endfacet
  facet normal 0 0 -1
    outer loop
      vertex 44.8428 39.7512 0.6
      vertex 45.8104 39.8384 0.6
      vertex 44.9318 39.5265 0.6
    endloop
  endfacet
  facet normal 0 0 -1
    outer loop
      vertex 45.7494 40.9096 0.6
      vertex 44.7788 41.1082 0.6
      vertex 44.8419 41.3499 0.6
    endloop
  endfacet
  facet normal -0 0 -1
    outer loop
      vertex 45.8104 39.8384 0.6
      vertex 44.8428 39.7512 0.6
      vertex 45.7491 40.146 0.6
    endloop
  endfacet
  facet normal 0 0 -1
    outer loop
      vertex 45.8119 41.2266 0.6
      vertex 44.8419 41.3499 0.6
      vertex 44.9303 41.5699 0.6
    endloop
  endfacet
  facet normal 0 0 -1
    outer loop
      vertex 44.7792 39.9983 0.6
      vertex 45.7491 40.146 0.6
      vertex 44.8428 39.7512 0.6
    endloop
  endfacet
  facet normal 0 0 -1
    outer loop
      vertex 46.0616 41.6493 0.6
      vertex 45.5278 42.2205 0.6
      vertex 45.732 42.3171 0.6
    endloop
  endfacet
  facet normal 0 0 -1
    outer loop
      vertex 44.7411 40.2677 0.6
      vertex 45.7491 40.146 0.6
      vertex 44.7792 39.9983 0.6
    endloop
  endfacet
  facet normal -0 0 -1
    outer loop
      vertex 45.7286 40.5221 0.6
      vertex 44.7411 40.2677 0.6
      vertex 44.7284 40.5594 0.6
    endloop
  endfacet
  facet normal 0 0 -1
    outer loop
      vertex 45.7491 40.146 0.6
      vertex 44.7411 40.2677 0.6
      vertex 45.7286 40.5221 0.6
    endloop
  endfacet
  facet normal 0 0 -1
    outer loop
      vertex 45.9159 41.4732 0.6
      vertex 45.3447 42.0963 0.6
      vertex 45.5278 42.2205 0.6
    endloop
  endfacet
  facet normal 0 0 -1
    outer loop
      vertex 45.9159 41.4732 0.6
      vertex 45.1827 41.9445 0.6
      vertex 45.3447 42.0963 0.6
    endloop
  endfacet
  facet normal 0 0 -1
    outer loop
      vertex 45.9159 41.4732 0.6
      vertex 45.0439 41.7681 0.6
      vertex 45.1827 41.9445 0.6
    endloop
  endfacet
  facet normal 0 0 -1
    outer loop
      vertex 45.8119 41.2266 0.6
      vertex 44.9303 41.5699 0.6
      vertex 45.0439 41.7681 0.6
    endloop
  endfacet
  facet normal 0 0 -1
    outer loop
      vertex 40.8684 40.1492 0.6
      vertex 40.3801 40.6815 0.6
      vertex 40.8684 40.6747 0.6
    endloop
  endfacet
  facet normal 0 0 -1
    outer loop
      vertex 40.0784 40.1627 0.6
      vertex 40.3801 40.6815 0.6
      vertex 40.8684 40.1492 0.6
    endloop
  endfacet
  facet normal -0 0 -1
    outer loop
      vertex 40.3801 40.6815 0.6
      vertex 40.0784 40.1627 0.6
      vertex 40.2747 40.6873 0.6
    endloop
  endfacet
  facet normal -0 0 -1
    outer loop
      vertex 40.2747 40.6873 0.6
      vertex 40.0784 40.1627 0.6
      vertex 40.1801 40.6957 0.6
    endloop
  endfacet
  facet normal -0 0 -1
    outer loop
      vertex 40.1801 40.6957 0.6
      vertex 40.0784 40.1627 0.6
      vertex 40.0962 40.7065 0.6
    endloop
  endfacet
  facet normal 0 0 -1
    outer loop
      vertex 40.0784 40.1627 0.6
      vertex 40.023 40.72 0.6
      vertex 40.0962 40.7065 0.6
    endloop
  endfacet
  facet normal 0 0 -1
    outer loop
      vertex 39.8526 40.1731 0.6
      vertex 40.023 40.72 0.6
      vertex 40.0784 40.1627 0.6
    endloop
  endfacet
  facet normal -0 0 -1
    outer loop
      vertex 40.023 40.72 0.6
      vertex 39.8526 40.1731 0.6
      vertex 39.9605 40.7359 0.6
    endloop
  endfacet
  facet normal -0 0 -1
    outer loop
      vertex 39.9605 40.7359 0.6
      vertex 39.8526 40.1731 0.6
      vertex 39.9088 40.7544 0.6
    endloop
  endfacet
  facet normal 0 0 -1
    outer loop
      vertex 39.6453 40.1997 0.6
      vertex 39.9088 40.7544 0.6
      vertex 39.8526 40.1731 0.6
    endloop
  endfacet
  facet normal -0 0 -1
    outer loop
      vertex 39.9088 40.7544 0.6
      vertex 39.6453 40.1997 0.6
      vertex 39.8643 40.7759 0.6
    endloop
  endfacet
  facet normal -0 0 -1
    outer loop
      vertex 39.8643 40.7759 0.6
      vertex 39.6453 40.1997 0.6
      vertex 39.8235 40.8009 0.6
    endloop
  endfacet
  facet normal 0 0 -1
    outer loop
      vertex 39.4566 40.2424 0.6
      vertex 39.8235 40.8009 0.6
      vertex 39.6453 40.1997 0.6
    endloop
  endfacet
  facet normal -0 0 -1
    outer loop
      vertex 39.8235 40.8009 0.6
      vertex 39.4566 40.2424 0.6
      vertex 39.7864 40.8294 0.6
    endloop
  endfacet
  facet normal -0 0 -1
    outer loop
      vertex 39.7864 40.8294 0.6
      vertex 39.4566 40.2424 0.6
      vertex 39.7529 40.8614 0.6
    endloop
  endfacet
  facet normal 0 0 -1
    outer loop
      vertex 39.2865 40.3014 0.6
      vertex 39.7529 40.8614 0.6
      vertex 39.4566 40.2424 0.6
    endloop
  endfacet
  facet normal -0 0 -1
    outer loop
      vertex 39.7529 40.8614 0.6
      vertex 39.2865 40.3014 0.6
      vertex 39.7231 40.8969 0.6
    endloop
  endfacet
  facet normal 0 0 -1
    outer loop
      vertex 39.1349 40.3766 0.6
      vertex 39.7231 40.8969 0.6
      vertex 39.2865 40.3014 0.6
    endloop
  endfacet
  facet normal -0 0 -1
    outer loop
      vertex 39.7231 40.8969 0.6
      vertex 39.1349 40.3766 0.6
      vertex 39.6969 40.9358 0.6
    endloop
  endfacet
  facet normal -0 0 -1
    outer loop
      vertex 39.6969 40.9358 0.6
      vertex 39.1349 40.3766 0.6
      vertex 39.6747 40.9788 0.6
    endloop
  endfacet
  facet normal 0 0 -1
    outer loop
      vertex 39.0018 40.4679 0.6
      vertex 39.6747 40.9788 0.6
      vertex 39.1349 40.3766 0.6
    endloop
  endfacet
  facet normal -0 0 -1
    outer loop
      vertex 39.6747 40.9788 0.6
      vertex 39.0018 40.4679 0.6
      vertex 39.6564 41.0262 0.6
    endloop
  endfacet
  facet normal 0 0 -1
    outer loop
      vertex 38.8884 40.5749 0.6
      vertex 39.6564 41.0262 0.6
      vertex 39.0018 40.4679 0.6
    endloop
  endfacet
  facet normal 0 0 -1
    outer loop
      vertex 38.7956 40.697 0.6
      vertex 39.6564 41.0262 0.6
      vertex 38.8884 40.5749 0.6
    endloop
  endfacet
  facet normal 0 -0 -1
    outer loop
      vertex 38.6389 41.5045 0.6
      vertex 39.624 41.2613 0.6
      vertex 38.6306 41.3359 0.6
    endloop
  endfacet
  facet normal -0 0 -1
    outer loop
      vertex 39.6564 41.0262 0.6
      vertex 38.7956 40.697 0.6
      vertex 39.6423 41.0782 0.6
    endloop
  endfacet
  facet normal 0 -0 -1
    outer loop
      vertex 38.6637 41.6601 0.6
      vertex 39.624 41.2613 0.6
      vertex 38.6389 41.5045 0.6
    endloop
  endfacet
  facet normal 0 0 -1
    outer loop
      vertex 39.624 41.2613 0.6
      vertex 39.4308 42.409 0.6
      vertex 39.5887 42.4332 0.6
    endloop
  endfacet
  facet normal 0 0 -1
    outer loop
      vertex 38.7234 40.8341 0.6
      vertex 39.6423 41.0782 0.6
      vertex 38.7956 40.697 0.6
    endloop
  endfacet
  facet normal 0 -0 -1
    outer loop
      vertex 38.7052 41.8025 0.6
      vertex 39.624 41.2613 0.6
      vertex 38.6637 41.6601 0.6
    endloop
  endfacet
  facet normal -0 0 -1
    outer loop
      vertex 39.6423 41.0782 0.6
      vertex 38.7234 40.8341 0.6
      vertex 39.6321 41.1347 0.6
    endloop
  endfacet
  facet normal 0 0 -1
    outer loop
      vertex 39.624 41.2613 0.6
      vertex 39.2858 42.3688 0.6
      vertex 39.4308 42.409 0.6
    endloop
  endfacet
  facet normal 0 0 -1
    outer loop
      vertex 38.6718 40.9863 0.6
      vertex 39.6321 41.1347 0.6
      vertex 38.7234 40.8341 0.6
    endloop
  endfacet
  facet normal 0 0 -1
    outer loop
      vertex 39.624 41.2613 0.6
      vertex 39.1539 42.3124 0.6
      vertex 39.2858 42.3688 0.6
    endloop
  endfacet
  facet normal -0 0 -1
    outer loop
      vertex 39.6321 41.1347 0.6
      vertex 38.6718 40.9863 0.6
      vertex 39.6261 41.1957 0.6
    endloop
  endfacet
  facet normal 0 -0 -1
    outer loop
      vertex 38.7632 41.9319 0.6
      vertex 39.624 41.2613 0.6
      vertex 38.7052 41.8025 0.6
    endloop
  endfacet
  facet normal 0 0 -1
    outer loop
      vertex 38.6409 41.1536 0.6
      vertex 39.6261 41.1957 0.6
      vertex 38.6718 40.9863 0.6
    endloop
  endfacet
  facet normal 0 0 -1
    outer loop
      vertex 39.624 41.2613 0.6
      vertex 39.0349 42.2399 0.6
      vertex 39.1539 42.3124 0.6
    endloop
  endfacet
  facet normal -0 0 -1
    outer loop
      vertex 39.6261 41.1957 0.6
      vertex 38.6409 41.1536 0.6
      vertex 39.624 41.2613 0.6
    endloop
  endfacet
  facet normal -0 0 -1
    outer loop
      vertex 39.624 41.2613 0.6
      vertex 38.6409 41.1536 0.6
      vertex 38.6306 41.3359 0.6
    endloop
  endfacet
  facet normal 0 0 -1
    outer loop
      vertex 39.624 41.2613 0.6
      vertex 38.9289 42.1513 0.6
      vertex 39.0349 42.2399 0.6
    endloop
  endfacet
  facet normal 0 0 -1
    outer loop
      vertex 39.624 41.2613 0.6
      vertex 38.7632 41.9319 0.6
      vertex 38.8378 42.0481 0.6
    endloop
  endfacet
  facet normal 0 0 -1
    outer loop
      vertex 39.624 41.2613 0.6
      vertex 38.8378 42.0481 0.6
      vertex 38.9289 42.1513 0.6
    endloop
  endfacet
  facet normal 0 0 -1
    outer loop
      vertex 40.8684 40.6747 0.6
      vertex 41.8211 41.2884 0.6
      vertex 41.8211 39.9525 0.6
    endloop
  endfacet
  facet normal 0 0 -1
    outer loop
      vertex 40.8649 39.848 0.6
      vertex 41.8211 39.9525 0.6
      vertex 41.8107 39.7503 0.6
    endloop
  endfacet
  facet normal 0 0 -1
    outer loop
      vertex 41.8211 41.2884 0.6
      vertex 40.8655 40.9408 0.6
      vertex 40.8567 41.0189 0.6
    endloop
  endfacet
  facet normal 0 0 -1
    outer loop
      vertex 40.8544 39.7436 0.6
      vertex 41.8107 39.7503 0.6
      vertex 41.7793 39.5641 0.6
    endloop
  endfacet
  facet normal 0 -0 -1
    outer loop
      vertex 41.0022 41.8286 0.6
      vertex 41.8211 41.2884 0.6
      vertex 40.987 41.719 0.6
    endloop
  endfacet
  facet normal 0 0 -1
    outer loop
      vertex 40.8544 39.7436 0.6
      vertex 41.7793 39.5641 0.6
      vertex 41.7271 39.3939 0.6
    endloop
  endfacet
  facet normal 0 0 -1
    outer loop
      vertex 41.8211 41.2884 0.6
      vertex 40.8684 40.8612 0.6
      vertex 40.8655 40.9408 0.6
    endloop
  endfacet
  facet normal 0 0 -1
    outer loop
      vertex 40.837 39.6495 0.6
      vertex 41.7271 39.3939 0.6
      vertex 41.6539 39.2398 0.6
    endloop
  endfacet
  facet normal 0 0 -1
    outer loop
      vertex 41.8211 41.2884 0.6
      vertex 41.7878 42.4134 0.6
      vertex 41.8182 42.4124 0.6
    endloop
  endfacet
  facet normal 0 0 -1
    outer loop
      vertex 40.8126 39.5656 0.6
      vertex 41.6539 39.2398 0.6
      vertex 41.5598 39.1016 0.6
    endloop
  endfacet
  facet normal 0 0 -1
    outer loop
      vertex 41.8211 41.2884 0.6
      vertex 40.8684 40.6747 0.6
      vertex 40.8684 40.8612 0.6
    endloop
  endfacet
  facet normal 0 0 -1
    outer loop
      vertex 40.7813 39.492 0.6
      vertex 41.5598 39.1016 0.6
      vertex 41.4448 38.9795 0.6
    endloop
  endfacet
  facet normal 0 0 -1
    outer loop
      vertex 41.8211 41.2884 0.6
      vertex 41.756 42.4139 0.6
      vertex 41.7878 42.4134 0.6
    endloop
  endfacet
  facet normal 0 0 -1
    outer loop
      vertex 41.8211 41.2884 0.6
      vertex 41.7228 42.4141 0.6
      vertex 41.756 42.4139 0.6
    endloop
  endfacet
  facet normal 0 0 -1
    outer loop
      vertex 40.7813 39.492 0.6
      vertex 41.4448 38.9795 0.6
      vertex 41.3105 38.8748 0.6
    endloop
  endfacet
  facet normal 0 -0 -1
    outer loop
      vertex 41.0249 41.9289 0.6
      vertex 41.8211 41.2884 0.6
      vertex 41.0022 41.8286 0.6
    endloop
  endfacet
  facet normal 0 0 -1
    outer loop
      vertex 41.8211 41.2884 0.6
      vertex 41.6083 42.4092 0.6
      vertex 41.7228 42.4141 0.6
    endloop
  endfacet
  facet normal 0 0 -1
    outer loop
      vertex 40.7429 39.4287 0.6
      vertex 41.3105 38.8748 0.6
      vertex 41.1585 38.7892 0.6
    endloop
  endfacet
  facet normal 0 -0 -1
    outer loop
      vertex 41.0553 42.02 0.6
      vertex 41.8211 41.2884 0.6
      vertex 41.0249 41.9289 0.6
    endloop
  endfacet
  facet normal 0 0 -1
    outer loop
      vertex 41.8211 41.2884 0.6
      vertex 41.0553 42.02 0.6
      vertex 41.5041 42.3945 0.6
    endloop
  endfacet
  facet normal 0 -0 -1
    outer loop
      vertex 41.0933 42.1018 0.6
      vertex 41.4105 42.3701 0.6
      vertex 41.0553 42.02 0.6
    endloop
  endfacet
  facet normal 0 -0 -1
    outer loop
      vertex 41.1389 42.1744 0.6
      vertex 41.3273 42.3358 0.6
      vertex 41.0933 42.1018 0.6
    endloop
  endfacet
  facet normal 0 0 -1
    outer loop
      vertex 41.3273 42.3358 0.6
      vertex 41.1389 42.1744 0.6
      vertex 41.2545 42.2917 0.6
    endloop
  endfacet
  facet normal 0 0 -1
    outer loop
      vertex 40.6967 39.3753 0.6
      vertex 41.1585 38.7892 0.6
      vertex 40.9887 38.7226 0.6
    endloop
  endfacet
  facet normal 0 0 -1
    outer loop
      vertex 41.2545 42.2917 0.6
      vertex 41.1389 42.1744 0.6
      vertex 41.1922 42.2378 0.6
    endloop
  endfacet
  facet normal 0 0 -1
    outer loop
      vertex 41.8211 39.9525 0.6
      vertex 40.8684 40.1492 0.6
      vertex 40.8684 40.6747 0.6
    endloop
  endfacet
  facet normal 0 0 -1
    outer loop
      vertex 41.8211 39.9525 0.6
      vertex 40.8684 39.9627 0.6
      vertex 40.8684 40.1492 0.6
    endloop
  endfacet
  facet normal -0 0 -1
    outer loop
      vertex 41.8211 39.9525 0.6
      vertex 40.8649 39.848 0.6
      vertex 40.8684 39.9627 0.6
    endloop
  endfacet
  facet normal -0 0 -1
    outer loop
      vertex 41.8107 39.7503 0.6
      vertex 40.8544 39.7436 0.6
      vertex 40.8649 39.848 0.6
    endloop
  endfacet
  facet normal 0 0 -1
    outer loop
      vertex 41.7271 39.3939 0.6
      vertex 40.837 39.6495 0.6
      vertex 40.8544 39.7436 0.6
    endloop
  endfacet
  facet normal 0 0 -1
    outer loop
      vertex 41.6539 39.2398 0.6
      vertex 40.8126 39.5656 0.6
      vertex 40.837 39.6495 0.6
    endloop
  endfacet
  facet normal 0 0 -1
    outer loop
      vertex 40.6416 39.3317 0.6
      vertex 40.9887 38.7226 0.6
      vertex 40.8013 38.6751 0.6
    endloop
  endfacet
  facet normal 0 0 -1
    outer loop
      vertex 41.5598 39.1016 0.6
      vertex 40.7813 39.492 0.6
      vertex 40.8126 39.5656 0.6
    endloop
  endfacet
  facet normal 0 0 -1
    outer loop
      vertex 41.3105 38.8748 0.6
      vertex 40.7429 39.4287 0.6
      vertex 40.7813 39.492 0.6
    endloop
  endfacet
  facet normal 0 0 -1
    outer loop
      vertex 41.1585 38.7892 0.6
      vertex 40.6967 39.3753 0.6
      vertex 40.7429 39.4287 0.6
    endloop
  endfacet
  facet normal 0 0 -1
    outer loop
      vertex 40.9887 38.7226 0.6
      vertex 40.6416 39.3317 0.6
      vertex 40.6967 39.3753 0.6
    endloop
  endfacet
  facet normal 0 0 -1
    outer loop
      vertex 40.5776 39.2977 0.6
      vertex 40.8013 38.6751 0.6
      vertex 40.5962 38.6465 0.6
    endloop
  endfacet
  facet normal 0 0 -1
    outer loop
      vertex 40.8013 38.6751 0.6
      vertex 40.5776 39.2977 0.6
      vertex 40.6416 39.3317 0.6
    endloop
  endfacet
  facet normal 0 0 -1
    outer loop
      vertex 40.5962 38.6465 0.6
      vertex 40.5048 39.2735 0.6
      vertex 40.5776 39.2977 0.6
    endloop
  endfacet
  facet normal 0 0 -1
    outer loop
      vertex 40.5962 38.6465 0.6
      vertex 40.4232 39.2589 0.6
      vertex 40.5048 39.2735 0.6
    endloop
  endfacet
  facet normal 0 0 -1
    outer loop
      vertex 40.3733 38.637 0.6
      vertex 40.4232 39.2589 0.6
      vertex 40.5962 38.6465 0.6
    endloop
  endfacet
  facet normal 0 0 -1
    outer loop
      vertex 40.3733 38.637 0.6
      vertex 40.3327 39.254 0.6
      vertex 40.4232 39.2589 0.6
    endloop
  endfacet
  facet normal 0 0 -1
    outer loop
      vertex 40.3733 38.637 0.6
      vertex 40.2484 39.2574 0.6
      vertex 40.3327 39.254 0.6
    endloop
  endfacet
  facet normal 0 0 -1
    outer loop
      vertex 40.1519 38.6447 0.6
      vertex 40.2484 39.2574 0.6
      vertex 40.3733 38.637 0.6
    endloop
  endfacet
  facet normal -0 0 -1
    outer loop
      vertex 40.2484 39.2574 0.6
      vertex 40.1519 38.6447 0.6
      vertex 40.172 39.2674 0.6
    endloop
  endfacet
  facet normal 0 0 -1
    outer loop
      vertex 39.9467 38.6677 0.6
      vertex 40.172 39.2674 0.6
      vertex 40.1519 38.6447 0.6
    endloop
  endfacet
  facet normal -0 0 -1
    outer loop
      vertex 40.172 39.2674 0.6
      vertex 39.9467 38.6677 0.6
      vertex 40.1034 39.2842 0.6
    endloop
  endfacet
  facet normal -0 0 -1
    outer loop
      vertex 40.1034 39.2842 0.6
      vertex 39.9467 38.6677 0.6
      vertex 40.0426 39.3076 0.6
    endloop
  endfacet
  facet normal 0 0 -1
    outer loop
      vertex 39.7575 38.7061 0.6
      vertex 40.0426 39.3076 0.6
      vertex 39.9467 38.6677 0.6
    endloop
  endfacet
  facet normal -0 0 -1
    outer loop
      vertex 40.0426 39.3076 0.6
      vertex 39.7575 38.7061 0.6
      vertex 39.9896 39.3377 0.6
    endloop
  endfacet
  facet normal 0 0 -1
    outer loop
      vertex 39.5844 38.7598 0.6
      vertex 39.9896 39.3377 0.6
      vertex 39.7575 38.7061 0.6
    endloop
  endfacet
  facet normal -0 0 -1
    outer loop
      vertex 39.9896 39.3377 0.6
      vertex 39.5844 38.7598 0.6
      vertex 39.9444 39.3744 0.6
    endloop
  endfacet
  facet normal 0 0 -1
    outer loop
      vertex 39.4275 38.8289 0.6
      vertex 39.9444 39.3744 0.6
      vertex 39.5844 38.7598 0.6
    endloop
  endfacet
  facet normal -0 0 -1
    outer loop
      vertex 39.9444 39.3744 0.6
      vertex 39.4275 38.8289 0.6
      vertex 39.9058 39.4189 0.6
    endloop
  endfacet
  facet normal 0 0 -1
    outer loop
      vertex 39.2866 38.9133 0.6
      vertex 39.9058 39.4189 0.6
      vertex 39.4275 38.8289 0.6
    endloop
  endfacet
  facet normal -0 0 -1
    outer loop
      vertex 39.9058 39.4189 0.6
      vertex 39.2866 38.9133 0.6
      vertex 39.8723 39.4722 0.6
    endloop
  endfacet
  facet normal 0 0 -1
    outer loop
      vertex 39.1624 39.0127 0.6
      vertex 39.8723 39.4722 0.6
      vertex 39.2866 38.9133 0.6
    endloop
  endfacet
  facet normal -0 0 -1
    outer loop
      vertex 39.8723 39.4722 0.6
      vertex 39.1624 39.0127 0.6
      vertex 39.844 39.5342 0.6
    endloop
  endfacet
  facet normal 0 0 -1
    outer loop
      vertex 39.0552 39.1264 0.6
      vertex 39.844 39.5342 0.6
      vertex 39.1624 39.0127 0.6
    endloop
  endfacet
  facet normal -0 0 -1
    outer loop
      vertex 39.844 39.5342 0.6
      vertex 39.0552 39.1264 0.6
      vertex 39.8209 39.605 0.6
    endloop
  endfacet
  facet normal 0 0 -1
    outer loop
      vertex 38.965 39.2545 0.6
      vertex 39.8209 39.605 0.6
      vertex 39.0552 39.1264 0.6
    endloop
  endfacet
  facet normal -0 0 -1
    outer loop
      vertex 39.8209 39.605 0.6
      vertex 38.965 39.2545 0.6
      vertex 39.8029 39.6845 0.6
    endloop
  endfacet
  facet normal 0 0 -1
    outer loop
      vertex 38.8919 39.397 0.6
      vertex 39.8029 39.6845 0.6
      vertex 38.965 39.2545 0.6
    endloop
  endfacet
  facet normal 0 0 -1
    outer loop
      vertex 38.8358 39.554 0.6
      vertex 39.8029 39.6845 0.6
      vertex 38.8919 39.397 0.6
    endloop
  endfacet
  facet normal -0 0 -1
    outer loop
      vertex 39.8029 39.6845 0.6
      vertex 38.8358 39.554 0.6
      vertex 39.7902 39.7728 0.6
    endloop
  endfacet
  facet normal 0 0 -1
    outer loop
      vertex 39.7902 39.7728 0.6
      vertex 38.8358 39.554 0.6
      vertex 38.7967 39.7253 0.6
    endloop
  endfacet
  facet normal 0 0 -1
    outer loop
      vertex 42.299 41.8168 0.6
      vertex 42.3331 42.326 0.6
      vertex 42.3331 41.8106 0.6
    endloop
  endfacet
  facet normal 0 0 -1
    outer loop
      vertex 42.2646 41.8219 0.6
      vertex 42.3331 42.326 0.6
      vertex 42.299 41.8168 0.6
    endloop
  endfacet
  facet normal 0 0 -1
    outer loop
      vertex 42.2297 41.8258 0.6
      vertex 42.3331 42.326 0.6
      vertex 42.2646 41.8219 0.6
    endloop
  endfacet
  facet normal -0 0 -1
    outer loop
      vertex 42.3331 42.326 0.6
      vertex 42.2297 41.8258 0.6
      vertex 42.2785 42.3391 0.6
    endloop
  endfacet
  facet normal 0 0 -1
    outer loop
      vertex 42.1945 41.8287 0.6
      vertex 42.2785 42.3391 0.6
      vertex 42.2297 41.8258 0.6
    endloop
  endfacet
  facet normal -0 0 -1
    outer loop
      vertex 42.2785 42.3391 0.6
      vertex 42.1945 41.8287 0.6
      vertex 42.2276 42.3516 0.6
    endloop
  endfacet
  facet normal 0 0 -1
    outer loop
      vertex 42.1589 41.8304 0.6
      vertex 42.2276 42.3516 0.6
      vertex 42.1945 41.8287 0.6
    endloop
  endfacet
  facet normal -0 0 -1
    outer loop
      vertex 42.2276 42.3516 0.6
      vertex 42.1589 41.8304 0.6
      vertex 42.2036 42.3575 0.6
    endloop
  endfacet
  facet normal 0 0 -1
    outer loop
      vertex 42.1229 41.8309 0.6
      vertex 42.2036 42.3575 0.6
      vertex 42.1589 41.8304 0.6
    endloop
  endfacet
  facet normal -0 0 -1
    outer loop
      vertex 42.2036 42.3575 0.6
      vertex 42.1229 41.8309 0.6
      vertex 42.1805 42.3633 0.6
    endloop
  endfacet
  facet normal -0 0 -1
    outer loop
      vertex 42.1805 42.3633 0.6
      vertex 42.1229 41.8309 0.6
      vertex 42.1579 42.3687 0.6
    endloop
  endfacet
  facet normal -0 0 -1
    outer loop
      vertex 42.1579 42.3687 0.6
      vertex 42.1229 41.8309 0.6
      vertex 42.1353 42.3738 0.6
    endloop
  endfacet
  facet normal 0 0 -1
    outer loop
      vertex 42.0713 41.8277 0.6
      vertex 42.1353 42.3738 0.6
      vertex 42.1229 41.8309 0.6
    endloop
  endfacet
  facet normal -0 0 -1
    outer loop
      vertex 42.1353 42.3738 0.6
      vertex 42.0713 41.8277 0.6
      vertex 42.1127 42.3785 0.6
    endloop
  endfacet
  facet normal -0 0 -1
    outer loop
      vertex 42.1127 42.3785 0.6
      vertex 42.0713 41.8277 0.6
      vertex 42.0901 42.3829 0.6
    endloop
  endfacet
  facet normal 0 0 -1
    outer loop
      vertex 42.0713 41.8277 0.6
      vertex 42.0675 42.3868 0.6
      vertex 42.0901 42.3829 0.6
    endloop
  endfacet
  facet normal 0 0 -1
    outer loop
      vertex 42.0713 41.8277 0.6
      vertex 42.0449 42.3904 0.6
      vertex 42.0675 42.3868 0.6
    endloop
  endfacet
  facet normal 0 0 -1
    outer loop
      vertex 42.0221 42.3937 0.6
      vertex 42.0713 41.8277 0.6
      vertex 42.0248 41.8179 0.6
    endloop
  endfacet
  facet normal 0 0 -1
    outer loop
      vertex 42.0713 41.8277 0.6
      vertex 42.0221 42.3937 0.6
      vertex 42.0449 42.3904 0.6
    endloop
  endfacet
  facet normal 0 0 -1
    outer loop
      vertex 42.0248 41.8179 0.6
      vertex 41.9988 42.3968 0.6
      vertex 42.0221 42.3937 0.6
    endloop
  endfacet
  facet normal 0 0 -1
    outer loop
      vertex 41.926 42.405 0.6
      vertex 42.0248 41.8179 0.6
      vertex 41.9835 41.8017 0.6
    endloop
  endfacet
  facet normal 0 0 -1
    outer loop
      vertex 42.0248 41.8179 0.6
      vertex 41.975 42.3997 0.6
      vertex 41.9988 42.3968 0.6
    endloop
  endfacet
  facet normal 0 0 -1
    outer loop
      vertex 42.0248 41.8179 0.6
      vertex 41.9508 42.4025 0.6
      vertex 41.975 42.3997 0.6
    endloop
  endfacet
  facet normal 0 0 -1
    outer loop
      vertex 41.8182 42.4124 0.6
      vertex 41.9835 41.8017 0.6
      vertex 41.9474 41.7789 0.6
    endloop
  endfacet
  facet normal 0 0 -1
    outer loop
      vertex 42.0248 41.8179 0.6
      vertex 41.926 42.405 0.6
      vertex 41.9508 42.4025 0.6
    endloop
  endfacet
  facet normal 0 0 -1
    outer loop
      vertex 41.8182 42.4124 0.6
      vertex 41.9474 41.7789 0.6
      vertex 41.9164 41.7497 0.6
    endloop
  endfacet
  facet normal 0 0 -1
    outer loop
      vertex 41.9835 41.8017 0.6
      vertex 41.9008 42.4073 0.6
      vertex 41.926 42.405 0.6
    endloop
  endfacet
  facet normal 0 0 -1
    outer loop
      vertex 41.8182 42.4124 0.6
      vertex 41.9164 41.7497 0.6
      vertex 41.8906 41.714 0.6
    endloop
  endfacet
  facet normal 0 0 -1
    outer loop
      vertex 41.9835 41.8017 0.6
      vertex 41.8747 42.4094 0.6
      vertex 41.9008 42.4073 0.6
    endloop
  endfacet
  facet normal 0 0 -1
    outer loop
      vertex 41.8182 42.4124 0.6
      vertex 41.8906 41.714 0.6
      vertex 41.8694 41.6697 0.6
    endloop
  endfacet
  facet normal 0 0 -1
    outer loop
      vertex 41.8182 42.4124 0.6
      vertex 41.8694 41.6697 0.6
      vertex 41.852 41.6147 0.6
    endloop
  endfacet
  facet normal 0 0 -1
    outer loop
      vertex 41.9835 41.8017 0.6
      vertex 41.8471 42.4111 0.6
      vertex 41.8747 42.4094 0.6
    endloop
  endfacet
  facet normal 0 0 -1
    outer loop
      vertex 41.8182 42.4124 0.6
      vertex 41.852 41.6147 0.6
      vertex 41.8385 41.5491 0.6
    endloop
  endfacet
  facet normal 0 0 -1
    outer loop
      vertex 41.8182 42.4124 0.6
      vertex 41.8385 41.5491 0.6
      vertex 41.8289 41.4728 0.6
    endloop
  endfacet
  facet normal 0 0 -1
    outer loop
      vertex 41.8182 42.4124 0.6
      vertex 41.8289 41.4728 0.6
      vertex 41.8231 41.386 0.6
    endloop
  endfacet
  facet normal 0 0 -1
    outer loop
      vertex 41.9835 41.8017 0.6
      vertex 41.8182 42.4124 0.6
      vertex 41.8471 42.4111 0.6
    endloop
  endfacet
  facet normal 0 0 -1
    outer loop
      vertex 41.8182 42.4124 0.6
      vertex 41.8231 41.386 0.6
      vertex 41.8211 41.2884 0.6
    endloop
  endfacet
  facet normal 0 0 -1
    outer loop
      vertex 41.4105 42.3701 0.6
      vertex 41.0933 42.1018 0.6
      vertex 41.3273 42.3358 0.6
    endloop
  endfacet
  facet normal 0 0 -1
    outer loop
      vertex 41.5041 42.3945 0.6
      vertex 41.0553 42.02 0.6
      vertex 41.4105 42.3701 0.6
    endloop
  endfacet
  facet normal 0 0 -1
    outer loop
      vertex 41.8211 41.2884 0.6
      vertex 41.5041 42.3945 0.6
      vertex 41.6083 42.4092 0.6
    endloop
  endfacet
  facet normal 0 0 -1
    outer loop
      vertex 40.8421 41.0956 0.6
      vertex 41.8211 41.2884 0.6
      vertex 40.8567 41.0189 0.6
    endloop
  endfacet
  facet normal 0 0 -1
    outer loop
      vertex 40.8217 41.1709 0.6
      vertex 41.8211 41.2884 0.6
      vertex 40.8421 41.0956 0.6
    endloop
  endfacet
  facet normal -0 0 -1
    outer loop
      vertex 41.8211 41.2884 0.6
      vertex 40.8217 41.1709 0.6
      vertex 40.987 41.719 0.6
    endloop
  endfacet
  facet normal 0 0 -1
    outer loop
      vertex 40.7954 41.2448 0.6
      vertex 40.987 41.719 0.6
      vertex 40.8217 41.1709 0.6
    endloop
  endfacet
  facet normal 0 0 -1
    outer loop
      vertex 40.7633 41.3172 0.6
      vertex 40.987 41.719 0.6
      vertex 40.7954 41.2448 0.6
    endloop
  endfacet
  facet normal -0 0 -1
    outer loop
      vertex 40.987 41.719 0.6
      vertex 40.7633 41.3172 0.6
      vertex 40.9667 41.719 0.6
    endloop
  endfacet
  facet normal 0 0 -1
    outer loop
      vertex 40.726 41.3864 0.6
      vertex 40.9667 41.719 0.6
      vertex 40.7633 41.3172 0.6
    endloop
  endfacet
  facet normal 0 0 -1
    outer loop
      vertex 40.6844 41.4504 0.6
      vertex 40.9667 41.719 0.6
      vertex 40.726 41.3864 0.6
    endloop
  endfacet
  facet normal 0 0 -1
    outer loop
      vertex 40.6383 41.5092 0.6
      vertex 40.9667 41.719 0.6
      vertex 40.6844 41.4504 0.6
    endloop
  endfacet
  facet normal 0 0 -1
    outer loop
      vertex 40.5877 41.5629 0.6
      vertex 40.9667 41.719 0.6
      vertex 40.6383 41.5092 0.6
    endloop
  endfacet
  facet normal -0 0 -1
    outer loop
      vertex 40.9667 41.719 0.6
      vertex 40.5877 41.5629 0.6
      vertex 40.8221 41.9397 0.6
    endloop
  endfacet
  facet normal 0 0 -1
    outer loop
      vertex 40.5328 41.6113 0.6
      vertex 40.8221 41.9397 0.6
      vertex 40.5877 41.5629 0.6
    endloop
  endfacet
  facet normal 0 0 -1
    outer loop
      vertex 40.4734 41.6546 0.6
      vertex 40.8221 41.9397 0.6
      vertex 40.5328 41.6113 0.6
    endloop
  endfacet
  facet normal -0 0 -1
    outer loop
      vertex 40.8221 41.9397 0.6
      vertex 40.4734 41.6546 0.6
      vertex 40.6548 42.1203 0.6
    endloop
  endfacet
  facet normal 0 0 -1
    outer loop
      vertex 40.4107 41.6919 0.6
      vertex 40.6548 42.1203 0.6
      vertex 40.4734 41.6546 0.6
    endloop
  endfacet
  facet normal 0 0 -1
    outer loop
      vertex 40.3459 41.7224 0.6
      vertex 40.6548 42.1203 0.6
      vertex 40.4107 41.6919 0.6
    endloop
  endfacet
  facet normal -0 0 -1
    outer loop
      vertex 40.6548 42.1203 0.6
      vertex 40.3459 41.7224 0.6
      vertex 40.4649 42.2607 0.6
    endloop
  endfacet
  facet normal 0 0 -1
    outer loop
      vertex 40.2788 41.7462 0.6
      vertex 40.4649 42.2607 0.6
      vertex 40.3459 41.7224 0.6
    endloop
  endfacet
  facet normal 0 0 -1
    outer loop
      vertex 40.2097 41.7631 0.6
      vertex 40.4649 42.2607 0.6
      vertex 40.2788 41.7462 0.6
    endloop
  endfacet
  facet normal -0 0 -1
    outer loop
      vertex 40.4649 42.2607 0.6
      vertex 40.2097 41.7631 0.6
      vertex 40.2524 42.361 0.6
    endloop
  endfacet
  facet normal 0 0 -1
    outer loop
      vertex 40.1383 41.7733 0.6
      vertex 40.2524 42.361 0.6
      vertex 40.2097 41.7631 0.6
    endloop
  endfacet
  facet normal 0 0 -1
    outer loop
      vertex 40.0648 41.7767 0.6
      vertex 40.2524 42.361 0.6
      vertex 40.1383 41.7733 0.6
    endloop
  endfacet
  facet normal 0 0 -1
    outer loop
      vertex 40.0648 41.7767 0.6
      vertex 40.0173 42.4212 0.6
      vertex 40.2524 42.361 0.6
    endloop
  endfacet
  facet normal 0 0 -1
    outer loop
      vertex 40.0003 41.7732 0.6
      vertex 40.0173 42.4212 0.6
      vertex 40.0648 41.7767 0.6
    endloop
  endfacet
  facet normal 0 0 -1
    outer loop
      vertex 39.9403 41.7625 0.6
      vertex 40.0173 42.4212 0.6
      vertex 40.0003 41.7732 0.6
    endloop
  endfacet
  facet normal 0 0 -1
    outer loop
      vertex 39.7596 42.4412 0.6
      vertex 39.9403 41.7625 0.6
      vertex 39.8847 41.7449 0.6
    endloop
  endfacet
  facet normal 0 0 -1
    outer loop
      vertex 39.7596 42.4412 0.6
      vertex 39.8847 41.7449 0.6
      vertex 39.8335 41.7202 0.6
    endloop
  endfacet
  facet normal 0 0 -1
    outer loop
      vertex 39.5887 42.4332 0.6
      vertex 39.8335 41.7202 0.6
      vertex 39.7867 41.6884 0.6
    endloop
  endfacet
  facet normal 0 0 -1
    outer loop
      vertex 39.9403 41.7625 0.6
      vertex 39.7596 42.4412 0.6
      vertex 40.0173 42.4212 0.6
    endloop
  endfacet
  facet normal 0 0 -1
    outer loop
      vertex 39.5887 42.4332 0.6
      vertex 39.7867 41.6884 0.6
      vertex 39.7444 41.6495 0.6
    endloop
  endfacet
  facet normal 0 0 -1
    outer loop
      vertex 39.5887 42.4332 0.6
      vertex 39.7444 41.6495 0.6
      vertex 39.7076 41.6034 0.6
    endloop
  endfacet
  facet normal 0 0 -1
    outer loop
      vertex 39.5887 42.4332 0.6
      vertex 39.7076 41.6034 0.6
      vertex 39.6775 41.5499 0.6
    endloop
  endfacet
  facet normal 0 0 -1
    outer loop
      vertex 39.5887 42.4332 0.6
      vertex 39.6775 41.5499 0.6
      vertex 39.6541 41.4889 0.6
    endloop
  endfacet
  facet normal 0 0 -1
    outer loop
      vertex 39.5887 42.4332 0.6
      vertex 39.6541 41.4889 0.6
      vertex 39.6374 41.4205 0.6
    endloop
  endfacet
  facet normal 0 0 -1
    outer loop
      vertex 39.5887 42.4332 0.6
      vertex 39.6374 41.4205 0.6
      vertex 39.6274 41.3446 0.6
    endloop
  endfacet
  facet normal 0 0 -1
    outer loop
      vertex 39.8335 41.7202 0.6
      vertex 39.5887 42.4332 0.6
      vertex 39.7596 42.4412 0.6
    endloop
  endfacet
  facet normal 0 0 -1
    outer loop
      vertex 39.5887 42.4332 0.6
      vertex 39.6274 41.3446 0.6
      vertex 39.624 41.2613 0.6
    endloop
  endfacet
  facet normal 0 0 -1
    outer loop
      vertex 28.9944 38.7048 0.6
      vertex 29.9472 42.3734 0.6
      vertex 29.9472 38.7048 0.6
    endloop
  endfacet
  facet normal -0 0 -1
    outer loop
      vertex 29.9472 42.3734 0.6
      vertex 28.9944 38.7048 0.6
      vertex 28.9944 42.3734 0.6
    endloop
  endfacet
  facet normal -0.999229 -0.0392507 0
    outer loop
      vertex 49.6723 40.2601 7.62939e-07
      vertex 49.6664 40.4103 0.6
      vertex 49.6664 40.4103 7.62939e-07
    endloop
  endfacet
  facet normal -0.999229 -0.0392507 0
    outer loop
      vertex 49.6664 40.4103 0.6
      vertex 49.6723 40.2601 7.62939e-07
      vertex 49.6723 40.2601 0.6
    endloop
  endfacet
  facet normal -0.992289 -0.123948 0
    outer loop
      vertex 49.6899 40.1192 7.62939e-07
      vertex 49.6723 40.2601 0.6
      vertex 49.6723 40.2601 7.62939e-07
    endloop
  endfacet
  facet normal -0.992289 -0.123948 0
    outer loop
      vertex 49.6723 40.2601 0.6
      vertex 49.6899 40.1192 7.62939e-07
      vertex 49.6899 40.1192 0.6
    endloop
  endfacet
  facet normal -0.975749 -0.218894 0
    outer loop
      vertex 49.7194 39.9877 7.62939e-07
      vertex 49.6899 40.1192 0.6
      vertex 49.6899 40.1192 7.62939e-07
    endloop
  endfacet
  facet normal -0.975749 -0.218894 0
    outer loop
      vertex 49.6899 40.1192 0.6
      vertex 49.7194 39.9877 7.62939e-07
      vertex 49.7194 39.9877 0.6
    endloop
  endfacet
  facet normal -0.947592 -0.319483 0
    outer loop
      vertex 49.7606 39.8655 7.62939e-07
      vertex 49.7194 39.9877 0.6
      vertex 49.7194 39.9877 7.62939e-07
    endloop
  endfacet
  facet normal -0.947592 -0.319483 0
    outer loop
      vertex 49.7194 39.9877 0.6
      vertex 49.7606 39.8655 7.62939e-07
      vertex 49.7606 39.8655 0.6
    endloop
  endfacet
  facet normal -0.905218 -0.424947 0
    outer loop
      vertex 49.8136 39.7526 7.62939e-07
      vertex 49.7606 39.8655 0.6
      vertex 49.7606 39.8655 7.62939e-07
    endloop
  endfacet
  facet normal -0.905218 -0.424947 0
    outer loop
      vertex 49.7606 39.8655 0.6
      vertex 49.8136 39.7526 7.62939e-07
      vertex 49.8136 39.7526 0.6
    endloop
  endfacet
  facet normal -0.847952 -0.530073 0
    outer loop
      vertex 49.8783 39.6491 7.62939e-07
      vertex 49.8136 39.7526 0.6
      vertex 49.8136 39.7526 7.62939e-07
    endloop
  endfacet
  facet normal -0.847952 -0.530073 0
    outer loop
      vertex 49.8136 39.7526 0.6
      vertex 49.8783 39.6491 7.62939e-07
      vertex 49.8783 39.6491 0.6
    endloop
  endfacet
  facet normal -0.773159 -0.634212 0
    outer loop
      vertex 49.9527 39.5584 7.62939e-07
      vertex 49.8783 39.6491 0.6
      vertex 49.8783 39.6491 7.62939e-07
    endloop
  endfacet
  facet normal -0.773159 -0.634212 0
    outer loop
      vertex 49.8783 39.6491 0.6
      vertex 49.9527 39.5584 7.62939e-07
      vertex 49.9527 39.5584 0.6
    endloop
  endfacet
  facet normal -0.671815 -0.740719 0
    outer loop
      vertex 49.9527 39.5584 7.62939e-07
      vertex 50.0344 39.4843 0.6
      vertex 49.9527 39.5584 0.6
    endloop
  endfacet
  facet normal -0.671815 -0.740719 -0
    outer loop
      vertex 50.0344 39.4843 0.6
      vertex 49.9527 39.5584 7.62939e-07
      vertex 50.0344 39.4843 7.62939e-07
    endloop
  endfacet
  facet normal -0.542705 -0.839923 0
    outer loop
      vertex 50.0344 39.4843 7.62939e-07
      vertex 50.1237 39.4266 0.6
      vertex 50.0344 39.4843 0.6
    endloop
  endfacet
  facet normal -0.542705 -0.839923 -0
    outer loop
      vertex 50.1237 39.4266 0.6
      vertex 50.0344 39.4843 7.62939e-07
      vertex 50.1237 39.4266 7.62939e-07
    endloop
  endfacet
  facet normal -0.391966 -0.91998 0
    outer loop
      vertex 50.1237 39.4266 7.62939e-07
      vertex 50.2204 39.3854 0.6
      vertex 50.1237 39.4266 0.6
    endloop
  endfacet
  facet normal -0.391966 -0.91998 -0
    outer loop
      vertex 50.2204 39.3854 0.6
      vertex 50.1237 39.4266 7.62939e-07
      vertex 50.2204 39.3854 7.62939e-07
    endloop
  endfacet
  facet normal -0.231747 -0.972776 0
    outer loop
      vertex 50.2204 39.3854 7.62939e-07
      vertex 50.3245 39.3606 0.6
      vertex 50.2204 39.3854 0.6
    endloop
  endfacet
  facet normal -0.231747 -0.972776 -0
    outer loop
      vertex 50.3245 39.3606 0.6
      vertex 50.2204 39.3854 7.62939e-07
      vertex 50.3245 39.3606 7.62939e-07
    endloop
  endfacet
  facet normal -0.0732792 -0.997311 0
    outer loop
      vertex 50.3245 39.3606 7.62939e-07
      vertex 50.4361 39.3524 0.6
      vertex 50.3245 39.3606 0.6
    endloop
  endfacet
  facet normal -0.0732792 -0.997311 -0
    outer loop
      vertex 50.4361 39.3524 0.6
      vertex 50.3245 39.3606 7.62939e-07
      vertex 50.4361 39.3524 7.62939e-07
    endloop
  endfacet
  facet normal 0.132878 -0.991132 0
    outer loop
      vertex 50.4361 39.3524 7.62939e-07
      vertex 50.636 39.3792 0.6
      vertex 50.4361 39.3524 0.6
    endloop
  endfacet
  facet normal 0.132878 -0.991132 0
    outer loop
      vertex 50.636 39.3792 0.6
      vertex 50.4361 39.3524 7.62939e-07
      vertex 50.636 39.3792 7.62939e-07
    endloop
  endfacet
  facet normal 0.441942 -0.897044 0
    outer loop
      vertex 50.636 39.3792 7.62939e-07
      vertex 50.7996 39.4598 0.6
      vertex 50.636 39.3792 0.6
    endloop
  endfacet
  facet normal 0.441942 -0.897044 0
    outer loop
      vertex 50.7996 39.4598 0.6
      vertex 50.636 39.3792 7.62939e-07
      vertex 50.7996 39.4598 7.62939e-07
    endloop
  endfacet
  facet normal 0.725782 -0.687925 0
    outer loop
      vertex 50.7996 39.4598 0.6
      vertex 50.9268 39.594 7.62939e-07
      vertex 50.9268 39.594 0.6
    endloop
  endfacet
  facet normal 0.725782 -0.687925 0
    outer loop
      vertex 50.9268 39.594 7.62939e-07
      vertex 50.7996 39.4598 0.6
      vertex 50.7996 39.4598 7.62939e-07
    endloop
  endfacet
  facet normal 0.900196 -0.435486 0
    outer loop
      vertex 50.9268 39.594 0.6
      vertex 51.0177 39.7819 7.62939e-07
      vertex 51.0177 39.7819 0.6
    endloop
  endfacet
  facet normal 0.900196 -0.435486 0
    outer loop
      vertex 51.0177 39.7819 7.62939e-07
      vertex 50.9268 39.594 0.6
      vertex 50.9268 39.594 7.62939e-07
    endloop
  endfacet
  facet normal 0.975402 -0.220434 0
    outer loop
      vertex 51.0177 39.7819 0.6
      vertex 51.0723 40.0235 7.62939e-07
      vertex 51.0723 40.0235 0.6
    endloop
  endfacet
  facet normal 0.975402 -0.220434 0
    outer loop
      vertex 51.0723 40.0235 7.62939e-07
      vertex 51.0177 39.7819 0.6
      vertex 51.0177 39.7819 7.62939e-07
    endloop
  endfacet
  facet normal 0.998126 -0.0611994 0
    outer loop
      vertex 51.0723 40.0235 0.6
      vertex 51.0904 40.3187 7.62939e-07
      vertex 51.0904 40.3187 0.6
    endloop
  endfacet
  facet normal 0.998126 -0.0611994 0
    outer loop
      vertex 51.0904 40.3187 7.62939e-07
      vertex 51.0723 40.0235 0.6
      vertex 51.0723 40.0235 7.62939e-07
    endloop
  endfacet
  facet normal 1 -0 0
    outer loop
      vertex 51.0904 40.3187 0.6
      vertex 51.0904 42.3734 7.62939e-07
      vertex 51.0904 42.3734 0.6
    endloop
  endfacet
  facet normal 1 0 0
    outer loop
      vertex 51.0904 42.3734 7.62939e-07
      vertex 51.0904 40.3187 0.6
      vertex 51.0904 40.3187 7.62939e-07
    endloop
  endfacet
  facet normal 0 -1 0
    outer loop
      vertex 51.0904 42.3734 7.62939e-07
      vertex 52.0398 42.3734 0.6
      vertex 51.0904 42.3734 0.6
    endloop
  endfacet
  facet normal 0 -1 -0
    outer loop
      vertex 52.0398 42.3734 0.6
      vertex 51.0904 42.3734 7.62939e-07
      vertex 52.0398 42.3734 7.62939e-07
    endloop
  endfacet
  facet normal -1 0 0
    outer loop
      vertex 52.0398 40.0475 7.62939e-07
      vertex 52.0398 42.3734 0.6
      vertex 52.0398 42.3734 7.62939e-07
    endloop
  endfacet
  facet normal -1 -0 0
    outer loop
      vertex 52.0398 42.3734 0.6
      vertex 52.0398 40.0475 7.62939e-07
      vertex 52.0398 40.0475 0.6
    endloop
  endfacet
  facet normal -0.999228 0.0392828 0
    outer loop
      vertex 52.0311 39.8262 7.62939e-07
      vertex 52.0398 40.0475 0.6
      vertex 52.0398 40.0475 7.62939e-07
    endloop
  endfacet
  facet normal -0.999228 0.0392828 0
    outer loop
      vertex 52.0398 40.0475 0.6
      vertex 52.0311 39.8262 7.62939e-07
      vertex 52.0311 39.8262 0.6
    endloop
  endfacet
  facet normal -0.99189 0.127103 0
    outer loop
      vertex 52.0051 39.6233 7.62939e-07
      vertex 52.0311 39.8262 0.6
      vertex 52.0311 39.8262 7.62939e-07
    endloop
  endfacet
  facet normal -0.99189 0.127103 0
    outer loop
      vertex 52.0311 39.8262 0.6
      vertex 52.0051 39.6233 7.62939e-07
      vertex 52.0051 39.6233 0.6
    endloop
  endfacet
  facet normal -0.973521 0.228598 0
    outer loop
      vertex 51.9618 39.4389 7.62939e-07
      vertex 52.0051 39.6233 0.6
      vertex 52.0051 39.6233 7.62939e-07
    endloop
  endfacet
  facet normal -0.973521 0.228598 0
    outer loop
      vertex 52.0051 39.6233 0.6
      vertex 51.9618 39.4389 7.62939e-07
      vertex 51.9618 39.4389 0.6
    endloop
  endfacet
  facet normal -0.939363 0.342924 0
    outer loop
      vertex 51.9012 39.2729 7.62939e-07
      vertex 51.9618 39.4389 0.6
      vertex 51.9618 39.4389 7.62939e-07
    endloop
  endfacet
  facet normal -0.939363 0.342924 0
    outer loop
      vertex 51.9618 39.4389 0.6
      vertex 51.9012 39.2729 7.62939e-07
      vertex 51.9012 39.2729 0.6
    endloop
  endfacet
  facet normal -0.884006 0.467475 0
    outer loop
      vertex 51.8232 39.1254 7.62939e-07
      vertex 51.9012 39.2729 0.6
      vertex 51.9012 39.2729 7.62939e-07
    endloop
  endfacet
  facet normal -0.884006 0.467475 0
    outer loop
      vertex 51.9012 39.2729 0.6
      vertex 51.8232 39.1254 7.62939e-07
      vertex 51.8232 39.1254 0.6
    endloop
  endfacet
  facet normal -0.804021 0.594601 0
    outer loop
      vertex 51.7278 38.9964 7.62939e-07
      vertex 51.8232 39.1254 0.6
      vertex 51.8232 39.1254 7.62939e-07
    endloop
  endfacet
  facet normal -0.804021 0.594601 0
    outer loop
      vertex 51.8232 39.1254 0.6
      vertex 51.7278 38.9964 7.62939e-07
      vertex 51.7278 38.9964 0.6
    endloop
  endfacet
  facet normal -0.701654 0.712518 0
    outer loop
      vertex 51.7278 38.9964 7.62939e-07
      vertex 51.6163 38.8866 0.6
      vertex 51.7278 38.9964 0.6
    endloop
  endfacet
  facet normal -0.701654 0.712518 0
    outer loop
      vertex 51.6163 38.8866 0.6
      vertex 51.7278 38.9964 7.62939e-07
      vertex 51.6163 38.8866 7.62939e-07
    endloop
  endfacet
  facet normal -0.579286 0.815124 0
    outer loop
      vertex 51.6163 38.8866 7.62939e-07
      vertex 51.4898 38.7967 0.6
      vertex 51.6163 38.8866 0.6
    endloop
  endfacet
  facet normal -0.579286 0.815124 0
    outer loop
      vertex 51.4898 38.7967 0.6
      vertex 51.6163 38.8866 7.62939e-07
      vertex 51.4898 38.7967 7.62939e-07
    endloop
  endfacet
  facet normal -0.442397 0.896819 0
    outer loop
      vertex 51.4898 38.7967 7.62939e-07
      vertex 51.3481 38.7268 0.6
      vertex 51.4898 38.7967 0.6
    endloop
  endfacet
  facet normal -0.442397 0.896819 0
    outer loop
      vertex 51.3481 38.7268 0.6
      vertex 51.4898 38.7967 7.62939e-07
      vertex 51.3481 38.7268 7.62939e-07
    endloop
  endfacet
  facet normal -0.30343 0.952854 0
    outer loop
      vertex 51.3481 38.7268 7.62939e-07
      vertex 51.1914 38.6769 0.6
      vertex 51.3481 38.7268 0.6
    endloop
  endfacet
  facet normal -0.30343 0.952854 0
    outer loop
      vertex 51.1914 38.6769 0.6
      vertex 51.3481 38.7268 7.62939e-07
      vertex 51.1914 38.6769 7.62939e-07
    endloop
  endfacet
  facet normal -0.171462 0.985191 0
    outer loop
      vertex 51.1914 38.6769 7.62939e-07
      vertex 51.0196 38.647 0.6
      vertex 51.1914 38.6769 0.6
    endloop
  endfacet
  facet normal -0.171462 0.985191 0
    outer loop
      vertex 51.0196 38.647 0.6
      vertex 51.1914 38.6769 7.62939e-07
      vertex 51.0196 38.647 7.62939e-07
    endloop
  endfacet
  facet normal -0.0534281 0.998572 0
    outer loop
      vertex 51.0196 38.647 7.62939e-07
      vertex 50.8327 38.637 0.6
      vertex 51.0196 38.647 0.6
    endloop
  endfacet
  facet normal -0.0534281 0.998572 0
    outer loop
      vertex 50.8327 38.637 0.6
      vertex 51.0196 38.647 7.62939e-07
      vertex 50.8327 38.637 7.62939e-07
    endloop
  endfacet
  facet normal 0.0403327 0.999186 -0
    outer loop
      vertex 50.8327 38.637 7.62939e-07
      vertex 50.7014 38.6423 0.6
      vertex 50.8327 38.637 0.6
    endloop
  endfacet
  facet normal 0.0403327 0.999186 0
    outer loop
      vertex 50.7014 38.6423 0.6
      vertex 50.8327 38.637 7.62939e-07
      vertex 50.7014 38.6423 7.62939e-07
    endloop
  endfacet
  facet normal 0.125205 0.992131 -0
    outer loop
      vertex 50.7014 38.6423 7.62939e-07
      vertex 50.5762 38.6581 0.6
      vertex 50.7014 38.6423 0.6
    endloop
  endfacet
  facet normal 0.125205 0.992131 0
    outer loop
      vertex 50.5762 38.6581 0.6
      vertex 50.7014 38.6423 7.62939e-07
      vertex 50.5762 38.6581 7.62939e-07
    endloop
  endfacet
  facet normal 0.216583 0.976264 -0
    outer loop
      vertex 50.5762 38.6581 7.62939e-07
      vertex 50.4572 38.6845 0.6
      vertex 50.5762 38.6581 0.6
    endloop
  endfacet
  facet normal 0.216583 0.976264 0
    outer loop
      vertex 50.4572 38.6845 0.6
      vertex 50.5762 38.6581 7.62939e-07
      vertex 50.4572 38.6845 7.62939e-07
    endloop
  endfacet
  facet normal 0.311164 0.950356 -0
    outer loop
      vertex 50.4572 38.6845 7.62939e-07
      vertex 50.3445 38.7214 0.6
      vertex 50.4572 38.6845 0.6
    endloop
  endfacet
  facet normal 0.311164 0.950356 0
    outer loop
      vertex 50.3445 38.7214 0.6
      vertex 50.4572 38.6845 7.62939e-07
      vertex 50.3445 38.7214 7.62939e-07
    endloop
  endfacet
  facet normal 0.407013 0.913422 -0
    outer loop
      vertex 50.3445 38.7214 7.62939e-07
      vertex 50.2379 38.7689 0.6
      vertex 50.3445 38.7214 0.6
    endloop
  endfacet
  facet normal 0.407013 0.913422 0
    outer loop
      vertex 50.2379 38.7689 0.6
      vertex 50.3445 38.7214 7.62939e-07
      vertex 50.2379 38.7689 7.62939e-07
    endloop
  endfacet
  facet normal 0.500594 0.865682 -0
    outer loop
      vertex 50.2379 38.7689 7.62939e-07
      vertex 50.1376 38.8269 0.6
      vertex 50.2379 38.7689 0.6
    endloop
  endfacet
  facet normal 0.500594 0.865682 0
    outer loop
      vertex 50.1376 38.8269 0.6
      vertex 50.2379 38.7689 7.62939e-07
      vertex 50.1376 38.8269 7.62939e-07
    endloop
  endfacet
  facet normal 0.593984 0.804477 -0
    outer loop
      vertex 50.1376 38.8269 7.62939e-07
      vertex 50.0432 38.8966 0.6
      vertex 50.1376 38.8269 0.6
    endloop
  endfacet
  facet normal 0.593984 0.804477 0
    outer loop
      vertex 50.0432 38.8966 0.6
      vertex 50.1376 38.8269 7.62939e-07
      vertex 50.0432 38.8966 7.62939e-07
    endloop
  endfacet
  facet normal 0.679819 0.73338 -0
    outer loop
      vertex 50.0432 38.8966 7.62939e-07
      vertex 49.9542 38.9791 0.6
      vertex 50.0432 38.8966 0.6
    endloop
  endfacet
  facet normal 0.679819 0.73338 0
    outer loop
      vertex 49.9542 38.9791 0.6
      vertex 50.0432 38.8966 7.62939e-07
      vertex 49.9542 38.9791 7.62939e-07
    endloop
  endfacet
  facet normal 0.752137 0.659007 0
    outer loop
      vertex 49.9542 38.9791 0.6
      vertex 49.8707 39.0744 7.62939e-07
      vertex 49.8707 39.0744 0.6
    endloop
  endfacet
  facet normal 0.752137 0.659007 0
    outer loop
      vertex 49.8707 39.0744 7.62939e-07
      vertex 49.9542 38.9791 0.6
      vertex 49.9542 38.9791 7.62939e-07
    endloop
  endfacet
  facet normal 0.81058 0.585627 0
    outer loop
      vertex 49.8707 39.0744 0.6
      vertex 49.7926 39.1825 7.62939e-07
      vertex 49.7926 39.1825 0.6
    endloop
  endfacet
  facet normal 0.81058 0.585627 0
    outer loop
      vertex 49.7926 39.1825 7.62939e-07
      vertex 49.8707 39.0744 0.6
      vertex 49.8707 39.0744 7.62939e-07
    endloop
  endfacet
  facet normal 0.857305 0.514809 0
    outer loop
      vertex 49.7926 39.1825 0.6
      vertex 49.72 39.3034 7.62939e-07
      vertex 49.72 39.3034 0.6
    endloop
  endfacet
  facet normal 0.857305 0.514809 0
    outer loop
      vertex 49.72 39.3034 7.62939e-07
      vertex 49.7926 39.1825 0.6
      vertex 49.7926 39.1825 7.62939e-07
    endloop
  endfacet
  facet normal 0.893624 0.448816 0
    outer loop
      vertex 49.72 39.3034 0.6
      vertex 49.6528 39.4372 7.62939e-07
      vertex 49.6528 39.4372 0.6
    endloop
  endfacet
  facet normal 0.893624 0.448816 0
    outer loop
      vertex 49.6528 39.4372 7.62939e-07
      vertex 49.72 39.3034 0.6
      vertex 49.72 39.3034 7.62939e-07
    endloop
  endfacet
  facet normal 0 1 -0
    outer loop
      vertex 49.6528 39.4372 7.62939e-07
      vertex 49.6392 39.4372 0.6
      vertex 49.6528 39.4372 0.6
    endloop
  endfacet
  facet normal 0 1 0
    outer loop
      vertex 49.6392 39.4372 0.6
      vertex 49.6528 39.4372 7.62939e-07
      vertex 49.6392 39.4372 7.62939e-07
    endloop
  endfacet
  facet normal -0.99754 -0.0701065 0
    outer loop
      vertex 49.6475 39.3191 7.62939e-07
      vertex 49.6392 39.4372 0.6
      vertex 49.6392 39.4372 7.62939e-07
    endloop
  endfacet
  facet normal -0.99754 -0.0701065 0
    outer loop
      vertex 49.6392 39.4372 0.6
      vertex 49.6475 39.3191 7.62939e-07
      vertex 49.6475 39.3191 0.6
    endloop
  endfacet
  facet normal -0.998369 -0.0570976 0
    outer loop
      vertex 49.6543 39.2002 7.62939e-07
      vertex 49.6475 39.3191 0.6
      vertex 49.6475 39.3191 7.62939e-07
    endloop
  endfacet
  facet normal -0.998369 -0.0570976 0
    outer loop
      vertex 49.6475 39.3191 0.6
      vertex 49.6543 39.2002 7.62939e-07
      vertex 49.6543 39.2002 0.6
    endloop
  endfacet
  facet normal -0.999024 -0.0441604 0
    outer loop
      vertex 49.6596 39.0803 7.62939e-07
      vertex 49.6543 39.2002 0.6
      vertex 49.6543 39.2002 7.62939e-07
    endloop
  endfacet
  facet normal -0.999024 -0.0441604 0
    outer loop
      vertex 49.6543 39.2002 0.6
      vertex 49.6596 39.0803 7.62939e-07
      vertex 49.6596 39.0803 0.6
    endloop
  endfacet
  facet normal -0.999506 -0.0314414 0
    outer loop
      vertex 49.6634 38.9595 7.62939e-07
      vertex 49.6596 39.0803 0.6
      vertex 49.6596 39.0803 7.62939e-07
    endloop
  endfacet
  facet normal -0.999506 -0.0314414 0
    outer loop
      vertex 49.6596 39.0803 0.6
      vertex 49.6634 38.9595 7.62939e-07
      vertex 49.6634 38.9595 0.6
    endloop
  endfacet
  facet normal -0.999837 -0.0180595 0
    outer loop
      vertex 49.6656 38.8377 7.62939e-07
      vertex 49.6634 38.9595 0.6
      vertex 49.6634 38.9595 7.62939e-07
    endloop
  endfacet
  facet normal -0.999837 -0.0180595 0
    outer loop
      vertex 49.6634 38.9595 0.6
      vertex 49.6656 38.8377 7.62939e-07
      vertex 49.6656 38.8377 0.6
    endloop
  endfacet
  facet normal -0.999979 -0.00651452 0
    outer loop
      vertex 49.6664 38.7149 7.62939e-07
      vertex 49.6656 38.8377 0.6
      vertex 49.6656 38.8377 7.62939e-07
    endloop
  endfacet
  facet normal -0.999979 -0.00651452 0
    outer loop
      vertex 49.6656 38.8377 0.6
      vertex 49.6664 38.7149 7.62939e-07
      vertex 49.6664 38.7149 0.6
    endloop
  endfacet
  facet normal -1 0 0
    outer loop
      vertex 49.6664 37.3417 7.62939e-07
      vertex 49.6664 38.7149 0.6
      vertex 49.6664 38.7149 7.62939e-07
    endloop
  endfacet
  facet normal -1 -0 0
    outer loop
      vertex 49.6664 38.7149 0.6
      vertex 49.6664 37.3417 7.62939e-07
      vertex 49.6664 37.3417 0.6
    endloop
  endfacet
  facet normal 0 1 -0
    outer loop
      vertex 49.6664 37.3417 7.62939e-07
      vertex 48.7136 37.3417 0.6
      vertex 49.6664 37.3417 0.6
    endloop
  endfacet
  facet normal 0 1 0
    outer loop
      vertex 48.7136 37.3417 0.6
      vertex 49.6664 37.3417 7.62939e-07
      vertex 48.7136 37.3417 7.62939e-07
    endloop
  endfacet
  facet normal 1 -0 0
    outer loop
      vertex 48.7136 37.3417 0.6
      vertex 48.7136 42.3734 7.62939e-07
      vertex 48.7136 42.3734 0.6
    endloop
  endfacet
  facet normal 1 0 0
    outer loop
      vertex 48.7136 42.3734 7.62939e-07
      vertex 48.7136 37.3417 0.6
      vertex 48.7136 37.3417 7.62939e-07
    endloop
  endfacet
  facet normal 0 -1 0
    outer loop
      vertex 48.7136 42.3734 7.62939e-07
      vertex 49.6664 42.3734 0.6
      vertex 48.7136 42.3734 0.6
    endloop
  endfacet
  facet normal 0 -1 -0
    outer loop
      vertex 49.6664 42.3734 0.6
      vertex 48.7136 42.3734 7.62939e-07
      vertex 49.6664 42.3734 7.62939e-07
    endloop
  endfacet
  facet normal -1 0 0
    outer loop
      vertex 49.6664 40.4103 7.62939e-07
      vertex 49.6664 42.3734 0.6
      vertex 49.6664 42.3734 7.62939e-07
    endloop
  endfacet
  facet normal -1 -0 0
    outer loop
      vertex 49.6664 42.3734 0.6
      vertex 49.6664 40.4103 7.62939e-07
      vertex 49.6664 40.4103 0.6
    endloop
  endfacet
  facet normal 0 1 -0
    outer loop
      vertex 29.9472 37.3417 7.62939e-07
      vertex 28.9944 37.3417 0.6
      vertex 29.9472 37.3417 0.6
    endloop
  endfacet
  facet normal 0 1 0
    outer loop
      vertex 28.9944 37.3417 0.6
      vertex 29.9472 37.3417 7.62939e-07
      vertex 28.9944 37.3417 7.62939e-07
    endloop
  endfacet
  facet normal 1 -0 0
    outer loop
      vertex 28.9944 37.3417 0.6
      vertex 28.9944 38.0436 7.62939e-07
      vertex 28.9944 38.0436 0.6
    endloop
  endfacet
  facet normal 1 0 0
    outer loop
      vertex 28.9944 38.0436 7.62939e-07
      vertex 28.9944 37.3417 0.6
      vertex 28.9944 37.3417 7.62939e-07
    endloop
  endfacet
  facet normal 0 -1 0
    outer loop
      vertex 28.9944 38.0436 7.62939e-07
      vertex 29.9472 38.0436 0.6
      vertex 28.9944 38.0436 0.6
    endloop
  endfacet
  facet normal 0 -1 -0
    outer loop
      vertex 29.9472 38.0436 0.6
      vertex 28.9944 38.0436 7.62939e-07
      vertex 29.9472 38.0436 7.62939e-07
    endloop
  endfacet
  facet normal -1 0 0
    outer loop
      vertex 29.9472 37.3417 7.62939e-07
      vertex 29.9472 38.0436 0.6
      vertex 29.9472 38.0436 7.62939e-07
    endloop
  endfacet
  facet normal -1 -0 0
    outer loop
      vertex 29.9472 38.0436 0.6
      vertex 29.9472 37.3417 7.62939e-07
      vertex 29.9472 37.3417 0.6
    endloop
  endfacet
  facet normal 0 1 -0
    outer loop
      vertex 31.8314 37.3417 7.62939e-07
      vertex 30.8786 37.3417 0.6
      vertex 31.8314 37.3417 0.6
    endloop
  endfacet
  facet normal 0 1 0
    outer loop
      vertex 30.8786 37.3417 0.6
      vertex 31.8314 37.3417 7.62939e-07
      vertex 30.8786 37.3417 7.62939e-07
    endloop
  endfacet
  facet normal 1 -0 0
    outer loop
      vertex 30.8786 37.3417 0.6
      vertex 30.8786 42.3734 7.62939e-07
      vertex 30.8786 42.3734 0.6
    endloop
  endfacet
  facet normal 1 0 0
    outer loop
      vertex 30.8786 42.3734 7.62939e-07
      vertex 30.8786 37.3417 0.6
      vertex 30.8786 37.3417 7.62939e-07
    endloop
  endfacet
  facet normal 0 -1 0
    outer loop
      vertex 30.8786 42.3734 7.62939e-07
      vertex 31.8314 42.3734 0.6
      vertex 30.8786 42.3734 0.6
    endloop
  endfacet
  facet normal 0 -1 -0
    outer loop
      vertex 31.8314 42.3734 0.6
      vertex 30.8786 42.3734 7.62939e-07
      vertex 31.8314 42.3734 7.62939e-07
    endloop
  endfacet
  facet normal -1 0 0
    outer loop
      vertex 31.8314 37.3417 7.62939e-07
      vertex 31.8314 42.3734 0.6
      vertex 31.8314 42.3734 7.62939e-07
    endloop
  endfacet
  facet normal -1 -0 0
    outer loop
      vertex 31.8314 42.3734 0.6
      vertex 31.8314 37.3417 7.62939e-07
      vertex 31.8314 37.3417 0.6
    endloop
  endfacet
  facet normal -0.973877 -0.227075 0
    outer loop
      vertex 35.0809 40.7503 7.62939e-07
      vertex 34.9088 41.4884 0.6
      vertex 34.9088 41.4884 7.62939e-07
    endloop
  endfacet
  facet normal -0.973877 -0.227075 0
    outer loop
      vertex 34.9088 41.4884 0.6
      vertex 35.0809 40.7503 7.62939e-07
      vertex 35.0809 40.7503 0.6
    endloop
  endfacet
  facet normal -0.973984 -0.226615 0
    outer loop
      vertex 35.2185 40.1589 7.62939e-07
      vertex 35.0809 40.7503 0.6
      vertex 35.0809 40.7503 7.62939e-07
    endloop
  endfacet
  facet normal -0.973984 -0.226615 0
    outer loop
      vertex 35.0809 40.7503 0.6
      vertex 35.2185 40.1589 7.62939e-07
      vertex 35.2185 40.1589 0.6
    endloop
  endfacet
  facet normal -0.974128 -0.225996 0
    outer loop
      vertex 35.3216 39.7145 7.62939e-07
      vertex 35.2185 40.1589 0.6
      vertex 35.2185 40.1589 7.62939e-07
    endloop
  endfacet
  facet normal -0.974128 -0.225996 0
    outer loop
      vertex 35.2185 40.1589 0.6
      vertex 35.3216 39.7145 7.62939e-07
      vertex 35.3216 39.7145 0.6
    endloop
  endfacet
  facet normal -0.974463 -0.224549 0
    outer loop
      vertex 35.3902 39.4168 7.62939e-07
      vertex 35.3216 39.7145 0.6
      vertex 35.3216 39.7145 7.62939e-07
    endloop
  endfacet
  facet normal -0.974463 -0.224549 0
    outer loop
      vertex 35.3216 39.7145 0.6
      vertex 35.3902 39.4168 7.62939e-07
      vertex 35.3902 39.4168 0.6
    endloop
  endfacet
  facet normal -0.975266 -0.221034 0
    outer loop
      vertex 35.4244 39.2659 7.62939e-07
      vertex 35.3902 39.4168 0.6
      vertex 35.3902 39.4168 7.62939e-07
    endloop
  endfacet
  facet normal -0.975266 -0.221034 0
    outer loop
      vertex 35.3902 39.4168 0.6
      vertex 35.4244 39.2659 7.62939e-07
      vertex 35.4244 39.2659 0.6
    endloop
  endfacet
  facet normal -0.977923 -0.208968 0
    outer loop
      vertex 35.4422 39.1826 7.62939e-07
      vertex 35.4244 39.2659 0.6
      vertex 35.4244 39.2659 7.62939e-07
    endloop
  endfacet
  facet normal -0.977923 -0.208968 0
    outer loop
      vertex 35.4244 39.2659 0.6
      vertex 35.4422 39.1826 7.62939e-07
      vertex 35.4422 39.1826 0.6
    endloop
  endfacet
  facet normal -0.979577 -0.201071 0
    outer loop
      vertex 35.4617 39.0876 7.62939e-07
      vertex 35.4422 39.1826 0.6
      vertex 35.4422 39.1826 7.62939e-07
    endloop
  endfacet
  facet normal -0.979577 -0.201071 0
    outer loop
      vertex 35.4422 39.1826 0.6
      vertex 35.4617 39.0876 7.62939e-07
      vertex 35.4617 39.0876 0.6
    endloop
  endfacet
  facet normal -0.980897 -0.194528 0
    outer loop
      vertex 35.4829 38.9807 7.62939e-07
      vertex 35.4617 39.0876 0.6
      vertex 35.4617 39.0876 7.62939e-07
    endloop
  endfacet
  facet normal -0.980897 -0.194528 0
    outer loop
      vertex 35.4617 39.0876 0.6
      vertex 35.4829 38.9807 7.62939e-07
      vertex 35.4829 38.9807 0.6
    endloop
  endfacet
  facet normal -0.981864 -0.189584 0
    outer loop
      vertex 35.5058 38.8621 7.62939e-07
      vertex 35.4829 38.9807 0.6
      vertex 35.4829 38.9807 7.62939e-07
    endloop
  endfacet
  facet normal -0.981864 -0.189584 0
    outer loop
      vertex 35.4829 38.9807 0.6
      vertex 35.5058 38.8621 7.62939e-07
      vertex 35.5058 38.8621 0.6
    endloop
  endfacet
  facet normal -0.982667 -0.18538 0
    outer loop
      vertex 35.5304 38.7317 7.62939e-07
      vertex 35.5058 38.8621 0.6
      vertex 35.5058 38.8621 7.62939e-07
    endloop
  endfacet
  facet normal -0.982667 -0.18538 0
    outer loop
      vertex 35.5058 38.8621 0.6
      vertex 35.5304 38.7317 7.62939e-07
      vertex 35.5304 38.7317 0.6
    endloop
  endfacet
  facet normal -0.983323 -0.181866 0
    outer loop
      vertex 35.5567 38.5895 7.62939e-07
      vertex 35.5304 38.7317 0.6
      vertex 35.5304 38.7317 7.62939e-07
    endloop
  endfacet
  facet normal -0.983323 -0.181866 0
    outer loop
      vertex 35.5304 38.7317 0.6
      vertex 35.5567 38.5895 7.62939e-07
      vertex 35.5567 38.5895 0.6
    endloop
  endfacet
  facet normal 0.987521 -0.157488 0
    outer loop
      vertex 35.5567 38.5895 0.6
      vertex 35.5848 38.7657 7.62939e-07
      vertex 35.5848 38.7657 0.6
    endloop
  endfacet
  facet normal 0.987521 -0.157488 0
    outer loop
      vertex 35.5848 38.7657 7.62939e-07
      vertex 35.5567 38.5895 0.6
      vertex 35.5567 38.5895 7.62939e-07
    endloop
  endfacet
  facet normal 0.985141 -0.171748 0
    outer loop
      vertex 35.5848 38.7657 0.6
      vertex 35.6151 38.9395 7.62939e-07
      vertex 35.6151 38.9395 0.6
    endloop
  endfacet
  facet normal 0.985141 -0.171748 0
    outer loop
      vertex 35.6151 38.9395 7.62939e-07
      vertex 35.5848 38.7657 0.6
      vertex 35.5848 38.7657 7.62939e-07
    endloop
  endfacet
  facet normal 0.982683 -0.185293 0
    outer loop
      vertex 35.6151 38.9395 0.6
      vertex 35.6474 39.1108 7.62939e-07
      vertex 35.6474 39.1108 0.6
    endloop
  endfacet
  facet normal 0.982683 -0.185293 0
    outer loop
      vertex 35.6474 39.1108 7.62939e-07
      vertex 35.6151 38.9395 0.6
      vertex 35.6151 38.9395 7.62939e-07
    endloop
  endfacet
  facet normal 0.979996 -0.199016 0
    outer loop
      vertex 35.6474 39.1108 0.6
      vertex 35.6817 39.2797 7.62939e-07
      vertex 35.6817 39.2797 0.6
    endloop
  endfacet
  facet normal 0.979996 -0.199016 0
    outer loop
      vertex 35.6817 39.2797 7.62939e-07
      vertex 35.6474 39.1108 0.6
      vertex 35.6474 39.1108 7.62939e-07
    endloop
  endfacet
  facet normal 0.976777 -0.214257 0
    outer loop
      vertex 35.6817 39.2797 0.6
      vertex 35.7182 39.4461 7.62939e-07
      vertex 35.7182 39.4461 0.6
    endloop
  endfacet
  facet normal 0.976777 -0.214257 0
    outer loop
      vertex 35.7182 39.4461 7.62939e-07
      vertex 35.6817 39.2797 0.6
      vertex 35.6817 39.2797 7.62939e-07
    endloop
  endfacet
  facet normal 0.973534 -0.228543 0
    outer loop
      vertex 35.7182 39.4461 0.6
      vertex 35.7567 39.6101 7.62939e-07
      vertex 35.7567 39.6101 0.6
    endloop
  endfacet
  facet normal 0.973534 -0.228543 0
    outer loop
      vertex 35.7567 39.6101 7.62939e-07
      vertex 35.7182 39.4461 0.6
      vertex 35.7182 39.4461 7.62939e-07
    endloop
  endfacet
  facet normal 0.97362 -0.228175 0
    outer loop
      vertex 35.7567 39.6101 0.6
      vertex 36.4043 42.3734 7.62939e-07
      vertex 36.4043 42.3734 0.6
    endloop
  endfacet
  facet normal 0.97362 -0.228175 0
    outer loop
      vertex 36.4043 42.3734 7.62939e-07
      vertex 35.7567 39.6101 0.6
      vertex 35.7567 39.6101 7.62939e-07
    endloop
  endfacet
  facet normal 0 -1 0
    outer loop
      vertex 36.4043 42.3734 7.62939e-07
      vertex 37.591 42.3734 0.6
      vertex 36.4043 42.3734 0.6
    endloop
  endfacet
  facet normal 0 -1 -0
    outer loop
      vertex 37.591 42.3734 0.6
      vertex 36.4043 42.3734 7.62939e-07
      vertex 37.591 42.3734 7.62939e-07
    endloop
  endfacet
  facet normal -0.968212 -0.250129 0
    outer loop
      vertex 38.8252 37.596 7.62939e-07
      vertex 37.591 42.3734 0.6
      vertex 37.591 42.3734 7.62939e-07
    endloop
  endfacet
  facet normal -0.968212 -0.250129 0
    outer loop
      vertex 37.591 42.3734 0.6
      vertex 38.8252 37.596 7.62939e-07
      vertex 38.8252 37.596 0.6
    endloop
  endfacet
  facet normal 0 1 -0
    outer loop
      vertex 38.8252 37.596 7.62939e-07
      vertex 37.8114 37.596 0.6
      vertex 38.8252 37.596 0.6
    endloop
  endfacet
  facet normal 0 1 0
    outer loop
      vertex 37.8114 37.596 0.6
      vertex 38.8252 37.596 7.62939e-07
      vertex 37.8114 37.596 7.62939e-07
    endloop
  endfacet
  facet normal 0.97729 0.211906 0
    outer loop
      vertex 37.8114 37.596 0.6
      vertex 37.235 40.2543 7.62939e-07
      vertex 37.235 40.2543 0.6
    endloop
  endfacet
  facet normal 0.97729 0.211906 0
    outer loop
      vertex 37.235 40.2543 7.62939e-07
      vertex 37.8114 37.596 0.6
      vertex 37.8114 37.596 7.62939e-07
    endloop
  endfacet
  facet normal 0.974461 0.224558 0
    outer loop
      vertex 37.235 40.2543 0.6
      vertex 37.0553 41.0341 7.62939e-07
      vertex 37.0553 41.0341 0.6
    endloop
  endfacet
  facet normal 0.974461 0.224558 0
    outer loop
      vertex 37.0553 41.0341 7.62939e-07
      vertex 37.235 40.2543 0.6
      vertex 37.235 40.2543 7.62939e-07
    endloop
  endfacet
  facet normal 0.977587 0.21053 0
    outer loop
      vertex 37.0553 41.0341 0.6
      vertex 36.9706 41.4274 7.62939e-07
      vertex 36.9706 41.4274 0.6
    endloop
  endfacet
  facet normal 0.977587 0.21053 0
    outer loop
      vertex 36.9706 41.4274 7.62939e-07
      vertex 37.0553 41.0341 0.6
      vertex 37.0553 41.0341 7.62939e-07
    endloop
  endfacet
  facet normal -0.985682 0.168616 0
    outer loop
      vertex 36.9168 41.1129 7.62939e-07
      vertex 36.9706 41.4274 0.6
      vertex 36.9706 41.4274 7.62939e-07
    endloop
  endfacet
  facet normal -0.985682 0.168616 0
    outer loop
      vertex 36.9706 41.4274 0.6
      vertex 36.9168 41.1129 7.62939e-07
      vertex 36.9168 41.1129 0.6
    endloop
  endfacet
  facet normal -0.984892 0.173172 0
    outer loop
      vertex 36.8685 40.8382 7.62939e-07
      vertex 36.9168 41.1129 0.6
      vertex 36.9168 41.1129 7.62939e-07
    endloop
  endfacet
  facet normal -0.984892 0.173172 0
    outer loop
      vertex 36.9168 41.1129 0.6
      vertex 36.8685 40.8382 7.62939e-07
      vertex 36.8685 40.8382 0.6
    endloop
  endfacet
  facet normal -0.983702 0.179807 0
    outer loop
      vertex 36.8256 40.6035 7.62939e-07
      vertex 36.8685 40.8382 0.6
      vertex 36.8685 40.8382 7.62939e-07
    endloop
  endfacet
  facet normal -0.983702 0.179807 0
    outer loop
      vertex 36.8685 40.8382 0.6
      vertex 36.8256 40.6035 7.62939e-07
      vertex 36.8256 40.6035 0.6
    endloop
  endfacet
  facet normal -0.982046 0.188642 0
    outer loop
      vertex 36.7882 40.4088 7.62939e-07
      vertex 36.8256 40.6035 0.6
      vertex 36.8256 40.6035 7.62939e-07
    endloop
  endfacet
  facet normal -0.982046 0.188642 0
    outer loop
      vertex 36.8256 40.6035 0.6
      vertex 36.7882 40.4088 7.62939e-07
      vertex 36.7882 40.4088 0.6
    endloop
  endfacet
  facet normal -0.979446 0.201706 0
    outer loop
      vertex 36.7563 40.2539 7.62939e-07
      vertex 36.7882 40.4088 0.6
      vertex 36.7882 40.4088 7.62939e-07
    endloop
  endfacet
  facet normal -0.979446 0.201706 0
    outer loop
      vertex 36.7882 40.4088 0.6
      vertex 36.7563 40.2539 7.62939e-07
      vertex 36.7563 40.2539 0.6
    endloop
  endfacet
  facet normal -0.97442 0.224736 0
    outer loop
      vertex 36.7298 40.139 7.62939e-07
      vertex 36.7563 40.2539 0.6
      vertex 36.7563 40.2539 7.62939e-07
    endloop
  endfacet
  facet normal -0.97442 0.224736 0
    outer loop
      vertex 36.7563 40.2539 0.6
      vertex 36.7298 40.139 7.62939e-07
      vertex 36.7298 40.139 0.6
    endloop
  endfacet
  facet normal -0.972976 0.230905 0
    outer loop
      vertex 36.1263 37.596 7.62939e-07
      vertex 36.7298 40.139 0.6
      vertex 36.7298 40.139 7.62939e-07
    endloop
  endfacet
  facet normal -0.972976 0.230905 0
    outer loop
      vertex 36.7298 40.139 0.6
      vertex 36.1263 37.596 7.62939e-07
      vertex 36.1263 37.596 0.6
    endloop
  endfacet
  facet normal 0 1 -0
    outer loop
      vertex 36.1263 37.596 7.62939e-07
      vertex 35.0074 37.596 0.6
      vertex 36.1263 37.596 0.6
    endloop
  endfacet
  facet normal 0 1 0
    outer loop
      vertex 35.0074 37.596 0.6
      vertex 36.1263 37.596 7.62939e-07
      vertex 35.0074 37.596 7.62939e-07
    endloop
  endfacet
  facet normal 0.973698 0.227844 0
    outer loop
      vertex 35.0074 37.596 0.6
      vertex 34.8257 38.3725 7.62939e-07
      vertex 34.8257 38.3725 0.6
    endloop
  endfacet
  facet normal 0.973698 0.227844 0
    outer loop
      vertex 34.8257 38.3725 7.62939e-07
      vertex 35.0074 37.596 0.6
      vertex 35.0074 37.596 7.62939e-07
    endloop
  endfacet
  facet normal 0.973882 0.227053 0
    outer loop
      vertex 34.8257 38.3725 0.6
      vertex 34.6715 39.0339 7.62939e-07
      vertex 34.6715 39.0339 0.6
    endloop
  endfacet
  facet normal 0.973882 0.227053 0
    outer loop
      vertex 34.6715 39.0339 7.62939e-07
      vertex 34.8257 38.3725 0.6
      vertex 34.8257 38.3725 7.62939e-07
    endloop
  endfacet
  facet normal 0.974204 0.225667 0
    outer loop
      vertex 34.6715 39.0339 0.6
      vertex 34.545 39.58 7.62939e-07
      vertex 34.545 39.58 0.6
    endloop
  endfacet
  facet normal 0.974204 0.225667 0
    outer loop
      vertex 34.545 39.58 7.62939e-07
      vertex 34.6715 39.0339 0.6
      vertex 34.6715 39.0339 7.62939e-07
    endloop
  endfacet
  facet normal 0.974608 0.223918 0
    outer loop
      vertex 34.545 39.58 0.6
      vertex 34.446 40.0109 7.62939e-07
      vertex 34.446 40.0109 0.6
    endloop
  endfacet
  facet normal 0.974608 0.223918 0
    outer loop
      vertex 34.446 40.0109 7.62939e-07
      vertex 34.545 39.58 0.6
      vertex 34.545 39.58 7.62939e-07
    endloop
  endfacet
  facet normal 0.975447 0.220232 0
    outer loop
      vertex 34.446 40.0109 0.6
      vertex 34.3747 40.3267 7.62939e-07
      vertex 34.3747 40.3267 0.6
    endloop
  endfacet
  facet normal 0.975447 0.220232 0
    outer loop
      vertex 34.3747 40.3267 7.62939e-07
      vertex 34.446 40.0109 0.6
      vertex 34.446 40.0109 7.62939e-07
    endloop
  endfacet
  facet normal 0.97696 0.213421 0
    outer loop
      vertex 34.3747 40.3267 0.6
      vertex 34.3309 40.5272 7.62939e-07
      vertex 34.3309 40.5272 0.6
    endloop
  endfacet
  facet normal 0.97696 0.213421 0
    outer loop
      vertex 34.3309 40.5272 7.62939e-07
      vertex 34.3747 40.3267 0.6
      vertex 34.3747 40.3267 7.62939e-07
    endloop
  endfacet
  facet normal 0.978901 0.204334 0
    outer loop
      vertex 34.3309 40.5272 0.6
      vertex 34.3008 40.6714 7.62939e-07
      vertex 34.3008 40.6714 0.6
    endloop
  endfacet
  facet normal 0.978901 0.204334 0
    outer loop
      vertex 34.3008 40.6714 7.62939e-07
      vertex 34.3309 40.5272 0.6
      vertex 34.3309 40.5272 7.62939e-07
    endloop
  endfacet
  facet normal 0.979274 0.202539 0
    outer loop
      vertex 34.3008 40.6714 0.6
      vertex 34.2705 40.8179 7.62939e-07
      vertex 34.2705 40.8179 0.6
    endloop
  endfacet
  facet normal 0.979274 0.202539 0
    outer loop
      vertex 34.2705 40.8179 7.62939e-07
      vertex 34.3008 40.6714 0.6
      vertex 34.3008 40.6714 7.62939e-07
    endloop
  endfacet
  facet normal 0.979373 0.202061 0
    outer loop
      vertex 34.2705 40.8179 0.6
      vertex 34.2398 40.9667 7.62939e-07
      vertex 34.2398 40.9667 0.6
    endloop
  endfacet
  facet normal 0.979373 0.202061 0
    outer loop
      vertex 34.2398 40.9667 7.62939e-07
      vertex 34.2705 40.8179 0.6
      vertex 34.2705 40.8179 7.62939e-07
    endloop
  endfacet
  facet normal 0.97975 0.200227 0
    outer loop
      vertex 34.2398 40.9667 0.6
      vertex 34.2089 41.1179 7.62939e-07
      vertex 34.2089 41.1179 0.6
    endloop
  endfacet
  facet normal 0.97975 0.200227 0
    outer loop
      vertex 34.2089 41.1179 7.62939e-07
      vertex 34.2398 40.9667 0.6
      vertex 34.2398 40.9667 7.62939e-07
    endloop
  endfacet
  facet normal 0.979987 0.19906 0
    outer loop
      vertex 34.2089 41.1179 0.6
      vertex 34.1777 41.2715 7.62939e-07
      vertex 34.1777 41.2715 0.6
    endloop
  endfacet
  facet normal 0.979987 0.19906 0
    outer loop
      vertex 34.1777 41.2715 7.62939e-07
      vertex 34.2089 41.1179 0.6
      vertex 34.2089 41.1179 7.62939e-07
    endloop
  endfacet
  facet normal 0.980192 0.19805 0
    outer loop
      vertex 34.1777 41.2715 0.6
      vertex 34.1462 41.4274 7.62939e-07
      vertex 34.1462 41.4274 0.6
    endloop
  endfacet
  facet normal 0.980192 0.19805 0
    outer loop
      vertex 34.1462 41.4274 7.62939e-07
      vertex 34.1777 41.2715 0.6
      vertex 34.1777 41.2715 7.62939e-07
    endloop
  endfacet
  facet normal -0.978822 0.204714 0
    outer loop
      vertex 33.9902 40.6815 7.62939e-07
      vertex 34.1462 41.4274 0.6
      vertex 34.1462 41.4274 7.62939e-07
    endloop
  endfacet
  facet normal -0.978822 0.204714 0
    outer loop
      vertex 34.1462 41.4274 0.6
      vertex 33.9902 40.6815 7.62939e-07
      vertex 33.9902 40.6815 0.6
    endloop
  endfacet
  facet normal -0.975781 0.218748 0
    outer loop
      vertex 33.2985 37.596 7.62939e-07
      vertex 33.9902 40.6815 0.6
      vertex 33.9902 40.6815 7.62939e-07
    endloop
  endfacet
  facet normal -0.975781 0.218748 0
    outer loop
      vertex 33.9902 40.6815 0.6
      vertex 33.2985 37.596 7.62939e-07
      vertex 33.2985 37.596 0.6
    endloop
  endfacet
  facet normal 0 1 -0
    outer loop
      vertex 33.2985 37.596 7.62939e-07
      vertex 32.2847 37.596 0.6
      vertex 33.2985 37.596 0.6
    endloop
  endfacet
  facet normal 0 1 0
    outer loop
      vertex 32.2847 37.596 0.6
      vertex 33.2985 37.596 7.62939e-07
      vertex 32.2847 37.596 7.62939e-07
    endloop
  endfacet
  facet normal 0.968379 -0.249483 0
    outer loop
      vertex 32.2847 37.596 0.6
      vertex 33.5155 42.3734 7.62939e-07
      vertex 33.5155 42.3734 0.6
    endloop
  endfacet
  facet normal 0.968379 -0.249483 0
    outer loop
      vertex 33.5155 42.3734 7.62939e-07
      vertex 32.2847 37.596 0.6
      vertex 32.2847 37.596 7.62939e-07
    endloop
  endfacet
  facet normal 0 -1 0
    outer loop
      vertex 33.5155 42.3734 7.62939e-07
      vertex 34.7022 42.3734 0.6
      vertex 33.5155 42.3734 0.6
    endloop
  endfacet
  facet normal 0 -1 -0
    outer loop
      vertex 34.7022 42.3734 0.6
      vertex 33.5155 42.3734 7.62939e-07
      vertex 34.7022 42.3734 7.62939e-07
    endloop
  endfacet
  facet normal -0.973817 -0.227334 0
    outer loop
      vertex 34.9088 41.4884 7.62939e-07
      vertex 34.7022 42.3734 0.6
      vertex 34.7022 42.3734 7.62939e-07
    endloop
  endfacet
  facet normal -0.973817 -0.227334 0
    outer loop
      vertex 34.7022 42.3734 0.6
      vertex 34.9088 41.4884 7.62939e-07
      vertex 34.9088 41.4884 0.6
    endloop
  endfacet
  facet normal 0 -1 0
    outer loop
      vertex 23.7197 38.3691 7.62939e-07
      vertex 25.2658 38.3691 0.6
      vertex 23.7197 38.3691 0.6
    endloop
  endfacet
  facet normal 0 -1 -0
    outer loop
      vertex 25.2658 38.3691 0.6
      vertex 23.7197 38.3691 7.62939e-07
      vertex 25.2658 38.3691 7.62939e-07
    endloop
  endfacet
  facet normal -1 0 0
    outer loop
      vertex 25.2658 37.596 7.62939e-07
      vertex 25.2658 38.3691 0.6
      vertex 25.2658 38.3691 7.62939e-07
    endloop
  endfacet
  facet normal -1 -0 0
    outer loop
      vertex 25.2658 38.3691 0.6
      vertex 25.2658 37.596 7.62939e-07
      vertex 25.2658 37.596 0.6
    endloop
  endfacet
  facet normal 0 1 -0
    outer loop
      vertex 25.2658 37.596 7.62939e-07
      vertex 21.1767 37.596 0.6
      vertex 25.2658 37.596 0.6
    endloop
  endfacet
  facet normal 0 1 0
    outer loop
      vertex 21.1767 37.596 0.6
      vertex 25.2658 37.596 7.62939e-07
      vertex 21.1767 37.596 7.62939e-07
    endloop
  endfacet
  facet normal 1 -0 0
    outer loop
      vertex 21.1767 37.596 0.6
      vertex 21.1767 38.3691 7.62939e-07
      vertex 21.1767 38.3691 0.6
    endloop
  endfacet
  facet normal 1 0 0
    outer loop
      vertex 21.1767 38.3691 7.62939e-07
      vertex 21.1767 37.596 0.6
      vertex 21.1767 37.596 7.62939e-07
    endloop
  endfacet
  facet normal 0 -1 0
    outer loop
      vertex 21.1767 38.3691 7.62939e-07
      vertex 22.7194 38.3691 0.6
      vertex 21.1767 38.3691 0.6
    endloop
  endfacet
  facet normal 0 -1 -0
    outer loop
      vertex 22.7194 38.3691 0.6
      vertex 21.1767 38.3691 7.62939e-07
      vertex 22.7194 38.3691 7.62939e-07
    endloop
  endfacet
  facet normal 1 -0 0
    outer loop
      vertex 22.7194 38.3691 0.6
      vertex 22.7194 42.3734 7.62939e-07
      vertex 22.7194 42.3734 0.6
    endloop
  endfacet
  facet normal 1 0 0
    outer loop
      vertex 22.7194 42.3734 7.62939e-07
      vertex 22.7194 38.3691 0.6
      vertex 22.7194 38.3691 7.62939e-07
    endloop
  endfacet
  facet normal 0 -1 0
    outer loop
      vertex 22.7194 42.3734 7.62939e-07
      vertex 23.7197 42.3734 0.6
      vertex 22.7194 42.3734 0.6
    endloop
  endfacet
  facet normal 0 -1 -0
    outer loop
      vertex 23.7197 42.3734 0.6
      vertex 22.7194 42.3734 7.62939e-07
      vertex 23.7197 42.3734 7.62939e-07
    endloop
  endfacet
  facet normal -1 0 0
    outer loop
      vertex 23.7197 38.3691 7.62939e-07
      vertex 23.7197 42.3734 0.6
      vertex 23.7197 42.3734 7.62939e-07
    endloop
  endfacet
  facet normal -1 -0 0
    outer loop
      vertex 23.7197 42.3734 0.6
      vertex 23.7197 38.3691 7.62939e-07
      vertex 23.7197 38.3691 0.6
    endloop
  endfacet
  facet normal -0.0674044 -0.997726 0
    outer loop
      vertex 43.7704 42.4313 7.62939e-07
      vertex 43.9125 42.4217 0.6
      vertex 43.7704 42.4313 0.6
    endloop
  endfacet
  facet normal -0.0674044 -0.997726 -0
    outer loop
      vertex 43.9125 42.4217 0.6
      vertex 43.7704 42.4313 7.62939e-07
      vertex 43.9125 42.4217 7.62939e-07
    endloop
  endfacet
  facet normal -0.116251 -0.99322 0
    outer loop
      vertex 43.9125 42.4217 7.62939e-07
      vertex 44.0492 42.4057 0.6
      vertex 43.9125 42.4217 0.6
    endloop
  endfacet
  facet normal -0.116251 -0.99322 -0
    outer loop
      vertex 44.0492 42.4057 0.6
      vertex 43.9125 42.4217 7.62939e-07
      vertex 44.0492 42.4057 7.62939e-07
    endloop
  endfacet
  facet normal -0.169026 -0.985612 0
    outer loop
      vertex 44.0492 42.4057 7.62939e-07
      vertex 44.1804 42.3832 0.6
      vertex 44.0492 42.4057 0.6
    endloop
  endfacet
  facet normal -0.169026 -0.985612 -0
    outer loop
      vertex 44.1804 42.3832 0.6
      vertex 44.0492 42.4057 7.62939e-07
      vertex 44.1804 42.3832 7.62939e-07
    endloop
  endfacet
  facet normal -0.22333 -0.974743 0
    outer loop
      vertex 44.1804 42.3832 7.62939e-07
      vertex 44.3061 42.3544 0.6
      vertex 44.1804 42.3832 0.6
    endloop
  endfacet
  facet normal -0.22333 -0.974743 -0
    outer loop
      vertex 44.3061 42.3544 0.6
      vertex 44.1804 42.3832 7.62939e-07
      vertex 44.3061 42.3544 7.62939e-07
    endloop
  endfacet
  facet normal -0.280827 -0.959758 0
    outer loop
      vertex 44.3061 42.3544 7.62939e-07
      vertex 44.4264 42.3192 0.6
      vertex 44.3061 42.3544 0.6
    endloop
  endfacet
  facet normal -0.280827 -0.959758 -0
    outer loop
      vertex 44.4264 42.3192 0.6
      vertex 44.3061 42.3544 7.62939e-07
      vertex 44.4264 42.3192 7.62939e-07
    endloop
  endfacet
  facet normal -1 0 0
    outer loop
      vertex 44.4264 41.7292 7.62939e-07
      vertex 44.4264 42.3192 0.6
      vertex 44.4264 42.3192 7.62939e-07
    endloop
  endfacet
  facet normal -1 -0 0
    outer loop
      vertex 44.4264 42.3192 0.6
      vertex 44.4264 41.7292 7.62939e-07
      vertex 44.4264 41.7292 0.6
    endloop
  endfacet
  facet normal 0.213653 0.97691 -0
    outer loop
      vertex 44.4264 41.7292 7.62939e-07
      vertex 44.3601 41.7437 0.6
      vertex 44.4264 41.7292 0.6
    endloop
  endfacet
  facet normal 0.213653 0.97691 0
    outer loop
      vertex 44.3601 41.7437 0.6
      vertex 44.4264 41.7292 7.62939e-07
      vertex 44.3601 41.7437 7.62939e-07
    endloop
  endfacet
  facet normal 0.191473 0.981498 -0
    outer loop
      vertex 44.3601 41.7437 7.62939e-07
      vertex 44.2991 41.7556 0.6
      vertex 44.3601 41.7437 0.6
    endloop
  endfacet
  facet normal 0.191473 0.981498 0
    outer loop
      vertex 44.2991 41.7556 0.6
      vertex 44.3601 41.7437 7.62939e-07
      vertex 44.2991 41.7556 7.62939e-07
    endloop
  endfacet
  facet normal 0.162678 0.986679 -0
    outer loop
      vertex 44.2991 41.7556 7.62939e-07
      vertex 44.2433 41.7648 0.6
      vertex 44.2991 41.7556 0.6
    endloop
  endfacet
  facet normal 0.162678 0.986679 0
    outer loop
      vertex 44.2433 41.7648 0.6
      vertex 44.2991 41.7556 7.62939e-07
      vertex 44.2433 41.7648 7.62939e-07
    endloop
  endfacet
  facet normal 0.129591 0.991568 -0
    outer loop
      vertex 44.2433 41.7648 7.62939e-07
      vertex 44.1928 41.7714 0.6
      vertex 44.2433 41.7648 0.6
    endloop
  endfacet
  facet normal 0.129591 0.991568 0
    outer loop
      vertex 44.1928 41.7714 0.6
      vertex 44.2433 41.7648 7.62939e-07
      vertex 44.1928 41.7714 7.62939e-07
    endloop
  endfacet
  facet normal 0.0881511 0.996107 -0
    outer loop
      vertex 44.1928 41.7714 7.62939e-07
      vertex 44.1476 41.7754 0.6
      vertex 44.1928 41.7714 0.6
    endloop
  endfacet
  facet normal 0.0881511 0.996107 0
    outer loop
      vertex 44.1476 41.7754 0.6
      vertex 44.1928 41.7714 7.62939e-07
      vertex 44.1476 41.7754 7.62939e-07
    endloop
  endfacet
  facet normal 0.0325642 0.99947 -0
    outer loop
      vertex 44.1476 41.7754 7.62939e-07
      vertex 44.1077 41.7767 0.6
      vertex 44.1476 41.7754 0.6
    endloop
  endfacet
  facet normal 0.0325642 0.99947 0
    outer loop
      vertex 44.1077 41.7767 0.6
      vertex 44.1476 41.7754 7.62939e-07
      vertex 44.1077 41.7767 7.62939e-07
    endloop
  endfacet
  facet normal -0.0513273 0.998682 0
    outer loop
      vertex 44.1077 41.7767 7.62939e-07
      vertex 44.0396 41.7732 0.6
      vertex 44.1077 41.7767 0.6
    endloop
  endfacet
  facet normal -0.0513273 0.998682 0
    outer loop
      vertex 44.0396 41.7732 0.6
      vertex 44.1077 41.7767 7.62939e-07
      vertex 44.0396 41.7732 7.62939e-07
    endloop
  endfacet
  facet normal -0.170333 0.985386 0
    outer loop
      vertex 44.0396 41.7732 7.62939e-07
      vertex 43.9777 41.7625 0.6
      vertex 44.0396 41.7732 0.6
    endloop
  endfacet
  facet normal -0.170333 0.985386 0
    outer loop
      vertex 43.9777 41.7625 0.6
      vertex 44.0396 41.7732 7.62939e-07
      vertex 43.9777 41.7625 7.62939e-07
    endloop
  endfacet
  facet normal -0.301295 0.953531 0
    outer loop
      vertex 43.9777 41.7625 7.62939e-07
      vertex 43.922 41.7449 0.6
      vertex 43.9777 41.7625 0.6
    endloop
  endfacet
  facet normal -0.301295 0.953531 0
    outer loop
      vertex 43.922 41.7449 0.6
      vertex 43.9777 41.7625 7.62939e-07
      vertex 43.922 41.7449 7.62939e-07
    endloop
  endfacet
  facet normal -0.447214 0.894427 0
    outer loop
      vertex 43.922 41.7449 7.62939e-07
      vertex 43.8726 41.7202 0.6
      vertex 43.922 41.7449 0.6
    endloop
  endfacet
  facet normal -0.447214 0.894427 0
    outer loop
      vertex 43.8726 41.7202 0.6
      vertex 43.922 41.7449 7.62939e-07
      vertex 43.8726 41.7202 7.62939e-07
    endloop
  endfacet
  facet normal -0.592817 0.805337 0
    outer loop
      vertex 43.8726 41.7202 7.62939e-07
      vertex 43.8294 41.6884 0.6
      vertex 43.8726 41.7202 0.6
    endloop
  endfacet
  facet normal -0.592817 0.805337 0
    outer loop
      vertex 43.8294 41.6884 0.6
      vertex 43.8726 41.7202 7.62939e-07
      vertex 43.8294 41.6884 7.62939e-07
    endloop
  endfacet
  facet normal -0.724581 0.68919 0
    outer loop
      vertex 43.7924 41.6495 7.62939e-07
      vertex 43.8294 41.6884 0.6
      vertex 43.8294 41.6884 7.62939e-07
    endloop
  endfacet
  facet normal -0.724581 0.68919 0
    outer loop
      vertex 43.8294 41.6884 0.6
      vertex 43.7924 41.6495 7.62939e-07
      vertex 43.7924 41.6495 0.6
    endloop
  endfacet
  facet normal -0.830114 0.557593 0
    outer loop
      vertex 43.7613 41.6032 7.62939e-07
      vertex 43.7924 41.6495 0.6
      vertex 43.7924 41.6495 7.62939e-07
    endloop
  endfacet
  facet normal -0.830114 0.557593 0
    outer loop
      vertex 43.7924 41.6495 0.6
      vertex 43.7613 41.6032 7.62939e-07
      vertex 43.7613 41.6032 0.6
    endloop
  endfacet
  facet normal -0.905198 0.424991 0
    outer loop
      vertex 43.7359 41.5491 7.62939e-07
      vertex 43.7613 41.6032 0.6
      vertex 43.7613 41.6032 7.62939e-07
    endloop
  endfacet
  facet normal -0.905198 0.424991 0
    outer loop
      vertex 43.7613 41.6032 0.6
      vertex 43.7359 41.5491 7.62939e-07
      vertex 43.7359 41.5491 0.6
    endloop
  endfacet
  facet normal -0.95246 0.304664 0
    outer loop
      vertex 43.7161 41.4872 7.62939e-07
      vertex 43.7359 41.5491 0.6
      vertex 43.7359 41.5491 7.62939e-07
    endloop
  endfacet
  facet normal -0.95246 0.304664 0
    outer loop
      vertex 43.7359 41.5491 0.6
      vertex 43.7161 41.4872 7.62939e-07
      vertex 43.7161 41.4872 0.6
    endloop
  endfacet
  facet normal -0.980146 0.198279 0
    outer loop
      vertex 43.702 41.4175 7.62939e-07
      vertex 43.7161 41.4872 0.6
      vertex 43.7161 41.4872 7.62939e-07
    endloop
  endfacet
  facet normal -0.980146 0.198279 0
    outer loop
      vertex 43.7161 41.4872 0.6
      vertex 43.702 41.4175 7.62939e-07
      vertex 43.702 41.4175 0.6
    endloop
  endfacet
  facet normal -0.994054 0.108885 0
    outer loop
      vertex 43.6935 41.3399 7.62939e-07
      vertex 43.702 41.4175 0.6
      vertex 43.702 41.4175 7.62939e-07
    endloop
  endfacet
  facet normal -0.994054 0.108885 0
    outer loop
      vertex 43.702 41.4175 0.6
      vertex 43.6935 41.3399 7.62939e-07
      vertex 43.6935 41.3399 0.6
    endloop
  endfacet
  facet normal -0.999463 0.0327693 0
    outer loop
      vertex 43.6907 41.2545 7.62939e-07
      vertex 43.6935 41.3399 0.6
      vertex 43.6935 41.3399 7.62939e-07
    endloop
  endfacet
  facet normal -0.999463 0.0327693 0
    outer loop
      vertex 43.6935 41.3399 0.6
      vertex 43.6907 41.2545 7.62939e-07
      vertex 43.6907 41.2545 0.6
    endloop
  endfacet
  facet normal -1 0 0
    outer loop
      vertex 43.6907 39.349 7.62939e-07
      vertex 43.6907 41.2545 0.6
      vertex 43.6907 41.2545 7.62939e-07
    endloop
  endfacet
  facet normal -1 -0 0
    outer loop
      vertex 43.6907 41.2545 0.6
      vertex 43.6907 39.349 7.62939e-07
      vertex 43.6907 39.349 0.6
    endloop
  endfacet
  facet normal 0 -1 0
    outer loop
      vertex 43.6907 39.349 7.62939e-07
      vertex 44.3857 39.349 0.6
      vertex 43.6907 39.349 0.6
    endloop
  endfacet
  facet normal 0 -1 -0
    outer loop
      vertex 44.3857 39.349 0.6
      vertex 43.6907 39.349 7.62939e-07
      vertex 44.3857 39.349 7.62939e-07
    endloop
  endfacet
  facet normal -1 0 0
    outer loop
      vertex 44.3857 38.7048 7.62939e-07
      vertex 44.3857 39.349 0.6
      vertex 44.3857 39.349 7.62939e-07
    endloop
  endfacet
  facet normal -1 -0 0
    outer loop
      vertex 44.3857 39.349 0.6
      vertex 44.3857 38.7048 7.62939e-07
      vertex 44.3857 38.7048 0.6
    endloop
  endfacet
  facet normal 0 1 -0
    outer loop
      vertex 44.3857 38.7048 7.62939e-07
      vertex 43.6907 38.7048 0.6
      vertex 44.3857 38.7048 0.6
    endloop
  endfacet
  facet normal 0 1 0
    outer loop
      vertex 43.6907 38.7048 0.6
      vertex 44.3857 38.7048 7.62939e-07
      vertex 43.6907 38.7048 7.62939e-07
    endloop
  endfacet
  facet normal -1 0 0
    outer loop
      vertex 43.6907 37.8435 7.62939e-07
      vertex 43.6907 38.7048 0.6
      vertex 43.6907 38.7048 7.62939e-07
    endloop
  endfacet
  facet normal -1 -0 0
    outer loop
      vertex 43.6907 38.7048 0.6
      vertex 43.6907 37.8435 7.62939e-07
      vertex 43.6907 37.8435 0.6
    endloop
  endfacet
  facet normal 0 1 -0
    outer loop
      vertex 43.6907 37.8435 7.62939e-07
      vertex 43.0939 37.8435 0.6
      vertex 43.6907 37.8435 0.6
    endloop
  endfacet
  facet normal 0 1 0
    outer loop
      vertex 43.0939 37.8435 0.6
      vertex 43.6907 37.8435 7.62939e-07
      vertex 43.0939 37.8435 7.62939e-07
    endloop
  endfacet
  facet normal 0.944899 0.327363 0
    outer loop
      vertex 43.0939 37.8435 0.6
      vertex 42.7955 38.7048 7.62939e-07
      vertex 42.7955 38.7048 0.6
    endloop
  endfacet
  facet normal 0.944899 0.327363 0
    outer loop
      vertex 42.7955 38.7048 7.62939e-07
      vertex 43.0939 37.8435 0.6
      vertex 43.0939 37.8435 7.62939e-07
    endloop
  endfacet
  facet normal 0 1 -0
    outer loop
      vertex 42.7955 38.7048 7.62939e-07
      vertex 42.2835 38.7048 0.6
      vertex 42.7955 38.7048 0.6
    endloop
  endfacet
  facet normal 0 1 0
    outer loop
      vertex 42.2835 38.7048 0.6
      vertex 42.7955 38.7048 7.62939e-07
      vertex 42.2835 38.7048 7.62939e-07
    endloop
  endfacet
  facet normal 1 -0 0
    outer loop
      vertex 42.2835 38.7048 0.6
      vertex 42.2835 39.349 7.62939e-07
      vertex 42.2835 39.349 0.6
    endloop
  endfacet
  facet normal 1 0 0
    outer loop
      vertex 42.2835 39.349 7.62939e-07
      vertex 42.2835 38.7048 0.6
      vertex 42.2835 38.7048 7.62939e-07
    endloop
  endfacet
  facet normal 0 -1 0
    outer loop
      vertex 42.2835 39.349 7.62939e-07
      vertex 42.7481 39.349 0.6
      vertex 42.2835 39.349 0.6
    endloop
  endfacet
  facet normal 0 -1 -0
    outer loop
      vertex 42.7481 39.349 0.6
      vertex 42.2835 39.349 7.62939e-07
      vertex 42.7481 39.349 7.62939e-07
    endloop
  endfacet
  facet normal 1 -0 0
    outer loop
      vertex 42.7481 39.349 0.6
      vertex 42.7481 41.5122 7.62939e-07
      vertex 42.7481 41.5122 0.6
    endloop
  endfacet
  facet normal 1 0 0
    outer loop
      vertex 42.7481 41.5122 7.62939e-07
      vertex 42.7481 39.349 0.6
      vertex 42.7481 39.349 7.62939e-07
    endloop
  endfacet
  facet normal 0.999099 -0.0424432 0
    outer loop
      vertex 42.7481 41.5122 0.6
      vertex 42.7544 41.6605 7.62939e-07
      vertex 42.7544 41.6605 0.6
    endloop
  endfacet
  facet normal 0.999099 -0.0424432 0
    outer loop
      vertex 42.7544 41.6605 7.62939e-07
      vertex 42.7481 41.5122 0.6
      vertex 42.7481 41.5122 7.62939e-07
    endloop
  endfacet
  facet normal 0.99037 -0.138447 0
    outer loop
      vertex 42.7544 41.6605 0.6
      vertex 42.7733 41.7957 7.62939e-07
      vertex 42.7733 41.7957 0.6
    endloop
  endfacet
  facet normal 0.99037 -0.138447 0
    outer loop
      vertex 42.7733 41.7957 7.62939e-07
      vertex 42.7544 41.6605 0.6
      vertex 42.7544 41.6605 7.62939e-07
    endloop
  endfacet
  facet normal 0.968104 -0.250549 0
    outer loop
      vertex 42.7733 41.7957 0.6
      vertex 42.8049 41.9178 7.62939e-07
      vertex 42.8049 41.9178 0.6
    endloop
  endfacet
  facet normal 0.968104 -0.250549 0
    outer loop
      vertex 42.8049 41.9178 7.62939e-07
      vertex 42.7733 41.7957 0.6
      vertex 42.7733 41.7957 7.62939e-07
    endloop
  endfacet
  facet normal 0.927123 -0.374758 0
    outer loop
      vertex 42.8049 41.9178 0.6
      vertex 42.849 42.0269 7.62939e-07
      vertex 42.849 42.0269 0.6
    endloop
  endfacet
  facet normal 0.927123 -0.374758 0
    outer loop
      vertex 42.849 42.0269 7.62939e-07
      vertex 42.8049 41.9178 0.6
      vertex 42.8049 41.9178 7.62939e-07
    endloop
  endfacet
  facet normal 0.860408 -0.509606 0
    outer loop
      vertex 42.849 42.0269 0.6
      vertex 42.9058 42.1228 7.62939e-07
      vertex 42.9058 42.1228 0.6
    endloop
  endfacet
  facet normal 0.860408 -0.509606 0
    outer loop
      vertex 42.9058 42.1228 7.62939e-07
      vertex 42.849 42.0269 0.6
      vertex 42.849 42.0269 7.62939e-07
    endloop
  endfacet
  facet normal 0.766397 -0.642367 0
    outer loop
      vertex 42.9058 42.1228 0.6
      vertex 42.9752 42.2056 7.62939e-07
      vertex 42.9752 42.2056 0.6
    endloop
  endfacet
  facet normal 0.766397 -0.642367 0
    outer loop
      vertex 42.9752 42.2056 7.62939e-07
      vertex 42.9058 42.1228 0.6
      vertex 42.9058 42.1228 7.62939e-07
    endloop
  endfacet
  facet normal 0.653401 -0.757012 0
    outer loop
      vertex 42.9752 42.2056 7.62939e-07
      vertex 43.0563 42.2756 0.6
      vertex 42.9752 42.2056 0.6
    endloop
  endfacet
  facet normal 0.653401 -0.757012 0
    outer loop
      vertex 43.0563 42.2756 0.6
      vertex 42.9752 42.2056 7.62939e-07
      vertex 43.0563 42.2756 7.62939e-07
    endloop
  endfacet
  facet normal 0.528835 -0.848725 0
    outer loop
      vertex 43.0563 42.2756 7.62939e-07
      vertex 43.1481 42.3328 0.6
      vertex 43.0563 42.2756 0.6
    endloop
  endfacet
  facet normal 0.528835 -0.848725 0
    outer loop
      vertex 43.1481 42.3328 0.6
      vertex 43.0563 42.2756 7.62939e-07
      vertex 43.1481 42.3328 7.62939e-07
    endloop
  endfacet
  facet normal 0.397909 -0.917425 0
    outer loop
      vertex 43.1481 42.3328 7.62939e-07
      vertex 43.2507 42.3773 0.6
      vertex 43.1481 42.3328 0.6
    endloop
  endfacet
  facet normal 0.397909 -0.917425 0
    outer loop
      vertex 43.2507 42.3773 0.6
      vertex 43.1481 42.3328 7.62939e-07
      vertex 43.2507 42.3773 7.62939e-07
    endloop
  endfacet
  facet normal 0.269441 -0.963017 0
    outer loop
      vertex 43.2507 42.3773 7.62939e-07
      vertex 43.364 42.409 0.6
      vertex 43.2507 42.3773 0.6
    endloop
  endfacet
  facet normal 0.269441 -0.963017 0
    outer loop
      vertex 43.364 42.409 0.6
      vertex 43.2507 42.3773 7.62939e-07
      vertex 43.364 42.409 7.62939e-07
    endloop
  endfacet
  facet normal 0.152117 -0.988362 0
    outer loop
      vertex 43.364 42.409 7.62939e-07
      vertex 43.4881 42.4281 0.6
      vertex 43.364 42.409 0.6
    endloop
  endfacet
  facet normal 0.152117 -0.988362 0
    outer loop
      vertex 43.4881 42.4281 0.6
      vertex 43.364 42.409 7.62939e-07
      vertex 43.4881 42.4281 7.62939e-07
    endloop
  endfacet
  facet normal 0.0474595 -0.998873 0
    outer loop
      vertex 43.4881 42.4281 7.62939e-07
      vertex 43.6228 42.4345 0.6
      vertex 43.4881 42.4281 0.6
    endloop
  endfacet
  facet normal 0.0474595 -0.998873 0
    outer loop
      vertex 43.6228 42.4345 0.6
      vertex 43.4881 42.4281 7.62939e-07
      vertex 43.6228 42.4345 7.62939e-07
    endloop
  endfacet
  facet normal -0.0216751 -0.999765 0
    outer loop
      vertex 43.6228 42.4345 7.62939e-07
      vertex 43.7704 42.4313 0.6
      vertex 43.6228 42.4345 0.6
    endloop
  endfacet
  facet normal -0.0216751 -0.999765 -0
    outer loop
      vertex 43.7704 42.4313 0.6
      vertex 43.6228 42.4345 7.62939e-07
      vertex 43.7704 42.4313 7.62939e-07
    endloop
  endfacet
  facet normal -0.248058 -0.968745 0
    outer loop
      vertex 26.3281 42.4212 7.62939e-07
      vertex 26.5632 42.361 0.6
      vertex 26.3281 42.4212 0.6
    endloop
  endfacet
  facet normal -0.248058 -0.968745 -0
    outer loop
      vertex 26.5632 42.361 0.6
      vertex 26.3281 42.4212 7.62939e-07
      vertex 26.5632 42.361 7.62939e-07
    endloop
  endfacet
  facet normal -0.426842 -0.904326 0
    outer loop
      vertex 26.5632 42.361 7.62939e-07
      vertex 26.7757 42.2607 0.6
      vertex 26.5632 42.361 0.6
    endloop
  endfacet
  facet normal -0.426842 -0.904326 -0
    outer loop
      vertex 26.7757 42.2607 0.6
      vertex 26.5632 42.361 7.62939e-07
      vertex 26.7757 42.2607 7.62939e-07
    endloop
  endfacet
  facet normal -0.594498 -0.804097 0
    outer loop
      vertex 26.7757 42.2607 7.62939e-07
      vertex 26.9656 42.1203 0.6
      vertex 26.7757 42.2607 0.6
    endloop
  endfacet
  facet normal -0.594498 -0.804097 -0
    outer loop
      vertex 26.9656 42.1203 0.6
      vertex 26.7757 42.2607 7.62939e-07
      vertex 26.9656 42.1203 7.62939e-07
    endloop
  endfacet
  facet normal -0.733603 -0.679578 0
    outer loop
      vertex 27.1329 41.9397 7.62939e-07
      vertex 26.9656 42.1203 0.6
      vertex 26.9656 42.1203 7.62939e-07
    endloop
  endfacet
  facet normal -0.733603 -0.679578 0
    outer loop
      vertex 26.9656 42.1203 0.6
      vertex 27.1329 41.9397 7.62939e-07
      vertex 27.1329 41.9397 0.6
    endloop
  endfacet
  facet normal -0.836455 -0.548035 0
    outer loop
      vertex 27.2775 41.719 7.62939e-07
      vertex 27.1329 41.9397 0.6
      vertex 27.1329 41.9397 7.62939e-07
    endloop
  endfacet
  facet normal -0.836455 -0.548035 0
    outer loop
      vertex 27.1329 41.9397 0.6
      vertex 27.2775 41.719 7.62939e-07
      vertex 27.2775 41.719 0.6
    endloop
  endfacet
  facet normal 0 -1 0
    outer loop
      vertex 27.2775 41.719 7.62939e-07
      vertex 27.2978 41.719 0.6
      vertex 27.2775 41.719 0.6
    endloop
  endfacet
  facet normal 0 -1 -0
    outer loop
      vertex 27.2978 41.719 0.6
      vertex 27.2775 41.719 7.62939e-07
      vertex 27.2978 41.719 7.62939e-07
    endloop
  endfacet
  facet normal 0.99052 -0.137371 0
    outer loop
      vertex 27.2978 41.719 0.6
      vertex 27.313 41.8286 7.62939e-07
      vertex 27.313 41.8286 0.6
    endloop
  endfacet
  facet normal 0.99052 -0.137371 0
    outer loop
      vertex 27.313 41.8286 7.62939e-07
      vertex 27.2978 41.719 0.6
      vertex 27.2978 41.719 7.62939e-07
    endloop
  endfacet
  facet normal 0.975333 -0.220738 0
    outer loop
      vertex 27.313 41.8286 0.6
      vertex 27.3357 41.9289 7.62939e-07
      vertex 27.3357 41.9289 0.6
    endloop
  endfacet
  facet normal 0.975333 -0.220738 0
    outer loop
      vertex 27.3357 41.9289 7.62939e-07
      vertex 27.313 41.8286 0.6
      vertex 27.313 41.8286 7.62939e-07
    endloop
  endfacet
  facet normal 0.948579 -0.31654 0
    outer loop
      vertex 27.3357 41.9289 0.6
      vertex 27.3661 42.02 7.62939e-07
      vertex 27.3661 42.02 0.6
    endloop
  endfacet
  facet normal 0.948579 -0.31654 0
    outer loop
      vertex 27.3661 42.02 7.62939e-07
      vertex 27.3357 41.9289 0.6
      vertex 27.3357 41.9289 7.62939e-07
    endloop
  endfacet
  facet normal 0.906918 -0.421307 0
    outer loop
      vertex 27.3661 42.02 0.6
      vertex 27.4041 42.1018 7.62939e-07
      vertex 27.4041 42.1018 0.6
    endloop
  endfacet
  facet normal 0.906918 -0.421307 0
    outer loop
      vertex 27.4041 42.1018 7.62939e-07
      vertex 27.3661 42.02 0.6
      vertex 27.3661 42.02 7.62939e-07
    endloop
  endfacet
  facet normal 0.846817 -0.531885 0
    outer loop
      vertex 27.4041 42.1018 0.6
      vertex 27.4497 42.1744 7.62939e-07
      vertex 27.4497 42.1744 0.6
    endloop
  endfacet
  facet normal 0.846817 -0.531885 0
    outer loop
      vertex 27.4497 42.1744 7.62939e-07
      vertex 27.4041 42.1018 0.6
      vertex 27.4041 42.1018 7.62939e-07
    endloop
  endfacet
  facet normal 0.765443 -0.643503 0
    outer loop
      vertex 27.4497 42.1744 0.6
      vertex 27.503 42.2378 7.62939e-07
      vertex 27.503 42.2378 0.6
    endloop
  endfacet
  facet normal 0.765443 -0.643503 0
    outer loop
      vertex 27.503 42.2378 7.62939e-07
      vertex 27.4497 42.1744 0.6
      vertex 27.4497 42.1744 7.62939e-07
    endloop
  endfacet
  facet normal 0.654283 -0.75625 0
    outer loop
      vertex 27.503 42.2378 7.62939e-07
      vertex 27.5653 42.2917 0.6
      vertex 27.503 42.2378 0.6
    endloop
  endfacet
  facet normal 0.654283 -0.75625 0
    outer loop
      vertex 27.5653 42.2917 0.6
      vertex 27.503 42.2378 7.62939e-07
      vertex 27.5653 42.2917 7.62939e-07
    endloop
  endfacet
  facet normal 0.518119 -0.855308 0
    outer loop
      vertex 27.5653 42.2917 7.62939e-07
      vertex 27.6381 42.3358 0.6
      vertex 27.5653 42.2917 0.6
    endloop
  endfacet
  facet normal 0.518119 -0.855308 0
    outer loop
      vertex 27.6381 42.3358 0.6
      vertex 27.5653 42.2917 7.62939e-07
      vertex 27.6381 42.3358 7.62939e-07
    endloop
  endfacet
  facet normal 0.381141 -0.924517 0
    outer loop
      vertex 27.6381 42.3358 7.62939e-07
      vertex 27.7213 42.3701 0.6
      vertex 27.6381 42.3358 0.6
    endloop
  endfacet
  facet normal 0.381141 -0.924517 0
    outer loop
      vertex 27.7213 42.3701 0.6
      vertex 27.6381 42.3358 7.62939e-07
      vertex 27.7213 42.3701 7.62939e-07
    endloop
  endfacet
  facet normal 0.252254 -0.967661 0
    outer loop
      vertex 27.7213 42.3701 7.62939e-07
      vertex 27.8149 42.3945 0.6
      vertex 27.7213 42.3701 0.6
    endloop
  endfacet
  facet normal 0.252254 -0.967661 0
    outer loop
      vertex 27.8149 42.3945 0.6
      vertex 27.7213 42.3701 7.62939e-07
      vertex 27.8149 42.3945 7.62939e-07
    endloop
  endfacet
  facet normal 0.139692 -0.990195 0
    outer loop
      vertex 27.8149 42.3945 7.62939e-07
      vertex 27.9191 42.4092 0.6
      vertex 27.8149 42.3945 0.6
    endloop
  endfacet
  facet normal 0.139692 -0.990195 0
    outer loop
      vertex 27.9191 42.4092 0.6
      vertex 27.8149 42.3945 7.62939e-07
      vertex 27.9191 42.4092 7.62939e-07
    endloop
  endfacet
  facet normal 0.0427556 -0.999086 0
    outer loop
      vertex 27.9191 42.4092 7.62939e-07
      vertex 28.0336 42.4141 0.6
      vertex 27.9191 42.4092 0.6
    endloop
  endfacet
  facet normal 0.0427556 -0.999086 0
    outer loop
      vertex 28.0336 42.4141 0.6
      vertex 27.9191 42.4092 7.62939e-07
      vertex 28.0336 42.4141 7.62939e-07
    endloop
  endfacet
  facet normal -0.00602399 -0.999982 0
    outer loop
      vertex 28.0336 42.4141 7.62939e-07
      vertex 28.0668 42.4139 0.6
      vertex 28.0336 42.4141 0.6
    endloop
  endfacet
  facet normal -0.00602399 -0.999982 -0
    outer loop
      vertex 28.0668 42.4139 0.6
      vertex 28.0336 42.4141 7.62939e-07
      vertex 28.0668 42.4139 7.62939e-07
    endloop
  endfacet
  facet normal -0.0157213 -0.999876 0
    outer loop
      vertex 28.0668 42.4139 7.62939e-07
      vertex 28.0986 42.4134 0.6
      vertex 28.0668 42.4139 0.6
    endloop
  endfacet
  facet normal -0.0157213 -0.999876 -0
    outer loop
      vertex 28.0986 42.4134 0.6
      vertex 28.0668 42.4139 7.62939e-07
      vertex 28.0986 42.4134 7.62939e-07
    endloop
  endfacet
  facet normal -0.032877 -0.999459 0
    outer loop
      vertex 28.0986 42.4134 7.62939e-07
      vertex 28.129 42.4124 0.6
      vertex 28.0986 42.4134 0.6
    endloop
  endfacet
  facet normal -0.032877 -0.999459 -0
    outer loop
      vertex 28.129 42.4124 0.6
      vertex 28.0986 42.4134 7.62939e-07
      vertex 28.129 42.4124 7.62939e-07
    endloop
  endfacet
  facet normal -0.0449373 -0.99899 0
    outer loop
      vertex 28.129 42.4124 7.62939e-07
      vertex 28.1579 42.4111 0.6
      vertex 28.129 42.4124 0.6
    endloop
  endfacet
  facet normal -0.0449373 -0.99899 -0
    outer loop
      vertex 28.1579 42.4111 0.6
      vertex 28.129 42.4124 7.62939e-07
      vertex 28.1579 42.4111 7.62939e-07
    endloop
  endfacet
  facet normal -0.0614777 -0.998108 0
    outer loop
      vertex 28.1579 42.4111 7.62939e-07
      vertex 28.1855 42.4094 0.6
      vertex 28.1579 42.4111 0.6
    endloop
  endfacet
  facet normal -0.0614777 -0.998108 -0
    outer loop
      vertex 28.1855 42.4094 0.6
      vertex 28.1579 42.4111 7.62939e-07
      vertex 28.1855 42.4094 7.62939e-07
    endloop
  endfacet
  facet normal -0.0802006 -0.996779 0
    outer loop
      vertex 28.1855 42.4094 7.62939e-07
      vertex 28.2116 42.4073 0.6
      vertex 28.1855 42.4094 0.6
    endloop
  endfacet
  facet normal -0.0802006 -0.996779 -0
    outer loop
      vertex 28.2116 42.4073 0.6
      vertex 28.1855 42.4094 7.62939e-07
      vertex 28.2116 42.4073 7.62939e-07
    endloop
  endfacet
  facet normal -0.0908921 -0.995861 0
    outer loop
      vertex 28.2116 42.4073 7.62939e-07
      vertex 28.2368 42.405 0.6
      vertex 28.2116 42.4073 0.6
    endloop
  endfacet
  facet normal -0.0908921 -0.995861 -0
    outer loop
      vertex 28.2368 42.405 0.6
      vertex 28.2116 42.4073 7.62939e-07
      vertex 28.2368 42.405 7.62939e-07
    endloop
  endfacet
  facet normal -0.100298 -0.994957 0
    outer loop
      vertex 28.2368 42.405 7.62939e-07
      vertex 28.2616 42.4025 0.6
      vertex 28.2368 42.405 0.6
    endloop
  endfacet
  facet normal -0.100298 -0.994957 -0
    outer loop
      vertex 28.2616 42.4025 0.6
      vertex 28.2368 42.405 7.62939e-07
      vertex 28.2616 42.4025 7.62939e-07
    endloop
  endfacet
  facet normal -0.114936 -0.993373 0
    outer loop
      vertex 28.2616 42.4025 7.62939e-07
      vertex 28.2858 42.3997 0.6
      vertex 28.2616 42.4025 0.6
    endloop
  endfacet
  facet normal -0.114936 -0.993373 -0
    outer loop
      vertex 28.2858 42.3997 0.6
      vertex 28.2616 42.4025 7.62939e-07
      vertex 28.2858 42.3997 7.62939e-07
    endloop
  endfacet
  facet normal -0.120954 -0.992658 0
    outer loop
      vertex 28.2858 42.3997 7.62939e-07
      vertex 28.3096 42.3968 0.6
      vertex 28.2858 42.3997 0.6
    endloop
  endfacet
  facet normal -0.120954 -0.992658 -0
    outer loop
      vertex 28.3096 42.3968 0.6
      vertex 28.2858 42.3997 7.62939e-07
      vertex 28.3096 42.3968 7.62939e-07
    endloop
  endfacet
  facet normal -0.131885 -0.991265 0
    outer loop
      vertex 28.3096 42.3968 7.62939e-07
      vertex 28.3329 42.3937 0.6
      vertex 28.3096 42.3968 0.6
    endloop
  endfacet
  facet normal -0.131885 -0.991265 -0
    outer loop
      vertex 28.3329 42.3937 0.6
      vertex 28.3096 42.3968 7.62939e-07
      vertex 28.3329 42.3937 7.62939e-07
    endloop
  endfacet
  facet normal -0.143244 -0.989687 0
    outer loop
      vertex 28.3329 42.3937 7.62939e-07
      vertex 28.3557 42.3904 0.6
      vertex 28.3329 42.3937 0.6
    endloop
  endfacet
  facet normal -0.143244 -0.989687 -0
    outer loop
      vertex 28.3557 42.3904 0.6
      vertex 28.3329 42.3937 7.62939e-07
      vertex 28.3557 42.3904 7.62939e-07
    endloop
  endfacet
  facet normal -0.157309 -0.987549 0
    outer loop
      vertex 28.3557 42.3904 7.62939e-07
      vertex 28.3783 42.3868 0.6
      vertex 28.3557 42.3904 0.6
    endloop
  endfacet
  facet normal -0.157309 -0.987549 -0
    outer loop
      vertex 28.3783 42.3868 0.6
      vertex 28.3557 42.3904 7.62939e-07
      vertex 28.3783 42.3868 7.62939e-07
    endloop
  endfacet
  facet normal -0.170053 -0.985435 0
    outer loop
      vertex 28.3783 42.3868 7.62939e-07
      vertex 28.4009 42.3829 0.6
      vertex 28.3783 42.3868 0.6
    endloop
  endfacet
  facet normal -0.170053 -0.985435 -0
    outer loop
      vertex 28.4009 42.3829 0.6
      vertex 28.3783 42.3868 7.62939e-07
      vertex 28.4009 42.3829 7.62939e-07
    endloop
  endfacet
  facet normal -0.191102 -0.98157 0
    outer loop
      vertex 28.4009 42.3829 7.62939e-07
      vertex 28.4235 42.3785 0.6
      vertex 28.4009 42.3829 0.6
    endloop
  endfacet
  facet normal -0.191102 -0.98157 -0
    outer loop
      vertex 28.4235 42.3785 0.6
      vertex 28.4009 42.3829 7.62939e-07
      vertex 28.4235 42.3785 7.62939e-07
    endloop
  endfacet
  facet normal -0.203608 -0.979052 0
    outer loop
      vertex 28.4235 42.3785 7.62939e-07
      vertex 28.4461 42.3738 0.6
      vertex 28.4235 42.3785 0.6
    endloop
  endfacet
  facet normal -0.203608 -0.979052 -0
    outer loop
      vertex 28.4461 42.3738 0.6
      vertex 28.4235 42.3785 7.62939e-07
      vertex 28.4461 42.3738 7.62939e-07
    endloop
  endfacet
  facet normal -0.220128 -0.975471 0
    outer loop
      vertex 28.4461 42.3738 7.62939e-07
      vertex 28.4687 42.3687 0.6
      vertex 28.4461 42.3738 0.6
    endloop
  endfacet
  facet normal -0.220128 -0.975471 -0
    outer loop
      vertex 28.4687 42.3687 0.6
      vertex 28.4461 42.3738 7.62939e-07
      vertex 28.4687 42.3687 7.62939e-07
    endloop
  endfacet
  facet normal -0.232396 -0.972621 0
    outer loop
      vertex 28.4687 42.3687 7.62939e-07
      vertex 28.4913 42.3633 0.6
      vertex 28.4687 42.3687 0.6
    endloop
  endfacet
  facet normal -0.232396 -0.972621 -0
    outer loop
      vertex 28.4913 42.3633 0.6
      vertex 28.4687 42.3687 7.62939e-07
      vertex 28.4913 42.3633 7.62939e-07
    endloop
  endfacet
  facet normal -0.243523 -0.969895 0
    outer loop
      vertex 28.4913 42.3633 7.62939e-07
      vertex 28.5144 42.3575 0.6
      vertex 28.4913 42.3633 0.6
    endloop
  endfacet
  facet normal -0.243523 -0.969895 -0
    outer loop
      vertex 28.5144 42.3575 0.6
      vertex 28.4913 42.3633 7.62939e-07
      vertex 28.5144 42.3575 7.62939e-07
    endloop
  endfacet
  facet normal -0.237791 -0.971316 0
    outer loop
      vertex 28.5144 42.3575 7.62939e-07
      vertex 28.5385 42.3516 0.6
      vertex 28.5144 42.3575 0.6
    endloop
  endfacet
  facet normal -0.237791 -0.971316 -0
    outer loop
      vertex 28.5385 42.3516 0.6
      vertex 28.5144 42.3575 7.62939e-07
      vertex 28.5385 42.3516 7.62939e-07
    endloop
  endfacet
  facet normal -0.238936 -0.971035 0
    outer loop
      vertex 28.5385 42.3516 7.62939e-07
      vertex 28.5893 42.3391 0.6
      vertex 28.5385 42.3516 0.6
    endloop
  endfacet
  facet normal -0.238936 -0.971035 -0
    outer loop
      vertex 28.5893 42.3391 0.6
      vertex 28.5385 42.3516 7.62939e-07
      vertex 28.5893 42.3391 7.62939e-07
    endloop
  endfacet
  facet normal -0.233306 -0.972403 0
    outer loop
      vertex 28.5893 42.3391 7.62939e-07
      vertex 28.6439 42.326 0.6
      vertex 28.5893 42.3391 0.6
    endloop
  endfacet
  facet normal -0.233306 -0.972403 -0
    outer loop
      vertex 28.6439 42.326 0.6
      vertex 28.5893 42.3391 7.62939e-07
      vertex 28.6439 42.326 7.62939e-07
    endloop
  endfacet
  facet normal -1 0 0
    outer loop
      vertex 28.6439 41.8106 7.62939e-07
      vertex 28.6439 42.326 0.6
      vertex 28.6439 42.326 7.62939e-07
    endloop
  endfacet
  facet normal -1 -0 0
    outer loop
      vertex 28.6439 42.326 0.6
      vertex 28.6439 41.8106 7.62939e-07
      vertex 28.6439 41.8106 0.6
    endloop
  endfacet
  facet normal 0.178885 0.98387 -0
    outer loop
      vertex 28.6439 41.8106 7.62939e-07
      vertex 28.6098 41.8168 0.6
      vertex 28.6439 41.8106 0.6
    endloop
  endfacet
  facet normal 0.178885 0.98387 0
    outer loop
      vertex 28.6098 41.8168 0.6
      vertex 28.6439 41.8106 7.62939e-07
      vertex 28.6098 41.8168 7.62939e-07
    endloop
  endfacet
  facet normal 0.146653 0.989188 -0
    outer loop
      vertex 28.6098 41.8168 7.62939e-07
      vertex 28.5754 41.8219 0.6
      vertex 28.6098 41.8168 0.6
    endloop
  endfacet
  facet normal 0.146653 0.989188 0
    outer loop
      vertex 28.5754 41.8219 0.6
      vertex 28.6098 41.8168 7.62939e-07
      vertex 28.5754 41.8219 7.62939e-07
    endloop
  endfacet
  facet normal 0.111057 0.993814 -0
    outer loop
      vertex 28.5754 41.8219 7.62939e-07
      vertex 28.5405 41.8258 0.6
      vertex 28.5754 41.8219 0.6
    endloop
  endfacet
  facet normal 0.111057 0.993814 0
    outer loop
      vertex 28.5405 41.8258 0.6
      vertex 28.5754 41.8219 7.62939e-07
      vertex 28.5405 41.8258 7.62939e-07
    endloop
  endfacet
  facet normal 0.0821082 0.996623 -0
    outer loop
      vertex 28.5405 41.8258 7.62939e-07
      vertex 28.5053 41.8287 0.6
      vertex 28.5405 41.8258 0.6
    endloop
  endfacet
  facet normal 0.0821082 0.996623 0
    outer loop
      vertex 28.5053 41.8287 0.6
      vertex 28.5405 41.8258 7.62939e-07
      vertex 28.5053 41.8287 7.62939e-07
    endloop
  endfacet
  facet normal 0.0476985 0.998862 -0
    outer loop
      vertex 28.5053 41.8287 7.62939e-07
      vertex 28.4697 41.8304 0.6
      vertex 28.5053 41.8287 0.6
    endloop
  endfacet
  facet normal 0.0476985 0.998862 0
    outer loop
      vertex 28.4697 41.8304 0.6
      vertex 28.5053 41.8287 7.62939e-07
      vertex 28.4697 41.8304 7.62939e-07
    endloop
  endfacet
  facet normal 0.0138875 0.999904 -0
    outer loop
      vertex 28.4697 41.8304 7.62939e-07
      vertex 28.4337 41.8309 0.6
      vertex 28.4697 41.8304 0.6
    endloop
  endfacet
  facet normal 0.0138875 0.999904 0
    outer loop
      vertex 28.4337 41.8309 0.6
      vertex 28.4697 41.8304 7.62939e-07
      vertex 28.4337 41.8309 7.62939e-07
    endloop
  endfacet
  facet normal -0.0618966 0.998083 0
    outer loop
      vertex 28.4337 41.8309 7.62939e-07
      vertex 28.3821 41.8277 0.6
      vertex 28.4337 41.8309 0.6
    endloop
  endfacet
  facet normal -0.0618966 0.998083 0
    outer loop
      vertex 28.3821 41.8277 0.6
      vertex 28.4337 41.8309 7.62939e-07
      vertex 28.3821 41.8277 7.62939e-07
    endloop
  endfacet
  facet normal -0.206223 0.978505 0
    outer loop
      vertex 28.3821 41.8277 7.62939e-07
      vertex 28.3356 41.8179 0.6
      vertex 28.3821 41.8277 0.6
    endloop
  endfacet
  facet normal -0.206223 0.978505 0
    outer loop
      vertex 28.3356 41.8179 0.6
      vertex 28.3821 41.8277 7.62939e-07
      vertex 28.3356 41.8179 7.62939e-07
    endloop
  endfacet
  facet normal -0.365164 0.930943 0
    outer loop
      vertex 28.3356 41.8179 7.62939e-07
      vertex 28.2943 41.8017 0.6
      vertex 28.3356 41.8179 0.6
    endloop
  endfacet
  facet normal -0.365164 0.930943 0
    outer loop
      vertex 28.2943 41.8017 0.6
      vertex 28.3356 41.8179 7.62939e-07
      vertex 28.2943 41.8017 7.62939e-07
    endloop
  endfacet
  facet normal -0.533993 0.845489 0
    outer loop
      vertex 28.2943 41.8017 7.62939e-07
      vertex 28.2582 41.7789 0.6
      vertex 28.2943 41.8017 0.6
    endloop
  endfacet
  facet normal -0.533993 0.845489 0
    outer loop
      vertex 28.2582 41.7789 0.6
      vertex 28.2943 41.8017 7.62939e-07
      vertex 28.2582 41.7789 7.62939e-07
    endloop
  endfacet
  facet normal -0.685658 0.727924 0
    outer loop
      vertex 28.2582 41.7789 7.62939e-07
      vertex 28.2272 41.7497 0.6
      vertex 28.2582 41.7789 0.6
    endloop
  endfacet
  facet normal -0.685658 0.727924 0
    outer loop
      vertex 28.2272 41.7497 0.6
      vertex 28.2582 41.7789 7.62939e-07
      vertex 28.2272 41.7497 7.62939e-07
    endloop
  endfacet
  facet normal -0.8105 0.585739 0
    outer loop
      vertex 28.2014 41.714 7.62939e-07
      vertex 28.2272 41.7497 0.6
      vertex 28.2272 41.7497 7.62939e-07
    endloop
  endfacet
  facet normal -0.8105 0.585739 0
    outer loop
      vertex 28.2272 41.7497 0.6
      vertex 28.2014 41.714 7.62939e-07
      vertex 28.2014 41.714 0.6
    endloop
  endfacet
  facet normal -0.902031 0.431672 0
    outer loop
      vertex 28.1802 41.6697 7.62939e-07
      vertex 28.2014 41.714 0.6
      vertex 28.2014 41.714 7.62939e-07
    endloop
  endfacet
  facet normal -0.902031 0.431672 0
    outer loop
      vertex 28.2014 41.714 0.6
      vertex 28.1802 41.6697 7.62939e-07
      vertex 28.1802 41.6697 0.6
    endloop
  endfacet
  facet normal -0.953425 0.301629 0
    outer loop
      vertex 28.1628 41.6147 7.62939e-07
      vertex 28.1802 41.6697 0.6
      vertex 28.1802 41.6697 7.62939e-07
    endloop
  endfacet
  facet normal -0.953425 0.301629 0
    outer loop
      vertex 28.1802 41.6697 0.6
      vertex 28.1628 41.6147 7.62939e-07
      vertex 28.1628 41.6147 0.6
    endloop
  endfacet
  facet normal -0.979474 0.201569 0
    outer loop
      vertex 28.1493 41.5491 7.62939e-07
      vertex 28.1628 41.6147 0.6
      vertex 28.1628 41.6147 7.62939e-07
    endloop
  endfacet
  facet normal -0.979474 0.201569 0
    outer loop
      vertex 28.1628 41.6147 0.6
      vertex 28.1493 41.5491 7.62939e-07
      vertex 28.1493 41.5491 0.6
    endloop
  endfacet
  facet normal -0.992178 0.124835 0
    outer loop
      vertex 28.1397 41.4728 7.62939e-07
      vertex 28.1493 41.5491 0.6
      vertex 28.1493 41.5491 7.62939e-07
    endloop
  endfacet
  facet normal -0.992178 0.124835 0
    outer loop
      vertex 28.1493 41.5491 0.6
      vertex 28.1397 41.4728 7.62939e-07
      vertex 28.1397 41.4728 0.6
    endloop
  endfacet
  facet normal -0.997775 0.0666716 0
    outer loop
      vertex 28.1339 41.386 7.62939e-07
      vertex 28.1397 41.4728 0.6
      vertex 28.1397 41.4728 7.62939e-07
    endloop
  endfacet
  facet normal -0.997775 0.0666716 0
    outer loop
      vertex 28.1397 41.4728 0.6
      vertex 28.1339 41.386 7.62939e-07
      vertex 28.1339 41.386 0.6
    endloop
  endfacet
  facet normal -0.99979 0.0204875 0
    outer loop
      vertex 28.1319 41.2884 7.62939e-07
      vertex 28.1339 41.386 0.6
      vertex 28.1339 41.386 7.62939e-07
    endloop
  endfacet
  facet normal -0.99979 0.0204875 0
    outer loop
      vertex 28.1339 41.386 0.6
      vertex 28.1319 41.2884 7.62939e-07
      vertex 28.1319 41.2884 0.6
    endloop
  endfacet
  facet normal -1 0 0
    outer loop
      vertex 28.1319 39.9525 7.62939e-07
      vertex 28.1319 41.2884 0.6
      vertex 28.1319 41.2884 7.62939e-07
    endloop
  endfacet
  facet normal -1 -0 0
    outer loop
      vertex 28.1319 41.2884 0.6
      vertex 28.1319 39.9525 7.62939e-07
      vertex 28.1319 39.9525 0.6
    endloop
  endfacet
  facet normal -0.99868 0.0513663 0
    outer loop
      vertex 28.1215 39.7503 7.62939e-07
      vertex 28.1319 39.9525 0.6
      vertex 28.1319 39.9525 7.62939e-07
    endloop
  endfacet
  facet normal -0.99868 0.0513663 0
    outer loop
      vertex 28.1319 39.9525 0.6
      vertex 28.1215 39.7503 7.62939e-07
      vertex 28.1215 39.7503 0.6
    endloop
  endfacet
  facet normal -0.986077 0.166288 0
    outer loop
      vertex 28.0901 39.5641 7.62939e-07
      vertex 28.1215 39.7503 0.6
      vertex 28.1215 39.7503 7.62939e-07
    endloop
  endfacet
  facet normal -0.986077 0.166288 0
    outer loop
      vertex 28.1215 39.7503 0.6
      vertex 28.0901 39.5641 7.62939e-07
      vertex 28.0901 39.5641 0.6
    endloop
  endfacet
  facet normal -0.956046 0.293217 0
    outer loop
      vertex 28.0379 39.3939 7.62939e-07
      vertex 28.0901 39.5641 0.6
      vertex 28.0901 39.5641 7.62939e-07
    endloop
  endfacet
  facet normal -0.956046 0.293217 0
    outer loop
      vertex 28.0901 39.5641 0.6
      vertex 28.0379 39.3939 7.62939e-07
      vertex 28.0379 39.3939 0.6
    endloop
  endfacet
  facet normal -0.903272 0.429069 0
    outer loop
      vertex 27.9647 39.2398 7.62939e-07
      vertex 28.0379 39.3939 0.6
      vertex 28.0379 39.3939 7.62939e-07
    endloop
  endfacet
  facet normal -0.903272 0.429069 0
    outer loop
      vertex 28.0379 39.3939 0.6
      vertex 27.9647 39.2398 7.62939e-07
      vertex 27.9647 39.2398 0.6
    endloop
  endfacet
  facet normal -0.826581 0.562817 0
    outer loop
      vertex 27.8706 39.1016 7.62939e-07
      vertex 27.9647 39.2398 0.6
      vertex 27.9647 39.2398 7.62939e-07
    endloop
  endfacet
  facet normal -0.826581 0.562817 0
    outer loop
      vertex 27.9647 39.2398 0.6
      vertex 27.8706 39.1016 7.62939e-07
      vertex 27.8706 39.1016 0.6
    endloop
  endfacet
  facet normal -0.727955 0.685625 0
    outer loop
      vertex 27.7556 38.9795 7.62939e-07
      vertex 27.8706 39.1016 0.6
      vertex 27.8706 39.1016 7.62939e-07
    endloop
  endfacet
  facet normal -0.727955 0.685625 0
    outer loop
      vertex 27.8706 39.1016 0.6
      vertex 27.7556 38.9795 7.62939e-07
      vertex 27.7556 38.9795 0.6
    endloop
  endfacet
  facet normal -0.614835 0.788656 0
    outer loop
      vertex 27.7556 38.9795 7.62939e-07
      vertex 27.6213 38.8748 0.6
      vertex 27.7556 38.9795 0.6
    endloop
  endfacet
  facet normal -0.614835 0.788656 0
    outer loop
      vertex 27.6213 38.8748 0.6
      vertex 27.7556 38.9795 7.62939e-07
      vertex 27.6213 38.8748 7.62939e-07
    endloop
  endfacet
  facet normal -0.490697 0.87133 0
    outer loop
      vertex 27.6213 38.8748 7.62939e-07
      vertex 27.4693 38.7892 0.6
      vertex 27.6213 38.8748 0.6
    endloop
  endfacet
  facet normal -0.490697 0.87133 0
    outer loop
      vertex 27.4693 38.7892 0.6
      vertex 27.6213 38.8748 7.62939e-07
      vertex 27.4693 38.7892 7.62939e-07
    endloop
  endfacet
  facet normal -0.365143 0.930951 0
    outer loop
      vertex 27.4693 38.7892 7.62939e-07
      vertex 27.2995 38.7226 0.6
      vertex 27.4693 38.7892 0.6
    endloop
  endfacet
  facet normal -0.365143 0.930951 0
    outer loop
      vertex 27.2995 38.7226 0.6
      vertex 27.4693 38.7892 7.62939e-07
      vertex 27.2995 38.7226 7.62939e-07
    endloop
  endfacet
  facet normal -0.245699 0.969346 0
    outer loop
      vertex 27.2995 38.7226 7.62939e-07
      vertex 27.1121 38.6751 0.6
      vertex 27.2995 38.7226 0.6
    endloop
  endfacet
  facet normal -0.245699 0.969346 0
    outer loop
      vertex 27.1121 38.6751 0.6
      vertex 27.2995 38.7226 7.62939e-07
      vertex 27.1121 38.6751 7.62939e-07
    endloop
  endfacet
  facet normal -0.138108 0.990417 0
    outer loop
      vertex 27.1121 38.6751 7.62939e-07
      vertex 26.907 38.6465 0.6
      vertex 27.1121 38.6751 0.6
    endloop
  endfacet
  facet normal -0.138108 0.990417 0
    outer loop
      vertex 26.907 38.6465 0.6
      vertex 27.1121 38.6751 7.62939e-07
      vertex 26.907 38.6465 7.62939e-07
    endloop
  endfacet
  facet normal -0.0425814 0.999093 0
    outer loop
      vertex 26.907 38.6465 7.62939e-07
      vertex 26.6841 38.637 0.6
      vertex 26.907 38.6465 0.6
    endloop
  endfacet
  facet normal -0.0425814 0.999093 0
    outer loop
      vertex 26.6841 38.637 0.6
      vertex 26.907 38.6465 7.62939e-07
      vertex 26.6841 38.637 7.62939e-07
    endloop
  endfacet
  facet normal 0.0347734 0.999395 -0
    outer loop
      vertex 26.6841 38.637 7.62939e-07
      vertex 26.4628 38.6447 0.6
      vertex 26.6841 38.637 0.6
    endloop
  endfacet
  facet normal 0.0347734 0.999395 0
    outer loop
      vertex 26.4628 38.6447 0.6
      vertex 26.6841 38.637 7.62939e-07
      vertex 26.4628 38.6447 7.62939e-07
    endloop
  endfacet
  facet normal 0.111335 0.993783 -0
    outer loop
      vertex 26.4628 38.6447 7.62939e-07
      vertex 26.2575 38.6677 0.6
      vertex 26.4628 38.6447 0.6
    endloop
  endfacet
  facet normal 0.111335 0.993783 0
    outer loop
      vertex 26.2575 38.6677 0.6
      vertex 26.4628 38.6447 7.62939e-07
      vertex 26.2575 38.6677 7.62939e-07
    endloop
  endfacet
  facet normal 0.198904 0.980019 -0
    outer loop
      vertex 26.2575 38.6677 7.62939e-07
      vertex 26.0683 38.7061 0.6
      vertex 26.2575 38.6677 0.6
    endloop
  endfacet
  facet normal 0.198904 0.980019 0
    outer loop
      vertex 26.0683 38.7061 0.6
      vertex 26.2575 38.6677 7.62939e-07
      vertex 26.0683 38.7061 7.62939e-07
    endloop
  endfacet
  facet normal 0.296295 0.955096 -0
    outer loop
      vertex 26.0683 38.7061 7.62939e-07
      vertex 25.8952 38.7598 0.6
      vertex 26.0683 38.7061 0.6
    endloop
  endfacet
  facet normal 0.296295 0.955096 0
    outer loop
      vertex 25.8952 38.7598 0.6
      vertex 26.0683 38.7061 7.62939e-07
      vertex 25.8952 38.7598 7.62939e-07
    endloop
  endfacet
  facet normal 0.403051 0.915177 -0
    outer loop
      vertex 25.8952 38.7598 7.62939e-07
      vertex 25.7383 38.8289 0.6
      vertex 25.8952 38.7598 0.6
    endloop
  endfacet
  facet normal 0.403051 0.915177 0
    outer loop
      vertex 25.7383 38.8289 0.6
      vertex 25.8952 38.7598 7.62939e-07
      vertex 25.7383 38.8289 7.62939e-07
    endloop
  endfacet
  facet normal 0.513869 0.857869 -0
    outer loop
      vertex 25.7383 38.8289 7.62939e-07
      vertex 25.5974 38.9133 0.6
      vertex 25.7383 38.8289 0.6
    endloop
  endfacet
  facet normal 0.513869 0.857869 0
    outer loop
      vertex 25.5974 38.9133 0.6
      vertex 25.7383 38.8289 7.62939e-07
      vertex 25.5974 38.9133 7.62939e-07
    endloop
  endfacet
  facet normal 0.624848 0.780746 -0
    outer loop
      vertex 25.5974 38.9133 7.62939e-07
      vertex 25.4732 39.0127 0.6
      vertex 25.5974 38.9133 0.6
    endloop
  endfacet
  facet normal 0.624848 0.780746 0
    outer loop
      vertex 25.4732 39.0127 0.6
      vertex 25.5974 38.9133 7.62939e-07
      vertex 25.4732 39.0127 7.62939e-07
    endloop
  endfacet
  facet normal 0.727599 0.686003 0
    outer loop
      vertex 25.4732 39.0127 0.6
      vertex 25.366 39.1264 7.62939e-07
      vertex 25.366 39.1264 0.6
    endloop
  endfacet
  facet normal 0.727599 0.686003 0
    outer loop
      vertex 25.366 39.1264 7.62939e-07
      vertex 25.4732 39.0127 0.6
      vertex 25.4732 39.0127 7.62939e-07
    endloop
  endfacet
  facet normal 0.817639 0.575731 0
    outer loop
      vertex 25.366 39.1264 0.6
      vertex 25.2758 39.2545 7.62939e-07
      vertex 25.2758 39.2545 0.6
    endloop
  endfacet
  facet normal 0.817639 0.575731 0
    outer loop
      vertex 25.2758 39.2545 7.62939e-07
      vertex 25.366 39.1264 0.6
      vertex 25.366 39.1264 7.62939e-07
    endloop
  endfacet
  facet normal 0.889759 0.456431 0
    outer loop
      vertex 25.2758 39.2545 0.6
      vertex 25.2027 39.397 7.62939e-07
      vertex 25.2027 39.397 0.6
    endloop
  endfacet
  facet normal 0.889759 0.456431 0
    outer loop
      vertex 25.2027 39.397 7.62939e-07
      vertex 25.2758 39.2545 0.6
      vertex 25.2758 39.2545 7.62939e-07
    endloop
  endfacet
  facet normal 0.941688 0.336488 0
    outer loop
      vertex 25.2027 39.397 0.6
      vertex 25.1466 39.554 7.62939e-07
      vertex 25.1466 39.554 0.6
    endloop
  endfacet
  facet normal 0.941688 0.336488 0
    outer loop
      vertex 25.1466 39.554 7.62939e-07
      vertex 25.2027 39.397 0.6
      vertex 25.2027 39.397 7.62939e-07
    endloop
  endfacet
  facet normal 0.974926 0.222531 0
    outer loop
      vertex 25.1466 39.554 0.6
      vertex 25.1075 39.7253 7.62939e-07
      vertex 25.1075 39.7253 0.6
    endloop
  endfacet
  facet normal 0.974926 0.222531 0
    outer loop
      vertex 25.1075 39.7253 7.62939e-07
      vertex 25.1466 39.554 0.6
      vertex 25.1466 39.554 7.62939e-07
    endloop
  endfacet
  facet normal 0.0477562 -0.998859 0
    outer loop
      vertex 25.1075 39.7253 7.62939e-07
      vertex 26.101 39.7728 0.6
      vertex 25.1075 39.7253 0.6
    endloop
  endfacet
  facet normal 0.0477562 -0.998859 0
    outer loop
      vertex 26.101 39.7728 0.6
      vertex 25.1075 39.7253 7.62939e-07
      vertex 26.101 39.7728 7.62939e-07
    endloop
  endfacet
  facet normal -0.989815 -0.142363 0
    outer loop
      vertex 26.1137 39.6845 7.62939e-07
      vertex 26.101 39.7728 0.6
      vertex 26.101 39.7728 7.62939e-07
    endloop
  endfacet
  facet normal -0.989815 -0.142363 0
    outer loop
      vertex 26.101 39.7728 0.6
      vertex 26.1137 39.6845 7.62939e-07
      vertex 26.1137 39.6845 0.6
    endloop
  endfacet
  facet normal -0.975313 -0.220826 0
    outer loop
      vertex 26.1317 39.605 7.62939e-07
      vertex 26.1137 39.6845 0.6
      vertex 26.1137 39.6845 7.62939e-07
    endloop
  endfacet
  facet normal -0.975313 -0.220826 0
    outer loop
      vertex 26.1137 39.6845 0.6
      vertex 26.1317 39.605 7.62939e-07
      vertex 26.1317 39.605 0.6
    endloop
  endfacet
  facet normal -0.950678 -0.310179 0
    outer loop
      vertex 26.1548 39.5342 7.62939e-07
      vertex 26.1317 39.605 0.6
      vertex 26.1317 39.605 7.62939e-07
    endloop
  endfacet
  facet normal -0.950678 -0.310179 0
    outer loop
      vertex 26.1317 39.605 0.6
      vertex 26.1548 39.5342 7.62939e-07
      vertex 26.1548 39.5342 0.6
    endloop
  endfacet
  facet normal -0.909712 -0.41524 0
    outer loop
      vertex 26.1831 39.4722 7.62939e-07
      vertex 26.1548 39.5342 0.6
      vertex 26.1548 39.5342 7.62939e-07
    endloop
  endfacet
  facet normal -0.909712 -0.41524 0
    outer loop
      vertex 26.1548 39.5342 0.6
      vertex 26.1831 39.4722 7.62939e-07
      vertex 26.1831 39.4722 0.6
    endloop
  endfacet
  facet normal -0.846657 -0.532139 0
    outer loop
      vertex 26.2166 39.4189 7.62939e-07
      vertex 26.1831 39.4722 0.6
      vertex 26.1831 39.4722 7.62939e-07
    endloop
  endfacet
  facet normal -0.846657 -0.532139 0
    outer loop
      vertex 26.1831 39.4722 0.6
      vertex 26.2166 39.4189 7.62939e-07
      vertex 26.2166 39.4189 0.6
    endloop
  endfacet
  facet normal -0.755409 -0.655254 0
    outer loop
      vertex 26.2552 39.3744 7.62939e-07
      vertex 26.2166 39.4189 0.6
      vertex 26.2166 39.4189 7.62939e-07
    endloop
  endfacet
  facet normal -0.755409 -0.655254 0
    outer loop
      vertex 26.2166 39.4189 0.6
      vertex 26.2552 39.3744 7.62939e-07
      vertex 26.2552 39.3744 0.6
    endloop
  endfacet
  facet normal -0.630334 -0.776324 0
    outer loop
      vertex 26.2552 39.3744 7.62939e-07
      vertex 26.3004 39.3377 0.6
      vertex 26.2552 39.3744 0.6
    endloop
  endfacet
  facet normal -0.630334 -0.776324 -0
    outer loop
      vertex 26.3004 39.3377 0.6
      vertex 26.2552 39.3744 7.62939e-07
      vertex 26.3004 39.3377 7.62939e-07
    endloop
  endfacet
  facet normal -0.49384 -0.869553 0
    outer loop
      vertex 26.3004 39.3377 7.62939e-07
      vertex 26.3534 39.3076 0.6
      vertex 26.3004 39.3377 0.6
    endloop
  endfacet
  facet normal -0.49384 -0.869553 -0
    outer loop
      vertex 26.3534 39.3076 0.6
      vertex 26.3004 39.3377 7.62939e-07
      vertex 26.3534 39.3076 7.62939e-07
    endloop
  endfacet
  facet normal -0.359185 -0.933266 0
    outer loop
      vertex 26.3534 39.3076 7.62939e-07
      vertex 26.4142 39.2842 0.6
      vertex 26.3534 39.3076 0.6
    endloop
  endfacet
  facet normal -0.359185 -0.933266 -0
    outer loop
      vertex 26.4142 39.2842 0.6
      vertex 26.3534 39.3076 7.62939e-07
      vertex 26.4142 39.2842 7.62939e-07
    endloop
  endfacet
  facet normal -0.237869 -0.971297 0
    outer loop
      vertex 26.4142 39.2842 7.62939e-07
      vertex 26.4828 39.2674 0.6
      vertex 26.4142 39.2842 0.6
    endloop
  endfacet
  facet normal -0.237869 -0.971297 -0
    outer loop
      vertex 26.4828 39.2674 0.6
      vertex 26.4142 39.2842 7.62939e-07
      vertex 26.4828 39.2674 7.62939e-07
    endloop
  endfacet
  facet normal -0.129783 -0.991542 0
    outer loop
      vertex 26.4828 39.2674 7.62939e-07
      vertex 26.5592 39.2574 0.6
      vertex 26.4828 39.2674 0.6
    endloop
  endfacet
  facet normal -0.129783 -0.991542 -0
    outer loop
      vertex 26.5592 39.2574 0.6
      vertex 26.4828 39.2674 7.62939e-07
      vertex 26.5592 39.2574 7.62939e-07
    endloop
  endfacet
  facet normal -0.0402994 -0.999188 0
    outer loop
      vertex 26.5592 39.2574 7.62939e-07
      vertex 26.6435 39.254 0.6
      vertex 26.5592 39.2574 0.6
    endloop
  endfacet
  facet normal -0.0402994 -0.999188 -0
    outer loop
      vertex 26.6435 39.254 0.6
      vertex 26.5592 39.2574 7.62939e-07
      vertex 26.6435 39.254 7.62939e-07
    endloop
  endfacet
  facet normal 0.0540645 -0.998537 0
    outer loop
      vertex 26.6435 39.254 7.62939e-07
      vertex 26.734 39.2589 0.6
      vertex 26.6435 39.254 0.6
    endloop
  endfacet
  facet normal 0.0540645 -0.998537 0
    outer loop
      vertex 26.734 39.2589 0.6
      vertex 26.6435 39.254 7.62939e-07
      vertex 26.734 39.2589 7.62939e-07
    endloop
  endfacet
  facet normal 0.176125 -0.984368 0
    outer loop
      vertex 26.734 39.2589 7.62939e-07
      vertex 26.8156 39.2735 0.6
      vertex 26.734 39.2589 0.6
    endloop
  endfacet
  facet normal 0.176125 -0.984368 0
    outer loop
      vertex 26.8156 39.2735 0.6
      vertex 26.734 39.2589 7.62939e-07
      vertex 26.8156 39.2735 7.62939e-07
    endloop
  endfacet
  facet normal 0.315446 -0.948944 0
    outer loop
      vertex 26.8156 39.2735 7.62939e-07
      vertex 26.8884 39.2977 0.6
      vertex 26.8156 39.2735 0.6
    endloop
  endfacet
  facet normal 0.315446 -0.948944 0
    outer loop
      vertex 26.8884 39.2977 0.6
      vertex 26.8156 39.2735 7.62939e-07
      vertex 26.8884 39.2977 7.62939e-07
    endloop
  endfacet
  facet normal 0.469155 -0.883116 0
    outer loop
      vertex 26.8884 39.2977 7.62939e-07
      vertex 26.9524 39.3317 0.6
      vertex 26.8884 39.2977 0.6
    endloop
  endfacet
  facet normal 0.469155 -0.883116 0
    outer loop
      vertex 26.9524 39.3317 0.6
      vertex 26.8884 39.2977 7.62939e-07
      vertex 26.9524 39.3317 7.62939e-07
    endloop
  endfacet
  facet normal 0.620521 -0.78419 0
    outer loop
      vertex 26.9524 39.3317 7.62939e-07
      vertex 27.0075 39.3753 0.6
      vertex 26.9524 39.3317 0.6
    endloop
  endfacet
  facet normal 0.620521 -0.78419 0
    outer loop
      vertex 27.0075 39.3753 0.6
      vertex 26.9524 39.3317 7.62939e-07
      vertex 27.0075 39.3753 7.62939e-07
    endloop
  endfacet
  facet normal 0.75625 -0.654283 0
    outer loop
      vertex 27.0075 39.3753 0.6
      vertex 27.0537 39.4287 7.62939e-07
      vertex 27.0537 39.4287 0.6
    endloop
  endfacet
  facet normal 0.75625 -0.654283 0
    outer loop
      vertex 27.0537 39.4287 7.62939e-07
      vertex 27.0075 39.3753 0.6
      vertex 27.0075 39.3753 7.62939e-07
    endloop
  endfacet
  facet normal 0.85498 -0.518661 0
    outer loop
      vertex 27.0537 39.4287 0.6
      vertex 27.0921 39.492 7.62939e-07
      vertex 27.0921 39.492 0.6
    endloop
  endfacet
  facet normal 0.85498 -0.518661 0
    outer loop
      vertex 27.0921 39.492 7.62939e-07
      vertex 27.0537 39.4287 0.6
      vertex 27.0537 39.4287 7.62939e-07
    endloop
  endfacet
  facet normal 0.920241 -0.391352 0
    outer loop
      vertex 27.0921 39.492 0.6
      vertex 27.1234 39.5656 7.62939e-07
      vertex 27.1234 39.5656 0.6
    endloop
  endfacet
  facet normal 0.920241 -0.391352 0
    outer loop
      vertex 27.1234 39.5656 7.62939e-07
      vertex 27.0921 39.492 0.6
      vertex 27.0921 39.492 7.62939e-07
    endloop
  endfacet
  facet normal 0.960218 -0.279253 0
    outer loop
      vertex 27.1234 39.5656 0.6
      vertex 27.1478 39.6495 7.62939e-07
      vertex 27.1478 39.6495 0.6
    endloop
  endfacet
  facet normal 0.960218 -0.279253 0
    outer loop
      vertex 27.1478 39.6495 7.62939e-07
      vertex 27.1234 39.5656 0.6
      vertex 27.1234 39.5656 7.62939e-07
    endloop
  endfacet
  facet normal 0.983143 -0.182837 0
    outer loop
      vertex 27.1478 39.6495 0.6
      vertex 27.1653 39.7436 7.62939e-07
      vertex 27.1653 39.7436 0.6
    endloop
  endfacet
  facet normal 0.983143 -0.182837 0
    outer loop
      vertex 27.1653 39.7436 7.62939e-07
      vertex 27.1478 39.6495 0.6
      vertex 27.1478 39.6495 7.62939e-07
    endloop
  endfacet
  facet normal 0.995075 -0.0991262 0
    outer loop
      vertex 27.1653 39.7436 0.6
      vertex 27.1757 39.848 7.62939e-07
      vertex 27.1757 39.848 0.6
    endloop
  endfacet
  facet normal 0.995075 -0.0991262 0
    outer loop
      vertex 27.1757 39.848 7.62939e-07
      vertex 27.1653 39.7436 0.6
      vertex 27.1653 39.7436 7.62939e-07
    endloop
  endfacet
  facet normal 0.999535 -0.0305002 0
    outer loop
      vertex 27.1757 39.848 0.6
      vertex 27.1792 39.9627 7.62939e-07
      vertex 27.1792 39.9627 0.6
    endloop
  endfacet
  facet normal 0.999535 -0.0305002 0
    outer loop
      vertex 27.1792 39.9627 7.62939e-07
      vertex 27.1757 39.848 0.6
      vertex 27.1757 39.848 7.62939e-07
    endloop
  endfacet
  facet normal 1 -0 0
    outer loop
      vertex 27.1792 39.9627 0.6
      vertex 27.1792 40.1492 7.62939e-07
      vertex 27.1792 40.1492 0.6
    endloop
  endfacet
  facet normal 1 0 0
    outer loop
      vertex 27.1792 40.1492 7.62939e-07
      vertex 27.1792 39.9627 0.6
      vertex 27.1792 39.9627 7.62939e-07
    endloop
  endfacet
  facet normal 0.0170861 0.999854 -0
    outer loop
      vertex 27.1792 40.1492 7.62939e-07
      vertex 26.3892 40.1627 0.6
      vertex 27.1792 40.1492 0.6
    endloop
  endfacet
  facet normal 0.0170861 0.999854 0
    outer loop
      vertex 26.3892 40.1627 0.6
      vertex 27.1792 40.1492 7.62939e-07
      vertex 26.3892 40.1627 7.62939e-07
    endloop
  endfacet
  facet normal 0.0460097 0.998941 -0
    outer loop
      vertex 26.3892 40.1627 7.62939e-07
      vertex 26.1634 40.1731 0.6
      vertex 26.3892 40.1627 0.6
    endloop
  endfacet
  facet normal 0.0460097 0.998941 0
    outer loop
      vertex 26.1634 40.1731 0.6
      vertex 26.3892 40.1627 7.62939e-07
      vertex 26.1634 40.1731 7.62939e-07
    endloop
  endfacet
  facet normal 0.127273 0.991868 -0
    outer loop
      vertex 26.1634 40.1731 7.62939e-07
      vertex 25.9561 40.1997 0.6
      vertex 26.1634 40.1731 0.6
    endloop
  endfacet
  facet normal 0.127273 0.991868 0
    outer loop
      vertex 25.9561 40.1997 0.6
      vertex 26.1634 40.1731 7.62939e-07
      vertex 25.9561 40.1997 7.62939e-07
    endloop
  endfacet
  facet normal 0.220705 0.975341 -0
    outer loop
      vertex 25.9561 40.1997 7.62939e-07
      vertex 25.7674 40.2424 0.6
      vertex 25.9561 40.1997 0.6
    endloop
  endfacet
  facet normal 0.220705 0.975341 0
    outer loop
      vertex 25.7674 40.2424 0.6
      vertex 25.9561 40.1997 7.62939e-07
      vertex 25.7674 40.2424 7.62939e-07
    endloop
  endfacet
  facet normal 0.327702 0.944781 -0
    outer loop
      vertex 25.7674 40.2424 7.62939e-07
      vertex 25.5973 40.3014 0.6
      vertex 25.7674 40.2424 0.6
    endloop
  endfacet
  facet normal 0.327702 0.944781 0
    outer loop
      vertex 25.5973 40.3014 0.6
      vertex 25.7674 40.2424 7.62939e-07
      vertex 25.5973 40.3014 7.62939e-07
    endloop
  endfacet
  facet normal 0.444375 0.895841 -0
    outer loop
      vertex 25.5973 40.3014 7.62939e-07
      vertex 25.4457 40.3766 0.6
      vertex 25.5973 40.3014 0.6
    endloop
  endfacet
  facet normal 0.444375 0.895841 0
    outer loop
      vertex 25.4457 40.3766 0.6
      vertex 25.5973 40.3014 7.62939e-07
      vertex 25.4457 40.3766 7.62939e-07
    endloop
  endfacet
  facet normal 0.565661 0.824638 -0
    outer loop
      vertex 25.4457 40.3766 7.62939e-07
      vertex 25.3126 40.4679 0.6
      vertex 25.4457 40.3766 0.6
    endloop
  endfacet
  facet normal 0.565661 0.824638 0
    outer loop
      vertex 25.3126 40.4679 0.6
      vertex 25.4457 40.3766 7.62939e-07
      vertex 25.3126 40.4679 7.62939e-07
    endloop
  endfacet
  facet normal 0.686284 0.727333 -0
    outer loop
      vertex 25.3126 40.4679 7.62939e-07
      vertex 25.1992 40.5749 0.6
      vertex 25.3126 40.4679 0.6
    endloop
  endfacet
  facet normal 0.686284 0.727333 0
    outer loop
      vertex 25.1992 40.5749 0.6
      vertex 25.3126 40.4679 7.62939e-07
      vertex 25.1992 40.5749 7.62939e-07
    endloop
  endfacet
  facet normal 0.79615 0.6051 0
    outer loop
      vertex 25.1992 40.5749 0.6
      vertex 25.1064 40.697 7.62939e-07
      vertex 25.1064 40.697 0.6
    endloop
  endfacet
  facet normal 0.79615 0.6051 0
    outer loop
      vertex 25.1064 40.697 7.62939e-07
      vertex 25.1992 40.5749 0.6
      vertex 25.1992 40.5749 7.62939e-07
    endloop
  endfacet
  facet normal 0.884806 0.465959 0
    outer loop
      vertex 25.1064 40.697 0.6
      vertex 25.0342 40.8341 7.62939e-07
      vertex 25.0342 40.8341 0.6
    endloop
  endfacet
  facet normal 0.884806 0.465959 0
    outer loop
      vertex 25.0342 40.8341 7.62939e-07
      vertex 25.1064 40.697 0.6
      vertex 25.1064 40.697 7.62939e-07
    endloop
  endfacet
  facet normal 0.947053 0.321077 0
    outer loop
      vertex 25.0342 40.8341 0.6
      vertex 24.9826 40.9863 7.62939e-07
      vertex 24.9826 40.9863 0.6
    endloop
  endfacet
  facet normal 0.947053 0.321077 0
    outer loop
      vertex 24.9826 40.9863 7.62939e-07
      vertex 25.0342 40.8341 0.6
      vertex 25.0342 40.8341 7.62939e-07
    endloop
  endfacet
  facet normal 0.983368 0.181626 0
    outer loop
      vertex 24.9826 40.9863 0.6
      vertex 24.9517 41.1536 7.62939e-07
      vertex 24.9517 41.1536 0.6
    endloop
  endfacet
  facet normal 0.983368 0.181626 0
    outer loop
      vertex 24.9517 41.1536 7.62939e-07
      vertex 24.9826 40.9863 0.6
      vertex 24.9826 40.9863 7.62939e-07
    endloop
  endfacet
  facet normal 0.998408 0.0564103 0
    outer loop
      vertex 24.9517 41.1536 0.6
      vertex 24.9414 41.3359 7.62939e-07
      vertex 24.9414 41.3359 0.6
    endloop
  endfacet
  facet normal 0.998408 0.0564103 0
    outer loop
      vertex 24.9414 41.3359 7.62939e-07
      vertex 24.9517 41.1536 0.6
      vertex 24.9517 41.1536 7.62939e-07
    endloop
  endfacet
  facet normal 0.99879 -0.0491694 0
    outer loop
      vertex 24.9414 41.3359 0.6
      vertex 24.9497 41.5045 7.62939e-07
      vertex 24.9497 41.5045 0.6
    endloop
  endfacet
  facet normal 0.99879 -0.0491694 0
    outer loop
      vertex 24.9497 41.5045 7.62939e-07
      vertex 24.9414 41.3359 0.6
      vertex 24.9414 41.3359 7.62939e-07
    endloop
  endfacet
  facet normal 0.987536 -0.157396 0
    outer loop
      vertex 24.9497 41.5045 0.6
      vertex 24.9745 41.6601 7.62939e-07
      vertex 24.9745 41.6601 0.6
    endloop
  endfacet
  facet normal 0.987536 -0.157396 0
    outer loop
      vertex 24.9745 41.6601 7.62939e-07
      vertex 24.9497 41.5045 0.6
      vertex 24.9497 41.5045 7.62939e-07
    endloop
  endfacet
  facet normal 0.96006 -0.279793 0
    outer loop
      vertex 24.9745 41.6601 0.6
      vertex 25.016 41.8025 7.62939e-07
      vertex 25.016 41.8025 0.6
    endloop
  endfacet
  facet normal 0.96006 -0.279793 0
    outer loop
      vertex 25.016 41.8025 7.62939e-07
      vertex 24.9745 41.6601 0.6
      vertex 24.9745 41.6601 7.62939e-07
    endloop
  endfacet
  facet normal 0.912527 -0.409015 0
    outer loop
      vertex 25.016 41.8025 0.6
      vertex 25.074 41.9319 7.62939e-07
      vertex 25.074 41.9319 0.6
    endloop
  endfacet
  facet normal 0.912527 -0.409015 0
    outer loop
      vertex 25.074 41.9319 7.62939e-07
      vertex 25.016 41.8025 0.6
      vertex 25.016 41.8025 7.62939e-07
    endloop
  endfacet
  facet normal 0.841508 -0.540245 0
    outer loop
      vertex 25.074 41.9319 0.6
      vertex 25.1486 42.0481 7.62939e-07
      vertex 25.1486 42.0481 0.6
    endloop
  endfacet
  facet normal 0.841508 -0.540245 0
    outer loop
      vertex 25.1486 42.0481 7.62939e-07
      vertex 25.074 41.9319 0.6
      vertex 25.074 41.9319 7.62939e-07
    endloop
  endfacet
  facet normal 0.749689 -0.66179 0
    outer loop
      vertex 25.1486 42.0481 0.6
      vertex 25.2397 42.1513 7.62939e-07
      vertex 25.2397 42.1513 0.6
    endloop
  endfacet
  facet normal 0.749689 -0.66179 0
    outer loop
      vertex 25.2397 42.1513 7.62939e-07
      vertex 25.1486 42.0481 0.6
      vertex 25.1486 42.0481 7.62939e-07
    endloop
  endfacet
  facet normal 0.641323 -0.767271 0
    outer loop
      vertex 25.2397 42.1513 7.62939e-07
      vertex 25.3457 42.2399 0.6
      vertex 25.2397 42.1513 0.6
    endloop
  endfacet
  facet normal 0.641323 -0.767271 0
    outer loop
      vertex 25.3457 42.2399 0.6
      vertex 25.2397 42.1513 7.62939e-07
      vertex 25.3457 42.2399 7.62939e-07
    endloop
  endfacet
  facet normal 0.520288 -0.853991 0
    outer loop
      vertex 25.3457 42.2399 7.62939e-07
      vertex 25.4647 42.3124 0.6
      vertex 25.3457 42.2399 0.6
    endloop
  endfacet
  facet normal 0.520288 -0.853991 0
    outer loop
      vertex 25.4647 42.3124 0.6
      vertex 25.3457 42.2399 7.62939e-07
      vertex 25.4647 42.3124 7.62939e-07
    endloop
  endfacet
  facet normal 0.393162 -0.919469 0
    outer loop
      vertex 25.4647 42.3124 7.62939e-07
      vertex 25.5966 42.3688 0.6
      vertex 25.4647 42.3124 0.6
    endloop
  endfacet
  facet normal 0.393162 -0.919469 0
    outer loop
      vertex 25.5966 42.3688 0.6
      vertex 25.4647 42.3124 7.62939e-07
      vertex 25.5966 42.3688 7.62939e-07
    endloop
  endfacet
  facet normal 0.267164 -0.963651 0
    outer loop
      vertex 25.5966 42.3688 7.62939e-07
      vertex 25.7416 42.409 0.6
      vertex 25.5966 42.3688 0.6
    endloop
  endfacet
  facet normal 0.267164 -0.963651 0
    outer loop
      vertex 25.7416 42.409 0.6
      vertex 25.5966 42.3688 7.62939e-07
      vertex 25.7416 42.409 7.62939e-07
    endloop
  endfacet
  facet normal 0.151493 -0.988458 0
    outer loop
      vertex 25.7416 42.409 7.62939e-07
      vertex 25.8995 42.4332 0.6
      vertex 25.7416 42.409 0.6
    endloop
  endfacet
  facet normal 0.151493 -0.988458 0
    outer loop
      vertex 25.8995 42.4332 0.6
      vertex 25.7416 42.409 7.62939e-07
      vertex 25.8995 42.4332 7.62939e-07
    endloop
  endfacet
  facet normal 0.0467598 -0.998906 0
    outer loop
      vertex 25.8995 42.4332 7.62939e-07
      vertex 26.0704 42.4412 0.6
      vertex 25.8995 42.4332 0.6
    endloop
  endfacet
  facet normal 0.0467598 -0.998906 0
    outer loop
      vertex 26.0704 42.4412 0.6
      vertex 25.8995 42.4332 7.62939e-07
      vertex 26.0704 42.4412 7.62939e-07
    endloop
  endfacet
  facet normal -0.0773769 -0.997002 0
    outer loop
      vertex 26.0704 42.4412 7.62939e-07
      vertex 26.3281 42.4212 0.6
      vertex 26.0704 42.4412 0.6
    endloop
  endfacet
  facet normal -0.0773769 -0.997002 -0
    outer loop
      vertex 26.3281 42.4212 0.6
      vertex 26.0704 42.4412 7.62939e-07
      vertex 26.3281 42.4212 7.62939e-07
    endloop
  endfacet
  facet normal -0.175563 0.984468 0
    outer loop
      vertex 26.3111 41.7732 7.62939e-07
      vertex 26.2511 41.7625 0.6
      vertex 26.3111 41.7732 0.6
    endloop
  endfacet
  facet normal -0.175563 0.984468 0
    outer loop
      vertex 26.2511 41.7625 0.6
      vertex 26.3111 41.7732 7.62939e-07
      vertex 26.2511 41.7625 7.62939e-07
    endloop
  endfacet
  facet normal -0.301788 0.953375 0
    outer loop
      vertex 26.2511 41.7625 7.62939e-07
      vertex 26.1955 41.7449 0.6
      vertex 26.2511 41.7625 0.6
    endloop
  endfacet
  facet normal -0.301788 0.953375 0
    outer loop
      vertex 26.1955 41.7449 0.6
      vertex 26.2511 41.7625 7.62939e-07
      vertex 26.1955 41.7449 7.62939e-07
    endloop
  endfacet
  facet normal -0.434503 0.90067 0
    outer loop
      vertex 26.1955 41.7449 7.62939e-07
      vertex 26.1443 41.7202 0.6
      vertex 26.1955 41.7449 0.6
    endloop
  endfacet
  facet normal -0.434503 0.90067 0
    outer loop
      vertex 26.1443 41.7202 0.6
      vertex 26.1955 41.7449 7.62939e-07
      vertex 26.1443 41.7202 7.62939e-07
    endloop
  endfacet
  facet normal -0.56202 0.827124 0
    outer loop
      vertex 26.1443 41.7202 7.62939e-07
      vertex 26.0975 41.6884 0.6
      vertex 26.1443 41.7202 0.6
    endloop
  endfacet
  facet normal -0.56202 0.827124 0
    outer loop
      vertex 26.0975 41.6884 0.6
      vertex 26.1443 41.7202 7.62939e-07
      vertex 26.0975 41.6884 7.62939e-07
    endloop
  endfacet
  facet normal -0.676906 0.73607 0
    outer loop
      vertex 26.0975 41.6884 7.62939e-07
      vertex 26.0552 41.6495 0.6
      vertex 26.0975 41.6884 0.6
    endloop
  endfacet
  facet normal -0.676906 0.73607 0
    outer loop
      vertex 26.0552 41.6495 0.6
      vertex 26.0975 41.6884 7.62939e-07
      vertex 26.0552 41.6495 7.62939e-07
    endloop
  endfacet
  facet normal -0.78153 0.623868 0
    outer loop
      vertex 26.0184 41.6034 7.62939e-07
      vertex 26.0552 41.6495 0.6
      vertex 26.0552 41.6495 7.62939e-07
    endloop
  endfacet
  facet normal -0.78153 0.623868 0
    outer loop
      vertex 26.0552 41.6495 0.6
      vertex 26.0184 41.6034 7.62939e-07
      vertex 26.0184 41.6034 0.6
    endloop
  endfacet
  facet normal -0.871532 0.490339 0
    outer loop
      vertex 25.9883 41.5499 7.62939e-07
      vertex 26.0184 41.6034 0.6
      vertex 26.0184 41.6034 7.62939e-07
    endloop
  endfacet
  facet normal -0.871532 0.490339 0
    outer loop
      vertex 26.0184 41.6034 0.6
      vertex 25.9883 41.5499 7.62939e-07
      vertex 25.9883 41.5499 0.6
    endloop
  endfacet
  facet normal -0.933661 0.358158 0
    outer loop
      vertex 25.9649 41.4889 7.62939e-07
      vertex 25.9883 41.5499 0.6
      vertex 25.9883 41.5499 7.62939e-07
    endloop
  endfacet
  facet normal -0.933661 0.358158 0
    outer loop
      vertex 25.9883 41.5499 0.6
      vertex 25.9649 41.4889 7.62939e-07
      vertex 25.9649 41.4889 0.6
    endloop
  endfacet
  facet normal -0.971464 0.237185 0
    outer loop
      vertex 25.9482 41.4205 7.62939e-07
      vertex 25.9649 41.4889 0.6
      vertex 25.9649 41.4889 7.62939e-07
    endloop
  endfacet
  facet normal -0.971464 0.237185 0
    outer loop
      vertex 25.9649 41.4889 0.6
      vertex 25.9482 41.4205 7.62939e-07
      vertex 25.9482 41.4205 0.6
    endloop
  endfacet
  facet normal -0.991432 0.130623 0
    outer loop
      vertex 25.9382 41.3446 7.62939e-07
      vertex 25.9482 41.4205 0.6
      vertex 25.9482 41.4205 7.62939e-07
    endloop
  endfacet
  facet normal -0.991432 0.130623 0
    outer loop
      vertex 25.9482 41.4205 0.6
      vertex 25.9382 41.3446 7.62939e-07
      vertex 25.9382 41.3446 0.6
    endloop
  endfacet
  facet normal -0.999168 0.0407824 0
    outer loop
      vertex 25.9348 41.2613 7.62939e-07
      vertex 25.9382 41.3446 0.6
      vertex 25.9382 41.3446 7.62939e-07
    endloop
  endfacet
  facet normal -0.999168 0.0407824 0
    outer loop
      vertex 25.9382 41.3446 0.6
      vertex 25.9348 41.2613 7.62939e-07
      vertex 25.9348 41.2613 0.6
    endloop
  endfacet
  facet normal -0.999488 -0.0319958 0
    outer loop
      vertex 25.9369 41.1957 7.62939e-07
      vertex 25.9348 41.2613 0.6
      vertex 25.9348 41.2613 7.62939e-07
    endloop
  endfacet
  facet normal -0.999488 -0.0319958 0
    outer loop
      vertex 25.9348 41.2613 0.6
      vertex 25.9369 41.1957 7.62939e-07
      vertex 25.9369 41.1957 0.6
    endloop
  endfacet
  facet normal -0.995197 -0.0978883 0
    outer loop
      vertex 25.9429 41.1347 7.62939e-07
      vertex 25.9369 41.1957 0.6
      vertex 25.9369 41.1957 7.62939e-07
    endloop
  endfacet
  facet normal -0.995197 -0.0978883 0
    outer loop
      vertex 25.9369 41.1957 0.6
      vertex 25.9429 41.1347 7.62939e-07
      vertex 25.9429 41.1347 0.6
    endloop
  endfacet
  facet normal -0.984092 -0.177659 0
    outer loop
      vertex 25.9531 41.0782 7.62939e-07
      vertex 25.9429 41.1347 0.6
      vertex 25.9429 41.1347 7.62939e-07
    endloop
  endfacet
  facet normal -0.984092 -0.177659 0
    outer loop
      vertex 25.9429 41.1347 0.6
      vertex 25.9531 41.0782 7.62939e-07
      vertex 25.9531 41.0782 0.6
    endloop
  endfacet
  facet normal -0.965148 -0.261704 0
    outer loop
      vertex 25.9672 41.0262 7.62939e-07
      vertex 25.9531 41.0782 0.6
      vertex 25.9531 41.0782 7.62939e-07
    endloop
  endfacet
  facet normal -0.965148 -0.261704 0
    outer loop
      vertex 25.9531 41.0782 0.6
      vertex 25.9672 41.0262 7.62939e-07
      vertex 25.9672 41.0262 0.6
    endloop
  endfacet
  facet normal -0.932888 -0.360166 0
    outer loop
      vertex 25.9855 40.9788 7.62939e-07
      vertex 25.9672 41.0262 0.6
      vertex 25.9672 41.0262 7.62939e-07
    endloop
  endfacet
  facet normal -0.932888 -0.360166 0
    outer loop
      vertex 25.9672 41.0262 0.6
      vertex 25.9855 40.9788 7.62939e-07
      vertex 25.9855 40.9788 0.6
    endloop
  endfacet
  facet normal -0.888566 -0.458748 0
    outer loop
      vertex 26.0077 40.9358 7.62939e-07
      vertex 25.9855 40.9788 0.6
      vertex 25.9855 40.9788 7.62939e-07
    endloop
  endfacet
  facet normal -0.888566 -0.458748 0
    outer loop
      vertex 25.9855 40.9788 0.6
      vertex 26.0077 40.9358 7.62939e-07
      vertex 26.0077 40.9358 0.6
    endloop
  endfacet
  facet normal -0.829417 -0.55863 0
    outer loop
      vertex 26.0339 40.8969 7.62939e-07
      vertex 26.0077 40.9358 0.6
      vertex 26.0077 40.9358 7.62939e-07
    endloop
  endfacet
  facet normal -0.829417 -0.55863 0
    outer loop
      vertex 26.0077 40.9358 0.6
      vertex 26.0339 40.8969 7.62939e-07
      vertex 26.0339 40.8969 0.6
    endloop
  endfacet
  facet normal -0.765917 -0.642939 0
    outer loop
      vertex 26.0637 40.8614 7.62939e-07
      vertex 26.0339 40.8969 0.6
      vertex 26.0339 40.8969 7.62939e-07
    endloop
  endfacet
  facet normal -0.765917 -0.642939 0
    outer loop
      vertex 26.0339 40.8969 0.6
      vertex 26.0637 40.8614 7.62939e-07
      vertex 26.0637 40.8614 0.6
    endloop
  endfacet
  facet normal -0.690732 -0.72311 0
    outer loop
      vertex 26.0637 40.8614 7.62939e-07
      vertex 26.0972 40.8294 0.6
      vertex 26.0637 40.8614 0.6
    endloop
  endfacet
  facet normal -0.690732 -0.72311 -0
    outer loop
      vertex 26.0972 40.8294 0.6
      vertex 26.0637 40.8614 7.62939e-07
      vertex 26.0972 40.8294 7.62939e-07
    endloop
  endfacet
  facet normal -0.609194 -0.793021 0
    outer loop
      vertex 26.0972 40.8294 7.62939e-07
      vertex 26.1343 40.8009 0.6
      vertex 26.0972 40.8294 0.6
    endloop
  endfacet
  facet normal -0.609194 -0.793021 -0
    outer loop
      vertex 26.1343 40.8009 0.6
      vertex 26.0972 40.8294 7.62939e-07
      vertex 26.1343 40.8009 7.62939e-07
    endloop
  endfacet
  facet normal -0.522464 -0.852661 0
    outer loop
      vertex 26.1343 40.8009 7.62939e-07
      vertex 26.1751 40.7759 0.6
      vertex 26.1343 40.8009 0.6
    endloop
  endfacet
  facet normal -0.522464 -0.852661 -0
    outer loop
      vertex 26.1751 40.7759 0.6
      vertex 26.1343 40.8009 7.62939e-07
      vertex 26.1751 40.7759 7.62939e-07
    endloop
  endfacet
  facet normal -0.435032 -0.900415 0
    outer loop
      vertex 26.1751 40.7759 7.62939e-07
      vertex 26.2196 40.7544 0.6
      vertex 26.1751 40.7759 0.6
    endloop
  endfacet
  facet normal -0.435032 -0.900415 -0
    outer loop
      vertex 26.2196 40.7544 0.6
      vertex 26.1751 40.7759 7.62939e-07
      vertex 26.2196 40.7544 7.62939e-07
    endloop
  endfacet
  facet normal -0.336913 -0.941536 0
    outer loop
      vertex 26.2196 40.7544 7.62939e-07
      vertex 26.2713 40.7359 0.6
      vertex 26.2196 40.7544 0.6
    endloop
  endfacet
  facet normal -0.336913 -0.941536 -0
    outer loop
      vertex 26.2713 40.7359 0.6
      vertex 26.2196 40.7544 7.62939e-07
      vertex 26.2713 40.7359 7.62939e-07
    endloop
  endfacet
  facet normal -0.246547 -0.969131 0
    outer loop
      vertex 26.2713 40.7359 7.62939e-07
      vertex 26.3338 40.72 0.6
      vertex 26.2713 40.7359 0.6
    endloop
  endfacet
  facet normal -0.246547 -0.969131 -0
    outer loop
      vertex 26.3338 40.72 0.6
      vertex 26.2713 40.7359 7.62939e-07
      vertex 26.3338 40.72 7.62939e-07
    endloop
  endfacet
  facet normal -0.181368 -0.983415 0
    outer loop
      vertex 26.3338 40.72 7.62939e-07
      vertex 26.407 40.7065 0.6
      vertex 26.3338 40.72 0.6
    endloop
  endfacet
  facet normal -0.181368 -0.983415 -0
    outer loop
      vertex 26.407 40.7065 0.6
      vertex 26.3338 40.72 7.62939e-07
      vertex 26.407 40.7065 7.62939e-07
    endloop
  endfacet
  facet normal -0.127671 -0.991817 0
    outer loop
      vertex 26.407 40.7065 7.62939e-07
      vertex 26.4909 40.6957 0.6
      vertex 26.407 40.7065 0.6
    endloop
  endfacet
  facet normal -0.127671 -0.991817 -0
    outer loop
      vertex 26.4909 40.6957 0.6
      vertex 26.407 40.7065 7.62939e-07
      vertex 26.4909 40.6957 7.62939e-07
    endloop
  endfacet
  facet normal -0.0884469 -0.996081 0
    outer loop
      vertex 26.4909 40.6957 7.62939e-07
      vertex 26.5855 40.6873 0.6
      vertex 26.4909 40.6957 0.6
    endloop
  endfacet
  facet normal -0.0884469 -0.996081 -0
    outer loop
      vertex 26.5855 40.6873 0.6
      vertex 26.4909 40.6957 7.62939e-07
      vertex 26.5855 40.6873 7.62939e-07
    endloop
  endfacet
  facet normal -0.0549453 -0.998489 0
    outer loop
      vertex 26.5855 40.6873 7.62939e-07
      vertex 26.6909 40.6815 0.6
      vertex 26.5855 40.6873 0.6
    endloop
  endfacet
  facet normal -0.0549453 -0.998489 -0
    outer loop
      vertex 26.6909 40.6815 0.6
      vertex 26.5855 40.6873 7.62939e-07
      vertex 26.6909 40.6815 7.62939e-07
    endloop
  endfacet
  facet normal -0.0139245 -0.999903 0
    outer loop
      vertex 26.6909 40.6815 7.62939e-07
      vertex 27.1792 40.6747 0.6
      vertex 26.6909 40.6815 0.6
    endloop
  endfacet
  facet normal -0.0139245 -0.999903 -0
    outer loop
      vertex 27.1792 40.6747 0.6
      vertex 26.6909 40.6815 7.62939e-07
      vertex 27.1792 40.6747 7.62939e-07
    endloop
  endfacet
  facet normal 1 -0 0
    outer loop
      vertex 27.1792 40.6747 0.6
      vertex 27.1792 40.8612 7.62939e-07
      vertex 27.1792 40.8612 0.6
    endloop
  endfacet
  facet normal 1 0 0
    outer loop
      vertex 27.1792 40.8612 7.62939e-07
      vertex 27.1792 40.6747 0.6
      vertex 27.1792 40.6747 7.62939e-07
    endloop
  endfacet
  facet normal 0.999337 0.036408 0
    outer loop
      vertex 27.1792 40.8612 0.6
      vertex 27.1763 40.9408 7.62939e-07
      vertex 27.1763 40.9408 0.6
    endloop
  endfacet
  facet normal 0.999337 0.036408 0
    outer loop
      vertex 27.1763 40.9408 7.62939e-07
      vertex 27.1792 40.8612 0.6
      vertex 27.1792 40.8612 7.62939e-07
    endloop
  endfacet
  facet normal 0.993712 0.111968 0
    outer loop
      vertex 27.1763 40.9408 0.6
      vertex 27.1675 41.0189 7.62939e-07
      vertex 27.1675 41.0189 0.6
    endloop
  endfacet
  facet normal 0.993712 0.111968 0
    outer loop
      vertex 27.1675 41.0189 7.62939e-07
      vertex 27.1763 40.9408 0.6
      vertex 27.1763 40.9408 7.62939e-07
    endloop
  endfacet
  facet normal 0.982361 0.186994 0
    outer loop
      vertex 27.1675 41.0189 0.6
      vertex 27.1529 41.0956 7.62939e-07
      vertex 27.1529 41.0956 0.6
    endloop
  endfacet
  facet normal 0.982361 0.186994 0
    outer loop
      vertex 27.1529 41.0956 7.62939e-07
      vertex 27.1675 41.0189 0.6
      vertex 27.1675 41.0189 7.62939e-07
    endloop
  endfacet
  facet normal 0.965206 0.26149 0
    outer loop
      vertex 27.1529 41.0956 0.6
      vertex 27.1325 41.1709 7.62939e-07
      vertex 27.1325 41.1709 0.6
    endloop
  endfacet
  facet normal 0.965206 0.26149 0
    outer loop
      vertex 27.1325 41.1709 7.62939e-07
      vertex 27.1529 41.0956 0.6
      vertex 27.1529 41.0956 7.62939e-07
    endloop
  endfacet
  facet normal 0.942116 0.335286 0
    outer loop
      vertex 27.1325 41.1709 0.6
      vertex 27.1062 41.2448 7.62939e-07
      vertex 27.1062 41.2448 0.6
    endloop
  endfacet
  facet normal 0.942116 0.335286 0
    outer loop
      vertex 27.1062 41.2448 7.62939e-07
      vertex 27.1325 41.1709 0.6
      vertex 27.1325 41.1709 7.62939e-07
    endloop
  endfacet
  facet normal 0.914176 0.405318 0
    outer loop
      vertex 27.1062 41.2448 0.6
      vertex 27.0741 41.3172 7.62939e-07
      vertex 27.0741 41.3172 0.6
    endloop
  endfacet
  facet normal 0.914176 0.405318 0
    outer loop
      vertex 27.0741 41.3172 7.62939e-07
      vertex 27.1062 41.2448 0.6
      vertex 27.1062 41.2448 7.62939e-07
    endloop
  endfacet
  facet normal 0.880267 0.474479 0
    outer loop
      vertex 27.0741 41.3172 0.6
      vertex 27.0368 41.3864 7.62939e-07
      vertex 27.0368 41.3864 0.6
    endloop
  endfacet
  facet normal 0.880267 0.474479 0
    outer loop
      vertex 27.0368 41.3864 7.62939e-07
      vertex 27.0741 41.3172 0.6
      vertex 27.0741 41.3172 7.62939e-07
    endloop
  endfacet
  facet normal 0.838444 0.544988 0
    outer loop
      vertex 27.0368 41.3864 0.6
      vertex 26.9952 41.4504 7.62939e-07
      vertex 26.9952 41.4504 0.6
    endloop
  endfacet
  facet normal 0.838444 0.544988 0
    outer loop
      vertex 26.9952 41.4504 7.62939e-07
      vertex 27.0368 41.3864 0.6
      vertex 27.0368 41.3864 7.62939e-07
    endloop
  endfacet
  facet normal 0.786968 0.616994 0
    outer loop
      vertex 26.9952 41.4504 0.6
      vertex 26.9491 41.5092 7.62939e-07
      vertex 26.9491 41.5092 0.6
    endloop
  endfacet
  facet normal 0.786968 0.616994 0
    outer loop
      vertex 26.9491 41.5092 7.62939e-07
      vertex 26.9952 41.4504 0.6
      vertex 26.9952 41.4504 7.62939e-07
    endloop
  endfacet
  facet normal 0.727802 0.685787 0
    outer loop
      vertex 26.9491 41.5092 0.6
      vertex 26.8985 41.5629 7.62939e-07
      vertex 26.8985 41.5629 0.6
    endloop
  endfacet
  facet normal 0.727802 0.685787 0
    outer loop
      vertex 26.8985 41.5629 7.62939e-07
      vertex 26.9491 41.5092 0.6
      vertex 26.9491 41.5092 7.62939e-07
    endloop
  endfacet
  facet normal 0.661305 0.750117 -0
    outer loop
      vertex 26.8985 41.5629 7.62939e-07
      vertex 26.8436 41.6113 0.6
      vertex 26.8985 41.5629 0.6
    endloop
  endfacet
  facet normal 0.661305 0.750117 0
    outer loop
      vertex 26.8436 41.6113 0.6
      vertex 26.8985 41.5629 7.62939e-07
      vertex 26.8436 41.6113 7.62939e-07
    endloop
  endfacet
  facet normal 0.589061 0.808088 -0
    outer loop
      vertex 26.8436 41.6113 7.62939e-07
      vertex 26.7842 41.6546 0.6
      vertex 26.8436 41.6113 0.6
    endloop
  endfacet
  facet normal 0.589061 0.808088 0
    outer loop
      vertex 26.7842 41.6546 0.6
      vertex 26.8436 41.6113 7.62939e-07
      vertex 26.7842 41.6546 7.62939e-07
    endloop
  endfacet
  facet normal 0.511267 0.859422 -0
    outer loop
      vertex 26.7842 41.6546 7.62939e-07
      vertex 26.7215 41.6919 0.6
      vertex 26.7842 41.6546 0.6
    endloop
  endfacet
  facet normal 0.511267 0.859422 0
    outer loop
      vertex 26.7215 41.6919 0.6
      vertex 26.7842 41.6546 7.62939e-07
      vertex 26.7215 41.6919 7.62939e-07
    endloop
  endfacet
  facet normal 0.425864 0.904787 -0
    outer loop
      vertex 26.7215 41.6919 7.62939e-07
      vertex 26.6567 41.7224 0.6
      vertex 26.7215 41.6919 0.6
    endloop
  endfacet
  facet normal 0.425864 0.904787 0
    outer loop
      vertex 26.6567 41.7224 0.6
      vertex 26.7215 41.6919 7.62939e-07
      vertex 26.6567 41.7224 7.62939e-07
    endloop
  endfacet
  facet normal 0.334289 0.942471 -0
    outer loop
      vertex 26.6567 41.7224 7.62939e-07
      vertex 26.5896 41.7462 0.6
      vertex 26.6567 41.7224 0.6
    endloop
  endfacet
  facet normal 0.334289 0.942471 0
    outer loop
      vertex 26.5896 41.7462 0.6
      vertex 26.6567 41.7224 7.62939e-07
      vertex 26.5896 41.7462 7.62939e-07
    endloop
  endfacet
  facet normal 0.237571 0.97137 -0
    outer loop
      vertex 26.5896 41.7462 7.62939e-07
      vertex 26.5205 41.7631 0.6
      vertex 26.5896 41.7462 0.6
    endloop
  endfacet
  facet normal 0.237571 0.97137 0
    outer loop
      vertex 26.5205 41.7631 0.6
      vertex 26.5896 41.7462 7.62939e-07
      vertex 26.5205 41.7631 7.62939e-07
    endloop
  endfacet
  facet normal 0.141421 0.989949 -0
    outer loop
      vertex 26.5205 41.7631 7.62939e-07
      vertex 26.4491 41.7733 0.6
      vertex 26.5205 41.7631 0.6
    endloop
  endfacet
  facet normal 0.141421 0.989949 0
    outer loop
      vertex 26.4491 41.7733 0.6
      vertex 26.5205 41.7631 7.62939e-07
      vertex 26.4491 41.7733 7.62939e-07
    endloop
  endfacet
  facet normal 0.0462091 0.998932 -0
    outer loop
      vertex 26.4491 41.7733 7.62939e-07
      vertex 26.3756 41.7767 0.6
      vertex 26.4491 41.7733 0.6
    endloop
  endfacet
  facet normal 0.0462091 0.998932 0
    outer loop
      vertex 26.3756 41.7767 0.6
      vertex 26.4491 41.7733 7.62939e-07
      vertex 26.3756 41.7767 7.62939e-07
    endloop
  endfacet
  facet normal -0.0541839 0.998531 0
    outer loop
      vertex 26.3756 41.7767 7.62939e-07
      vertex 26.3111 41.7732 0.6
      vertex 26.3756 41.7767 0.6
    endloop
  endfacet
  facet normal -0.0541839 0.998531 0
    outer loop
      vertex 26.3111 41.7732 0.6
      vertex 26.3756 41.7767 7.62939e-07
      vertex 26.3111 41.7732 7.62939e-07
    endloop
  endfacet
  facet normal -0.0955102 -0.995428 0
    outer loop
      vertex 46.6168 42.4368 7.62939e-07
      vertex 46.7575 42.4233 0.6
      vertex 46.6168 42.4368 0.6
    endloop
  endfacet
  facet normal -0.0955102 -0.995428 -0
    outer loop
      vertex 46.7575 42.4233 0.6
      vertex 46.6168 42.4368 7.62939e-07
      vertex 46.7575 42.4233 7.62939e-07
    endloop
  endfacet
  facet normal -0.162042 -0.986784 0
    outer loop
      vertex 46.7575 42.4233 7.62939e-07
      vertex 46.8933 42.401 0.6
      vertex 46.7575 42.4233 0.6
    endloop
  endfacet
  facet normal -0.162042 -0.986784 -0
    outer loop
      vertex 46.8933 42.401 0.6
      vertex 46.7575 42.4233 7.62939e-07
      vertex 46.8933 42.401 7.62939e-07
    endloop
  endfacet
  facet normal -0.233261 -0.972414 0
    outer loop
      vertex 46.8933 42.401 7.62939e-07
      vertex 47.0242 42.3696 0.6
      vertex 46.8933 42.401 0.6
    endloop
  endfacet
  facet normal -0.233261 -0.972414 -0
    outer loop
      vertex 47.0242 42.3696 0.6
      vertex 46.8933 42.401 7.62939e-07
      vertex 47.0242 42.3696 7.62939e-07
    endloop
  endfacet
  facet normal -0.303953 -0.952687 0
    outer loop
      vertex 47.0242 42.3696 7.62939e-07
      vertex 47.1502 42.3294 0.6
      vertex 47.0242 42.3696 0.6
    endloop
  endfacet
  facet normal -0.303953 -0.952687 -0
    outer loop
      vertex 47.1502 42.3294 0.6
      vertex 47.0242 42.3696 7.62939e-07
      vertex 47.1502 42.3294 7.62939e-07
    endloop
  endfacet
  facet normal -0.376398 -0.926458 0
    outer loop
      vertex 47.1502 42.3294 7.62939e-07
      vertex 47.2713 42.2802 0.6
      vertex 47.1502 42.3294 0.6
    endloop
  endfacet
  facet normal -0.376398 -0.926458 -0
    outer loop
      vertex 47.2713 42.2802 0.6
      vertex 47.1502 42.3294 7.62939e-07
      vertex 47.2713 42.2802 7.62939e-07
    endloop
  endfacet
  facet normal -0.446902 -0.894583 0
    outer loop
      vertex 47.2713 42.2802 7.62939e-07
      vertex 47.3862 42.2228 0.6
      vertex 47.2713 42.2802 0.6
    endloop
  endfacet
  facet normal -0.446902 -0.894583 -0
    outer loop
      vertex 47.3862 42.2228 0.6
      vertex 47.2713 42.2802 7.62939e-07
      vertex 47.3862 42.2228 7.62939e-07
    endloop
  endfacet
  facet normal -0.517895 -0.855444 0
    outer loop
      vertex 47.3862 42.2228 7.62939e-07
      vertex 47.4934 42.1579 0.6
      vertex 47.3862 42.2228 0.6
    endloop
  endfacet
  facet normal -0.517895 -0.855444 -0
    outer loop
      vertex 47.4934 42.1579 0.6
      vertex 47.3862 42.2228 7.62939e-07
      vertex 47.4934 42.1579 7.62939e-07
    endloop
  endfacet
  facet normal -0.586914 -0.809649 0
    outer loop
      vertex 47.4934 42.1579 7.62939e-07
      vertex 47.593 42.0857 0.6
      vertex 47.4934 42.1579 0.6
    endloop
  endfacet
  facet normal -0.586914 -0.809649 -0
    outer loop
      vertex 47.593 42.0857 0.6
      vertex 47.4934 42.1579 7.62939e-07
      vertex 47.593 42.0857 7.62939e-07
    endloop
  endfacet
  facet normal -0.655243 -0.755418 0
    outer loop
      vertex 47.593 42.0857 7.62939e-07
      vertex 47.685 42.0059 0.6
      vertex 47.593 42.0857 0.6
    endloop
  endfacet
  facet normal -0.655243 -0.755418 -0
    outer loop
      vertex 47.685 42.0059 0.6
      vertex 47.593 42.0857 7.62939e-07
      vertex 47.685 42.0059 7.62939e-07
    endloop
  endfacet
  facet normal -0.718562 -0.695463 0
    outer loop
      vertex 47.7693 41.9188 7.62939e-07
      vertex 47.685 42.0059 0.6
      vertex 47.685 42.0059 7.62939e-07
    endloop
  endfacet
  facet normal -0.718562 -0.695463 0
    outer loop
      vertex 47.685 42.0059 0.6
      vertex 47.7693 41.9188 7.62939e-07
      vertex 47.7693 41.9188 0.6
    endloop
  endfacet
  facet normal -0.776365 -0.630284 0
    outer loop
      vertex 47.8461 41.8242 7.62939e-07
      vertex 47.7693 41.9188 0.6
      vertex 47.7693 41.9188 7.62939e-07
    endloop
  endfacet
  facet normal -0.776365 -0.630284 0
    outer loop
      vertex 47.7693 41.9188 0.6
      vertex 47.8461 41.8242 7.62939e-07
      vertex 47.8461 41.8242 0.6
    endloop
  endfacet
  facet normal -0.827721 -0.561139 0
    outer loop
      vertex 47.9143 41.7236 7.62939e-07
      vertex 47.8461 41.8242 0.6
      vertex 47.8461 41.8242 7.62939e-07
    endloop
  endfacet
  facet normal -0.827721 -0.561139 0
    outer loop
      vertex 47.8461 41.8242 0.6
      vertex 47.9143 41.7236 7.62939e-07
      vertex 47.9143 41.7236 0.6
    endloop
  endfacet
  facet normal -0.87235 -0.488881 0
    outer loop
      vertex 47.9732 41.6185 7.62939e-07
      vertex 47.9143 41.7236 0.6
      vertex 47.9143 41.7236 7.62939e-07
    endloop
  endfacet
  facet normal -0.87235 -0.488881 0
    outer loop
      vertex 47.9143 41.7236 0.6
      vertex 47.9732 41.6185 7.62939e-07
      vertex 47.9732 41.6185 0.6
    endloop
  endfacet
  facet normal -0.91119 -0.411987 0
    outer loop
      vertex 48.0228 41.5088 7.62939e-07
      vertex 47.9732 41.6185 0.6
      vertex 47.9732 41.6185 7.62939e-07
    endloop
  endfacet
  facet normal -0.91119 -0.411987 0
    outer loop
      vertex 47.9732 41.6185 0.6
      vertex 48.0228 41.5088 7.62939e-07
      vertex 48.0228 41.5088 0.6
    endloop
  endfacet
  facet normal -0.942914 -0.333036 0
    outer loop
      vertex 48.0631 41.3947 7.62939e-07
      vertex 48.0228 41.5088 0.6
      vertex 48.0228 41.5088 7.62939e-07
    endloop
  endfacet
  facet normal -0.942914 -0.333036 0
    outer loop
      vertex 48.0228 41.5088 0.6
      vertex 48.0631 41.3947 7.62939e-07
      vertex 48.0631 41.3947 0.6
    endloop
  endfacet
  facet normal -0.967747 -0.251924 0
    outer loop
      vertex 48.094 41.276 7.62939e-07
      vertex 48.0631 41.3947 0.6
      vertex 48.0631 41.3947 7.62939e-07
    endloop
  endfacet
  facet normal -0.967747 -0.251924 0
    outer loop
      vertex 48.0631 41.3947 0.6
      vertex 48.094 41.276 7.62939e-07
      vertex 48.094 41.276 0.6
    endloop
  endfacet
  facet normal -0.984976 -0.172691 0
    outer loop
      vertex 48.1156 41.1528 7.62939e-07
      vertex 48.094 41.276 0.6
      vertex 48.094 41.276 7.62939e-07
    endloop
  endfacet
  facet normal -0.984976 -0.172691 0
    outer loop
      vertex 48.094 41.276 0.6
      vertex 48.1156 41.1528 7.62939e-07
      vertex 48.1156 41.1528 0.6
    endloop
  endfacet
  facet normal -0.0460759 0.998938 0
    outer loop
      vertex 48.1156 41.1528 7.62939e-07
      vertex 47.1595 41.1087 0.6
      vertex 48.1156 41.1528 0.6
    endloop
  endfacet
  facet normal -0.0460759 0.998938 0
    outer loop
      vertex 47.1595 41.1087 0.6
      vertex 48.1156 41.1528 7.62939e-07
      vertex 47.1595 41.1087 7.62939e-07
    endloop
  endfacet
  facet normal 0.985596 0.169115 0
    outer loop
      vertex 47.1595 41.1087 0.6
      vertex 47.1409 41.2171 7.62939e-07
      vertex 47.1409 41.2171 0.6
    endloop
  endfacet
  facet normal 0.985596 0.169115 0
    outer loop
      vertex 47.1409 41.2171 7.62939e-07
      vertex 47.1595 41.1087 0.6
      vertex 47.1595 41.1087 7.62939e-07
    endloop
  endfacet
  facet normal 0.966478 0.256751 0
    outer loop
      vertex 47.1409 41.2171 0.6
      vertex 47.1146 41.3161 7.62939e-07
      vertex 47.1146 41.3161 0.6
    endloop
  endfacet
  facet normal 0.966478 0.256751 0
    outer loop
      vertex 47.1146 41.3161 7.62939e-07
      vertex 47.1409 41.2171 0.6
      vertex 47.1409 41.2171 7.62939e-07
    endloop
  endfacet
  facet normal 0.935081 0.354434 0
    outer loop
      vertex 47.1146 41.3161 0.6
      vertex 47.0806 41.4058 7.62939e-07
      vertex 47.0806 41.4058 0.6
    endloop
  endfacet
  facet normal 0.935081 0.354434 0
    outer loop
      vertex 47.0806 41.4058 7.62939e-07
      vertex 47.1146 41.3161 0.6
      vertex 47.1146 41.3161 7.62939e-07
    endloop
  endfacet
  facet normal 0.887704 0.460414 0
    outer loop
      vertex 47.0806 41.4058 0.6
      vertex 47.0389 41.4862 7.62939e-07
      vertex 47.0389 41.4862 0.6
    endloop
  endfacet
  facet normal 0.887704 0.460414 0
    outer loop
      vertex 47.0389 41.4862 7.62939e-07
      vertex 47.0806 41.4058 0.6
      vertex 47.0806 41.4058 7.62939e-07
    endloop
  endfacet
  facet normal 0.820693 0.571369 0
    outer loop
      vertex 47.0389 41.4862 0.6
      vertex 46.9894 41.5573 7.62939e-07
      vertex 46.9894 41.5573 0.6
    endloop
  endfacet
  facet normal 0.820693 0.571369 0
    outer loop
      vertex 46.9894 41.5573 7.62939e-07
      vertex 47.0389 41.4862 0.6
      vertex 47.0389 41.4862 7.62939e-07
    endloop
  endfacet
  facet normal 0.733936 0.679218 0
    outer loop
      vertex 46.9894 41.5573 0.6
      vertex 46.9323 41.619 7.62939e-07
      vertex 46.9323 41.619 0.6
    endloop
  endfacet
  facet normal 0.733936 0.679218 0
    outer loop
      vertex 46.9323 41.619 7.62939e-07
      vertex 46.9894 41.5573 0.6
      vertex 46.9894 41.5573 7.62939e-07
    endloop
  endfacet
  facet normal 0.63575 0.771895 -0
    outer loop
      vertex 46.9323 41.619 7.62939e-07
      vertex 46.8688 41.6713 0.6
      vertex 46.9323 41.619 0.6
    endloop
  endfacet
  facet normal 0.63575 0.771895 0
    outer loop
      vertex 46.8688 41.6713 0.6
      vertex 46.9323 41.619 7.62939e-07
      vertex 46.8688 41.6713 7.62939e-07
    endloop
  endfacet
  facet normal 0.530444 0.84772 -0
    outer loop
      vertex 46.8688 41.6713 7.62939e-07
      vertex 46.8004 41.7141 0.6
      vertex 46.8688 41.6713 0.6
    endloop
  endfacet
  facet normal 0.530444 0.84772 0
    outer loop
      vertex 46.8004 41.7141 0.6
      vertex 46.8688 41.6713 7.62939e-07
      vertex 46.8004 41.7141 7.62939e-07
    endloop
  endfacet
  facet normal 0.413616 0.910452 -0
    outer loop
      vertex 46.8004 41.7141 7.62939e-07
      vertex 46.7271 41.7474 0.6
      vertex 46.8004 41.7141 0.6
    endloop
  endfacet
  facet normal 0.413616 0.910452 0
    outer loop
      vertex 46.7271 41.7474 0.6
      vertex 46.8004 41.7141 7.62939e-07
      vertex 46.7271 41.7474 7.62939e-07
    endloop
  endfacet
  facet normal 0.291503 0.95657 -0
    outer loop
      vertex 46.7271 41.7474 7.62939e-07
      vertex 46.649 41.7712 0.6
      vertex 46.7271 41.7474 0.6
    endloop
  endfacet
  facet normal 0.291503 0.95657 0
    outer loop
      vertex 46.649 41.7712 0.6
      vertex 46.7271 41.7474 7.62939e-07
      vertex 46.649 41.7712 7.62939e-07
    endloop
  endfacet
  facet normal 0.169589 0.985515 -0
    outer loop
      vertex 46.649 41.7712 7.62939e-07
      vertex 46.5659 41.7855 0.6
      vertex 46.649 41.7712 0.6
    endloop
  endfacet
  facet normal 0.169589 0.985515 0
    outer loop
      vertex 46.5659 41.7855 0.6
      vertex 46.649 41.7712 7.62939e-07
      vertex 46.5659 41.7855 7.62939e-07
    endloop
  endfacet
  facet normal 0.0533331 0.998577 -0
    outer loop
      vertex 46.5659 41.7855 7.62939e-07
      vertex 46.4779 41.7902 0.6
      vertex 46.5659 41.7855 0.6
    endloop
  endfacet
  facet normal 0.0533331 0.998577 0
    outer loop
      vertex 46.4779 41.7902 0.6
      vertex 46.5659 41.7855 7.62939e-07
      vertex 46.4779 41.7902 7.62939e-07
    endloop
  endfacet
  facet normal -0.151992 0.988382 0
    outer loop
      vertex 46.4779 41.7902 7.62939e-07
      vertex 46.249 41.755 0.6
      vertex 46.4779 41.7902 0.6
    endloop
  endfacet
  facet normal -0.151992 0.988382 0
    outer loop
      vertex 46.249 41.755 0.6
      vertex 46.4779 41.7902 7.62939e-07
      vertex 46.249 41.755 7.62939e-07
    endloop
  endfacet
  facet normal -0.491276 0.871004 0
    outer loop
      vertex 46.249 41.755 7.62939e-07
      vertex 46.0616 41.6493 0.6
      vertex 46.249 41.755 0.6
    endloop
  endfacet
  facet normal -0.491276 0.871004 0
    outer loop
      vertex 46.0616 41.6493 0.6
      vertex 46.249 41.755 7.62939e-07
      vertex 46.0616 41.6493 7.62939e-07
    endloop
  endfacet
  facet normal -0.770476 0.637469 0
    outer loop
      vertex 45.9159 41.4732 7.62939e-07
      vertex 46.0616 41.6493 0.6
      vertex 46.0616 41.6493 7.62939e-07
    endloop
  endfacet
  facet normal -0.770476 0.637469 0
    outer loop
      vertex 46.0616 41.6493 0.6
      vertex 45.9159 41.4732 7.62939e-07
      vertex 45.9159 41.4732 0.6
    endloop
  endfacet
  facet normal -0.92141 0.388591 0
    outer loop
      vertex 45.8119 41.2266 7.62939e-07
      vertex 45.9159 41.4732 0.6
      vertex 45.9159 41.4732 7.62939e-07
    endloop
  endfacet
  facet normal -0.92141 0.388591 0
    outer loop
      vertex 45.9159 41.4732 0.6
      vertex 45.8119 41.2266 7.62939e-07
      vertex 45.8119 41.2266 0.6
    endloop
  endfacet
  facet normal -0.981113 0.193437 0
    outer loop
      vertex 45.7494 40.9096 7.62939e-07
      vertex 45.8119 41.2266 0.6
      vertex 45.8119 41.2266 7.62939e-07
    endloop
  endfacet
  facet normal -0.981113 0.193437 0
    outer loop
      vertex 45.8119 41.2266 0.6
      vertex 45.7494 40.9096 7.62939e-07
      vertex 45.7494 40.9096 0.6
    endloop
  endfacet
  facet normal -0.998562 0.0536003 0
    outer loop
      vertex 45.7286 40.5221 7.62939e-07
      vertex 45.7494 40.9096 0.6
      vertex 45.7494 40.9096 7.62939e-07
    endloop
  endfacet
  facet normal -0.998562 0.0536003 0
    outer loop
      vertex 45.7494 40.9096 0.6
      vertex 45.7286 40.5221 7.62939e-07
      vertex 45.7286 40.5221 0.6
    endloop
  endfacet
  facet normal -0.998518 -0.054426 0
    outer loop
      vertex 45.7491 40.146 7.62939e-07
      vertex 45.7286 40.5221 0.6
      vertex 45.7286 40.5221 7.62939e-07
    endloop
  endfacet
  facet normal -0.998518 -0.054426 0
    outer loop
      vertex 45.7286 40.5221 0.6
      vertex 45.7491 40.146 7.62939e-07
      vertex 45.7491 40.146 0.6
    endloop
  endfacet
  facet normal -0.980715 -0.195442 0
    outer loop
      vertex 45.8104 39.8384 7.62939e-07
      vertex 45.7491 40.146 0.6
      vertex 45.7491 40.146 7.62939e-07
    endloop
  endfacet
  facet normal -0.980715 -0.195442 0
    outer loop
      vertex 45.7491 40.146 0.6
      vertex 45.8104 39.8384 7.62939e-07
      vertex 45.8104 39.8384 0.6
    endloop
  endfacet
  facet normal -0.9197 -0.392621 0
    outer loop
      vertex 45.9126 39.599 7.62939e-07
      vertex 45.8104 39.8384 0.6
      vertex 45.8104 39.8384 7.62939e-07
    endloop
  endfacet
  facet normal -0.9197 -0.392621 0
    outer loop
      vertex 45.8104 39.8384 0.6
      vertex 45.9126 39.599 7.62939e-07
      vertex 45.9126 39.599 0.6
    endloop
  endfacet
  facet normal -0.766932 -0.641728 0
    outer loop
      vertex 46.0556 39.4281 7.62939e-07
      vertex 45.9126 39.599 0.6
      vertex 45.9126 39.599 7.62939e-07
    endloop
  endfacet
  facet normal -0.766932 -0.641728 0
    outer loop
      vertex 45.9126 39.599 0.6
      vertex 46.0556 39.4281 7.62939e-07
      vertex 46.0556 39.4281 0.6
    endloop
  endfacet
  facet normal -0.487215 -0.873282 0
    outer loop
      vertex 46.0556 39.4281 7.62939e-07
      vertex 46.2395 39.3255 0.6
      vertex 46.0556 39.4281 0.6
    endloop
  endfacet
  facet normal -0.487215 -0.873282 -0
    outer loop
      vertex 46.2395 39.3255 0.6
      vertex 46.0556 39.4281 7.62939e-07
      vertex 46.2395 39.3255 7.62939e-07
    endloop
  endfacet
  facet normal -0.150339 -0.988634 0
    outer loop
      vertex 46.2395 39.3255 7.62939e-07
      vertex 46.4644 39.2913 0.6
      vertex 46.2395 39.3255 0.6
    endloop
  endfacet
  facet normal -0.150339 -0.988634 -0
    outer loop
      vertex 46.4644 39.2913 0.6
      vertex 46.2395 39.3255 7.62939e-07
      vertex 46.4644 39.2913 7.62939e-07
    endloop
  endfacet
  facet normal 0.0490527 -0.998796 0
    outer loop
      vertex 46.4644 39.2913 7.62939e-07
      vertex 46.5601 39.296 0.6
      vertex 46.4644 39.2913 0.6
    endloop
  endfacet
  facet normal 0.0490527 -0.998796 0
    outer loop
      vertex 46.5601 39.296 0.6
      vertex 46.4644 39.2913 7.62939e-07
      vertex 46.5601 39.296 7.62939e-07
    endloop
  endfacet
  facet normal 0.156941 -0.987608 0
    outer loop
      vertex 46.5601 39.296 7.62939e-07
      vertex 46.6482 39.31 0.6
      vertex 46.5601 39.296 0.6
    endloop
  endfacet
  facet normal 0.156941 -0.987608 0
    outer loop
      vertex 46.6482 39.31 0.6
      vertex 46.5601 39.296 7.62939e-07
      vertex 46.6482 39.31 7.62939e-07
    endloop
  endfacet
  facet normal 0.277393 -0.960756 0
    outer loop
      vertex 46.6482 39.31 7.62939e-07
      vertex 46.7289 39.3333 0.6
      vertex 46.6482 39.31 0.6
    endloop
  endfacet
  facet normal 0.277393 -0.960756 0
    outer loop
      vertex 46.7289 39.3333 0.6
      vertex 46.6482 39.31 7.62939e-07
      vertex 46.7289 39.3333 7.62939e-07
    endloop
  endfacet
  facet normal 0.407763 -0.913088 0
    outer loop
      vertex 46.7289 39.3333 7.62939e-07
      vertex 46.8019 39.3659 0.6
      vertex 46.7289 39.3333 0.6
    endloop
  endfacet
  facet normal 0.407763 -0.913088 0
    outer loop
      vertex 46.8019 39.3659 0.6
      vertex 46.7289 39.3333 7.62939e-07
      vertex 46.8019 39.3659 7.62939e-07
    endloop
  endfacet
  facet normal 0.539199 -0.842178 0
    outer loop
      vertex 46.8019 39.3659 7.62939e-07
      vertex 46.8675 39.4079 0.6
      vertex 46.8019 39.3659 0.6
    endloop
  endfacet
  facet normal 0.539199 -0.842178 0
    outer loop
      vertex 46.8675 39.4079 0.6
      vertex 46.8019 39.3659 7.62939e-07
      vertex 46.8675 39.4079 7.62939e-07
    endloop
  endfacet
  facet normal 0.662518 -0.749046 0
    outer loop
      vertex 46.8675 39.4079 7.62939e-07
      vertex 46.9255 39.4592 0.6
      vertex 46.8675 39.4079 0.6
    endloop
  endfacet
  facet normal 0.662518 -0.749046 0
    outer loop
      vertex 46.9255 39.4592 0.6
      vertex 46.8675 39.4079 7.62939e-07
      vertex 46.9255 39.4592 7.62939e-07
    endloop
  endfacet
  facet normal 0.757716 -0.652584 0
    outer loop
      vertex 46.9255 39.4592 0.6
      vertex 46.9764 39.5183 7.62939e-07
      vertex 46.9764 39.5183 0.6
    endloop
  endfacet
  facet normal 0.757716 -0.652584 0
    outer loop
      vertex 46.9764 39.5183 7.62939e-07
      vertex 46.9255 39.4592 0.6
      vertex 46.9255 39.4592 7.62939e-07
    endloop
  endfacet
  facet normal 0.829701 -0.558208 0
    outer loop
      vertex 46.9764 39.5183 0.6
      vertex 47.0204 39.5837 7.62939e-07
      vertex 47.0204 39.5837 0.6
    endloop
  endfacet
  facet normal 0.829701 -0.558208 0
    outer loop
      vertex 47.0204 39.5837 7.62939e-07
      vertex 46.9764 39.5183 0.6
      vertex 46.9764 39.5183 7.62939e-07
    endloop
  endfacet
  facet normal 0.887136 -0.461509 0
    outer loop
      vertex 47.0204 39.5837 0.6
      vertex 47.0577 39.6554 7.62939e-07
      vertex 47.0577 39.6554 0.6
    endloop
  endfacet
  facet normal 0.887136 -0.461509 0
    outer loop
      vertex 47.0577 39.6554 7.62939e-07
      vertex 47.0204 39.5837 0.6
      vertex 47.0204 39.5837 7.62939e-07
    endloop
  endfacet
  facet normal 0.931489 -0.36377 0
    outer loop
      vertex 47.0577 39.6554 0.6
      vertex 47.0882 39.7335 7.62939e-07
      vertex 47.0882 39.7335 0.6
    endloop
  endfacet
  facet normal 0.931489 -0.36377 0
    outer loop
      vertex 47.0882 39.7335 7.62939e-07
      vertex 47.0577 39.6554 0.6
      vertex 47.0577 39.6554 7.62939e-07
    endloop
  endfacet
  facet normal 0.962381 -0.271704 0
    outer loop
      vertex 47.0882 39.7335 0.6
      vertex 47.112 39.8178 7.62939e-07
      vertex 47.112 39.8178 0.6
    endloop
  endfacet
  facet normal 0.962381 -0.271704 0
    outer loop
      vertex 47.112 39.8178 7.62939e-07
      vertex 47.0882 39.7335 0.6
      vertex 47.0882 39.7335 7.62939e-07
    endloop
  endfacet
  facet normal 0.98308 -0.183176 0
    outer loop
      vertex 47.112 39.8178 0.6
      vertex 47.1289 39.9085 7.62939e-07
      vertex 47.1289 39.9085 0.6
    endloop
  endfacet
  facet normal 0.98308 -0.183176 0
    outer loop
      vertex 47.1289 39.9085 7.62939e-07
      vertex 47.112 39.8178 0.6
      vertex 47.112 39.8178 7.62939e-07
    endloop
  endfacet
  facet normal -0.0494393 -0.998777 0
    outer loop
      vertex 47.1289 39.9085 7.62939e-07
      vertex 48.0885 39.861 0.6
      vertex 47.1289 39.9085 0.6
    endloop
  endfacet
  facet normal -0.0494393 -0.998777 -0
    outer loop
      vertex 48.0885 39.861 0.6
      vertex 47.1289 39.9085 7.62939e-07
      vertex 48.0885 39.861 7.62939e-07
    endloop
  endfacet
  facet normal -0.971402 0.237442 0
    outer loop
      vertex 48.0435 39.6769 7.62939e-07
      vertex 48.0885 39.861 0.6
      vertex 48.0885 39.861 7.62939e-07
    endloop
  endfacet
  facet normal -0.971402 0.237442 0
    outer loop
      vertex 48.0885 39.861 0.6
      vertex 48.0435 39.6769 7.62939e-07
      vertex 48.0435 39.6769 0.6
    endloop
  endfacet
  facet normal -0.939019 0.343866 0
    outer loop
      vertex 47.9811 39.5065 7.62939e-07
      vertex 48.0435 39.6769 0.6
      vertex 48.0435 39.6769 7.62939e-07
    endloop
  endfacet
  facet normal -0.939019 0.343866 0
    outer loop
      vertex 48.0435 39.6769 0.6
      vertex 47.9811 39.5065 7.62939e-07
      vertex 47.9811 39.5065 0.6
    endloop
  endfacet
  facet normal -0.890527 0.454931 0
    outer loop
      vertex 47.9011 39.3499 7.62939e-07
      vertex 47.9811 39.5065 0.6
      vertex 47.9811 39.5065 7.62939e-07
    endloop
  endfacet
  facet normal -0.890527 0.454931 0
    outer loop
      vertex 47.9811 39.5065 0.6
      vertex 47.9011 39.3499 7.62939e-07
      vertex 47.9011 39.3499 0.6
    endloop
  endfacet
  facet normal -0.826044 0.563606 0
    outer loop
      vertex 47.8036 39.207 7.62939e-07
      vertex 47.9011 39.3499 0.6
      vertex 47.9011 39.3499 7.62939e-07
    endloop
  endfacet
  facet normal -0.826044 0.563606 0
    outer loop
      vertex 47.9011 39.3499 0.6
      vertex 47.8036 39.207 7.62939e-07
      vertex 47.8036 39.207 0.6
    endloop
  endfacet
  facet normal -0.746707 0.665153 0
    outer loop
      vertex 47.6886 39.0779 7.62939e-07
      vertex 47.8036 39.207 0.6
      vertex 47.8036 39.207 7.62939e-07
    endloop
  endfacet
  facet normal -0.746707 0.665153 0
    outer loop
      vertex 47.8036 39.207 0.6
      vertex 47.6886 39.0779 7.62939e-07
      vertex 47.6886 39.0779 0.6
    endloop
  endfacet
  facet normal -0.65677 0.754091 0
    outer loop
      vertex 47.6886 39.0779 7.62939e-07
      vertex 47.5561 38.9625 0.6
      vertex 47.6886 39.0779 0.6
    endloop
  endfacet
  facet normal -0.65677 0.754091 0
    outer loop
      vertex 47.5561 38.9625 0.6
      vertex 47.6886 39.0779 7.62939e-07
      vertex 47.5561 38.9625 7.62939e-07
    endloop
  endfacet
  facet normal -0.559232 0.829012 0
    outer loop
      vertex 47.5561 38.9625 7.62939e-07
      vertex 47.4086 38.863 0.6
      vertex 47.5561 38.9625 0.6
    endloop
  endfacet
  facet normal -0.559232 0.829012 0
    outer loop
      vertex 47.4086 38.863 0.6
      vertex 47.5561 38.9625 7.62939e-07
      vertex 47.4086 38.863 7.62939e-07
    endloop
  endfacet
  facet normal -0.453224 0.891397 0
    outer loop
      vertex 47.4086 38.863 7.62939e-07
      vertex 47.2487 38.7817 0.6
      vertex 47.4086 38.863 0.6
    endloop
  endfacet
  facet normal -0.453224 0.891397 0
    outer loop
      vertex 47.2487 38.7817 0.6
      vertex 47.4086 38.863 7.62939e-07
      vertex 47.2487 38.7817 7.62939e-07
    endloop
  endfacet
  facet normal -0.344847 0.938659 0
    outer loop
      vertex 47.2487 38.7817 7.62939e-07
      vertex 47.0764 38.7184 0.6
      vertex 47.2487 38.7817 0.6
    endloop
  endfacet
  facet normal -0.344847 0.938659 0
    outer loop
      vertex 47.0764 38.7184 0.6
      vertex 47.2487 38.7817 7.62939e-07
      vertex 47.0764 38.7184 7.62939e-07
    endloop
  endfacet
  facet normal -0.237585 0.971367 0
    outer loop
      vertex 47.0764 38.7184 7.62939e-07
      vertex 46.8916 38.6732 0.6
      vertex 47.0764 38.7184 0.6
    endloop
  endfacet
  facet normal -0.237585 0.971367 0
    outer loop
      vertex 46.8916 38.6732 0.6
      vertex 47.0764 38.7184 7.62939e-07
      vertex 46.8916 38.6732 7.62939e-07
    endloop
  endfacet
  facet normal -0.136637 0.990621 0
    outer loop
      vertex 46.8916 38.6732 7.62939e-07
      vertex 46.6944 38.646 0.6
      vertex 46.8916 38.6732 0.6
    endloop
  endfacet
  facet normal -0.136637 0.990621 0
    outer loop
      vertex 46.6944 38.646 0.6
      vertex 46.8916 38.6732 7.62939e-07
      vertex 46.6944 38.646 7.62939e-07
    endloop
  endfacet
  facet normal -0.042879 0.99908 0
    outer loop
      vertex 46.6944 38.646 7.62939e-07
      vertex 46.4847 38.637 0.6
      vertex 46.6944 38.646 0.6
    endloop
  endfacet
  facet normal -0.042879 0.99908 0
    outer loop
      vertex 46.4847 38.637 0.6
      vertex 46.6944 38.646 7.62939e-07
      vertex 46.4847 38.637 7.62939e-07
    endloop
  endfacet
  facet normal 0.0522283 0.998635 -0
    outer loop
      vertex 46.4847 38.637 7.62939e-07
      vertex 46.2151 38.6511 0.6
      vertex 46.4847 38.637 0.6
    endloop
  endfacet
  facet normal 0.0522283 0.998635 0
    outer loop
      vertex 46.2151 38.6511 0.6
      vertex 46.4847 38.637 7.62939e-07
      vertex 46.2151 38.6511 7.62939e-07
    endloop
  endfacet
  facet normal 0.167487 0.985874 -0
    outer loop
      vertex 46.2151 38.6511 7.62939e-07
      vertex 45.9667 38.6933 0.6
      vertex 46.2151 38.6511 0.6
    endloop
  endfacet
  facet normal 0.167487 0.985874 0
    outer loop
      vertex 45.9667 38.6933 0.6
      vertex 46.2151 38.6511 7.62939e-07
      vertex 45.9667 38.6933 7.62939e-07
    endloop
  endfacet
  facet normal 0.296095 0.955159 -0
    outer loop
      vertex 45.9667 38.6933 7.62939e-07
      vertex 45.7396 38.7637 0.6
      vertex 45.9667 38.6933 0.6
    endloop
  endfacet
  facet normal 0.296095 0.955159 0
    outer loop
      vertex 45.7396 38.7637 0.6
      vertex 45.9667 38.6933 7.62939e-07
      vertex 45.7396 38.7637 7.62939e-07
    endloop
  endfacet
  facet normal 0.432076 0.901837 -0
    outer loop
      vertex 45.7396 38.7637 7.62939e-07
      vertex 45.5338 38.8623 0.6
      vertex 45.7396 38.7637 0.6
    endloop
  endfacet
  facet normal 0.432076 0.901837 0
    outer loop
      vertex 45.5338 38.8623 0.6
      vertex 45.7396 38.7637 7.62939e-07
      vertex 45.5338 38.8623 7.62939e-07
    endloop
  endfacet
  facet normal 0.566093 0.824342 -0
    outer loop
      vertex 45.5338 38.8623 7.62939e-07
      vertex 45.3493 38.989 0.6
      vertex 45.5338 38.8623 0.6
    endloop
  endfacet
  facet normal 0.566093 0.824342 0
    outer loop
      vertex 45.3493 38.989 0.6
      vertex 45.5338 38.8623 7.62939e-07
      vertex 45.3493 38.989 7.62939e-07
    endloop
  endfacet
  facet normal 0.688422 0.72531 -0
    outer loop
      vertex 45.3493 38.989 7.62939e-07
      vertex 45.1861 39.1439 0.6
      vertex 45.3493 38.989 0.6
    endloop
  endfacet
  facet normal 0.688422 0.72531 0
    outer loop
      vertex 45.1861 39.1439 0.6
      vertex 45.3493 38.989 7.62939e-07
      vertex 45.1861 39.1439 7.62939e-07
    endloop
  endfacet
  facet normal 0.78973 0.613455 0
    outer loop
      vertex 45.1861 39.1439 0.6
      vertex 45.0462 39.324 7.62939e-07
      vertex 45.0462 39.324 0.6
    endloop
  endfacet
  facet normal 0.78973 0.613455 0
    outer loop
      vertex 45.0462 39.324 7.62939e-07
      vertex 45.1861 39.1439 0.6
      vertex 45.1861 39.1439 7.62939e-07
    endloop
  endfacet
  facet normal 0.870667 0.491873 0
    outer loop
      vertex 45.0462 39.324 0.6
      vertex 44.9318 39.5265 7.62939e-07
      vertex 44.9318 39.5265 0.6
    endloop
  endfacet
  facet normal 0.870667 0.491873 0
    outer loop
      vertex 44.9318 39.5265 7.62939e-07
      vertex 45.0462 39.324 0.6
      vertex 45.0462 39.324 7.62939e-07
    endloop
  endfacet
  facet normal 0.929727 0.36825 0
    outer loop
      vertex 44.9318 39.5265 0.6
      vertex 44.8428 39.7512 7.62939e-07
      vertex 44.8428 39.7512 0.6
    endloop
  endfacet
  facet normal 0.929727 0.36825 0
    outer loop
      vertex 44.8428 39.7512 7.62939e-07
      vertex 44.9318 39.5265 0.6
      vertex 44.9318 39.5265 7.62939e-07
    endloop
  endfacet
  facet normal 0.968436 0.249262 0
    outer loop
      vertex 44.8428 39.7512 0.6
      vertex 44.7792 39.9983 7.62939e-07
      vertex 44.7792 39.9983 0.6
    endloop
  endfacet
  facet normal 0.968436 0.249262 0
    outer loop
      vertex 44.7792 39.9983 7.62939e-07
      vertex 44.8428 39.7512 0.6
      vertex 44.8428 39.7512 7.62939e-07
    endloop
  endfacet
  facet normal 0.990147 0.140032 0
    outer loop
      vertex 44.7792 39.9983 0.6
      vertex 44.7411 40.2677 7.62939e-07
      vertex 44.7411 40.2677 0.6
    endloop
  endfacet
  facet normal 0.990147 0.140032 0
    outer loop
      vertex 44.7411 40.2677 7.62939e-07
      vertex 44.7792 39.9983 0.6
      vertex 44.7792 39.9983 7.62939e-07
    endloop
  endfacet
  facet normal 0.999054 0.0434967 0
    outer loop
      vertex 44.7411 40.2677 0.6
      vertex 44.7284 40.5594 7.62939e-07
      vertex 44.7284 40.5594 0.6
    endloop
  endfacet
  facet normal 0.999054 0.0434967 0
    outer loop
      vertex 44.7284 40.5594 7.62939e-07
      vertex 44.7411 40.2677 0.6
      vertex 44.7411 40.2677 7.62939e-07
    endloop
  endfacet
  facet normal 0.999026 -0.044121 0
    outer loop
      vertex 44.7284 40.5594 0.6
      vertex 44.741 40.8447 7.62939e-07
      vertex 44.741 40.8447 0.6
    endloop
  endfacet
  facet normal 0.999026 -0.044121 0
    outer loop
      vertex 44.741 40.8447 7.62939e-07
      vertex 44.7284 40.5594 0.6
      vertex 44.7284 40.5594 7.62939e-07
    endloop
  endfacet
  facet normal 0.989867 -0.142 0
    outer loop
      vertex 44.741 40.8447 0.6
      vertex 44.7788 41.1082 7.62939e-07
      vertex 44.7788 41.1082 0.6
    endloop
  endfacet
  facet normal 0.989867 -0.142 0
    outer loop
      vertex 44.7788 41.1082 7.62939e-07
      vertex 44.741 40.8447 0.6
      vertex 44.741 40.8447 7.62939e-07
    endloop
  endfacet
  facet normal 0.96757 -0.252601 0
    outer loop
      vertex 44.7788 41.1082 0.6
      vertex 44.8419 41.3499 7.62939e-07
      vertex 44.8419 41.3499 0.6
    endloop
  endfacet
  facet normal 0.96757 -0.252601 0
    outer loop
      vertex 44.8419 41.3499 7.62939e-07
      vertex 44.7788 41.1082 0.6
      vertex 44.7788 41.1082 7.62939e-07
    endloop
  endfacet
  facet normal 0.927894 -0.372845 0
    outer loop
      vertex 44.8419 41.3499 0.6
      vertex 44.9303 41.5699 7.62939e-07
      vertex 44.9303 41.5699 0.6
    endloop
  endfacet
  facet normal 0.927894 -0.372845 0
    outer loop
      vertex 44.9303 41.5699 7.62939e-07
      vertex 44.8419 41.3499 0.6
      vertex 44.8419 41.3499 7.62939e-07
    endloop
  endfacet
  facet normal 0.867596 -0.49727 0
    outer loop
      vertex 44.9303 41.5699 0.6
      vertex 45.0439 41.7681 7.62939e-07
      vertex 45.0439 41.7681 0.6
    endloop
  endfacet
  facet normal 0.867596 -0.49727 0
    outer loop
      vertex 45.0439 41.7681 7.62939e-07
      vertex 44.9303 41.5699 0.6
      vertex 44.9303 41.5699 7.62939e-07
    endloop
  endfacet
  facet normal 0.785885 -0.618372 0
    outer loop
      vertex 45.0439 41.7681 0.6
      vertex 45.1827 41.9445 7.62939e-07
      vertex 45.1827 41.9445 0.6
    endloop
  endfacet
  facet normal 0.785885 -0.618372 0
    outer loop
      vertex 45.1827 41.9445 7.62939e-07
      vertex 45.0439 41.7681 0.6
      vertex 45.0439 41.7681 7.62939e-07
    endloop
  endfacet
  facet normal 0.683761 -0.729706 0
    outer loop
      vertex 45.1827 41.9445 7.62939e-07
      vertex 45.3447 42.0963 0.6
      vertex 45.1827 41.9445 0.6
    endloop
  endfacet
  facet normal 0.683761 -0.729706 0
    outer loop
      vertex 45.3447 42.0963 0.6
      vertex 45.1827 41.9445 7.62939e-07
      vertex 45.3447 42.0963 7.62939e-07
    endloop
  endfacet
  facet normal 0.561358 -0.827573 0
    outer loop
      vertex 45.3447 42.0963 7.62939e-07
      vertex 45.5278 42.2205 0.6
      vertex 45.3447 42.0963 0.6
    endloop
  endfacet
  facet normal 0.561358 -0.827573 0
    outer loop
      vertex 45.5278 42.2205 0.6
      vertex 45.3447 42.0963 7.62939e-07
      vertex 45.5278 42.2205 7.62939e-07
    endloop
  endfacet
  facet normal 0.42763 -0.903954 0
    outer loop
      vertex 45.5278 42.2205 7.62939e-07
      vertex 45.732 42.3171 0.6
      vertex 45.5278 42.2205 0.6
    endloop
  endfacet
  facet normal 0.42763 -0.903954 0
    outer loop
      vertex 45.732 42.3171 0.6
      vertex 45.5278 42.2205 7.62939e-07
      vertex 45.732 42.3171 7.62939e-07
    endloop
  endfacet
  facet normal 0.292445 -0.956282 0
    outer loop
      vertex 45.732 42.3171 7.62939e-07
      vertex 45.9573 42.386 0.6
      vertex 45.732 42.3171 0.6
    endloop
  endfacet
  facet normal 0.292445 -0.956282 0
    outer loop
      vertex 45.9573 42.386 0.6
      vertex 45.732 42.3171 7.62939e-07
      vertex 45.9573 42.386 7.62939e-07
    endloop
  endfacet
  facet normal 0.165697 -0.986177 0
    outer loop
      vertex 45.9573 42.386 7.62939e-07
      vertex 46.2037 42.4274 0.6
      vertex 45.9573 42.386 0.6
    endloop
  endfacet
  facet normal 0.165697 -0.986177 0
    outer loop
      vertex 46.2037 42.4274 0.6
      vertex 45.9573 42.386 7.62939e-07
      vertex 46.2037 42.4274 7.62939e-07
    endloop
  endfacet
  facet normal 0.0515203 -0.998672 0
    outer loop
      vertex 46.2037 42.4274 7.62939e-07
      vertex 46.4712 42.4412 0.6
      vertex 46.2037 42.4274 0.6
    endloop
  endfacet
  facet normal 0.0515203 -0.998672 0
    outer loop
      vertex 46.4712 42.4412 0.6
      vertex 46.2037 42.4274 7.62939e-07
      vertex 46.4712 42.4412 7.62939e-07
    endloop
  endfacet
  facet normal -0.030206 -0.999544 0
    outer loop
      vertex 46.4712 42.4412 7.62939e-07
      vertex 46.6168 42.4368 0.6
      vertex 46.4712 42.4412 0.6
    endloop
  endfacet
  facet normal -0.030206 -0.999544 -0
    outer loop
      vertex 46.6168 42.4368 0.6
      vertex 46.4712 42.4412 7.62939e-07
      vertex 46.6168 42.4368 7.62939e-07
    endloop
  endfacet
  facet normal -0.248058 -0.968745 0
    outer loop
      vertex 40.0173 42.4212 7.62939e-07
      vertex 40.2524 42.361 0.6
      vertex 40.0173 42.4212 0.6
    endloop
  endfacet
  facet normal -0.248058 -0.968745 -0
    outer loop
      vertex 40.2524 42.361 0.6
      vertex 40.0173 42.4212 7.62939e-07
      vertex 40.2524 42.361 7.62939e-07
    endloop
  endfacet
  facet normal -0.426842 -0.904326 0
    outer loop
      vertex 40.2524 42.361 7.62939e-07
      vertex 40.4649 42.2607 0.6
      vertex 40.2524 42.361 0.6
    endloop
  endfacet
  facet normal -0.426842 -0.904326 -0
    outer loop
      vertex 40.4649 42.2607 0.6
      vertex 40.2524 42.361 7.62939e-07
      vertex 40.4649 42.2607 7.62939e-07
    endloop
  endfacet
  facet normal -0.594498 -0.804097 0
    outer loop
      vertex 40.4649 42.2607 7.62939e-07
      vertex 40.6548 42.1203 0.6
      vertex 40.4649 42.2607 0.6
    endloop
  endfacet
  facet normal -0.594498 -0.804097 -0
    outer loop
      vertex 40.6548 42.1203 0.6
      vertex 40.4649 42.2607 7.62939e-07
      vertex 40.6548 42.1203 7.62939e-07
    endloop
  endfacet
  facet normal -0.733603 -0.679578 0
    outer loop
      vertex 40.8221 41.9397 7.62939e-07
      vertex 40.6548 42.1203 0.6
      vertex 40.6548 42.1203 7.62939e-07
    endloop
  endfacet
  facet normal -0.733603 -0.679578 0
    outer loop
      vertex 40.6548 42.1203 0.6
      vertex 40.8221 41.9397 7.62939e-07
      vertex 40.8221 41.9397 0.6
    endloop
  endfacet
  facet normal -0.836455 -0.548035 0
    outer loop
      vertex 40.9667 41.719 7.62939e-07
      vertex 40.8221 41.9397 0.6
      vertex 40.8221 41.9397 7.62939e-07
    endloop
  endfacet
  facet normal -0.836455 -0.548035 0
    outer loop
      vertex 40.8221 41.9397 0.6
      vertex 40.9667 41.719 7.62939e-07
      vertex 40.9667 41.719 0.6
    endloop
  endfacet
  facet normal 0 -1 0
    outer loop
      vertex 40.9667 41.719 7.62939e-07
      vertex 40.987 41.719 0.6
      vertex 40.9667 41.719 0.6
    endloop
  endfacet
  facet normal 0 -1 -0
    outer loop
      vertex 40.987 41.719 0.6
      vertex 40.9667 41.719 7.62939e-07
      vertex 40.987 41.719 7.62939e-07
    endloop
  endfacet
  facet normal 0.99052 -0.137371 0
    outer loop
      vertex 40.987 41.719 0.6
      vertex 41.0022 41.8286 7.62939e-07
      vertex 41.0022 41.8286 0.6
    endloop
  endfacet
  facet normal 0.99052 -0.137371 0
    outer loop
      vertex 41.0022 41.8286 7.62939e-07
      vertex 40.987 41.719 0.6
      vertex 40.987 41.719 7.62939e-07
    endloop
  endfacet
  facet normal 0.975333 -0.220738 0
    outer loop
      vertex 41.0022 41.8286 0.6
      vertex 41.0249 41.9289 7.62939e-07
      vertex 41.0249 41.9289 0.6
    endloop
  endfacet
  facet normal 0.975333 -0.220738 0
    outer loop
      vertex 41.0249 41.9289 7.62939e-07
      vertex 41.0022 41.8286 0.6
      vertex 41.0022 41.8286 7.62939e-07
    endloop
  endfacet
  facet normal 0.948579 -0.31654 0
    outer loop
      vertex 41.0249 41.9289 0.6
      vertex 41.0553 42.02 7.62939e-07
      vertex 41.0553 42.02 0.6
    endloop
  endfacet
  facet normal 0.948579 -0.31654 0
    outer loop
      vertex 41.0553 42.02 7.62939e-07
      vertex 41.0249 41.9289 0.6
      vertex 41.0249 41.9289 7.62939e-07
    endloop
  endfacet
  facet normal 0.906918 -0.421307 0
    outer loop
      vertex 41.0553 42.02 0.6
      vertex 41.0933 42.1018 7.62939e-07
      vertex 41.0933 42.1018 0.6
    endloop
  endfacet
  facet normal 0.906918 -0.421307 0
    outer loop
      vertex 41.0933 42.1018 7.62939e-07
      vertex 41.0553 42.02 0.6
      vertex 41.0553 42.02 7.62939e-07
    endloop
  endfacet
  facet normal 0.846817 -0.531885 0
    outer loop
      vertex 41.0933 42.1018 0.6
      vertex 41.1389 42.1744 7.62939e-07
      vertex 41.1389 42.1744 0.6
    endloop
  endfacet
  facet normal 0.846817 -0.531885 0
    outer loop
      vertex 41.1389 42.1744 7.62939e-07
      vertex 41.0933 42.1018 0.6
      vertex 41.0933 42.1018 7.62939e-07
    endloop
  endfacet
  facet normal 0.765443 -0.643503 0
    outer loop
      vertex 41.1389 42.1744 0.6
      vertex 41.1922 42.2378 7.62939e-07
      vertex 41.1922 42.2378 0.6
    endloop
  endfacet
  facet normal 0.765443 -0.643503 0
    outer loop
      vertex 41.1922 42.2378 7.62939e-07
      vertex 41.1389 42.1744 0.6
      vertex 41.1389 42.1744 7.62939e-07
    endloop
  endfacet
  facet normal 0.654283 -0.75625 0
    outer loop
      vertex 41.1922 42.2378 7.62939e-07
      vertex 41.2545 42.2917 0.6
      vertex 41.1922 42.2378 0.6
    endloop
  endfacet
  facet normal 0.654283 -0.75625 0
    outer loop
      vertex 41.2545 42.2917 0.6
      vertex 41.1922 42.2378 7.62939e-07
      vertex 41.2545 42.2917 7.62939e-07
    endloop
  endfacet
  facet normal 0.518119 -0.855308 0
    outer loop
      vertex 41.2545 42.2917 7.62939e-07
      vertex 41.3273 42.3358 0.6
      vertex 41.2545 42.2917 0.6
    endloop
  endfacet
  facet normal 0.518119 -0.855308 0
    outer loop
      vertex 41.3273 42.3358 0.6
      vertex 41.2545 42.2917 7.62939e-07
      vertex 41.3273 42.3358 7.62939e-07
    endloop
  endfacet
  facet normal 0.381141 -0.924517 0
    outer loop
      vertex 41.3273 42.3358 7.62939e-07
      vertex 41.4105 42.3701 0.6
      vertex 41.3273 42.3358 0.6
    endloop
  endfacet
  facet normal 0.381141 -0.924517 0
    outer loop
      vertex 41.4105 42.3701 0.6
      vertex 41.3273 42.3358 7.62939e-07
      vertex 41.4105 42.3701 7.62939e-07
    endloop
  endfacet
  facet normal 0.252254 -0.967661 0
    outer loop
      vertex 41.4105 42.3701 7.62939e-07
      vertex 41.5041 42.3945 0.6
      vertex 41.4105 42.3701 0.6
    endloop
  endfacet
  facet normal 0.252254 -0.967661 0
    outer loop
      vertex 41.5041 42.3945 0.6
      vertex 41.4105 42.3701 7.62939e-07
      vertex 41.5041 42.3945 7.62939e-07
    endloop
  endfacet
  facet normal 0.139692 -0.990195 0
    outer loop
      vertex 41.5041 42.3945 7.62939e-07
      vertex 41.6083 42.4092 0.6
      vertex 41.5041 42.3945 0.6
    endloop
  endfacet
  facet normal 0.139692 -0.990195 0
    outer loop
      vertex 41.6083 42.4092 0.6
      vertex 41.5041 42.3945 7.62939e-07
      vertex 41.6083 42.4092 7.62939e-07
    endloop
  endfacet
  facet normal 0.0427556 -0.999086 0
    outer loop
      vertex 41.6083 42.4092 7.62939e-07
      vertex 41.7228 42.4141 0.6
      vertex 41.6083 42.4092 0.6
    endloop
  endfacet
  facet normal 0.0427556 -0.999086 0
    outer loop
      vertex 41.7228 42.4141 0.6
      vertex 41.6083 42.4092 7.62939e-07
      vertex 41.7228 42.4141 7.62939e-07
    endloop
  endfacet
  facet normal -0.00602399 -0.999982 0
    outer loop
      vertex 41.7228 42.4141 7.62939e-07
      vertex 41.756 42.4139 0.6
      vertex 41.7228 42.4141 0.6
    endloop
  endfacet
  facet normal -0.00602399 -0.999982 -0
    outer loop
      vertex 41.756 42.4139 0.6
      vertex 41.7228 42.4141 7.62939e-07
      vertex 41.756 42.4139 7.62939e-07
    endloop
  endfacet
  facet normal -0.0157213 -0.999876 0
    outer loop
      vertex 41.756 42.4139 7.62939e-07
      vertex 41.7878 42.4134 0.6
      vertex 41.756 42.4139 0.6
    endloop
  endfacet
  facet normal -0.0157213 -0.999876 -0
    outer loop
      vertex 41.7878 42.4134 0.6
      vertex 41.756 42.4139 7.62939e-07
      vertex 41.7878 42.4134 7.62939e-07
    endloop
  endfacet
  facet normal -0.032877 -0.999459 0
    outer loop
      vertex 41.7878 42.4134 7.62939e-07
      vertex 41.8182 42.4124 0.6
      vertex 41.7878 42.4134 0.6
    endloop
  endfacet
  facet normal -0.032877 -0.999459 -0
    outer loop
      vertex 41.8182 42.4124 0.6
      vertex 41.7878 42.4134 7.62939e-07
      vertex 41.8182 42.4124 7.62939e-07
    endloop
  endfacet
  facet normal -0.0449373 -0.99899 0
    outer loop
      vertex 41.8182 42.4124 7.62939e-07
      vertex 41.8471 42.4111 0.6
      vertex 41.8182 42.4124 0.6
    endloop
  endfacet
  facet normal -0.0449373 -0.99899 -0
    outer loop
      vertex 41.8471 42.4111 0.6
      vertex 41.8182 42.4124 7.62939e-07
      vertex 41.8471 42.4111 7.62939e-07
    endloop
  endfacet
  facet normal -0.0614777 -0.998108 0
    outer loop
      vertex 41.8471 42.4111 7.62939e-07
      vertex 41.8747 42.4094 0.6
      vertex 41.8471 42.4111 0.6
    endloop
  endfacet
  facet normal -0.0614777 -0.998108 -0
    outer loop
      vertex 41.8747 42.4094 0.6
      vertex 41.8471 42.4111 7.62939e-07
      vertex 41.8747 42.4094 7.62939e-07
    endloop
  endfacet
  facet normal -0.0802006 -0.996779 0
    outer loop
      vertex 41.8747 42.4094 7.62939e-07
      vertex 41.9008 42.4073 0.6
      vertex 41.8747 42.4094 0.6
    endloop
  endfacet
  facet normal -0.0802006 -0.996779 -0
    outer loop
      vertex 41.9008 42.4073 0.6
      vertex 41.8747 42.4094 7.62939e-07
      vertex 41.9008 42.4073 7.62939e-07
    endloop
  endfacet
  facet normal -0.0908921 -0.995861 0
    outer loop
      vertex 41.9008 42.4073 7.62939e-07
      vertex 41.926 42.405 0.6
      vertex 41.9008 42.4073 0.6
    endloop
  endfacet
  facet normal -0.0908921 -0.995861 -0
    outer loop
      vertex 41.926 42.405 0.6
      vertex 41.9008 42.4073 7.62939e-07
      vertex 41.926 42.405 7.62939e-07
    endloop
  endfacet
  facet normal -0.100298 -0.994957 0
    outer loop
      vertex 41.926 42.405 7.62939e-07
      vertex 41.9508 42.4025 0.6
      vertex 41.926 42.405 0.6
    endloop
  endfacet
  facet normal -0.100298 -0.994957 -0
    outer loop
      vertex 41.9508 42.4025 0.6
      vertex 41.926 42.405 7.62939e-07
      vertex 41.9508 42.4025 7.62939e-07
    endloop
  endfacet
  facet normal -0.114936 -0.993373 0
    outer loop
      vertex 41.9508 42.4025 7.62939e-07
      vertex 41.975 42.3997 0.6
      vertex 41.9508 42.4025 0.6
    endloop
  endfacet
  facet normal -0.114936 -0.993373 -0
    outer loop
      vertex 41.975 42.3997 0.6
      vertex 41.9508 42.4025 7.62939e-07
      vertex 41.975 42.3997 7.62939e-07
    endloop
  endfacet
  facet normal -0.120954 -0.992658 0
    outer loop
      vertex 41.975 42.3997 7.62939e-07
      vertex 41.9988 42.3968 0.6
      vertex 41.975 42.3997 0.6
    endloop
  endfacet
  facet normal -0.120954 -0.992658 -0
    outer loop
      vertex 41.9988 42.3968 0.6
      vertex 41.975 42.3997 7.62939e-07
      vertex 41.9988 42.3968 7.62939e-07
    endloop
  endfacet
  facet normal -0.131885 -0.991265 0
    outer loop
      vertex 41.9988 42.3968 7.62939e-07
      vertex 42.0221 42.3937 0.6
      vertex 41.9988 42.3968 0.6
    endloop
  endfacet
  facet normal -0.131885 -0.991265 -0
    outer loop
      vertex 42.0221 42.3937 0.6
      vertex 41.9988 42.3968 7.62939e-07
      vertex 42.0221 42.3937 7.62939e-07
    endloop
  endfacet
  facet normal -0.143244 -0.989687 0
    outer loop
      vertex 42.0221 42.3937 7.62939e-07
      vertex 42.0449 42.3904 0.6
      vertex 42.0221 42.3937 0.6
    endloop
  endfacet
  facet normal -0.143244 -0.989687 -0
    outer loop
      vertex 42.0449 42.3904 0.6
      vertex 42.0221 42.3937 7.62939e-07
      vertex 42.0449 42.3904 7.62939e-07
    endloop
  endfacet
  facet normal -0.157309 -0.987549 0
    outer loop
      vertex 42.0449 42.3904 7.62939e-07
      vertex 42.0675 42.3868 0.6
      vertex 42.0449 42.3904 0.6
    endloop
  endfacet
  facet normal -0.157309 -0.987549 -0
    outer loop
      vertex 42.0675 42.3868 0.6
      vertex 42.0449 42.3904 7.62939e-07
      vertex 42.0675 42.3868 7.62939e-07
    endloop
  endfacet
  facet normal -0.170053 -0.985435 0
    outer loop
      vertex 42.0675 42.3868 7.62939e-07
      vertex 42.0901 42.3829 0.6
      vertex 42.0675 42.3868 0.6
    endloop
  endfacet
  facet normal -0.170053 -0.985435 -0
    outer loop
      vertex 42.0901 42.3829 0.6
      vertex 42.0675 42.3868 7.62939e-07
      vertex 42.0901 42.3829 7.62939e-07
    endloop
  endfacet
  facet normal -0.191102 -0.98157 0
    outer loop
      vertex 42.0901 42.3829 7.62939e-07
      vertex 42.1127 42.3785 0.6
      vertex 42.0901 42.3829 0.6
    endloop
  endfacet
  facet normal -0.191102 -0.98157 -0
    outer loop
      vertex 42.1127 42.3785 0.6
      vertex 42.0901 42.3829 7.62939e-07
      vertex 42.1127 42.3785 7.62939e-07
    endloop
  endfacet
  facet normal -0.203608 -0.979052 0
    outer loop
      vertex 42.1127 42.3785 7.62939e-07
      vertex 42.1353 42.3738 0.6
      vertex 42.1127 42.3785 0.6
    endloop
  endfacet
  facet normal -0.203608 -0.979052 -0
    outer loop
      vertex 42.1353 42.3738 0.6
      vertex 42.1127 42.3785 7.62939e-07
      vertex 42.1353 42.3738 7.62939e-07
    endloop
  endfacet
  facet normal -0.220128 -0.975471 0
    outer loop
      vertex 42.1353 42.3738 7.62939e-07
      vertex 42.1579 42.3687 0.6
      vertex 42.1353 42.3738 0.6
    endloop
  endfacet
  facet normal -0.220128 -0.975471 -0
    outer loop
      vertex 42.1579 42.3687 0.6
      vertex 42.1353 42.3738 7.62939e-07
      vertex 42.1579 42.3687 7.62939e-07
    endloop
  endfacet
  facet normal -0.232396 -0.972621 0
    outer loop
      vertex 42.1579 42.3687 7.62939e-07
      vertex 42.1805 42.3633 0.6
      vertex 42.1579 42.3687 0.6
    endloop
  endfacet
  facet normal -0.232396 -0.972621 -0
    outer loop
      vertex 42.1805 42.3633 0.6
      vertex 42.1579 42.3687 7.62939e-07
      vertex 42.1805 42.3633 7.62939e-07
    endloop
  endfacet
  facet normal -0.243523 -0.969895 0
    outer loop
      vertex 42.1805 42.3633 7.62939e-07
      vertex 42.2036 42.3575 0.6
      vertex 42.1805 42.3633 0.6
    endloop
  endfacet
  facet normal -0.243523 -0.969895 -0
    outer loop
      vertex 42.2036 42.3575 0.6
      vertex 42.1805 42.3633 7.62939e-07
      vertex 42.2036 42.3575 7.62939e-07
    endloop
  endfacet
  facet normal -0.238726 -0.971087 0
    outer loop
      vertex 42.2036 42.3575 7.62939e-07
      vertex 42.2276 42.3516 0.6
      vertex 42.2036 42.3575 0.6
    endloop
  endfacet
  facet normal -0.238726 -0.971087 -0
    outer loop
      vertex 42.2276 42.3516 0.6
      vertex 42.2036 42.3575 7.62939e-07
      vertex 42.2276 42.3516 7.62939e-07
    endloop
  endfacet
  facet normal -0.238493 -0.971144 0
    outer loop
      vertex 42.2276 42.3516 7.62939e-07
      vertex 42.2785 42.3391 0.6
      vertex 42.2276 42.3516 0.6
    endloop
  endfacet
  facet normal -0.238493 -0.971144 -0
    outer loop
      vertex 42.2785 42.3391 0.6
      vertex 42.2276 42.3516 7.62939e-07
      vertex 42.2785 42.3391 7.62939e-07
    endloop
  endfacet
  facet normal -0.233306 -0.972403 0
    outer loop
      vertex 42.2785 42.3391 7.62939e-07
      vertex 42.3331 42.326 0.6
      vertex 42.2785 42.3391 0.6
    endloop
  endfacet
  facet normal -0.233306 -0.972403 -0
    outer loop
      vertex 42.3331 42.326 0.6
      vertex 42.2785 42.3391 7.62939e-07
      vertex 42.3331 42.326 7.62939e-07
    endloop
  endfacet
  facet normal -1 0 0
    outer loop
      vertex 42.3331 41.8106 7.62939e-07
      vertex 42.3331 42.326 0.6
      vertex 42.3331 42.326 7.62939e-07
    endloop
  endfacet
  facet normal -1 -0 0
    outer loop
      vertex 42.3331 42.326 0.6
      vertex 42.3331 41.8106 7.62939e-07
      vertex 42.3331 41.8106 0.6
    endloop
  endfacet
  facet normal 0.178885 0.98387 -0
    outer loop
      vertex 42.3331 41.8106 7.62939e-07
      vertex 42.299 41.8168 0.6
      vertex 42.3331 41.8106 0.6
    endloop
  endfacet
  facet normal 0.178885 0.98387 0
    outer loop
      vertex 42.299 41.8168 0.6
      vertex 42.3331 41.8106 7.62939e-07
      vertex 42.299 41.8168 7.62939e-07
    endloop
  endfacet
  facet normal 0.146653 0.989188 -0
    outer loop
      vertex 42.299 41.8168 7.62939e-07
      vertex 42.2646 41.8219 0.6
      vertex 42.299 41.8168 0.6
    endloop
  endfacet
  facet normal 0.146653 0.989188 0
    outer loop
      vertex 42.2646 41.8219 0.6
      vertex 42.299 41.8168 7.62939e-07
      vertex 42.2646 41.8219 7.62939e-07
    endloop
  endfacet
  facet normal 0.111057 0.993814 -0
    outer loop
      vertex 42.2646 41.8219 7.62939e-07
      vertex 42.2297 41.8258 0.6
      vertex 42.2646 41.8219 0.6
    endloop
  endfacet
  facet normal 0.111057 0.993814 0
    outer loop
      vertex 42.2297 41.8258 0.6
      vertex 42.2646 41.8219 7.62939e-07
      vertex 42.2297 41.8258 7.62939e-07
    endloop
  endfacet
  facet normal 0.0821082 0.996623 -0
    outer loop
      vertex 42.2297 41.8258 7.62939e-07
      vertex 42.1945 41.8287 0.6
      vertex 42.2297 41.8258 0.6
    endloop
  endfacet
  facet normal 0.0821082 0.996623 0
    outer loop
      vertex 42.1945 41.8287 0.6
      vertex 42.2297 41.8258 7.62939e-07
      vertex 42.1945 41.8287 7.62939e-07
    endloop
  endfacet
  facet normal 0.0476985 0.998862 -0
    outer loop
      vertex 42.1945 41.8287 7.62939e-07
      vertex 42.1589 41.8304 0.6
      vertex 42.1945 41.8287 0.6
    endloop
  endfacet
  facet normal 0.0476985 0.998862 0
    outer loop
      vertex 42.1589 41.8304 0.6
      vertex 42.1945 41.8287 7.62939e-07
      vertex 42.1589 41.8304 7.62939e-07
    endloop
  endfacet
  facet normal 0.0138875 0.999904 -0
    outer loop
      vertex 42.1589 41.8304 7.62939e-07
      vertex 42.1229 41.8309 0.6
      vertex 42.1589 41.8304 0.6
    endloop
  endfacet
  facet normal 0.0138875 0.999904 0
    outer loop
      vertex 42.1229 41.8309 0.6
      vertex 42.1589 41.8304 7.62939e-07
      vertex 42.1229 41.8309 7.62939e-07
    endloop
  endfacet
  facet normal -0.0618966 0.998083 0
    outer loop
      vertex 42.1229 41.8309 7.62939e-07
      vertex 42.0713 41.8277 0.6
      vertex 42.1229 41.8309 0.6
    endloop
  endfacet
  facet normal -0.0618966 0.998083 0
    outer loop
      vertex 42.0713 41.8277 0.6
      vertex 42.1229 41.8309 7.62939e-07
      vertex 42.0713 41.8277 7.62939e-07
    endloop
  endfacet
  facet normal -0.206223 0.978505 0
    outer loop
      vertex 42.0713 41.8277 7.62939e-07
      vertex 42.0248 41.8179 0.6
      vertex 42.0713 41.8277 0.6
    endloop
  endfacet
  facet normal -0.206223 0.978505 0
    outer loop
      vertex 42.0248 41.8179 0.6
      vertex 42.0713 41.8277 7.62939e-07
      vertex 42.0248 41.8179 7.62939e-07
    endloop
  endfacet
  facet normal -0.365164 0.930943 0
    outer loop
      vertex 42.0248 41.8179 7.62939e-07
      vertex 41.9835 41.8017 0.6
      vertex 42.0248 41.8179 0.6
    endloop
  endfacet
  facet normal -0.365164 0.930943 0
    outer loop
      vertex 41.9835 41.8017 0.6
      vertex 42.0248 41.8179 7.62939e-07
      vertex 41.9835 41.8017 7.62939e-07
    endloop
  endfacet
  facet normal -0.533993 0.845489 0
    outer loop
      vertex 41.9835 41.8017 7.62939e-07
      vertex 41.9474 41.7789 0.6
      vertex 41.9835 41.8017 0.6
    endloop
  endfacet
  facet normal -0.533993 0.845489 0
    outer loop
      vertex 41.9474 41.7789 0.6
      vertex 41.9835 41.8017 7.62939e-07
      vertex 41.9474 41.7789 7.62939e-07
    endloop
  endfacet
  facet normal -0.685658 0.727924 0
    outer loop
      vertex 41.9474 41.7789 7.62939e-07
      vertex 41.9164 41.7497 0.6
      vertex 41.9474 41.7789 0.6
    endloop
  endfacet
  facet normal -0.685658 0.727924 0
    outer loop
      vertex 41.9164 41.7497 0.6
      vertex 41.9474 41.7789 7.62939e-07
      vertex 41.9164 41.7497 7.62939e-07
    endloop
  endfacet
  facet normal -0.8105 0.585739 0
    outer loop
      vertex 41.8906 41.714 7.62939e-07
      vertex 41.9164 41.7497 0.6
      vertex 41.9164 41.7497 7.62939e-07
    endloop
  endfacet
  facet normal -0.8105 0.585739 0
    outer loop
      vertex 41.9164 41.7497 0.6
      vertex 41.8906 41.714 7.62939e-07
      vertex 41.8906 41.714 0.6
    endloop
  endfacet
  facet normal -0.902031 0.431672 0
    outer loop
      vertex 41.8694 41.6697 7.62939e-07
      vertex 41.8906 41.714 0.6
      vertex 41.8906 41.714 7.62939e-07
    endloop
  endfacet
  facet normal -0.902031 0.431672 0
    outer loop
      vertex 41.8906 41.714 0.6
      vertex 41.8694 41.6697 7.62939e-07
      vertex 41.8694 41.6697 0.6
    endloop
  endfacet
  facet normal -0.953425 0.301629 0
    outer loop
      vertex 41.852 41.6147 7.62939e-07
      vertex 41.8694 41.6697 0.6
      vertex 41.8694 41.6697 7.62939e-07
    endloop
  endfacet
  facet normal -0.953425 0.301629 0
    outer loop
      vertex 41.8694 41.6697 0.6
      vertex 41.852 41.6147 7.62939e-07
      vertex 41.852 41.6147 0.6
    endloop
  endfacet
  facet normal -0.979474 0.201569 0
    outer loop
      vertex 41.8385 41.5491 7.62939e-07
      vertex 41.852 41.6147 0.6
      vertex 41.852 41.6147 7.62939e-07
    endloop
  endfacet
  facet normal -0.979474 0.201569 0
    outer loop
      vertex 41.852 41.6147 0.6
      vertex 41.8385 41.5491 7.62939e-07
      vertex 41.8385 41.5491 0.6
    endloop
  endfacet
  facet normal -0.992178 0.124835 0
    outer loop
      vertex 41.8289 41.4728 7.62939e-07
      vertex 41.8385 41.5491 0.6
      vertex 41.8385 41.5491 7.62939e-07
    endloop
  endfacet
  facet normal -0.992178 0.124835 0
    outer loop
      vertex 41.8385 41.5491 0.6
      vertex 41.8289 41.4728 7.62939e-07
      vertex 41.8289 41.4728 0.6
    endloop
  endfacet
  facet normal -0.997775 0.0666716 0
    outer loop
      vertex 41.8231 41.386 7.62939e-07
      vertex 41.8289 41.4728 0.6
      vertex 41.8289 41.4728 7.62939e-07
    endloop
  endfacet
  facet normal -0.997775 0.0666716 0
    outer loop
      vertex 41.8289 41.4728 0.6
      vertex 41.8231 41.386 7.62939e-07
      vertex 41.8231 41.386 0.6
    endloop
  endfacet
  facet normal -0.99979 0.0204875 0
    outer loop
      vertex 41.8211 41.2884 7.62939e-07
      vertex 41.8231 41.386 0.6
      vertex 41.8231 41.386 7.62939e-07
    endloop
  endfacet
  facet normal -0.99979 0.0204875 0
    outer loop
      vertex 41.8231 41.386 0.6
      vertex 41.8211 41.2884 7.62939e-07
      vertex 41.8211 41.2884 0.6
    endloop
  endfacet
  facet normal -1 0 0
    outer loop
      vertex 41.8211 39.9525 7.62939e-07
      vertex 41.8211 41.2884 0.6
      vertex 41.8211 41.2884 7.62939e-07
    endloop
  endfacet
  facet normal -1 -0 0
    outer loop
      vertex 41.8211 41.2884 0.6
      vertex 41.8211 39.9525 7.62939e-07
      vertex 41.8211 39.9525 0.6
    endloop
  endfacet
  facet normal -0.99868 0.0513663 0
    outer loop
      vertex 41.8107 39.7503 7.62939e-07
      vertex 41.8211 39.9525 0.6
      vertex 41.8211 39.9525 7.62939e-07
    endloop
  endfacet
  facet normal -0.99868 0.0513663 0
    outer loop
      vertex 41.8211 39.9525 0.6
      vertex 41.8107 39.7503 7.62939e-07
      vertex 41.8107 39.7503 0.6
    endloop
  endfacet
  facet normal -0.986077 0.166288 0
    outer loop
      vertex 41.7793 39.5641 7.62939e-07
      vertex 41.8107 39.7503 0.6
      vertex 41.8107 39.7503 7.62939e-07
    endloop
  endfacet
  facet normal -0.986077 0.166288 0
    outer loop
      vertex 41.8107 39.7503 0.6
      vertex 41.7793 39.5641 7.62939e-07
      vertex 41.7793 39.5641 0.6
    endloop
  endfacet
  facet normal -0.956046 0.293217 0
    outer loop
      vertex 41.7271 39.3939 7.62939e-07
      vertex 41.7793 39.5641 0.6
      vertex 41.7793 39.5641 7.62939e-07
    endloop
  endfacet
  facet normal -0.956046 0.293217 0
    outer loop
      vertex 41.7793 39.5641 0.6
      vertex 41.7271 39.3939 7.62939e-07
      vertex 41.7271 39.3939 0.6
    endloop
  endfacet
  facet normal -0.903272 0.429069 0
    outer loop
      vertex 41.6539 39.2398 7.62939e-07
      vertex 41.7271 39.3939 0.6
      vertex 41.7271 39.3939 7.62939e-07
    endloop
  endfacet
  facet normal -0.903272 0.429069 0
    outer loop
      vertex 41.7271 39.3939 0.6
      vertex 41.6539 39.2398 7.62939e-07
      vertex 41.6539 39.2398 0.6
    endloop
  endfacet
  facet normal -0.826581 0.562817 0
    outer loop
      vertex 41.5598 39.1016 7.62939e-07
      vertex 41.6539 39.2398 0.6
      vertex 41.6539 39.2398 7.62939e-07
    endloop
  endfacet
  facet normal -0.826581 0.562817 0
    outer loop
      vertex 41.6539 39.2398 0.6
      vertex 41.5598 39.1016 7.62939e-07
      vertex 41.5598 39.1016 0.6
    endloop
  endfacet
  facet normal -0.727955 0.685625 0
    outer loop
      vertex 41.4448 38.9795 7.62939e-07
      vertex 41.5598 39.1016 0.6
      vertex 41.5598 39.1016 7.62939e-07
    endloop
  endfacet
  facet normal -0.727955 0.685625 0
    outer loop
      vertex 41.5598 39.1016 0.6
      vertex 41.4448 38.9795 7.62939e-07
      vertex 41.4448 38.9795 0.6
    endloop
  endfacet
  facet normal -0.614835 0.788656 0
    outer loop
      vertex 41.4448 38.9795 7.62939e-07
      vertex 41.3105 38.8748 0.6
      vertex 41.4448 38.9795 0.6
    endloop
  endfacet
  facet normal -0.614835 0.788656 0
    outer loop
      vertex 41.3105 38.8748 0.6
      vertex 41.4448 38.9795 7.62939e-07
      vertex 41.3105 38.8748 7.62939e-07
    endloop
  endfacet
  facet normal -0.490697 0.87133 0
    outer loop
      vertex 41.3105 38.8748 7.62939e-07
      vertex 41.1585 38.7892 0.6
      vertex 41.3105 38.8748 0.6
    endloop
  endfacet
  facet normal -0.490697 0.87133 0
    outer loop
      vertex 41.1585 38.7892 0.6
      vertex 41.3105 38.8748 7.62939e-07
      vertex 41.1585 38.7892 7.62939e-07
    endloop
  endfacet
  facet normal -0.365143 0.930951 0
    outer loop
      vertex 41.1585 38.7892 7.62939e-07
      vertex 40.9887 38.7226 0.6
      vertex 41.1585 38.7892 0.6
    endloop
  endfacet
  facet normal -0.365143 0.930951 0
    outer loop
      vertex 40.9887 38.7226 0.6
      vertex 41.1585 38.7892 7.62939e-07
      vertex 40.9887 38.7226 7.62939e-07
    endloop
  endfacet
  facet normal -0.245699 0.969346 0
    outer loop
      vertex 40.9887 38.7226 7.62939e-07
      vertex 40.8013 38.6751 0.6
      vertex 40.9887 38.7226 0.6
    endloop
  endfacet
  facet normal -0.245699 0.969346 0
    outer loop
      vertex 40.8013 38.6751 0.6
      vertex 40.9887 38.7226 7.62939e-07
      vertex 40.8013 38.6751 7.62939e-07
    endloop
  endfacet
  facet normal -0.138108 0.990417 0
    outer loop
      vertex 40.8013 38.6751 7.62939e-07
      vertex 40.5962 38.6465 0.6
      vertex 40.8013 38.6751 0.6
    endloop
  endfacet
  facet normal -0.138108 0.990417 0
    outer loop
      vertex 40.5962 38.6465 0.6
      vertex 40.8013 38.6751 7.62939e-07
      vertex 40.5962 38.6465 7.62939e-07
    endloop
  endfacet
  facet normal -0.0425814 0.999093 0
    outer loop
      vertex 40.5962 38.6465 7.62939e-07
      vertex 40.3733 38.637 0.6
      vertex 40.5962 38.6465 0.6
    endloop
  endfacet
  facet normal -0.0425814 0.999093 0
    outer loop
      vertex 40.3733 38.637 0.6
      vertex 40.5962 38.6465 7.62939e-07
      vertex 40.3733 38.637 7.62939e-07
    endloop
  endfacet
  facet normal 0.0347577 0.999396 -0
    outer loop
      vertex 40.3733 38.637 7.62939e-07
      vertex 40.1519 38.6447 0.6
      vertex 40.3733 38.637 0.6
    endloop
  endfacet
  facet normal 0.0347577 0.999396 0
    outer loop
      vertex 40.1519 38.6447 0.6
      vertex 40.3733 38.637 7.62939e-07
      vertex 40.1519 38.6447 7.62939e-07
    endloop
  endfacet
  facet normal 0.111388 0.993777 -0
    outer loop
      vertex 40.1519 38.6447 7.62939e-07
      vertex 39.9467 38.6677 0.6
      vertex 40.1519 38.6447 0.6
    endloop
  endfacet
  facet normal 0.111388 0.993777 0
    outer loop
      vertex 39.9467 38.6677 0.6
      vertex 40.1519 38.6447 7.62939e-07
      vertex 39.9467 38.6677 7.62939e-07
    endloop
  endfacet
  facet normal 0.198904 0.980019 -0
    outer loop
      vertex 39.9467 38.6677 7.62939e-07
      vertex 39.7575 38.7061 0.6
      vertex 39.9467 38.6677 0.6
    endloop
  endfacet
  facet normal 0.198904 0.980019 0
    outer loop
      vertex 39.7575 38.7061 0.6
      vertex 39.9467 38.6677 7.62939e-07
      vertex 39.7575 38.7061 7.62939e-07
    endloop
  endfacet
  facet normal 0.296295 0.955096 -0
    outer loop
      vertex 39.7575 38.7061 7.62939e-07
      vertex 39.5844 38.7598 0.6
      vertex 39.7575 38.7061 0.6
    endloop
  endfacet
  facet normal 0.296295 0.955096 0
    outer loop
      vertex 39.5844 38.7598 0.6
      vertex 39.7575 38.7061 7.62939e-07
      vertex 39.5844 38.7598 7.62939e-07
    endloop
  endfacet
  facet normal 0.403051 0.915177 -0
    outer loop
      vertex 39.5844 38.7598 7.62939e-07
      vertex 39.4275 38.8289 0.6
      vertex 39.5844 38.7598 0.6
    endloop
  endfacet
  facet normal 0.403051 0.915177 0
    outer loop
      vertex 39.4275 38.8289 0.6
      vertex 39.5844 38.7598 7.62939e-07
      vertex 39.4275 38.8289 7.62939e-07
    endloop
  endfacet
  facet normal 0.513869 0.857869 -0
    outer loop
      vertex 39.4275 38.8289 7.62939e-07
      vertex 39.2866 38.9133 0.6
      vertex 39.4275 38.8289 0.6
    endloop
  endfacet
  facet normal 0.513869 0.857869 0
    outer loop
      vertex 39.2866 38.9133 0.6
      vertex 39.4275 38.8289 7.62939e-07
      vertex 39.2866 38.9133 7.62939e-07
    endloop
  endfacet
  facet normal 0.624848 0.780746 -0
    outer loop
      vertex 39.2866 38.9133 7.62939e-07
      vertex 39.1624 39.0127 0.6
      vertex 39.2866 38.9133 0.6
    endloop
  endfacet
  facet normal 0.624848 0.780746 0
    outer loop
      vertex 39.1624 39.0127 0.6
      vertex 39.2866 38.9133 7.62939e-07
      vertex 39.1624 39.0127 7.62939e-07
    endloop
  endfacet
  facet normal 0.727599 0.686003 0
    outer loop
      vertex 39.1624 39.0127 0.6
      vertex 39.0552 39.1264 7.62939e-07
      vertex 39.0552 39.1264 0.6
    endloop
  endfacet
  facet normal 0.727599 0.686003 0
    outer loop
      vertex 39.0552 39.1264 7.62939e-07
      vertex 39.1624 39.0127 0.6
      vertex 39.1624 39.0127 7.62939e-07
    endloop
  endfacet
  facet normal 0.817639 0.575731 0
    outer loop
      vertex 39.0552 39.1264 0.6
      vertex 38.965 39.2545 7.62939e-07
      vertex 38.965 39.2545 0.6
    endloop
  endfacet
  facet normal 0.817639 0.575731 0
    outer loop
      vertex 38.965 39.2545 7.62939e-07
      vertex 39.0552 39.1264 0.6
      vertex 39.0552 39.1264 7.62939e-07
    endloop
  endfacet
  facet normal 0.889759 0.456431 0
    outer loop
      vertex 38.965 39.2545 0.6
      vertex 38.8919 39.397 7.62939e-07
      vertex 38.8919 39.397 0.6
    endloop
  endfacet
  facet normal 0.889759 0.456431 0
    outer loop
      vertex 38.8919 39.397 7.62939e-07
      vertex 38.965 39.2545 0.6
      vertex 38.965 39.2545 7.62939e-07
    endloop
  endfacet
  facet normal 0.941688 0.336488 0
    outer loop
      vertex 38.8919 39.397 0.6
      vertex 38.8358 39.554 7.62939e-07
      vertex 38.8358 39.554 0.6
    endloop
  endfacet
  facet normal 0.941688 0.336488 0
    outer loop
      vertex 38.8358 39.554 7.62939e-07
      vertex 38.8919 39.397 0.6
      vertex 38.8919 39.397 7.62939e-07
    endloop
  endfacet
  facet normal 0.974926 0.222531 0
    outer loop
      vertex 38.8358 39.554 0.6
      vertex 38.7967 39.7253 7.62939e-07
      vertex 38.7967 39.7253 0.6
    endloop
  endfacet
  facet normal 0.974926 0.222531 0
    outer loop
      vertex 38.7967 39.7253 7.62939e-07
      vertex 38.8358 39.554 0.6
      vertex 38.8358 39.554 7.62939e-07
    endloop
  endfacet
  facet normal 0.0477562 -0.998859 0
    outer loop
      vertex 38.7967 39.7253 7.62939e-07
      vertex 39.7902 39.7728 0.6
      vertex 38.7967 39.7253 0.6
    endloop
  endfacet
  facet normal 0.0477562 -0.998859 0
    outer loop
      vertex 39.7902 39.7728 0.6
      vertex 38.7967 39.7253 7.62939e-07
      vertex 39.7902 39.7728 7.62939e-07
    endloop
  endfacet
  facet normal -0.989815 -0.142363 0
    outer loop
      vertex 39.8029 39.6845 7.62939e-07
      vertex 39.7902 39.7728 0.6
      vertex 39.7902 39.7728 7.62939e-07
    endloop
  endfacet
  facet normal -0.989815 -0.142363 0
    outer loop
      vertex 39.7902 39.7728 0.6
      vertex 39.8029 39.6845 7.62939e-07
      vertex 39.8029 39.6845 0.6
    endloop
  endfacet
  facet normal -0.975313 -0.220826 0
    outer loop
      vertex 39.8209 39.605 7.62939e-07
      vertex 39.8029 39.6845 0.6
      vertex 39.8029 39.6845 7.62939e-07
    endloop
  endfacet
  facet normal -0.975313 -0.220826 0
    outer loop
      vertex 39.8029 39.6845 0.6
      vertex 39.8209 39.605 7.62939e-07
      vertex 39.8209 39.605 0.6
    endloop
  endfacet
  facet normal -0.950678 -0.310179 0
    outer loop
      vertex 39.844 39.5342 7.62939e-07
      vertex 39.8209 39.605 0.6
      vertex 39.8209 39.605 7.62939e-07
    endloop
  endfacet
  facet normal -0.950678 -0.310179 0
    outer loop
      vertex 39.8209 39.605 0.6
      vertex 39.844 39.5342 7.62939e-07
      vertex 39.844 39.5342 0.6
    endloop
  endfacet
  facet normal -0.909712 -0.41524 0
    outer loop
      vertex 39.8723 39.4722 7.62939e-07
      vertex 39.844 39.5342 0.6
      vertex 39.844 39.5342 7.62939e-07
    endloop
  endfacet
  facet normal -0.909712 -0.41524 0
    outer loop
      vertex 39.844 39.5342 0.6
      vertex 39.8723 39.4722 7.62939e-07
      vertex 39.8723 39.4722 0.6
    endloop
  endfacet
  facet normal -0.846657 -0.532139 0
    outer loop
      vertex 39.9058 39.4189 7.62939e-07
      vertex 39.8723 39.4722 0.6
      vertex 39.8723 39.4722 7.62939e-07
    endloop
  endfacet
  facet normal -0.846657 -0.532139 0
    outer loop
      vertex 39.8723 39.4722 0.6
      vertex 39.9058 39.4189 7.62939e-07
      vertex 39.9058 39.4189 0.6
    endloop
  endfacet
  facet normal -0.755409 -0.655254 0
    outer loop
      vertex 39.9444 39.3744 7.62939e-07
      vertex 39.9058 39.4189 0.6
      vertex 39.9058 39.4189 7.62939e-07
    endloop
  endfacet
  facet normal -0.755409 -0.655254 0
    outer loop
      vertex 39.9058 39.4189 0.6
      vertex 39.9444 39.3744 7.62939e-07
      vertex 39.9444 39.3744 0.6
    endloop
  endfacet
  facet normal -0.630334 -0.776324 0
    outer loop
      vertex 39.9444 39.3744 7.62939e-07
      vertex 39.9896 39.3377 0.6
      vertex 39.9444 39.3744 0.6
    endloop
  endfacet
  facet normal -0.630334 -0.776324 -0
    outer loop
      vertex 39.9896 39.3377 0.6
      vertex 39.9444 39.3744 7.62939e-07
      vertex 39.9896 39.3377 7.62939e-07
    endloop
  endfacet
  facet normal -0.49384 -0.869553 0
    outer loop
      vertex 39.9896 39.3377 7.62939e-07
      vertex 40.0426 39.3076 0.6
      vertex 39.9896 39.3377 0.6
    endloop
  endfacet
  facet normal -0.49384 -0.869553 -0
    outer loop
      vertex 40.0426 39.3076 0.6
      vertex 39.9896 39.3377 7.62939e-07
      vertex 40.0426 39.3076 7.62939e-07
    endloop
  endfacet
  facet normal -0.359185 -0.933266 0
    outer loop
      vertex 40.0426 39.3076 7.62939e-07
      vertex 40.1034 39.2842 0.6
      vertex 40.0426 39.3076 0.6
    endloop
  endfacet
  facet normal -0.359185 -0.933266 -0
    outer loop
      vertex 40.1034 39.2842 0.6
      vertex 40.0426 39.3076 7.62939e-07
      vertex 40.1034 39.2842 7.62939e-07
    endloop
  endfacet
  facet normal -0.237869 -0.971297 0
    outer loop
      vertex 40.1034 39.2842 7.62939e-07
      vertex 40.172 39.2674 0.6
      vertex 40.1034 39.2842 0.6
    endloop
  endfacet
  facet normal -0.237869 -0.971297 -0
    outer loop
      vertex 40.172 39.2674 0.6
      vertex 40.1034 39.2842 7.62939e-07
      vertex 40.172 39.2674 7.62939e-07
    endloop
  endfacet
  facet normal -0.129783 -0.991542 0
    outer loop
      vertex 40.172 39.2674 7.62939e-07
      vertex 40.2484 39.2574 0.6
      vertex 40.172 39.2674 0.6
    endloop
  endfacet
  facet normal -0.129783 -0.991542 -0
    outer loop
      vertex 40.2484 39.2574 0.6
      vertex 40.172 39.2674 7.62939e-07
      vertex 40.2484 39.2574 7.62939e-07
    endloop
  endfacet
  facet normal -0.0402994 -0.999188 0
    outer loop
      vertex 40.2484 39.2574 7.62939e-07
      vertex 40.3327 39.254 0.6
      vertex 40.2484 39.2574 0.6
    endloop
  endfacet
  facet normal -0.0402994 -0.999188 -0
    outer loop
      vertex 40.3327 39.254 0.6
      vertex 40.2484 39.2574 7.62939e-07
      vertex 40.3327 39.254 7.62939e-07
    endloop
  endfacet
  facet normal 0.0540645 -0.998537 0
    outer loop
      vertex 40.3327 39.254 7.62939e-07
      vertex 40.4232 39.2589 0.6
      vertex 40.3327 39.254 0.6
    endloop
  endfacet
  facet normal 0.0540645 -0.998537 0
    outer loop
      vertex 40.4232 39.2589 0.6
      vertex 40.3327 39.254 7.62939e-07
      vertex 40.4232 39.2589 7.62939e-07
    endloop
  endfacet
  facet normal 0.176125 -0.984368 0
    outer loop
      vertex 40.4232 39.2589 7.62939e-07
      vertex 40.5048 39.2735 0.6
      vertex 40.4232 39.2589 0.6
    endloop
  endfacet
  facet normal 0.176125 -0.984368 0
    outer loop
      vertex 40.5048 39.2735 0.6
      vertex 40.4232 39.2589 7.62939e-07
      vertex 40.5048 39.2735 7.62939e-07
    endloop
  endfacet
  facet normal 0.315446 -0.948944 0
    outer loop
      vertex 40.5048 39.2735 7.62939e-07
      vertex 40.5776 39.2977 0.6
      vertex 40.5048 39.2735 0.6
    endloop
  endfacet
  facet normal 0.315446 -0.948944 0
    outer loop
      vertex 40.5776 39.2977 0.6
      vertex 40.5048 39.2735 7.62939e-07
      vertex 40.5776 39.2977 7.62939e-07
    endloop
  endfacet
  facet normal 0.469155 -0.883116 0
    outer loop
      vertex 40.5776 39.2977 7.62939e-07
      vertex 40.6416 39.3317 0.6
      vertex 40.5776 39.2977 0.6
    endloop
  endfacet
  facet normal 0.469155 -0.883116 0
    outer loop
      vertex 40.6416 39.3317 0.6
      vertex 40.5776 39.2977 7.62939e-07
      vertex 40.6416 39.3317 7.62939e-07
    endloop
  endfacet
  facet normal 0.620521 -0.78419 0
    outer loop
      vertex 40.6416 39.3317 7.62939e-07
      vertex 40.6967 39.3753 0.6
      vertex 40.6416 39.3317 0.6
    endloop
  endfacet
  facet normal 0.620521 -0.78419 0
    outer loop
      vertex 40.6967 39.3753 0.6
      vertex 40.6416 39.3317 7.62939e-07
      vertex 40.6967 39.3753 7.62939e-07
    endloop
  endfacet
  facet normal 0.75625 -0.654283 0
    outer loop
      vertex 40.6967 39.3753 0.6
      vertex 40.7429 39.4287 7.62939e-07
      vertex 40.7429 39.4287 0.6
    endloop
  endfacet
  facet normal 0.75625 -0.654283 0
    outer loop
      vertex 40.7429 39.4287 7.62939e-07
      vertex 40.6967 39.3753 0.6
      vertex 40.6967 39.3753 7.62939e-07
    endloop
  endfacet
  facet normal 0.85498 -0.518661 0
    outer loop
      vertex 40.7429 39.4287 0.6
      vertex 40.7813 39.492 7.62939e-07
      vertex 40.7813 39.492 0.6
    endloop
  endfacet
  facet normal 0.85498 -0.518661 0
    outer loop
      vertex 40.7813 39.492 7.62939e-07
      vertex 40.7429 39.4287 0.6
      vertex 40.7429 39.4287 7.62939e-07
    endloop
  endfacet
  facet normal 0.920241 -0.391352 0
    outer loop
      vertex 40.7813 39.492 0.6
      vertex 40.8126 39.5656 7.62939e-07
      vertex 40.8126 39.5656 0.6
    endloop
  endfacet
  facet normal 0.920241 -0.391352 0
    outer loop
      vertex 40.8126 39.5656 7.62939e-07
      vertex 40.7813 39.492 0.6
      vertex 40.7813 39.492 7.62939e-07
    endloop
  endfacet
  facet normal 0.960218 -0.279253 0
    outer loop
      vertex 40.8126 39.5656 0.6
      vertex 40.837 39.6495 7.62939e-07
      vertex 40.837 39.6495 0.6
    endloop
  endfacet
  facet normal 0.960218 -0.279253 0
    outer loop
      vertex 40.837 39.6495 7.62939e-07
      vertex 40.8126 39.5656 0.6
      vertex 40.8126 39.5656 7.62939e-07
    endloop
  endfacet
  facet normal 0.98333 -0.181827 0
    outer loop
      vertex 40.837 39.6495 0.6
      vertex 40.8544 39.7436 7.62939e-07
      vertex 40.8544 39.7436 0.6
    endloop
  endfacet
  facet normal 0.98333 -0.181827 0
    outer loop
      vertex 40.8544 39.7436 7.62939e-07
      vertex 40.837 39.6495 0.6
      vertex 40.837 39.6495 7.62939e-07
    endloop
  endfacet
  facet normal 0.99498 -0.10007 0
    outer loop
      vertex 40.8544 39.7436 0.6
      vertex 40.8649 39.848 7.62939e-07
      vertex 40.8649 39.848 0.6
    endloop
  endfacet
  facet normal 0.99498 -0.10007 0
    outer loop
      vertex 40.8649 39.848 7.62939e-07
      vertex 40.8544 39.7436 0.6
      vertex 40.8544 39.7436 7.62939e-07
    endloop
  endfacet
  facet normal 0.999535 -0.0305002 0
    outer loop
      vertex 40.8649 39.848 0.6
      vertex 40.8684 39.9627 7.62939e-07
      vertex 40.8684 39.9627 0.6
    endloop
  endfacet
  facet normal 0.999535 -0.0305002 0
    outer loop
      vertex 40.8684 39.9627 7.62939e-07
      vertex 40.8649 39.848 0.6
      vertex 40.8649 39.848 7.62939e-07
    endloop
  endfacet
  facet normal 1 -0 0
    outer loop
      vertex 40.8684 39.9627 0.6
      vertex 40.8684 40.1492 7.62939e-07
      vertex 40.8684 40.1492 0.6
    endloop
  endfacet
  facet normal 1 0 0
    outer loop
      vertex 40.8684 40.1492 7.62939e-07
      vertex 40.8684 39.9627 0.6
      vertex 40.8684 39.9627 7.62939e-07
    endloop
  endfacet
  facet normal 0.0170861 0.999854 -0
    outer loop
      vertex 40.8684 40.1492 7.62939e-07
      vertex 40.0784 40.1627 0.6
      vertex 40.8684 40.1492 0.6
    endloop
  endfacet
  facet normal 0.0170861 0.999854 0
    outer loop
      vertex 40.0784 40.1627 0.6
      vertex 40.8684 40.1492 7.62939e-07
      vertex 40.0784 40.1627 7.62939e-07
    endloop
  endfacet
  facet normal 0.0460097 0.998941 -0
    outer loop
      vertex 40.0784 40.1627 7.62939e-07
      vertex 39.8526 40.1731 0.6
      vertex 40.0784 40.1627 0.6
    endloop
  endfacet
  facet normal 0.0460097 0.998941 0
    outer loop
      vertex 39.8526 40.1731 0.6
      vertex 40.0784 40.1627 7.62939e-07
      vertex 39.8526 40.1731 7.62939e-07
    endloop
  endfacet
  facet normal 0.127273 0.991868 -0
    outer loop
      vertex 39.8526 40.1731 7.62939e-07
      vertex 39.6453 40.1997 0.6
      vertex 39.8526 40.1731 0.6
    endloop
  endfacet
  facet normal 0.127273 0.991868 0
    outer loop
      vertex 39.6453 40.1997 0.6
      vertex 39.8526 40.1731 7.62939e-07
      vertex 39.6453 40.1997 7.62939e-07
    endloop
  endfacet
  facet normal 0.220705 0.975341 -0
    outer loop
      vertex 39.6453 40.1997 7.62939e-07
      vertex 39.4566 40.2424 0.6
      vertex 39.6453 40.1997 0.6
    endloop
  endfacet
  facet normal 0.220705 0.975341 0
    outer loop
      vertex 39.4566 40.2424 0.6
      vertex 39.6453 40.1997 7.62939e-07
      vertex 39.4566 40.2424 7.62939e-07
    endloop
  endfacet
  facet normal 0.327702 0.944781 -0
    outer loop
      vertex 39.4566 40.2424 7.62939e-07
      vertex 39.2865 40.3014 0.6
      vertex 39.4566 40.2424 0.6
    endloop
  endfacet
  facet normal 0.327702 0.944781 0
    outer loop
      vertex 39.2865 40.3014 0.6
      vertex 39.4566 40.2424 7.62939e-07
      vertex 39.2865 40.3014 7.62939e-07
    endloop
  endfacet
  facet normal 0.444375 0.895841 -0
    outer loop
      vertex 39.2865 40.3014 7.62939e-07
      vertex 39.1349 40.3766 0.6
      vertex 39.2865 40.3014 0.6
    endloop
  endfacet
  facet normal 0.444375 0.895841 0
    outer loop
      vertex 39.1349 40.3766 0.6
      vertex 39.2865 40.3014 7.62939e-07
      vertex 39.1349 40.3766 7.62939e-07
    endloop
  endfacet
  facet normal 0.565661 0.824638 -0
    outer loop
      vertex 39.1349 40.3766 7.62939e-07
      vertex 39.0018 40.4679 0.6
      vertex 39.1349 40.3766 0.6
    endloop
  endfacet
  facet normal 0.565661 0.824638 0
    outer loop
      vertex 39.0018 40.4679 0.6
      vertex 39.1349 40.3766 7.62939e-07
      vertex 39.0018 40.4679 7.62939e-07
    endloop
  endfacet
  facet normal 0.686284 0.727333 -0
    outer loop
      vertex 39.0018 40.4679 7.62939e-07
      vertex 38.8884 40.5749 0.6
      vertex 39.0018 40.4679 0.6
    endloop
  endfacet
  facet normal 0.686284 0.727333 0
    outer loop
      vertex 38.8884 40.5749 0.6
      vertex 39.0018 40.4679 7.62939e-07
      vertex 38.8884 40.5749 7.62939e-07
    endloop
  endfacet
  facet normal 0.79615 0.6051 0
    outer loop
      vertex 38.8884 40.5749 0.6
      vertex 38.7956 40.697 7.62939e-07
      vertex 38.7956 40.697 0.6
    endloop
  endfacet
  facet normal 0.79615 0.6051 0
    outer loop
      vertex 38.7956 40.697 7.62939e-07
      vertex 38.8884 40.5749 0.6
      vertex 38.8884 40.5749 7.62939e-07
    endloop
  endfacet
  facet normal 0.884806 0.465959 0
    outer loop
      vertex 38.7956 40.697 0.6
      vertex 38.7234 40.8341 7.62939e-07
      vertex 38.7234 40.8341 0.6
    endloop
  endfacet
  facet normal 0.884806 0.465959 0
    outer loop
      vertex 38.7234 40.8341 7.62939e-07
      vertex 38.7956 40.697 0.6
      vertex 38.7956 40.697 7.62939e-07
    endloop
  endfacet
  facet normal 0.947053 0.321077 0
    outer loop
      vertex 38.7234 40.8341 0.6
      vertex 38.6718 40.9863 7.62939e-07
      vertex 38.6718 40.9863 0.6
    endloop
  endfacet
  facet normal 0.947053 0.321077 0
    outer loop
      vertex 38.6718 40.9863 7.62939e-07
      vertex 38.7234 40.8341 0.6
      vertex 38.7234 40.8341 7.62939e-07
    endloop
  endfacet
  facet normal 0.983368 0.181626 0
    outer loop
      vertex 38.6718 40.9863 0.6
      vertex 38.6409 41.1536 7.62939e-07
      vertex 38.6409 41.1536 0.6
    endloop
  endfacet
  facet normal 0.983368 0.181626 0
    outer loop
      vertex 38.6409 41.1536 7.62939e-07
      vertex 38.6718 40.9863 0.6
      vertex 38.6718 40.9863 7.62939e-07
    endloop
  endfacet
  facet normal 0.998408 0.0564103 0
    outer loop
      vertex 38.6409 41.1536 0.6
      vertex 38.6306 41.3359 7.62939e-07
      vertex 38.6306 41.3359 0.6
    endloop
  endfacet
  facet normal 0.998408 0.0564103 0
    outer loop
      vertex 38.6306 41.3359 7.62939e-07
      vertex 38.6409 41.1536 0.6
      vertex 38.6409 41.1536 7.62939e-07
    endloop
  endfacet
  facet normal 0.99879 -0.0491694 0
    outer loop
      vertex 38.6306 41.3359 0.6
      vertex 38.6389 41.5045 7.62939e-07
      vertex 38.6389 41.5045 0.6
    endloop
  endfacet
  facet normal 0.99879 -0.0491694 0
    outer loop
      vertex 38.6389 41.5045 7.62939e-07
      vertex 38.6306 41.3359 0.6
      vertex 38.6306 41.3359 7.62939e-07
    endloop
  endfacet
  facet normal 0.987536 -0.157396 0
    outer loop
      vertex 38.6389 41.5045 0.6
      vertex 38.6637 41.6601 7.62939e-07
      vertex 38.6637 41.6601 0.6
    endloop
  endfacet
  facet normal 0.987536 -0.157396 0
    outer loop
      vertex 38.6637 41.6601 7.62939e-07
      vertex 38.6389 41.5045 0.6
      vertex 38.6389 41.5045 7.62939e-07
    endloop
  endfacet
  facet normal 0.96006 -0.279793 0
    outer loop
      vertex 38.6637 41.6601 0.6
      vertex 38.7052 41.8025 7.62939e-07
      vertex 38.7052 41.8025 0.6
    endloop
  endfacet
  facet normal 0.96006 -0.279793 0
    outer loop
      vertex 38.7052 41.8025 7.62939e-07
      vertex 38.6637 41.6601 0.6
      vertex 38.6637 41.6601 7.62939e-07
    endloop
  endfacet
  facet normal 0.912527 -0.409015 0
    outer loop
      vertex 38.7052 41.8025 0.6
      vertex 38.7632 41.9319 7.62939e-07
      vertex 38.7632 41.9319 0.6
    endloop
  endfacet
  facet normal 0.912527 -0.409015 0
    outer loop
      vertex 38.7632 41.9319 7.62939e-07
      vertex 38.7052 41.8025 0.6
      vertex 38.7052 41.8025 7.62939e-07
    endloop
  endfacet
  facet normal 0.841508 -0.540245 0
    outer loop
      vertex 38.7632 41.9319 0.6
      vertex 38.8378 42.0481 7.62939e-07
      vertex 38.8378 42.0481 0.6
    endloop
  endfacet
  facet normal 0.841508 -0.540245 0
    outer loop
      vertex 38.8378 42.0481 7.62939e-07
      vertex 38.7632 41.9319 0.6
      vertex 38.7632 41.9319 7.62939e-07
    endloop
  endfacet
  facet normal 0.749689 -0.66179 0
    outer loop
      vertex 38.8378 42.0481 0.6
      vertex 38.9289 42.1513 7.62939e-07
      vertex 38.9289 42.1513 0.6
    endloop
  endfacet
  facet normal 0.749689 -0.66179 0
    outer loop
      vertex 38.9289 42.1513 7.62939e-07
      vertex 38.8378 42.0481 0.6
      vertex 38.8378 42.0481 7.62939e-07
    endloop
  endfacet
  facet normal 0.641323 -0.767271 0
    outer loop
      vertex 38.9289 42.1513 7.62939e-07
      vertex 39.0349 42.2399 0.6
      vertex 38.9289 42.1513 0.6
    endloop
  endfacet
  facet normal 0.641323 -0.767271 0
    outer loop
      vertex 39.0349 42.2399 0.6
      vertex 38.9289 42.1513 7.62939e-07
      vertex 39.0349 42.2399 7.62939e-07
    endloop
  endfacet
  facet normal 0.520288 -0.853991 0
    outer loop
      vertex 39.0349 42.2399 7.62939e-07
      vertex 39.1539 42.3124 0.6
      vertex 39.0349 42.2399 0.6
    endloop
  endfacet
  facet normal 0.520288 -0.853991 0
    outer loop
      vertex 39.1539 42.3124 0.6
      vertex 39.0349 42.2399 7.62939e-07
      vertex 39.1539 42.3124 7.62939e-07
    endloop
  endfacet
  facet normal 0.393162 -0.919469 0
    outer loop
      vertex 39.1539 42.3124 7.62939e-07
      vertex 39.2858 42.3688 0.6
      vertex 39.1539 42.3124 0.6
    endloop
  endfacet
  facet normal 0.393162 -0.919469 0
    outer loop
      vertex 39.2858 42.3688 0.6
      vertex 39.1539 42.3124 7.62939e-07
      vertex 39.2858 42.3688 7.62939e-07
    endloop
  endfacet
  facet normal 0.267164 -0.963651 0
    outer loop
      vertex 39.2858 42.3688 7.62939e-07
      vertex 39.4308 42.409 0.6
      vertex 39.2858 42.3688 0.6
    endloop
  endfacet
  facet normal 0.267164 -0.963651 0
    outer loop
      vertex 39.4308 42.409 0.6
      vertex 39.2858 42.3688 7.62939e-07
      vertex 39.4308 42.409 7.62939e-07
    endloop
  endfacet
  facet normal 0.151493 -0.988458 0
    outer loop
      vertex 39.4308 42.409 7.62939e-07
      vertex 39.5887 42.4332 0.6
      vertex 39.4308 42.409 0.6
    endloop
  endfacet
  facet normal 0.151493 -0.988458 0
    outer loop
      vertex 39.5887 42.4332 0.6
      vertex 39.4308 42.409 7.62939e-07
      vertex 39.5887 42.4332 7.62939e-07
    endloop
  endfacet
  facet normal 0.0467598 -0.998906 0
    outer loop
      vertex 39.5887 42.4332 7.62939e-07
      vertex 39.7596 42.4412 0.6
      vertex 39.5887 42.4332 0.6
    endloop
  endfacet
  facet normal 0.0467598 -0.998906 0
    outer loop
      vertex 39.7596 42.4412 0.6
      vertex 39.5887 42.4332 7.62939e-07
      vertex 39.7596 42.4412 7.62939e-07
    endloop
  endfacet
  facet normal -0.0773769 -0.997002 0
    outer loop
      vertex 39.7596 42.4412 7.62939e-07
      vertex 40.0173 42.4212 0.6
      vertex 39.7596 42.4412 0.6
    endloop
  endfacet
  facet normal -0.0773769 -0.997002 -0
    outer loop
      vertex 40.0173 42.4212 0.6
      vertex 39.7596 42.4412 7.62939e-07
      vertex 40.0173 42.4212 7.62939e-07
    endloop
  endfacet
  facet normal -0.175563 0.984468 0
    outer loop
      vertex 40.0003 41.7732 7.62939e-07
      vertex 39.9403 41.7625 0.6
      vertex 40.0003 41.7732 0.6
    endloop
  endfacet
  facet normal -0.175563 0.984468 0
    outer loop
      vertex 39.9403 41.7625 0.6
      vertex 40.0003 41.7732 7.62939e-07
      vertex 39.9403 41.7625 7.62939e-07
    endloop
  endfacet
  facet normal -0.301788 0.953375 0
    outer loop
      vertex 39.9403 41.7625 7.62939e-07
      vertex 39.8847 41.7449 0.6
      vertex 39.9403 41.7625 0.6
    endloop
  endfacet
  facet normal -0.301788 0.953375 0
    outer loop
      vertex 39.8847 41.7449 0.6
      vertex 39.9403 41.7625 7.62939e-07
      vertex 39.8847 41.7449 7.62939e-07
    endloop
  endfacet
  facet normal -0.434503 0.90067 0
    outer loop
      vertex 39.8847 41.7449 7.62939e-07
      vertex 39.8335 41.7202 0.6
      vertex 39.8847 41.7449 0.6
    endloop
  endfacet
  facet normal -0.434503 0.90067 0
    outer loop
      vertex 39.8335 41.7202 0.6
      vertex 39.8847 41.7449 7.62939e-07
      vertex 39.8335 41.7202 7.62939e-07
    endloop
  endfacet
  facet normal -0.56202 0.827124 0
    outer loop
      vertex 39.8335 41.7202 7.62939e-07
      vertex 39.7867 41.6884 0.6
      vertex 39.8335 41.7202 0.6
    endloop
  endfacet
  facet normal -0.56202 0.827124 0
    outer loop
      vertex 39.7867 41.6884 0.6
      vertex 39.8335 41.7202 7.62939e-07
      vertex 39.7867 41.6884 7.62939e-07
    endloop
  endfacet
  facet normal -0.676906 0.73607 0
    outer loop
      vertex 39.7867 41.6884 7.62939e-07
      vertex 39.7444 41.6495 0.6
      vertex 39.7867 41.6884 0.6
    endloop
  endfacet
  facet normal -0.676906 0.73607 0
    outer loop
      vertex 39.7444 41.6495 0.6
      vertex 39.7867 41.6884 7.62939e-07
      vertex 39.7444 41.6495 7.62939e-07
    endloop
  endfacet
  facet normal -0.78153 0.623868 0
    outer loop
      vertex 39.7076 41.6034 7.62939e-07
      vertex 39.7444 41.6495 0.6
      vertex 39.7444 41.6495 7.62939e-07
    endloop
  endfacet
  facet normal -0.78153 0.623868 0
    outer loop
      vertex 39.7444 41.6495 0.6
      vertex 39.7076 41.6034 7.62939e-07
      vertex 39.7076 41.6034 0.6
    endloop
  endfacet
  facet normal -0.871532 0.490339 0
    outer loop
      vertex 39.6775 41.5499 7.62939e-07
      vertex 39.7076 41.6034 0.6
      vertex 39.7076 41.6034 7.62939e-07
    endloop
  endfacet
  facet normal -0.871532 0.490339 0
    outer loop
      vertex 39.7076 41.6034 0.6
      vertex 39.6775 41.5499 7.62939e-07
      vertex 39.6775 41.5499 0.6
    endloop
  endfacet
  facet normal -0.933661 0.358158 0
    outer loop
      vertex 39.6541 41.4889 7.62939e-07
      vertex 39.6775 41.5499 0.6
      vertex 39.6775 41.5499 7.62939e-07
    endloop
  endfacet
  facet normal -0.933661 0.358158 0
    outer loop
      vertex 39.6775 41.5499 0.6
      vertex 39.6541 41.4889 7.62939e-07
      vertex 39.6541 41.4889 0.6
    endloop
  endfacet
  facet normal -0.971464 0.237185 0
    outer loop
      vertex 39.6374 41.4205 7.62939e-07
      vertex 39.6541 41.4889 0.6
      vertex 39.6541 41.4889 7.62939e-07
    endloop
  endfacet
  facet normal -0.971464 0.237185 0
    outer loop
      vertex 39.6541 41.4889 0.6
      vertex 39.6374 41.4205 7.62939e-07
      vertex 39.6374 41.4205 0.6
    endloop
  endfacet
  facet normal -0.991432 0.130623 0
    outer loop
      vertex 39.6274 41.3446 7.62939e-07
      vertex 39.6374 41.4205 0.6
      vertex 39.6374 41.4205 7.62939e-07
    endloop
  endfacet
  facet normal -0.991432 0.130623 0
    outer loop
      vertex 39.6374 41.4205 0.6
      vertex 39.6274 41.3446 7.62939e-07
      vertex 39.6274 41.3446 0.6
    endloop
  endfacet
  facet normal -0.999168 0.0407824 0
    outer loop
      vertex 39.624 41.2613 7.62939e-07
      vertex 39.6274 41.3446 0.6
      vertex 39.6274 41.3446 7.62939e-07
    endloop
  endfacet
  facet normal -0.999168 0.0407824 0
    outer loop
      vertex 39.6274 41.3446 0.6
      vertex 39.624 41.2613 7.62939e-07
      vertex 39.624 41.2613 0.6
    endloop
  endfacet
  facet normal -0.999488 -0.0319958 0
    outer loop
      vertex 39.6261 41.1957 7.62939e-07
      vertex 39.624 41.2613 0.6
      vertex 39.624 41.2613 7.62939e-07
    endloop
  endfacet
  facet normal -0.999488 -0.0319958 0
    outer loop
      vertex 39.624 41.2613 0.6
      vertex 39.6261 41.1957 7.62939e-07
      vertex 39.6261 41.1957 0.6
    endloop
  endfacet
  facet normal -0.995197 -0.0978883 0
    outer loop
      vertex 39.6321 41.1347 7.62939e-07
      vertex 39.6261 41.1957 0.6
      vertex 39.6261 41.1957 7.62939e-07
    endloop
  endfacet
  facet normal -0.995197 -0.0978883 0
    outer loop
      vertex 39.6261 41.1957 0.6
      vertex 39.6321 41.1347 7.62939e-07
      vertex 39.6321 41.1347 0.6
    endloop
  endfacet
  facet normal -0.984092 -0.177659 0
    outer loop
      vertex 39.6423 41.0782 7.62939e-07
      vertex 39.6321 41.1347 0.6
      vertex 39.6321 41.1347 7.62939e-07
    endloop
  endfacet
  facet normal -0.984092 -0.177659 0
    outer loop
      vertex 39.6321 41.1347 0.6
      vertex 39.6423 41.0782 7.62939e-07
      vertex 39.6423 41.0782 0.6
    endloop
  endfacet
  facet normal -0.965148 -0.261704 0
    outer loop
      vertex 39.6564 41.0262 7.62939e-07
      vertex 39.6423 41.0782 0.6
      vertex 39.6423 41.0782 7.62939e-07
    endloop
  endfacet
  facet normal -0.965148 -0.261704 0
    outer loop
      vertex 39.6423 41.0782 0.6
      vertex 39.6564 41.0262 7.62939e-07
      vertex 39.6564 41.0262 0.6
    endloop
  endfacet
  facet normal -0.932888 -0.360166 0
    outer loop
      vertex 39.6747 40.9788 7.62939e-07
      vertex 39.6564 41.0262 0.6
      vertex 39.6564 41.0262 7.62939e-07
    endloop
  endfacet
  facet normal -0.932888 -0.360166 0
    outer loop
      vertex 39.6564 41.0262 0.6
      vertex 39.6747 40.9788 7.62939e-07
      vertex 39.6747 40.9788 0.6
    endloop
  endfacet
  facet normal -0.888566 -0.458748 0
    outer loop
      vertex 39.6969 40.9358 7.62939e-07
      vertex 39.6747 40.9788 0.6
      vertex 39.6747 40.9788 7.62939e-07
    endloop
  endfacet
  facet normal -0.888566 -0.458748 0
    outer loop
      vertex 39.6747 40.9788 0.6
      vertex 39.6969 40.9358 7.62939e-07
      vertex 39.6969 40.9358 0.6
    endloop
  endfacet
  facet normal -0.829417 -0.55863 0
    outer loop
      vertex 39.7231 40.8969 7.62939e-07
      vertex 39.6969 40.9358 0.6
      vertex 39.6969 40.9358 7.62939e-07
    endloop
  endfacet
  facet normal -0.829417 -0.55863 0
    outer loop
      vertex 39.6969 40.9358 0.6
      vertex 39.7231 40.8969 7.62939e-07
      vertex 39.7231 40.8969 0.6
    endloop
  endfacet
  facet normal -0.765917 -0.642939 0
    outer loop
      vertex 39.7529 40.8614 7.62939e-07
      vertex 39.7231 40.8969 0.6
      vertex 39.7231 40.8969 7.62939e-07
    endloop
  endfacet
  facet normal -0.765917 -0.642939 0
    outer loop
      vertex 39.7231 40.8969 0.6
      vertex 39.7529 40.8614 7.62939e-07
      vertex 39.7529 40.8614 0.6
    endloop
  endfacet
  facet normal -0.690732 -0.72311 0
    outer loop
      vertex 39.7529 40.8614 7.62939e-07
      vertex 39.7864 40.8294 0.6
      vertex 39.7529 40.8614 0.6
    endloop
  endfacet
  facet normal -0.690732 -0.72311 -0
    outer loop
      vertex 39.7864 40.8294 0.6
      vertex 39.7529 40.8614 7.62939e-07
      vertex 39.7864 40.8294 7.62939e-07
    endloop
  endfacet
  facet normal -0.609194 -0.793021 0
    outer loop
      vertex 39.7864 40.8294 7.62939e-07
      vertex 39.8235 40.8009 0.6
      vertex 39.7864 40.8294 0.6
    endloop
  endfacet
  facet normal -0.609194 -0.793021 -0
    outer loop
      vertex 39.8235 40.8009 0.6
      vertex 39.7864 40.8294 7.62939e-07
      vertex 39.8235 40.8009 7.62939e-07
    endloop
  endfacet
  facet normal -0.522464 -0.852661 0
    outer loop
      vertex 39.8235 40.8009 7.62939e-07
      vertex 39.8643 40.7759 0.6
      vertex 39.8235 40.8009 0.6
    endloop
  endfacet
  facet normal -0.522464 -0.852661 -0
    outer loop
      vertex 39.8643 40.7759 0.6
      vertex 39.8235 40.8009 7.62939e-07
      vertex 39.8643 40.7759 7.62939e-07
    endloop
  endfacet
  facet normal -0.435032 -0.900415 0
    outer loop
      vertex 39.8643 40.7759 7.62939e-07
      vertex 39.9088 40.7544 0.6
      vertex 39.8643 40.7759 0.6
    endloop
  endfacet
  facet normal -0.435032 -0.900415 -0
    outer loop
      vertex 39.9088 40.7544 0.6
      vertex 39.8643 40.7759 7.62939e-07
      vertex 39.9088 40.7544 7.62939e-07
    endloop
  endfacet
  facet normal -0.336913 -0.941536 0
    outer loop
      vertex 39.9088 40.7544 7.62939e-07
      vertex 39.9605 40.7359 0.6
      vertex 39.9088 40.7544 0.6
    endloop
  endfacet
  facet normal -0.336913 -0.941536 -0
    outer loop
      vertex 39.9605 40.7359 0.6
      vertex 39.9088 40.7544 7.62939e-07
      vertex 39.9605 40.7359 7.62939e-07
    endloop
  endfacet
  facet normal -0.246547 -0.969131 0
    outer loop
      vertex 39.9605 40.7359 7.62939e-07
      vertex 40.023 40.72 0.6
      vertex 39.9605 40.7359 0.6
    endloop
  endfacet
  facet normal -0.246547 -0.969131 -0
    outer loop
      vertex 40.023 40.72 0.6
      vertex 39.9605 40.7359 7.62939e-07
      vertex 40.023 40.72 7.62939e-07
    endloop
  endfacet
  facet normal -0.181368 -0.983415 0
    outer loop
      vertex 40.023 40.72 7.62939e-07
      vertex 40.0962 40.7065 0.6
      vertex 40.023 40.72 0.6
    endloop
  endfacet
  facet normal -0.181368 -0.983415 -0
    outer loop
      vertex 40.0962 40.7065 0.6
      vertex 40.023 40.72 7.62939e-07
      vertex 40.0962 40.7065 7.62939e-07
    endloop
  endfacet
  facet normal -0.127671 -0.991817 0
    outer loop
      vertex 40.0962 40.7065 7.62939e-07
      vertex 40.1801 40.6957 0.6
      vertex 40.0962 40.7065 0.6
    endloop
  endfacet
  facet normal -0.127671 -0.991817 -0
    outer loop
      vertex 40.1801 40.6957 0.6
      vertex 40.0962 40.7065 7.62939e-07
      vertex 40.1801 40.6957 7.62939e-07
    endloop
  endfacet
  facet normal -0.0884469 -0.996081 0
    outer loop
      vertex 40.1801 40.6957 7.62939e-07
      vertex 40.2747 40.6873 0.6
      vertex 40.1801 40.6957 0.6
    endloop
  endfacet
  facet normal -0.0884469 -0.996081 -0
    outer loop
      vertex 40.2747 40.6873 0.6
      vertex 40.1801 40.6957 7.62939e-07
      vertex 40.2747 40.6873 7.62939e-07
    endloop
  endfacet
  facet normal -0.0549453 -0.998489 0
    outer loop
      vertex 40.2747 40.6873 7.62939e-07
      vertex 40.3801 40.6815 0.6
      vertex 40.2747 40.6873 0.6
    endloop
  endfacet
  facet normal -0.0549453 -0.998489 -0
    outer loop
      vertex 40.3801 40.6815 0.6
      vertex 40.2747 40.6873 7.62939e-07
      vertex 40.3801 40.6815 7.62939e-07
    endloop
  endfacet
  facet normal -0.0139245 -0.999903 0
    outer loop
      vertex 40.3801 40.6815 7.62939e-07
      vertex 40.8684 40.6747 0.6
      vertex 40.3801 40.6815 0.6
    endloop
  endfacet
  facet normal -0.0139245 -0.999903 -0
    outer loop
      vertex 40.8684 40.6747 0.6
      vertex 40.3801 40.6815 7.62939e-07
      vertex 40.8684 40.6747 7.62939e-07
    endloop
  endfacet
  facet normal 1 -0 0
    outer loop
      vertex 40.8684 40.6747 0.6
      vertex 40.8684 40.8612 7.62939e-07
      vertex 40.8684 40.8612 0.6
    endloop
  endfacet
  facet normal 1 0 0
    outer loop
      vertex 40.8684 40.8612 7.62939e-07
      vertex 40.8684 40.6747 0.6
      vertex 40.8684 40.6747 7.62939e-07
    endloop
  endfacet
  facet normal 0.999337 0.036408 0
    outer loop
      vertex 40.8684 40.8612 0.6
      vertex 40.8655 40.9408 7.62939e-07
      vertex 40.8655 40.9408 0.6
    endloop
  endfacet
  facet normal 0.999337 0.036408 0
    outer loop
      vertex 40.8655 40.9408 7.62939e-07
      vertex 40.8684 40.8612 0.6
      vertex 40.8684 40.8612 7.62939e-07
    endloop
  endfacet
  facet normal 0.993712 0.111968 0
    outer loop
      vertex 40.8655 40.9408 0.6
      vertex 40.8567 41.0189 7.62939e-07
      vertex 40.8567 41.0189 0.6
    endloop
  endfacet
  facet normal 0.993712 0.111968 0
    outer loop
      vertex 40.8567 41.0189 7.62939e-07
      vertex 40.8655 40.9408 0.6
      vertex 40.8655 40.9408 7.62939e-07
    endloop
  endfacet
  facet normal 0.982361 0.186994 0
    outer loop
      vertex 40.8567 41.0189 0.6
      vertex 40.8421 41.0956 7.62939e-07
      vertex 40.8421 41.0956 0.6
    endloop
  endfacet
  facet normal 0.982361 0.186994 0
    outer loop
      vertex 40.8421 41.0956 7.62939e-07
      vertex 40.8567 41.0189 0.6
      vertex 40.8567 41.0189 7.62939e-07
    endloop
  endfacet
  facet normal 0.965206 0.26149 0
    outer loop
      vertex 40.8421 41.0956 0.6
      vertex 40.8217 41.1709 7.62939e-07
      vertex 40.8217 41.1709 0.6
    endloop
  endfacet
  facet normal 0.965206 0.26149 0
    outer loop
      vertex 40.8217 41.1709 7.62939e-07
      vertex 40.8421 41.0956 0.6
      vertex 40.8421 41.0956 7.62939e-07
    endloop
  endfacet
  facet normal 0.942116 0.335286 0
    outer loop
      vertex 40.8217 41.1709 0.6
      vertex 40.7954 41.2448 7.62939e-07
      vertex 40.7954 41.2448 0.6
    endloop
  endfacet
  facet normal 0.942116 0.335286 0
    outer loop
      vertex 40.7954 41.2448 7.62939e-07
      vertex 40.8217 41.1709 0.6
      vertex 40.8217 41.1709 7.62939e-07
    endloop
  endfacet
  facet normal 0.914176 0.405318 0
    outer loop
      vertex 40.7954 41.2448 0.6
      vertex 40.7633 41.3172 7.62939e-07
      vertex 40.7633 41.3172 0.6
    endloop
  endfacet
  facet normal 0.914176 0.405318 0
    outer loop
      vertex 40.7633 41.3172 7.62939e-07
      vertex 40.7954 41.2448 0.6
      vertex 40.7954 41.2448 7.62939e-07
    endloop
  endfacet
  facet normal 0.880267 0.474479 0
    outer loop
      vertex 40.7633 41.3172 0.6
      vertex 40.726 41.3864 7.62939e-07
      vertex 40.726 41.3864 0.6
    endloop
  endfacet
  facet normal 0.880267 0.474479 0
    outer loop
      vertex 40.726 41.3864 7.62939e-07
      vertex 40.7633 41.3172 0.6
      vertex 40.7633 41.3172 7.62939e-07
    endloop
  endfacet
  facet normal 0.838444 0.544988 0
    outer loop
      vertex 40.726 41.3864 0.6
      vertex 40.6844 41.4504 7.62939e-07
      vertex 40.6844 41.4504 0.6
    endloop
  endfacet
  facet normal 0.838444 0.544988 0
    outer loop
      vertex 40.6844 41.4504 7.62939e-07
      vertex 40.726 41.3864 0.6
      vertex 40.726 41.3864 7.62939e-07
    endloop
  endfacet
  facet normal 0.786968 0.616994 0
    outer loop
      vertex 40.6844 41.4504 0.6
      vertex 40.6383 41.5092 7.62939e-07
      vertex 40.6383 41.5092 0.6
    endloop
  endfacet
  facet normal 0.786968 0.616994 0
    outer loop
      vertex 40.6383 41.5092 7.62939e-07
      vertex 40.6844 41.4504 0.6
      vertex 40.6844 41.4504 7.62939e-07
    endloop
  endfacet
  facet normal 0.727802 0.685787 0
    outer loop
      vertex 40.6383 41.5092 0.6
      vertex 40.5877 41.5629 7.62939e-07
      vertex 40.5877 41.5629 0.6
    endloop
  endfacet
  facet normal 0.727802 0.685787 0
    outer loop
      vertex 40.5877 41.5629 7.62939e-07
      vertex 40.6383 41.5092 0.6
      vertex 40.6383 41.5092 7.62939e-07
    endloop
  endfacet
  facet normal 0.661305 0.750117 -0
    outer loop
      vertex 40.5877 41.5629 7.62939e-07
      vertex 40.5328 41.6113 0.6
      vertex 40.5877 41.5629 0.6
    endloop
  endfacet
  facet normal 0.661305 0.750117 0
    outer loop
      vertex 40.5328 41.6113 0.6
      vertex 40.5877 41.5629 7.62939e-07
      vertex 40.5328 41.6113 7.62939e-07
    endloop
  endfacet
  facet normal 0.589061 0.808088 -0
    outer loop
      vertex 40.5328 41.6113 7.62939e-07
      vertex 40.4734 41.6546 0.6
      vertex 40.5328 41.6113 0.6
    endloop
  endfacet
  facet normal 0.589061 0.808088 0
    outer loop
      vertex 40.4734 41.6546 0.6
      vertex 40.5328 41.6113 7.62939e-07
      vertex 40.4734 41.6546 7.62939e-07
    endloop
  endfacet
  facet normal 0.511267 0.859422 -0
    outer loop
      vertex 40.4734 41.6546 7.62939e-07
      vertex 40.4107 41.6919 0.6
      vertex 40.4734 41.6546 0.6
    endloop
  endfacet
  facet normal 0.511267 0.859422 0
    outer loop
      vertex 40.4107 41.6919 0.6
      vertex 40.4734 41.6546 7.62939e-07
      vertex 40.4107 41.6919 7.62939e-07
    endloop
  endfacet
  facet normal 0.425864 0.904787 -0
    outer loop
      vertex 40.4107 41.6919 7.62939e-07
      vertex 40.3459 41.7224 0.6
      vertex 40.4107 41.6919 0.6
    endloop
  endfacet
  facet normal 0.425864 0.904787 0
    outer loop
      vertex 40.3459 41.7224 0.6
      vertex 40.4107 41.6919 7.62939e-07
      vertex 40.3459 41.7224 7.62939e-07
    endloop
  endfacet
  facet normal 0.334289 0.942471 -0
    outer loop
      vertex 40.3459 41.7224 7.62939e-07
      vertex 40.2788 41.7462 0.6
      vertex 40.3459 41.7224 0.6
    endloop
  endfacet
  facet normal 0.334289 0.942471 0
    outer loop
      vertex 40.2788 41.7462 0.6
      vertex 40.3459 41.7224 7.62939e-07
      vertex 40.2788 41.7462 7.62939e-07
    endloop
  endfacet
  facet normal 0.237571 0.97137 -0
    outer loop
      vertex 40.2788 41.7462 7.62939e-07
      vertex 40.2097 41.7631 0.6
      vertex 40.2788 41.7462 0.6
    endloop
  endfacet
  facet normal 0.237571 0.97137 0
    outer loop
      vertex 40.2097 41.7631 0.6
      vertex 40.2788 41.7462 7.62939e-07
      vertex 40.2097 41.7631 7.62939e-07
    endloop
  endfacet
  facet normal 0.141421 0.989949 -0
    outer loop
      vertex 40.2097 41.7631 7.62939e-07
      vertex 40.1383 41.7733 0.6
      vertex 40.2097 41.7631 0.6
    endloop
  endfacet
  facet normal 0.141421 0.989949 0
    outer loop
      vertex 40.1383 41.7733 0.6
      vertex 40.2097 41.7631 7.62939e-07
      vertex 40.1383 41.7733 7.62939e-07
    endloop
  endfacet
  facet normal 0.0462091 0.998932 -0
    outer loop
      vertex 40.1383 41.7733 7.62939e-07
      vertex 40.0648 41.7767 0.6
      vertex 40.1383 41.7733 0.6
    endloop
  endfacet
  facet normal 0.0462091 0.998932 0
    outer loop
      vertex 40.0648 41.7767 0.6
      vertex 40.1383 41.7733 7.62939e-07
      vertex 40.0648 41.7767 7.62939e-07
    endloop
  endfacet
  facet normal -0.0541839 0.998531 0
    outer loop
      vertex 40.0648 41.7767 7.62939e-07
      vertex 40.0003 41.7732 0.6
      vertex 40.0648 41.7767 0.6
    endloop
  endfacet
  facet normal -0.0541839 0.998531 0
    outer loop
      vertex 40.0003 41.7732 0.6
      vertex 40.0648 41.7767 7.62939e-07
      vertex 40.0003 41.7732 7.62939e-07
    endloop
  endfacet
  facet normal 0 1 -0
    outer loop
      vertex 29.9472 38.7048 7.62939e-07
      vertex 28.9944 38.7048 0.6
      vertex 29.9472 38.7048 0.6
    endloop
  endfacet
  facet normal 0 1 0
    outer loop
      vertex 28.9944 38.7048 0.6
      vertex 29.9472 38.7048 7.62939e-07
      vertex 28.9944 38.7048 7.62939e-07
    endloop
  endfacet
  facet normal 1 -0 0
    outer loop
      vertex 28.9944 38.7048 0.6
      vertex 28.9944 42.3734 7.62939e-07
      vertex 28.9944 42.3734 0.6
    endloop
  endfacet
  facet normal 1 0 0
    outer loop
      vertex 28.9944 42.3734 7.62939e-07
      vertex 28.9944 38.7048 0.6
      vertex 28.9944 38.7048 7.62939e-07
    endloop
  endfacet
  facet normal 0 -1 0
    outer loop
      vertex 28.9944 42.3734 7.62939e-07
      vertex 29.9472 42.3734 0.6
      vertex 28.9944 42.3734 0.6
    endloop
  endfacet
  facet normal 0 -1 -0
    outer loop
      vertex 29.9472 42.3734 0.6
      vertex 28.9944 42.3734 7.62939e-07
      vertex 29.9472 42.3734 7.62939e-07
    endloop
  endfacet
  facet normal -1 0 0
    outer loop
      vertex 29.9472 38.7048 7.62939e-07
      vertex 29.9472 42.3734 0.6
      vertex 29.9472 42.3734 7.62939e-07
    endloop
  endfacet
  facet normal -1 -0 0
    outer loop
      vertex 29.9472 42.3734 0.6
      vertex 29.9472 38.7048 7.62939e-07
      vertex 29.9472 38.7048 0.6
    endloop
  endfacet
endsolid OpenSCAD_Model
