solid OpenSCAD_Model
  facet normal 1 -0 0
    outer loop
      vertex 256 0 13
      vertex 256 128 -0.299999
      vertex 256 128 13
    endloop
  endfacet
  facet normal 1 0 0
    outer loop
      vertex 256 128 -0.299999
      vertex 256 0 13
      vertex 256 0 -0.299999
    endloop
  endfacet
  facet normal 0 0 1
    outer loop
      vertex 256 128 13
      vertex 253 125 13
      vertex 256 0 13
    endloop
  endfacet
  facet normal 0 0 1
    outer loop
      vertex 256 128 13
      vertex 3 125 13
      vertex 253 125 13
    endloop
  endfacet
  facet normal 0 0 1
    outer loop
      vertex 3 125 13
      vertex 0 128 13
      vertex 3 3 13
    endloop
  endfacet
  facet normal -0 0 1
    outer loop
      vertex 0 128 13
      vertex 3 125 13
      vertex 256 128 13
    endloop
  endfacet
  facet normal -0 0 1
    outer loop
      vertex 253 3 13
      vertex 256 0 13
      vertex 253 125 13
    endloop
  endfacet
  facet normal -0 0 1
    outer loop
      vertex 3 3 13
      vertex 256 0 13
      vertex 253 3 13
    endloop
  endfacet
  facet normal 0 0 1
    outer loop
      vertex 3 3 13
      vertex 0 0 13
      vertex 256 0 13
    endloop
  endfacet
  facet normal 0 0 1
    outer loop
      vertex 0 0 13
      vertex 3 3 13
      vertex 0 128 13
    endloop
  endfacet
  facet normal -1 0 0
    outer loop
      vertex 0 0 -0.299999
      vertex 0 128 13
      vertex 0 128 -0.299999
    endloop
  endfacet
  facet normal -1 -0 0
    outer loop
      vertex 0 128 13
      vertex 0 0 -0.299999
      vertex 0 0 13
    endloop
  endfacet
  facet normal 0 1 -0
    outer loop
      vertex 256 128 -0.299999
      vertex 0 128 13
      vertex 256 128 13
    endloop
  endfacet
  facet normal 0 1 0
    outer loop
      vertex 0 128 13
      vertex 256 128 -0.299999
      vertex 0 128 -0.299999
    endloop
  endfacet
  facet normal 0 -1 0
    outer loop
      vertex 0 0 -0.299999
      vertex 256 0 13
      vertex 0 0 13
    endloop
  endfacet
  facet normal 0 -1 -0
    outer loop
      vertex 256 0 13
      vertex 0 0 -0.299999
      vertex 256 0 -0.299999
    endloop
  endfacet
  facet normal -1 0 0
    outer loop
      vertex 253 3 2.5
      vertex 253 125 13
      vertex 253 125 2.5
    endloop
  endfacet
  facet normal -1 -0 0
    outer loop
      vertex 253 125 13
      vertex 253 3 2.5
      vertex 253 3 13
    endloop
  endfacet
  facet normal -0 0 1
    outer loop
      vertex 50.673 102.638 2.5
      vertex 171.55 79.3 2.5
      vertex 50.8532 103.073 2.5
    endloop
  endfacet
  facet normal 0 0 1
    outer loop
      vertex 171.55 48.7 2.5
      vertex 50.9631 24.4693 2.5
      vertex 51 24 2.5
    endloop
  endfacet
  facet normal -0 0 1
    outer loop
      vertex 50.4271 102.237 2.5
      vertex 171.55 79.3 2.5
      vertex 50.673 102.638 2.5
    endloop
  endfacet
  facet normal 0 0 1
    outer loop
      vertex 171.55 48.7 2.5
      vertex 50.8532 24.9271 2.5
      vertex 50.9631 24.4693 2.5
    endloop
  endfacet
  facet normal 0 0 1
    outer loop
      vertex 171.55 79.3 2.5
      vertex 50.4271 102.237 2.5
      vertex 171.55 48.7 2.5
    endloop
  endfacet
  facet normal 0 0 1
    outer loop
      vertex 171.55 48.7 2.5
      vertex 50.673 25.362 2.5
      vertex 50.8532 24.9271 2.5
    endloop
  endfacet
  facet normal 0 0 1
    outer loop
      vertex 50.4271 25.7634 2.5
      vertex 171.55 48.7 2.5
      vertex 50.4271 102.237 2.5
    endloop
  endfacet
  facet normal 0 0 1
    outer loop
      vertex 171.55 48.7 2.5
      vertex 50.4271 25.7634 2.5
      vertex 50.673 25.362 2.5
    endloop
  endfacet
  facet normal -0 0 1
    outer loop
      vertex 50.1213 101.879 2.5
      vertex 50.4271 25.7634 2.5
      vertex 50.4271 102.237 2.5
    endloop
  endfacet
  facet normal 0 0 1
    outer loop
      vertex 50.1213 101.879 2.5
      vertex 50.1213 26.1213 2.5
      vertex 50.4271 25.7634 2.5
    endloop
  endfacet
  facet normal -0 0 1
    outer loop
      vertex 49.7634 101.573 2.5
      vertex 50.1213 26.1213 2.5
      vertex 50.1213 101.879 2.5
    endloop
  endfacet
  facet normal 0 0 1
    outer loop
      vertex 49.7634 101.573 2.5
      vertex 49.7634 26.4271 2.5
      vertex 50.1213 26.1213 2.5
    endloop
  endfacet
  facet normal -0 0 1
    outer loop
      vertex 49.362 101.327 2.5
      vertex 49.7634 26.4271 2.5
      vertex 49.7634 101.573 2.5
    endloop
  endfacet
  facet normal 0 0 1
    outer loop
      vertex 49.362 101.327 2.5
      vertex 49.362 26.673 2.5
      vertex 49.7634 26.4271 2.5
    endloop
  endfacet
  facet normal -0 0 1
    outer loop
      vertex 48.9271 101.147 2.5
      vertex 49.362 26.673 2.5
      vertex 49.362 101.327 2.5
    endloop
  endfacet
  facet normal 0 0 1
    outer loop
      vertex 48.9271 101.147 2.5
      vertex 48.9271 26.8532 2.5
      vertex 49.362 26.673 2.5
    endloop
  endfacet
  facet normal -0 0 1
    outer loop
      vertex 48.4693 101.037 2.5
      vertex 48.9271 26.8532 2.5
      vertex 48.9271 101.147 2.5
    endloop
  endfacet
  facet normal 0 0 1
    outer loop
      vertex 48.4693 101.037 2.5
      vertex 48.4693 26.9631 2.5
      vertex 48.9271 26.8532 2.5
    endloop
  endfacet
  facet normal -0 0 1
    outer loop
      vertex 48 101 2.5
      vertex 48.4693 26.9631 2.5
      vertex 48.4693 101.037 2.5
    endloop
  endfacet
  facet normal 0 0 1
    outer loop
      vertex 48 101 2.5
      vertex 48 27 2.5
      vertex 48.4693 26.9631 2.5
    endloop
  endfacet
  facet normal 0 0 1
    outer loop
      vertex 47.5307 101.037 2.5
      vertex 48 27 2.5
      vertex 48 101 2.5
    endloop
  endfacet
  facet normal 0 0 1
    outer loop
      vertex 47.5307 101.037 2.5
      vertex 47.5307 26.9631 2.5
      vertex 48 27 2.5
    endloop
  endfacet
  facet normal 0 0 1
    outer loop
      vertex 47.0729 101.147 2.5
      vertex 47.5307 26.9631 2.5
      vertex 47.5307 101.037 2.5
    endloop
  endfacet
  facet normal 0 0 1
    outer loop
      vertex 47.0729 101.147 2.5
      vertex 47.0729 26.8532 2.5
      vertex 47.5307 26.9631 2.5
    endloop
  endfacet
  facet normal 0 0 1
    outer loop
      vertex 46.638 101.327 2.5
      vertex 47.0729 26.8532 2.5
      vertex 47.0729 101.147 2.5
    endloop
  endfacet
  facet normal 0 0 1
    outer loop
      vertex 46.638 101.327 2.5
      vertex 46.638 26.673 2.5
      vertex 47.0729 26.8532 2.5
    endloop
  endfacet
  facet normal 0 0 1
    outer loop
      vertex 46.2366 101.573 2.5
      vertex 46.638 26.673 2.5
      vertex 46.638 101.327 2.5
    endloop
  endfacet
  facet normal 0 0 1
    outer loop
      vertex 46.2366 101.573 2.5
      vertex 46.2366 26.4271 2.5
      vertex 46.638 26.673 2.5
    endloop
  endfacet
  facet normal 0 0 1
    outer loop
      vertex 45.8787 101.879 2.5
      vertex 46.2366 26.4271 2.5
      vertex 46.2366 101.573 2.5
    endloop
  endfacet
  facet normal 0 0 1
    outer loop
      vertex 45.8787 101.879 2.5
      vertex 45.8787 26.1213 2.5
      vertex 46.2366 26.4271 2.5
    endloop
  endfacet
  facet normal 0 0 1
    outer loop
      vertex 45.5729 102.237 2.5
      vertex 45.8787 26.1213 2.5
      vertex 45.8787 101.879 2.5
    endloop
  endfacet
  facet normal 0 0 1
    outer loop
      vertex 45.5729 102.237 2.5
      vertex 45.5729 25.7634 2.5
      vertex 45.8787 26.1213 2.5
    endloop
  endfacet
  facet normal 0 0 1
    outer loop
      vertex 3 125 2.5
      vertex 45.5729 102.237 2.5
      vertex 45.327 102.638 2.5
    endloop
  endfacet
  facet normal 0 0 1
    outer loop
      vertex 45.5729 102.237 2.5
      vertex 3 125 2.5
      vertex 45.5729 25.7634 2.5
    endloop
  endfacet
  facet normal 0 0 1
    outer loop
      vertex 3 125 2.5
      vertex 45.327 102.638 2.5
      vertex 45.1468 103.073 2.5
    endloop
  endfacet
  facet normal 0 0 1
    outer loop
      vertex 3 3 2.5
      vertex 45.5729 25.7634 2.5
      vertex 3 125 2.5
    endloop
  endfacet
  facet normal 0 0 1
    outer loop
      vertex 3 125 2.5
      vertex 45.1468 103.073 2.5
      vertex 45.0369 103.531 2.5
    endloop
  endfacet
  facet normal 0 0 1
    outer loop
      vertex 45.5729 25.7634 2.5
      vertex 3 3 2.5
      vertex 45.327 25.362 2.5
    endloop
  endfacet
  facet normal 0 0 1
    outer loop
      vertex 3 125 2.5
      vertex 45.0369 103.531 2.5
      vertex 45 104 2.5
    endloop
  endfacet
  facet normal 0 0 1
    outer loop
      vertex 45.327 25.362 2.5
      vertex 3 3 2.5
      vertex 45.1468 24.9271 2.5
    endloop
  endfacet
  facet normal 0 0 1
    outer loop
      vertex 210.673 102.638 2.5
      vertex 253 125 2.5
      vertex 210.853 103.073 2.5
    endloop
  endfacet
  facet normal 0 0 1
    outer loop
      vertex 253 3 2.5
      vertex 210.963 24.4693 2.5
      vertex 211 24 2.5
    endloop
  endfacet
  facet normal 0 0 1
    outer loop
      vertex 210.427 102.237 2.5
      vertex 253 125 2.5
      vertex 210.673 102.638 2.5
    endloop
  endfacet
  facet normal 0 0 1
    outer loop
      vertex 253 3 2.5
      vertex 210.853 24.9271 2.5
      vertex 210.963 24.4693 2.5
    endloop
  endfacet
  facet normal 0 0 1
    outer loop
      vertex 253 125 2.5
      vertex 210.427 102.237 2.5
      vertex 253 3 2.5
    endloop
  endfacet
  facet normal 0 0 1
    outer loop
      vertex 253 3 2.5
      vertex 210.673 25.362 2.5
      vertex 210.853 24.9271 2.5
    endloop
  endfacet
  facet normal -0 0 1
    outer loop
      vertex 210.427 25.7634 2.5
      vertex 253 3 2.5
      vertex 210.427 102.237 2.5
    endloop
  endfacet
  facet normal 0 0 1
    outer loop
      vertex 253 3 2.5
      vertex 210.427 25.7634 2.5
      vertex 210.673 25.362 2.5
    endloop
  endfacet
  facet normal -0 0 1
    outer loop
      vertex 210.121 101.879 2.5
      vertex 210.427 25.7634 2.5
      vertex 210.427 102.237 2.5
    endloop
  endfacet
  facet normal 0 0 1
    outer loop
      vertex 210.121 101.879 2.5
      vertex 210.121 26.1213 2.5
      vertex 210.427 25.7634 2.5
    endloop
  endfacet
  facet normal -0 0 1
    outer loop
      vertex 209.763 101.573 2.5
      vertex 210.121 26.1213 2.5
      vertex 210.121 101.879 2.5
    endloop
  endfacet
  facet normal 0 0 1
    outer loop
      vertex 209.763 101.573 2.5
      vertex 209.763 26.4271 2.5
      vertex 210.121 26.1213 2.5
    endloop
  endfacet
  facet normal -0 0 1
    outer loop
      vertex 209.362 101.327 2.5
      vertex 209.763 26.4271 2.5
      vertex 209.763 101.573 2.5
    endloop
  endfacet
  facet normal 0 0 1
    outer loop
      vertex 209.362 101.327 2.5
      vertex 209.362 26.673 2.5
      vertex 209.763 26.4271 2.5
    endloop
  endfacet
  facet normal -0 0 1
    outer loop
      vertex 208.927 101.147 2.5
      vertex 209.362 26.673 2.5
      vertex 209.362 101.327 2.5
    endloop
  endfacet
  facet normal 0 0 1
    outer loop
      vertex 208.927 101.147 2.5
      vertex 208.927 26.8532 2.5
      vertex 209.362 26.673 2.5
    endloop
  endfacet
  facet normal -0 0 1
    outer loop
      vertex 208.469 101.037 2.5
      vertex 208.927 26.8532 2.5
      vertex 208.927 101.147 2.5
    endloop
  endfacet
  facet normal 0 0 1
    outer loop
      vertex 208.469 101.037 2.5
      vertex 208.469 26.9631 2.5
      vertex 208.927 26.8532 2.5
    endloop
  endfacet
  facet normal 0 0 1
    outer loop
      vertex 180.45 79.3 2.5
      vertex 208.469 101.037 2.5
      vertex 208 101 2.5
    endloop
  endfacet
  facet normal 0 0 1
    outer loop
      vertex 208.469 101.037 2.5
      vertex 180.45 79.3 2.5
      vertex 208.469 26.9631 2.5
    endloop
  endfacet
  facet normal 0 0 1
    outer loop
      vertex 180.45 79.3 2.5
      vertex 208 101 2.5
      vertex 207.531 101.037 2.5
    endloop
  endfacet
  facet normal -0 0 1
    outer loop
      vertex 180.45 48.7 2.5
      vertex 208.469 26.9631 2.5
      vertex 180.45 79.3 2.5
    endloop
  endfacet
  facet normal 0 0 1
    outer loop
      vertex 180.45 79.3 2.5
      vertex 207.531 101.037 2.5
      vertex 207.073 101.147 2.5
    endloop
  endfacet
  facet normal 0 0 1
    outer loop
      vertex 208.469 26.9631 2.5
      vertex 180.45 48.7 2.5
      vertex 208 27 2.5
    endloop
  endfacet
  facet normal 0 0 1
    outer loop
      vertex 180.45 79.3 2.5
      vertex 207.073 101.147 2.5
      vertex 206.638 101.327 2.5
    endloop
  endfacet
  facet normal 0 0 1
    outer loop
      vertex 208 27 2.5
      vertex 180.45 48.7 2.5
      vertex 207.531 26.9631 2.5
    endloop
  endfacet
  facet normal 0 0 1
    outer loop
      vertex 180.45 79.3 2.5
      vertex 206.638 101.327 2.5
      vertex 206.237 101.573 2.5
    endloop
  endfacet
  facet normal 0 0 1
    outer loop
      vertex 207.531 26.9631 2.5
      vertex 180.45 48.7 2.5
      vertex 207.073 26.8532 2.5
    endloop
  endfacet
  facet normal 0 0 1
    outer loop
      vertex 180.45 79.3 2.5
      vertex 206.237 101.573 2.5
      vertex 205.879 101.879 2.5
    endloop
  endfacet
  facet normal 0 0 1
    outer loop
      vertex 207.073 26.8532 2.5
      vertex 180.45 48.7 2.5
      vertex 206.638 26.673 2.5
    endloop
  endfacet
  facet normal 0 0 1
    outer loop
      vertex 180.45 79.3 2.5
      vertex 205.879 101.879 2.5
      vertex 205.573 102.237 2.5
    endloop
  endfacet
  facet normal 0 0 1
    outer loop
      vertex 206.638 26.673 2.5
      vertex 180.45 48.7 2.5
      vertex 206.237 26.4271 2.5
    endloop
  endfacet
  facet normal 0 0 1
    outer loop
      vertex 180.45 79.3 2.5
      vertex 205.573 102.237 2.5
      vertex 205.327 102.638 2.5
    endloop
  endfacet
  facet normal 0 0 1
    outer loop
      vertex 206.237 26.4271 2.5
      vertex 180.45 48.7 2.5
      vertex 205.879 26.1213 2.5
    endloop
  endfacet
  facet normal 0 0 1
    outer loop
      vertex 180.45 79.3 2.5
      vertex 205.327 102.638 2.5
      vertex 205.147 103.073 2.5
    endloop
  endfacet
  facet normal 0 0 1
    outer loop
      vertex 205.879 26.1213 2.5
      vertex 180.45 48.7 2.5
      vertex 205.573 25.7634 2.5
    endloop
  endfacet
  facet normal 0 0 1
    outer loop
      vertex 180.45 79.3 2.5
      vertex 205.147 103.073 2.5
      vertex 205.037 103.531 2.5
    endloop
  endfacet
  facet normal 0 0 1
    outer loop
      vertex 205.573 25.7634 2.5
      vertex 180.45 48.7 2.5
      vertex 205.327 25.362 2.5
    endloop
  endfacet
  facet normal 0 0 1
    outer loop
      vertex 180.45 79.3 2.5
      vertex 205.037 103.531 2.5
      vertex 205 104 2.5
    endloop
  endfacet
  facet normal 0 0 1
    outer loop
      vertex 205.327 25.362 2.5
      vertex 180.45 48.7 2.5
      vertex 205.147 24.9271 2.5
    endloop
  endfacet
  facet normal 0 0 1
    outer loop
      vertex 210.963 103.531 2.5
      vertex 253 125 2.5
      vertex 211 104 2.5
    endloop
  endfacet
  facet normal 0 0 1
    outer loop
      vertex 253 125 2.5
      vertex 210.963 104.469 2.5
      vertex 211 104 2.5
    endloop
  endfacet
  facet normal 0 0 1
    outer loop
      vertex 253 125 2.5
      vertex 210.853 104.927 2.5
      vertex 210.963 104.469 2.5
    endloop
  endfacet
  facet normal 0 0 1
    outer loop
      vertex 253 125 2.5
      vertex 210.673 105.362 2.5
      vertex 210.853 104.927 2.5
    endloop
  endfacet
  facet normal 0 0 1
    outer loop
      vertex 253 125 2.5
      vertex 210.427 105.763 2.5
      vertex 210.673 105.362 2.5
    endloop
  endfacet
  facet normal 0 0 1
    outer loop
      vertex 253 125 2.5
      vertex 210.121 106.121 2.5
      vertex 210.427 105.763 2.5
    endloop
  endfacet
  facet normal 0 0 1
    outer loop
      vertex 253 125 2.5
      vertex 209.763 106.427 2.5
      vertex 210.121 106.121 2.5
    endloop
  endfacet
  facet normal 0 0 1
    outer loop
      vertex 253 125 2.5
      vertex 209.362 106.673 2.5
      vertex 209.763 106.427 2.5
    endloop
  endfacet
  facet normal 0 0 1
    outer loop
      vertex 253 125 2.5
      vertex 208.927 106.853 2.5
      vertex 209.362 106.673 2.5
    endloop
  endfacet
  facet normal 0 0 1
    outer loop
      vertex 253 125 2.5
      vertex 208.469 106.963 2.5
      vertex 208.927 106.853 2.5
    endloop
  endfacet
  facet normal 0 0 1
    outer loop
      vertex 253 125 2.5
      vertex 208 107 2.5
      vertex 208.469 106.963 2.5
    endloop
  endfacet
  facet normal 0 0 1
    outer loop
      vertex 253 125 2.5
      vertex 207.531 106.963 2.5
      vertex 208 107 2.5
    endloop
  endfacet
  facet normal 0 0 1
    outer loop
      vertex 253 125 2.5
      vertex 207.073 106.853 2.5
      vertex 207.531 106.963 2.5
    endloop
  endfacet
  facet normal 0 0 1
    outer loop
      vertex 205.147 24.9271 2.5
      vertex 180.45 48.7 2.5
      vertex 205.037 24.4693 2.5
    endloop
  endfacet
  facet normal 0 0 1
    outer loop
      vertex 205.037 104.469 2.5
      vertex 180.45 79.3 2.5
      vertex 205 104 2.5
    endloop
  endfacet
  facet normal 0 0 1
    outer loop
      vertex 171.55 79.3 2.5
      vertex 205.037 104.469 2.5
      vertex 205.147 104.927 2.5
    endloop
  endfacet
  facet normal 0 0 1
    outer loop
      vertex 171.55 79.3 2.5
      vertex 205.147 104.927 2.5
      vertex 205.327 105.362 2.5
    endloop
  endfacet
  facet normal 0 0 1
    outer loop
      vertex 171.55 79.3 2.5
      vertex 205.327 105.362 2.5
      vertex 205.573 105.763 2.5
    endloop
  endfacet
  facet normal 0 0 1
    outer loop
      vertex 50.4271 105.763 2.5
      vertex 205.573 105.763 2.5
      vertex 205.879 106.121 2.5
    endloop
  endfacet
  facet normal 0 0 1
    outer loop
      vertex 205.037 104.469 2.5
      vertex 171.55 79.3 2.5
      vertex 180.45 79.3 2.5
    endloop
  endfacet
  facet normal 0 0 1
    outer loop
      vertex 50.1213 106.121 2.5
      vertex 205.879 106.121 2.5
      vertex 206.237 106.427 2.5
    endloop
  endfacet
  facet normal -0 0 1
    outer loop
      vertex 50.9631 103.531 2.5
      vertex 171.55 79.3 2.5
      vertex 51 104 2.5
    endloop
  endfacet
  facet normal 0 0 1
    outer loop
      vertex 205.573 105.763 2.5
      vertex 50.4271 105.763 2.5
      vertex 171.55 79.3 2.5
    endloop
  endfacet
  facet normal 0 0 1
    outer loop
      vertex 49.7634 106.427 2.5
      vertex 206.237 106.427 2.5
      vertex 206.638 106.673 2.5
    endloop
  endfacet
  facet normal 0 0 1
    outer loop
      vertex 49.362 106.673 2.5
      vertex 206.638 106.673 2.5
      vertex 207.073 106.853 2.5
    endloop
  endfacet
  facet normal 0 0 1
    outer loop
      vertex 48.9271 106.853 2.5
      vertex 207.073 106.853 2.5
      vertex 253 125 2.5
    endloop
  endfacet
  facet normal 0 0 1
    outer loop
      vertex 171.55 79.3 2.5
      vertex 50.9631 104.469 2.5
      vertex 51 104 2.5
    endloop
  endfacet
  facet normal 0 0 1
    outer loop
      vertex 171.55 79.3 2.5
      vertex 50.8532 104.927 2.5
      vertex 50.9631 104.469 2.5
    endloop
  endfacet
  facet normal 0 0 1
    outer loop
      vertex 171.55 79.3 2.5
      vertex 50.673 105.362 2.5
      vertex 50.8532 104.927 2.5
    endloop
  endfacet
  facet normal 0 0 1
    outer loop
      vertex 171.55 79.3 2.5
      vertex 50.4271 105.763 2.5
      vertex 50.673 105.362 2.5
    endloop
  endfacet
  facet normal 0 0 1
    outer loop
      vertex 205.879 106.121 2.5
      vertex 50.1213 106.121 2.5
      vertex 50.4271 105.763 2.5
    endloop
  endfacet
  facet normal 0 0 1
    outer loop
      vertex 206.237 106.427 2.5
      vertex 49.7634 106.427 2.5
      vertex 50.1213 106.121 2.5
    endloop
  endfacet
  facet normal 0 0 1
    outer loop
      vertex 206.638 106.673 2.5
      vertex 49.362 106.673 2.5
      vertex 49.7634 106.427 2.5
    endloop
  endfacet
  facet normal 0 0 1
    outer loop
      vertex 207.073 106.853 2.5
      vertex 48.9271 106.853 2.5
      vertex 49.362 106.673 2.5
    endloop
  endfacet
  facet normal -0 0 1
    outer loop
      vertex 3 125 2.5
      vertex 48.9271 106.853 2.5
      vertex 253 125 2.5
    endloop
  endfacet
  facet normal 0 0 1
    outer loop
      vertex 48.9271 106.853 2.5
      vertex 3 125 2.5
      vertex 48.4693 106.963 2.5
    endloop
  endfacet
  facet normal 0 0 1
    outer loop
      vertex 48.4693 106.963 2.5
      vertex 3 125 2.5
      vertex 48 107 2.5
    endloop
  endfacet
  facet normal 0 0 1
    outer loop
      vertex 45.1468 24.9271 2.5
      vertex 3 3 2.5
      vertex 45.0369 24.4693 2.5
    endloop
  endfacet
  facet normal 0 0 1
    outer loop
      vertex 45.0369 104.469 2.5
      vertex 3 125 2.5
      vertex 45 104 2.5
    endloop
  endfacet
  facet normal 0 0 1
    outer loop
      vertex 45.1468 104.927 2.5
      vertex 3 125 2.5
      vertex 45.0369 104.469 2.5
    endloop
  endfacet
  facet normal 0 0 1
    outer loop
      vertex 45.327 105.362 2.5
      vertex 3 125 2.5
      vertex 45.1468 104.927 2.5
    endloop
  endfacet
  facet normal 0 0 1
    outer loop
      vertex 45.5729 105.763 2.5
      vertex 3 125 2.5
      vertex 45.327 105.362 2.5
    endloop
  endfacet
  facet normal 0 0 1
    outer loop
      vertex 45.8787 106.121 2.5
      vertex 3 125 2.5
      vertex 45.5729 105.763 2.5
    endloop
  endfacet
  facet normal 0 0 1
    outer loop
      vertex 46.2366 106.427 2.5
      vertex 3 125 2.5
      vertex 45.8787 106.121 2.5
    endloop
  endfacet
  facet normal 0 0 1
    outer loop
      vertex 46.638 106.673 2.5
      vertex 3 125 2.5
      vertex 46.2366 106.427 2.5
    endloop
  endfacet
  facet normal 0 0 1
    outer loop
      vertex 47.0729 106.853 2.5
      vertex 3 125 2.5
      vertex 46.638 106.673 2.5
    endloop
  endfacet
  facet normal 0 0 1
    outer loop
      vertex 47.5307 106.963 2.5
      vertex 3 125 2.5
      vertex 47.0729 106.853 2.5
    endloop
  endfacet
  facet normal 0 0 1
    outer loop
      vertex 48 107 2.5
      vertex 3 125 2.5
      vertex 47.5307 106.963 2.5
    endloop
  endfacet
  facet normal 0 0 1
    outer loop
      vertex 210.853 103.073 2.5
      vertex 253 125 2.5
      vertex 210.963 103.531 2.5
    endloop
  endfacet
  facet normal -0 0 1
    outer loop
      vertex 210.963 23.5307 2.5
      vertex 253 3 2.5
      vertex 211 24 2.5
    endloop
  endfacet
  facet normal -0 0 1
    outer loop
      vertex 210.853 23.0729 2.5
      vertex 253 3 2.5
      vertex 210.963 23.5307 2.5
    endloop
  endfacet
  facet normal -0 0 1
    outer loop
      vertex 210.673 22.638 2.5
      vertex 253 3 2.5
      vertex 210.853 23.0729 2.5
    endloop
  endfacet
  facet normal -0 0 1
    outer loop
      vertex 210.427 22.2366 2.5
      vertex 253 3 2.5
      vertex 210.673 22.638 2.5
    endloop
  endfacet
  facet normal -0 0 1
    outer loop
      vertex 210.121 21.8787 2.5
      vertex 253 3 2.5
      vertex 210.427 22.2366 2.5
    endloop
  endfacet
  facet normal -0 0 1
    outer loop
      vertex 209.763 21.5729 2.5
      vertex 253 3 2.5
      vertex 210.121 21.8787 2.5
    endloop
  endfacet
  facet normal -0 0 1
    outer loop
      vertex 209.362 21.327 2.5
      vertex 253 3 2.5
      vertex 209.763 21.5729 2.5
    endloop
  endfacet
  facet normal -0 0 1
    outer loop
      vertex 208.927 21.1468 2.5
      vertex 253 3 2.5
      vertex 209.362 21.327 2.5
    endloop
  endfacet
  facet normal -0 0 1
    outer loop
      vertex 208.469 21.0369 2.5
      vertex 253 3 2.5
      vertex 208.927 21.1468 2.5
    endloop
  endfacet
  facet normal -0 0 1
    outer loop
      vertex 208 21 2.5
      vertex 253 3 2.5
      vertex 208.469 21.0369 2.5
    endloop
  endfacet
  facet normal 0 0 1
    outer loop
      vertex 207.531 21.0369 2.5
      vertex 253 3 2.5
      vertex 208 21 2.5
    endloop
  endfacet
  facet normal 0 0 1
    outer loop
      vertex 207.073 21.1468 2.5
      vertex 253 3 2.5
      vertex 207.531 21.0369 2.5
    endloop
  endfacet
  facet normal 0 0 1
    outer loop
      vertex 205.037 24.4693 2.5
      vertex 180.45 48.7 2.5
      vertex 205 24 2.5
    endloop
  endfacet
  facet normal 0 0 1
    outer loop
      vertex 205 24 2.5
      vertex 180.45 48.7 2.5
      vertex 205.037 23.5307 2.5
    endloop
  endfacet
  facet normal -0 0 1
    outer loop
      vertex 171.55 48.7 2.5
      vertex 205.037 23.5307 2.5
      vertex 180.45 48.7 2.5
    endloop
  endfacet
  facet normal 0 0 1
    outer loop
      vertex 205.037 23.5307 2.5
      vertex 171.55 48.7 2.5
      vertex 205.147 23.0729 2.5
    endloop
  endfacet
  facet normal 0 0 1
    outer loop
      vertex 205.147 23.0729 2.5
      vertex 171.55 48.7 2.5
      vertex 205.327 22.638 2.5
    endloop
  endfacet
  facet normal 0 0 1
    outer loop
      vertex 205.327 22.638 2.5
      vertex 171.55 48.7 2.5
      vertex 205.573 22.2366 2.5
    endloop
  endfacet
  facet normal 0 0 1
    outer loop
      vertex 50.4271 22.2366 2.5
      vertex 205.573 22.2366 2.5
      vertex 171.55 48.7 2.5
    endloop
  endfacet
  facet normal 0 0 1
    outer loop
      vertex 205.573 22.2366 2.5
      vertex 50.4271 22.2366 2.5
      vertex 205.879 21.8787 2.5
    endloop
  endfacet
  facet normal -0 0 1
    outer loop
      vertex 50.8532 103.073 2.5
      vertex 171.55 79.3 2.5
      vertex 50.9631 103.531 2.5
    endloop
  endfacet
  facet normal 0 0 1
    outer loop
      vertex 50.9631 23.5307 2.5
      vertex 171.55 48.7 2.5
      vertex 51 24 2.5
    endloop
  endfacet
  facet normal 0 0 1
    outer loop
      vertex 50.8532 23.0729 2.5
      vertex 171.55 48.7 2.5
      vertex 50.9631 23.5307 2.5
    endloop
  endfacet
  facet normal 0 0 1
    outer loop
      vertex 50.673 22.638 2.5
      vertex 171.55 48.7 2.5
      vertex 50.8532 23.0729 2.5
    endloop
  endfacet
  facet normal 0 0 1
    outer loop
      vertex 50.4271 22.2366 2.5
      vertex 171.55 48.7 2.5
      vertex 50.673 22.638 2.5
    endloop
  endfacet
  facet normal 0 0 1
    outer loop
      vertex 50.1213 21.8787 2.5
      vertex 205.879 21.8787 2.5
      vertex 50.4271 22.2366 2.5
    endloop
  endfacet
  facet normal 0 0 1
    outer loop
      vertex 205.879 21.8787 2.5
      vertex 50.1213 21.8787 2.5
      vertex 206.237 21.5729 2.5
    endloop
  endfacet
  facet normal 0 0 1
    outer loop
      vertex 49.7634 21.5729 2.5
      vertex 206.237 21.5729 2.5
      vertex 50.1213 21.8787 2.5
    endloop
  endfacet
  facet normal 0 0 1
    outer loop
      vertex 206.237 21.5729 2.5
      vertex 49.7634 21.5729 2.5
      vertex 206.638 21.327 2.5
    endloop
  endfacet
  facet normal 0 0 1
    outer loop
      vertex 49.362 21.327 2.5
      vertex 206.638 21.327 2.5
      vertex 49.7634 21.5729 2.5
    endloop
  endfacet
  facet normal 0 0 1
    outer loop
      vertex 206.638 21.327 2.5
      vertex 49.362 21.327 2.5
      vertex 207.073 21.1468 2.5
    endloop
  endfacet
  facet normal 0 0 1
    outer loop
      vertex 48.9271 21.1468 2.5
      vertex 207.073 21.1468 2.5
      vertex 49.362 21.327 2.5
    endloop
  endfacet
  facet normal 0 0 1
    outer loop
      vertex 207.073 21.1468 2.5
      vertex 48.9271 21.1468 2.5
      vertex 253 3 2.5
    endloop
  endfacet
  facet normal 0 0 1
    outer loop
      vertex 3 3 2.5
      vertex 48.9271 21.1468 2.5
      vertex 48.4693 21.0369 2.5
    endloop
  endfacet
  facet normal 0 0 1
    outer loop
      vertex 3 3 2.5
      vertex 48.4693 21.0369 2.5
      vertex 48 21 2.5
    endloop
  endfacet
  facet normal 0 0 1
    outer loop
      vertex 3 3 2.5
      vertex 48 21 2.5
      vertex 47.5307 21.0369 2.5
    endloop
  endfacet
  facet normal 0 0 1
    outer loop
      vertex 45.0369 24.4693 2.5
      vertex 3 3 2.5
      vertex 45 24 2.5
    endloop
  endfacet
  facet normal 0 0 1
    outer loop
      vertex 45 24 2.5
      vertex 3 3 2.5
      vertex 45.0369 23.5307 2.5
    endloop
  endfacet
  facet normal 0 0 1
    outer loop
      vertex 48.9271 21.1468 2.5
      vertex 3 3 2.5
      vertex 253 3 2.5
    endloop
  endfacet
  facet normal 0 0 1
    outer loop
      vertex 47.0729 21.1468 2.5
      vertex 3 3 2.5
      vertex 47.5307 21.0369 2.5
    endloop
  endfacet
  facet normal 0 0 1
    outer loop
      vertex 46.638 21.327 2.5
      vertex 3 3 2.5
      vertex 47.0729 21.1468 2.5
    endloop
  endfacet
  facet normal 0 0 1
    outer loop
      vertex 46.2366 21.5729 2.5
      vertex 3 3 2.5
      vertex 46.638 21.327 2.5
    endloop
  endfacet
  facet normal 0 0 1
    outer loop
      vertex 45.8787 21.8787 2.5
      vertex 3 3 2.5
      vertex 46.2366 21.5729 2.5
    endloop
  endfacet
  facet normal 0 0 1
    outer loop
      vertex 45.5729 22.2366 2.5
      vertex 3 3 2.5
      vertex 45.8787 21.8787 2.5
    endloop
  endfacet
  facet normal 0 0 1
    outer loop
      vertex 45.327 22.638 2.5
      vertex 3 3 2.5
      vertex 45.5729 22.2366 2.5
    endloop
  endfacet
  facet normal 0 0 1
    outer loop
      vertex 45.1468 23.0729 2.5
      vertex 3 3 2.5
      vertex 45.327 22.638 2.5
    endloop
  endfacet
  facet normal 0 0 1
    outer loop
      vertex 45.0369 23.5307 2.5
      vertex 3 3 2.5
      vertex 45.1468 23.0729 2.5
    endloop
  endfacet
  facet normal 0 0 1
    outer loop
      vertex 49.4815 24.2347 2.5
      vertex 49.4815 23.7653 2.5
      vertex 49.5 24 2.5
    endloop
  endfacet
  facet normal 0 0 1
    outer loop
      vertex 49.4266 24.4635 2.5
      vertex 49.4815 23.7653 2.5
      vertex 49.4815 24.2347 2.5
    endloop
  endfacet
  facet normal 0 0 1
    outer loop
      vertex 49.4266 24.4635 2.5
      vertex 49.4266 23.5365 2.5
      vertex 49.4815 23.7653 2.5
    endloop
  endfacet
  facet normal 0 0 1
    outer loop
      vertex 49.3365 24.681 2.5
      vertex 49.4266 23.5365 2.5
      vertex 49.4266 24.4635 2.5
    endloop
  endfacet
  facet normal 0 0 1
    outer loop
      vertex 49.3365 24.681 2.5
      vertex 49.3365 23.319 2.5
      vertex 49.4266 23.5365 2.5
    endloop
  endfacet
  facet normal 0 0 1
    outer loop
      vertex 49.2135 24.8817 2.5
      vertex 49.3365 23.319 2.5
      vertex 49.3365 24.681 2.5
    endloop
  endfacet
  facet normal 0 0 1
    outer loop
      vertex 49.2135 24.8817 2.5
      vertex 49.2135 23.1183 2.5
      vertex 49.3365 23.319 2.5
    endloop
  endfacet
  facet normal 0 0 1
    outer loop
      vertex 49.0607 25.0607 2.5
      vertex 49.2135 23.1183 2.5
      vertex 49.2135 24.8817 2.5
    endloop
  endfacet
  facet normal 0 0 1
    outer loop
      vertex 49.0607 25.0607 2.5
      vertex 49.0607 22.9393 2.5
      vertex 49.2135 23.1183 2.5
    endloop
  endfacet
  facet normal 0 0 1
    outer loop
      vertex 48.8817 25.2135 2.5
      vertex 49.0607 22.9393 2.5
      vertex 49.0607 25.0607 2.5
    endloop
  endfacet
  facet normal 0 0 1
    outer loop
      vertex 48.8817 25.2135 2.5
      vertex 48.8817 22.7865 2.5
      vertex 49.0607 22.9393 2.5
    endloop
  endfacet
  facet normal 0 0 1
    outer loop
      vertex 48.681 25.3365 2.5
      vertex 48.8817 22.7865 2.5
      vertex 48.8817 25.2135 2.5
    endloop
  endfacet
  facet normal 0 0 1
    outer loop
      vertex 48.681 25.3365 2.5
      vertex 48.681 22.6635 2.5
      vertex 48.8817 22.7865 2.5
    endloop
  endfacet
  facet normal 0 0 1
    outer loop
      vertex 48.4635 25.4266 2.5
      vertex 48.681 22.6635 2.5
      vertex 48.681 25.3365 2.5
    endloop
  endfacet
  facet normal 0 0 1
    outer loop
      vertex 48.4635 25.4266 2.5
      vertex 48.4635 22.5734 2.5
      vertex 48.681 22.6635 2.5
    endloop
  endfacet
  facet normal 0 0 1
    outer loop
      vertex 48.2346 25.4815 2.5
      vertex 48.4635 22.5734 2.5
      vertex 48.4635 25.4266 2.5
    endloop
  endfacet
  facet normal 0 0 1
    outer loop
      vertex 48.2346 25.4815 2.5
      vertex 48.2346 22.5185 2.5
      vertex 48.4635 22.5734 2.5
    endloop
  endfacet
  facet normal 0 0 1
    outer loop
      vertex 48 25.5 2.5
      vertex 48.2346 22.5185 2.5
      vertex 48.2346 25.4815 2.5
    endloop
  endfacet
  facet normal 0 0 1
    outer loop
      vertex 48 25.5 2.5
      vertex 48 22.5 2.5
      vertex 48.2346 22.5185 2.5
    endloop
  endfacet
  facet normal -0 0 1
    outer loop
      vertex 47.7654 25.4815 2.5
      vertex 48 22.5 2.5
      vertex 48 25.5 2.5
    endloop
  endfacet
  facet normal 0 0 1
    outer loop
      vertex 47.7654 25.4815 2.5
      vertex 47.7654 22.5185 2.5
      vertex 48 22.5 2.5
    endloop
  endfacet
  facet normal -0 0 1
    outer loop
      vertex 47.5365 25.4266 2.5
      vertex 47.7654 22.5185 2.5
      vertex 47.7654 25.4815 2.5
    endloop
  endfacet
  facet normal 0 0 1
    outer loop
      vertex 47.5365 25.4266 2.5
      vertex 47.5365 22.5734 2.5
      vertex 47.7654 22.5185 2.5
    endloop
  endfacet
  facet normal -0 0 1
    outer loop
      vertex 47.319 25.3365 2.5
      vertex 47.5365 22.5734 2.5
      vertex 47.5365 25.4266 2.5
    endloop
  endfacet
  facet normal 0 0 1
    outer loop
      vertex 47.319 25.3365 2.5
      vertex 47.319 22.6635 2.5
      vertex 47.5365 22.5734 2.5
    endloop
  endfacet
  facet normal -0 0 1
    outer loop
      vertex 47.1183 25.2135 2.5
      vertex 47.319 22.6635 2.5
      vertex 47.319 25.3365 2.5
    endloop
  endfacet
  facet normal 0 0 1
    outer loop
      vertex 47.1183 25.2135 2.5
      vertex 47.1183 22.7865 2.5
      vertex 47.319 22.6635 2.5
    endloop
  endfacet
  facet normal -0 0 1
    outer loop
      vertex 46.9393 25.0607 2.5
      vertex 47.1183 22.7865 2.5
      vertex 47.1183 25.2135 2.5
    endloop
  endfacet
  facet normal 0 0 1
    outer loop
      vertex 46.9393 25.0607 2.5
      vertex 46.9393 22.9393 2.5
      vertex 47.1183 22.7865 2.5
    endloop
  endfacet
  facet normal -0 0 1
    outer loop
      vertex 46.7865 24.8817 2.5
      vertex 46.9393 22.9393 2.5
      vertex 46.9393 25.0607 2.5
    endloop
  endfacet
  facet normal 0 0 1
    outer loop
      vertex 46.7865 24.8817 2.5
      vertex 46.7865 23.1183 2.5
      vertex 46.9393 22.9393 2.5
    endloop
  endfacet
  facet normal -0 0 1
    outer loop
      vertex 46.6635 24.681 2.5
      vertex 46.7865 23.1183 2.5
      vertex 46.7865 24.8817 2.5
    endloop
  endfacet
  facet normal 0 0 1
    outer loop
      vertex 46.6635 24.681 2.5
      vertex 46.6635 23.319 2.5
      vertex 46.7865 23.1183 2.5
    endloop
  endfacet
  facet normal -0 0 1
    outer loop
      vertex 46.5734 24.4635 2.5
      vertex 46.6635 23.319 2.5
      vertex 46.6635 24.681 2.5
    endloop
  endfacet
  facet normal 0 0 1
    outer loop
      vertex 46.5734 24.4635 2.5
      vertex 46.5734 23.5365 2.5
      vertex 46.6635 23.319 2.5
    endloop
  endfacet
  facet normal -0 0 1
    outer loop
      vertex 46.5185 24.2347 2.5
      vertex 46.5734 23.5365 2.5
      vertex 46.5734 24.4635 2.5
    endloop
  endfacet
  facet normal 0 0 1
    outer loop
      vertex 46.5185 24.2347 2.5
      vertex 46.5185 23.7653 2.5
      vertex 46.5734 23.5365 2.5
    endloop
  endfacet
  facet normal 0 -0 1
    outer loop
      vertex 46.5185 23.7653 2.5
      vertex 46.5185 24.2347 2.5
      vertex 46.5 24 2.5
    endloop
  endfacet
  facet normal 0 0 1
    outer loop
      vertex 209.482 24.2347 2.5
      vertex 209.482 23.7653 2.5
      vertex 209.5 24 2.5
    endloop
  endfacet
  facet normal 0 0 1
    outer loop
      vertex 209.427 24.4635 2.5
      vertex 209.482 23.7653 2.5
      vertex 209.482 24.2347 2.5
    endloop
  endfacet
  facet normal 0 0 1
    outer loop
      vertex 209.427 24.4635 2.5
      vertex 209.427 23.5365 2.5
      vertex 209.482 23.7653 2.5
    endloop
  endfacet
  facet normal 0 0 1
    outer loop
      vertex 209.337 24.681 2.5
      vertex 209.427 23.5365 2.5
      vertex 209.427 24.4635 2.5
    endloop
  endfacet
  facet normal 0 0 1
    outer loop
      vertex 209.337 24.681 2.5
      vertex 209.337 23.319 2.5
      vertex 209.427 23.5365 2.5
    endloop
  endfacet
  facet normal 0 0 1
    outer loop
      vertex 209.214 24.8817 2.5
      vertex 209.337 23.319 2.5
      vertex 209.337 24.681 2.5
    endloop
  endfacet
  facet normal 0 0 1
    outer loop
      vertex 209.214 24.8817 2.5
      vertex 209.214 23.1183 2.5
      vertex 209.337 23.319 2.5
    endloop
  endfacet
  facet normal 0 0 1
    outer loop
      vertex 209.061 25.0607 2.5
      vertex 209.214 23.1183 2.5
      vertex 209.214 24.8817 2.5
    endloop
  endfacet
  facet normal 0 0 1
    outer loop
      vertex 209.061 25.0607 2.5
      vertex 209.061 22.9393 2.5
      vertex 209.214 23.1183 2.5
    endloop
  endfacet
  facet normal 0 0 1
    outer loop
      vertex 208.882 25.2135 2.5
      vertex 209.061 22.9393 2.5
      vertex 209.061 25.0607 2.5
    endloop
  endfacet
  facet normal 0 0 1
    outer loop
      vertex 208.882 25.2135 2.5
      vertex 208.882 22.7865 2.5
      vertex 209.061 22.9393 2.5
    endloop
  endfacet
  facet normal 0 0 1
    outer loop
      vertex 208.681 25.3365 2.5
      vertex 208.882 22.7865 2.5
      vertex 208.882 25.2135 2.5
    endloop
  endfacet
  facet normal 0 0 1
    outer loop
      vertex 208.681 25.3365 2.5
      vertex 208.681 22.6635 2.5
      vertex 208.882 22.7865 2.5
    endloop
  endfacet
  facet normal 0 0 1
    outer loop
      vertex 208.464 25.4266 2.5
      vertex 208.681 22.6635 2.5
      vertex 208.681 25.3365 2.5
    endloop
  endfacet
  facet normal 0 0 1
    outer loop
      vertex 208.464 25.4266 2.5
      vertex 208.464 22.5734 2.5
      vertex 208.681 22.6635 2.5
    endloop
  endfacet
  facet normal 0 0 1
    outer loop
      vertex 208.235 25.4815 2.5
      vertex 208.464 22.5734 2.5
      vertex 208.464 25.4266 2.5
    endloop
  endfacet
  facet normal 0 0 1
    outer loop
      vertex 208.235 25.4815 2.5
      vertex 208.235 22.5185 2.5
      vertex 208.464 22.5734 2.5
    endloop
  endfacet
  facet normal 0 0 1
    outer loop
      vertex 208 25.5 2.5
      vertex 208.235 22.5185 2.5
      vertex 208.235 25.4815 2.5
    endloop
  endfacet
  facet normal 0 0 1
    outer loop
      vertex 208 25.5 2.5
      vertex 208 22.5 2.5
      vertex 208.235 22.5185 2.5
    endloop
  endfacet
  facet normal -0 0 1
    outer loop
      vertex 207.765 25.4815 2.5
      vertex 208 22.5 2.5
      vertex 208 25.5 2.5
    endloop
  endfacet
  facet normal 0 0 1
    outer loop
      vertex 207.765 25.4815 2.5
      vertex 207.765 22.5185 2.5
      vertex 208 22.5 2.5
    endloop
  endfacet
  facet normal -0 0 1
    outer loop
      vertex 207.536 25.4266 2.5
      vertex 207.765 22.5185 2.5
      vertex 207.765 25.4815 2.5
    endloop
  endfacet
  facet normal 0 0 1
    outer loop
      vertex 207.536 25.4266 2.5
      vertex 207.536 22.5734 2.5
      vertex 207.765 22.5185 2.5
    endloop
  endfacet
  facet normal -0 0 1
    outer loop
      vertex 207.319 25.3365 2.5
      vertex 207.536 22.5734 2.5
      vertex 207.536 25.4266 2.5
    endloop
  endfacet
  facet normal 0 0 1
    outer loop
      vertex 207.319 25.3365 2.5
      vertex 207.319 22.6635 2.5
      vertex 207.536 22.5734 2.5
    endloop
  endfacet
  facet normal -0 0 1
    outer loop
      vertex 207.118 25.2135 2.5
      vertex 207.319 22.6635 2.5
      vertex 207.319 25.3365 2.5
    endloop
  endfacet
  facet normal 0 0 1
    outer loop
      vertex 207.118 25.2135 2.5
      vertex 207.118 22.7865 2.5
      vertex 207.319 22.6635 2.5
    endloop
  endfacet
  facet normal -0 0 1
    outer loop
      vertex 206.939 25.0607 2.5
      vertex 207.118 22.7865 2.5
      vertex 207.118 25.2135 2.5
    endloop
  endfacet
  facet normal 0 0 1
    outer loop
      vertex 206.939 25.0607 2.5
      vertex 206.939 22.9393 2.5
      vertex 207.118 22.7865 2.5
    endloop
  endfacet
  facet normal -0 0 1
    outer loop
      vertex 206.786 24.8817 2.5
      vertex 206.939 22.9393 2.5
      vertex 206.939 25.0607 2.5
    endloop
  endfacet
  facet normal 0 0 1
    outer loop
      vertex 206.786 24.8817 2.5
      vertex 206.786 23.1183 2.5
      vertex 206.939 22.9393 2.5
    endloop
  endfacet
  facet normal -0 0 1
    outer loop
      vertex 206.663 24.681 2.5
      vertex 206.786 23.1183 2.5
      vertex 206.786 24.8817 2.5
    endloop
  endfacet
  facet normal 0 0 1
    outer loop
      vertex 206.663 24.681 2.5
      vertex 206.663 23.319 2.5
      vertex 206.786 23.1183 2.5
    endloop
  endfacet
  facet normal -0 0 1
    outer loop
      vertex 206.573 24.4635 2.5
      vertex 206.663 23.319 2.5
      vertex 206.663 24.681 2.5
    endloop
  endfacet
  facet normal 0 0 1
    outer loop
      vertex 206.573 24.4635 2.5
      vertex 206.573 23.5365 2.5
      vertex 206.663 23.319 2.5
    endloop
  endfacet
  facet normal -0 0 1
    outer loop
      vertex 206.518 24.2347 2.5
      vertex 206.573 23.5365 2.5
      vertex 206.573 24.4635 2.5
    endloop
  endfacet
  facet normal 0 0 1
    outer loop
      vertex 206.518 24.2347 2.5
      vertex 206.518 23.7653 2.5
      vertex 206.573 23.5365 2.5
    endloop
  endfacet
  facet normal 0 -0 1
    outer loop
      vertex 206.518 23.7653 2.5
      vertex 206.518 24.2347 2.5
      vertex 206.5 24 2.5
    endloop
  endfacet
  facet normal 0 0 1
    outer loop
      vertex 49.4815 104.235 2.5
      vertex 49.4815 103.765 2.5
      vertex 49.5 104 2.5
    endloop
  endfacet
  facet normal 0 0 1
    outer loop
      vertex 49.4266 104.464 2.5
      vertex 49.4815 103.765 2.5
      vertex 49.4815 104.235 2.5
    endloop
  endfacet
  facet normal 0 0 1
    outer loop
      vertex 49.4266 104.464 2.5
      vertex 49.4266 103.536 2.5
      vertex 49.4815 103.765 2.5
    endloop
  endfacet
  facet normal 0 0 1
    outer loop
      vertex 49.3365 104.681 2.5
      vertex 49.4266 103.536 2.5
      vertex 49.4266 104.464 2.5
    endloop
  endfacet
  facet normal 0 0 1
    outer loop
      vertex 49.3365 104.681 2.5
      vertex 49.3365 103.319 2.5
      vertex 49.4266 103.536 2.5
    endloop
  endfacet
  facet normal 0 0 1
    outer loop
      vertex 49.2135 104.882 2.5
      vertex 49.3365 103.319 2.5
      vertex 49.3365 104.681 2.5
    endloop
  endfacet
  facet normal 0 0 1
    outer loop
      vertex 49.2135 104.882 2.5
      vertex 49.2135 103.118 2.5
      vertex 49.3365 103.319 2.5
    endloop
  endfacet
  facet normal 0 0 1
    outer loop
      vertex 49.0607 105.061 2.5
      vertex 49.2135 103.118 2.5
      vertex 49.2135 104.882 2.5
    endloop
  endfacet
  facet normal 0 0 1
    outer loop
      vertex 49.0607 105.061 2.5
      vertex 49.0607 102.939 2.5
      vertex 49.2135 103.118 2.5
    endloop
  endfacet
  facet normal 0 0 1
    outer loop
      vertex 48.8817 105.214 2.5
      vertex 49.0607 102.939 2.5
      vertex 49.0607 105.061 2.5
    endloop
  endfacet
  facet normal 0 0 1
    outer loop
      vertex 48.8817 105.214 2.5
      vertex 48.8817 102.786 2.5
      vertex 49.0607 102.939 2.5
    endloop
  endfacet
  facet normal 0 0 1
    outer loop
      vertex 48.681 105.337 2.5
      vertex 48.8817 102.786 2.5
      vertex 48.8817 105.214 2.5
    endloop
  endfacet
  facet normal 0 0 1
    outer loop
      vertex 48.681 105.337 2.5
      vertex 48.681 102.663 2.5
      vertex 48.8817 102.786 2.5
    endloop
  endfacet
  facet normal 0 0 1
    outer loop
      vertex 48.4635 105.427 2.5
      vertex 48.681 102.663 2.5
      vertex 48.681 105.337 2.5
    endloop
  endfacet
  facet normal 0 0 1
    outer loop
      vertex 48.4635 105.427 2.5
      vertex 48.4635 102.573 2.5
      vertex 48.681 102.663 2.5
    endloop
  endfacet
  facet normal 0 0 1
    outer loop
      vertex 48.2346 105.482 2.5
      vertex 48.4635 102.573 2.5
      vertex 48.4635 105.427 2.5
    endloop
  endfacet
  facet normal 0 0 1
    outer loop
      vertex 48.2346 105.482 2.5
      vertex 48.2346 102.518 2.5
      vertex 48.4635 102.573 2.5
    endloop
  endfacet
  facet normal 0 0 1
    outer loop
      vertex 48 105.5 2.5
      vertex 48.2346 102.518 2.5
      vertex 48.2346 105.482 2.5
    endloop
  endfacet
  facet normal 0 0 1
    outer loop
      vertex 48 105.5 2.5
      vertex 48 102.5 2.5
      vertex 48.2346 102.518 2.5
    endloop
  endfacet
  facet normal -0 0 1
    outer loop
      vertex 47.7654 105.482 2.5
      vertex 48 102.5 2.5
      vertex 48 105.5 2.5
    endloop
  endfacet
  facet normal 0 0 1
    outer loop
      vertex 47.7654 105.482 2.5
      vertex 47.7654 102.518 2.5
      vertex 48 102.5 2.5
    endloop
  endfacet
  facet normal -0 0 1
    outer loop
      vertex 47.5365 105.427 2.5
      vertex 47.7654 102.518 2.5
      vertex 47.7654 105.482 2.5
    endloop
  endfacet
  facet normal 0 0 1
    outer loop
      vertex 47.5365 105.427 2.5
      vertex 47.5365 102.573 2.5
      vertex 47.7654 102.518 2.5
    endloop
  endfacet
  facet normal -0 0 1
    outer loop
      vertex 47.319 105.337 2.5
      vertex 47.5365 102.573 2.5
      vertex 47.5365 105.427 2.5
    endloop
  endfacet
  facet normal 0 0 1
    outer loop
      vertex 47.319 105.337 2.5
      vertex 47.319 102.663 2.5
      vertex 47.5365 102.573 2.5
    endloop
  endfacet
  facet normal -0 0 1
    outer loop
      vertex 47.1183 105.214 2.5
      vertex 47.319 102.663 2.5
      vertex 47.319 105.337 2.5
    endloop
  endfacet
  facet normal 0 0 1
    outer loop
      vertex 47.1183 105.214 2.5
      vertex 47.1183 102.786 2.5
      vertex 47.319 102.663 2.5
    endloop
  endfacet
  facet normal -0 0 1
    outer loop
      vertex 46.9393 105.061 2.5
      vertex 47.1183 102.786 2.5
      vertex 47.1183 105.214 2.5
    endloop
  endfacet
  facet normal 0 0 1
    outer loop
      vertex 46.9393 105.061 2.5
      vertex 46.9393 102.939 2.5
      vertex 47.1183 102.786 2.5
    endloop
  endfacet
  facet normal -0 0 1
    outer loop
      vertex 46.7865 104.882 2.5
      vertex 46.9393 102.939 2.5
      vertex 46.9393 105.061 2.5
    endloop
  endfacet
  facet normal 0 0 1
    outer loop
      vertex 46.7865 104.882 2.5
      vertex 46.7865 103.118 2.5
      vertex 46.9393 102.939 2.5
    endloop
  endfacet
  facet normal -0 0 1
    outer loop
      vertex 46.6635 104.681 2.5
      vertex 46.7865 103.118 2.5
      vertex 46.7865 104.882 2.5
    endloop
  endfacet
  facet normal 0 0 1
    outer loop
      vertex 46.6635 104.681 2.5
      vertex 46.6635 103.319 2.5
      vertex 46.7865 103.118 2.5
    endloop
  endfacet
  facet normal -0 0 1
    outer loop
      vertex 46.5734 104.464 2.5
      vertex 46.6635 103.319 2.5
      vertex 46.6635 104.681 2.5
    endloop
  endfacet
  facet normal 0 0 1
    outer loop
      vertex 46.5734 104.464 2.5
      vertex 46.5734 103.536 2.5
      vertex 46.6635 103.319 2.5
    endloop
  endfacet
  facet normal -0 0 1
    outer loop
      vertex 46.5185 104.235 2.5
      vertex 46.5734 103.536 2.5
      vertex 46.5734 104.464 2.5
    endloop
  endfacet
  facet normal 0 0 1
    outer loop
      vertex 46.5185 104.235 2.5
      vertex 46.5185 103.765 2.5
      vertex 46.5734 103.536 2.5
    endloop
  endfacet
  facet normal 0 -0 1
    outer loop
      vertex 46.5185 103.765 2.5
      vertex 46.5185 104.235 2.5
      vertex 46.5 104 2.5
    endloop
  endfacet
  facet normal 0 0 1
    outer loop
      vertex 209.482 104.235 2.5
      vertex 209.482 103.765 2.5
      vertex 209.5 104 2.5
    endloop
  endfacet
  facet normal 0 0 1
    outer loop
      vertex 209.427 104.464 2.5
      vertex 209.482 103.765 2.5
      vertex 209.482 104.235 2.5
    endloop
  endfacet
  facet normal 0 0 1
    outer loop
      vertex 209.427 104.464 2.5
      vertex 209.427 103.536 2.5
      vertex 209.482 103.765 2.5
    endloop
  endfacet
  facet normal 0 0 1
    outer loop
      vertex 209.337 104.681 2.5
      vertex 209.427 103.536 2.5
      vertex 209.427 104.464 2.5
    endloop
  endfacet
  facet normal 0 0 1
    outer loop
      vertex 209.337 104.681 2.5
      vertex 209.337 103.319 2.5
      vertex 209.427 103.536 2.5
    endloop
  endfacet
  facet normal 0 0 1
    outer loop
      vertex 209.214 104.882 2.5
      vertex 209.337 103.319 2.5
      vertex 209.337 104.681 2.5
    endloop
  endfacet
  facet normal 0 0 1
    outer loop
      vertex 209.214 104.882 2.5
      vertex 209.214 103.118 2.5
      vertex 209.337 103.319 2.5
    endloop
  endfacet
  facet normal 0 0 1
    outer loop
      vertex 209.061 105.061 2.5
      vertex 209.214 103.118 2.5
      vertex 209.214 104.882 2.5
    endloop
  endfacet
  facet normal 0 0 1
    outer loop
      vertex 209.061 105.061 2.5
      vertex 209.061 102.939 2.5
      vertex 209.214 103.118 2.5
    endloop
  endfacet
  facet normal 0 0 1
    outer loop
      vertex 208.882 105.214 2.5
      vertex 209.061 102.939 2.5
      vertex 209.061 105.061 2.5
    endloop
  endfacet
  facet normal 0 0 1
    outer loop
      vertex 208.882 105.214 2.5
      vertex 208.882 102.786 2.5
      vertex 209.061 102.939 2.5
    endloop
  endfacet
  facet normal 0 0 1
    outer loop
      vertex 208.681 105.337 2.5
      vertex 208.882 102.786 2.5
      vertex 208.882 105.214 2.5
    endloop
  endfacet
  facet normal 0 0 1
    outer loop
      vertex 208.681 105.337 2.5
      vertex 208.681 102.663 2.5
      vertex 208.882 102.786 2.5
    endloop
  endfacet
  facet normal 0 0 1
    outer loop
      vertex 208.464 105.427 2.5
      vertex 208.681 102.663 2.5
      vertex 208.681 105.337 2.5
    endloop
  endfacet
  facet normal 0 0 1
    outer loop
      vertex 208.464 105.427 2.5
      vertex 208.464 102.573 2.5
      vertex 208.681 102.663 2.5
    endloop
  endfacet
  facet normal 0 0 1
    outer loop
      vertex 208.235 105.482 2.5
      vertex 208.464 102.573 2.5
      vertex 208.464 105.427 2.5
    endloop
  endfacet
  facet normal 0 0 1
    outer loop
      vertex 208.235 105.482 2.5
      vertex 208.235 102.518 2.5
      vertex 208.464 102.573 2.5
    endloop
  endfacet
  facet normal 0 0 1
    outer loop
      vertex 208 105.5 2.5
      vertex 208.235 102.518 2.5
      vertex 208.235 105.482 2.5
    endloop
  endfacet
  facet normal 0 0 1
    outer loop
      vertex 208 105.5 2.5
      vertex 208 102.5 2.5
      vertex 208.235 102.518 2.5
    endloop
  endfacet
  facet normal -0 0 1
    outer loop
      vertex 207.765 105.482 2.5
      vertex 208 102.5 2.5
      vertex 208 105.5 2.5
    endloop
  endfacet
  facet normal 0 0 1
    outer loop
      vertex 207.765 105.482 2.5
      vertex 207.765 102.518 2.5
      vertex 208 102.5 2.5
    endloop
  endfacet
  facet normal -0 0 1
    outer loop
      vertex 207.536 105.427 2.5
      vertex 207.765 102.518 2.5
      vertex 207.765 105.482 2.5
    endloop
  endfacet
  facet normal 0 0 1
    outer loop
      vertex 207.536 105.427 2.5
      vertex 207.536 102.573 2.5
      vertex 207.765 102.518 2.5
    endloop
  endfacet
  facet normal -0 0 1
    outer loop
      vertex 207.319 105.337 2.5
      vertex 207.536 102.573 2.5
      vertex 207.536 105.427 2.5
    endloop
  endfacet
  facet normal 0 0 1
    outer loop
      vertex 207.319 105.337 2.5
      vertex 207.319 102.663 2.5
      vertex 207.536 102.573 2.5
    endloop
  endfacet
  facet normal -0 0 1
    outer loop
      vertex 207.118 105.214 2.5
      vertex 207.319 102.663 2.5
      vertex 207.319 105.337 2.5
    endloop
  endfacet
  facet normal 0 0 1
    outer loop
      vertex 207.118 105.214 2.5
      vertex 207.118 102.786 2.5
      vertex 207.319 102.663 2.5
    endloop
  endfacet
  facet normal -0 0 1
    outer loop
      vertex 206.939 105.061 2.5
      vertex 207.118 102.786 2.5
      vertex 207.118 105.214 2.5
    endloop
  endfacet
  facet normal 0 0 1
    outer loop
      vertex 206.939 105.061 2.5
      vertex 206.939 102.939 2.5
      vertex 207.118 102.786 2.5
    endloop
  endfacet
  facet normal -0 0 1
    outer loop
      vertex 206.786 104.882 2.5
      vertex 206.939 102.939 2.5
      vertex 206.939 105.061 2.5
    endloop
  endfacet
  facet normal 0 0 1
    outer loop
      vertex 206.786 104.882 2.5
      vertex 206.786 103.118 2.5
      vertex 206.939 102.939 2.5
    endloop
  endfacet
  facet normal -0 0 1
    outer loop
      vertex 206.663 104.681 2.5
      vertex 206.786 103.118 2.5
      vertex 206.786 104.882 2.5
    endloop
  endfacet
  facet normal 0 0 1
    outer loop
      vertex 206.663 104.681 2.5
      vertex 206.663 103.319 2.5
      vertex 206.786 103.118 2.5
    endloop
  endfacet
  facet normal -0 0 1
    outer loop
      vertex 206.573 104.464 2.5
      vertex 206.663 103.319 2.5
      vertex 206.663 104.681 2.5
    endloop
  endfacet
  facet normal 0 0 1
    outer loop
      vertex 206.573 104.464 2.5
      vertex 206.573 103.536 2.5
      vertex 206.663 103.319 2.5
    endloop
  endfacet
  facet normal -0 0 1
    outer loop
      vertex 206.518 104.235 2.5
      vertex 206.573 103.536 2.5
      vertex 206.573 104.464 2.5
    endloop
  endfacet
  facet normal 0 0 1
    outer loop
      vertex 206.518 104.235 2.5
      vertex 206.518 103.765 2.5
      vertex 206.573 103.536 2.5
    endloop
  endfacet
  facet normal 0 -0 1
    outer loop
      vertex 206.518 103.765 2.5
      vertex 206.518 104.235 2.5
      vertex 206.5 104 2.5
    endloop
  endfacet
  facet normal 1 -0 0
    outer loop
      vertex 3 3 13
      vertex 3 125 2.5
      vertex 3 125 13
    endloop
  endfacet
  facet normal 1 0 0
    outer loop
      vertex 3 125 2.5
      vertex 3 3 13
      vertex 3 3 2.5
    endloop
  endfacet
  facet normal 0 -1 0
    outer loop
      vertex 3 125 2.5
      vertex 253 125 13
      vertex 3 125 13
    endloop
  endfacet
  facet normal 0 -1 -0
    outer loop
      vertex 253 125 13
      vertex 3 125 2.5
      vertex 253 125 2.5
    endloop
  endfacet
  facet normal 0 1 -0
    outer loop
      vertex 253 3 2.5
      vertex 3 3 13
      vertex 253 3 13
    endloop
  endfacet
  facet normal 0 1 0
    outer loop
      vertex 3 3 13
      vertex 253 3 2.5
      vertex 3 3 2.5
    endloop
  endfacet
  facet normal -0.923836 0.38279 0
    outer loop
      vertex 45.1468 24.9271 2.5
      vertex 45.327 25.362 13
      vertex 45.327 25.362 2.5
    endloop
  endfacet
  facet normal -0.923836 0.38279 0
    outer loop
      vertex 45.327 25.362 13
      vertex 45.1468 24.9271 2.5
      vertex 45.1468 24.9271 13
    endloop
  endfacet
  facet normal 0.972374 0.233429 0
    outer loop
      vertex 50.9631 24.4693 13
      vertex 50.8532 24.9271 2.5
      vertex 50.8532 24.9271 13
    endloop
  endfacet
  facet normal 0.972374 0.233429 0
    outer loop
      vertex 50.8532 24.9271 2.5
      vertex 50.9631 24.4693 13
      vertex 50.9631 24.4693 2.5
    endloop
  endfacet
  facet normal 0.996923 0.0783858 0
    outer loop
      vertex 51 24 13
      vertex 50.9631 24.4693 2.5
      vertex 50.9631 24.4693 13
    endloop
  endfacet
  facet normal 0.996923 0.0783858 0
    outer loop
      vertex 50.9631 24.4693 2.5
      vertex 51 24 13
      vertex 51 24 2.5
    endloop
  endfacet
  facet normal 0.923836 0.38279 0
    outer loop
      vertex 50.8532 24.9271 13
      vertex 50.673 25.362 2.5
      vertex 50.673 25.362 13
    endloop
  endfacet
  facet normal 0.923836 0.38279 0
    outer loop
      vertex 50.673 25.362 2.5
      vertex 50.8532 24.9271 13
      vertex 50.8532 24.9271 2.5
    endloop
  endfacet
  facet normal 0.522378 -0.852714 0
    outer loop
      vertex 49.362 21.327 2.5
      vertex 49.7634 21.5729 13
      vertex 49.362 21.327 13
    endloop
  endfacet
  facet normal 0.522378 -0.852714 0
    outer loop
      vertex 49.7634 21.5729 13
      vertex 49.362 21.327 2.5
      vertex 49.7634 21.5729 2.5
    endloop
  endfacet
  facet normal 0.972374 -0.233429 0
    outer loop
      vertex 50.8532 23.0729 13
      vertex 50.9631 23.5307 2.5
      vertex 50.9631 23.5307 13
    endloop
  endfacet
  facet normal 0.972374 -0.233429 0
    outer loop
      vertex 50.9631 23.5307 2.5
      vertex 50.8532 23.0729 13
      vertex 50.8532 23.0729 2.5
    endloop
  endfacet
  facet normal 0.38279 -0.923836 0
    outer loop
      vertex 48.9271 21.1468 2.5
      vertex 49.362 21.327 13
      vertex 48.9271 21.1468 13
    endloop
  endfacet
  facet normal 0.38279 -0.923836 0
    outer loop
      vertex 49.362 21.327 13
      vertex 48.9271 21.1468 2.5
      vertex 49.362 21.327 2.5
    endloop
  endfacet
  facet normal -0.38279 0.923836 0
    outer loop
      vertex 47.0729 26.8532 2.5
      vertex 46.638 26.673 13
      vertex 47.0729 26.8532 13
    endloop
  endfacet
  facet normal -0.38279 0.923836 0
    outer loop
      vertex 46.638 26.673 13
      vertex 47.0729 26.8532 2.5
      vertex 46.638 26.673 2.5
    endloop
  endfacet
  facet normal -0.522378 0.852714 0
    outer loop
      vertex 46.638 26.673 2.5
      vertex 46.2366 26.4271 13
      vertex 46.638 26.673 13
    endloop
  endfacet
  facet normal -0.522378 0.852714 0
    outer loop
      vertex 46.2366 26.4271 13
      vertex 46.638 26.673 2.5
      vertex 46.2366 26.4271 2.5
    endloop
  endfacet
  facet normal 0.649601 0.760275 -0
    outer loop
      vertex 50.1213 26.1213 2.5
      vertex 49.7634 26.4271 13
      vertex 50.1213 26.1213 13
    endloop
  endfacet
  facet normal 0.649601 0.760275 0
    outer loop
      vertex 49.7634 26.4271 13
      vertex 50.1213 26.1213 2.5
      vertex 49.7634 26.4271 2.5
    endloop
  endfacet
  facet normal -0.233429 0.972374 0
    outer loop
      vertex 47.5307 26.9631 2.5
      vertex 47.0729 26.8532 13
      vertex 47.5307 26.9631 13
    endloop
  endfacet
  facet normal -0.233429 0.972374 0
    outer loop
      vertex 47.0729 26.8532 13
      vertex 47.5307 26.9631 2.5
      vertex 47.0729 26.8532 2.5
    endloop
  endfacet
  facet normal -0.923836 -0.38279 0
    outer loop
      vertex 45.327 22.638 2.5
      vertex 45.1468 23.0729 13
      vertex 45.1468 23.0729 2.5
    endloop
  endfacet
  facet normal -0.923836 -0.38279 0
    outer loop
      vertex 45.1468 23.0729 13
      vertex 45.327 22.638 2.5
      vertex 45.327 22.638 13
    endloop
  endfacet
  facet normal -0.0783858 0.996923 0
    outer loop
      vertex 48 27 2.5
      vertex 47.5307 26.9631 13
      vertex 48 27 13
    endloop
  endfacet
  facet normal -0.0783858 0.996923 0
    outer loop
      vertex 47.5307 26.9631 13
      vertex 48 27 2.5
      vertex 47.5307 26.9631 2.5
    endloop
  endfacet
  facet normal -0.233429 -0.972374 0
    outer loop
      vertex 47.0729 21.1468 2.5
      vertex 47.5307 21.0369 13
      vertex 47.0729 21.1468 13
    endloop
  endfacet
  facet normal -0.233429 -0.972374 -0
    outer loop
      vertex 47.5307 21.0369 13
      vertex 47.0729 21.1468 2.5
      vertex 47.5307 21.0369 2.5
    endloop
  endfacet
  facet normal 0.923836 -0.38279 0
    outer loop
      vertex 50.673 22.638 13
      vertex 50.8532 23.0729 2.5
      vertex 50.8532 23.0729 13
    endloop
  endfacet
  facet normal 0.923836 -0.38279 0
    outer loop
      vertex 50.8532 23.0729 2.5
      vertex 50.673 22.638 13
      vertex 50.673 22.638 2.5
    endloop
  endfacet
  facet normal -0.760275 -0.649601 0
    outer loop
      vertex 45.8787 21.8787 2.5
      vertex 45.5729 22.2366 13
      vertex 45.5729 22.2366 2.5
    endloop
  endfacet
  facet normal -0.760275 -0.649601 0
    outer loop
      vertex 45.5729 22.2366 13
      vertex 45.8787 21.8787 2.5
      vertex 45.8787 21.8787 13
    endloop
  endfacet
  facet normal -0.649601 0.760275 0
    outer loop
      vertex 46.2366 26.4271 2.5
      vertex 45.8787 26.1213 13
      vertex 46.2366 26.4271 13
    endloop
  endfacet
  facet normal -0.649601 0.760275 0
    outer loop
      vertex 45.8787 26.1213 13
      vertex 46.2366 26.4271 2.5
      vertex 45.8787 26.1213 2.5
    endloop
  endfacet
  facet normal 0.0783858 -0.996923 0
    outer loop
      vertex 48 21 2.5
      vertex 48.4693 21.0369 13
      vertex 48 21 13
    endloop
  endfacet
  facet normal 0.0783858 -0.996923 0
    outer loop
      vertex 48.4693 21.0369 13
      vertex 48 21 2.5
      vertex 48.4693 21.0369 2.5
    endloop
  endfacet
  facet normal -0.649601 -0.760275 0
    outer loop
      vertex 45.8787 21.8787 2.5
      vertex 46.2366 21.5729 13
      vertex 45.8787 21.8787 13
    endloop
  endfacet
  facet normal -0.649601 -0.760275 -0
    outer loop
      vertex 46.2366 21.5729 13
      vertex 45.8787 21.8787 2.5
      vertex 46.2366 21.5729 2.5
    endloop
  endfacet
  facet normal 0.852714 -0.522378 0
    outer loop
      vertex 50.4271 22.2366 13
      vertex 50.673 22.638 2.5
      vertex 50.673 22.638 13
    endloop
  endfacet
  facet normal 0.852714 -0.522378 0
    outer loop
      vertex 50.673 22.638 2.5
      vertex 50.4271 22.2366 13
      vertex 50.4271 22.2366 2.5
    endloop
  endfacet
  facet normal 0.852714 0.522378 0
    outer loop
      vertex 50.673 25.362 13
      vertex 50.4271 25.7634 2.5
      vertex 50.4271 25.7634 13
    endloop
  endfacet
  facet normal 0.852714 0.522378 0
    outer loop
      vertex 50.4271 25.7634 2.5
      vertex 50.673 25.362 13
      vertex 50.673 25.362 2.5
    endloop
  endfacet
  facet normal 0.760275 0.649601 0
    outer loop
      vertex 50.4271 25.7634 13
      vertex 50.1213 26.1213 2.5
      vertex 50.1213 26.1213 13
    endloop
  endfacet
  facet normal 0.760275 0.649601 0
    outer loop
      vertex 50.1213 26.1213 2.5
      vertex 50.4271 25.7634 13
      vertex 50.4271 25.7634 2.5
    endloop
  endfacet
  facet normal -0.760275 0.649601 0
    outer loop
      vertex 45.5729 25.7634 2.5
      vertex 45.8787 26.1213 13
      vertex 45.8787 26.1213 2.5
    endloop
  endfacet
  facet normal -0.760275 0.649601 0
    outer loop
      vertex 45.8787 26.1213 13
      vertex 45.5729 25.7634 2.5
      vertex 45.5729 25.7634 13
    endloop
  endfacet
  facet normal 0.0783858 0.996923 -0
    outer loop
      vertex 48.4693 26.9631 2.5
      vertex 48 27 13
      vertex 48.4693 26.9631 13
    endloop
  endfacet
  facet normal 0.0783858 0.996923 0
    outer loop
      vertex 48 27 13
      vertex 48.4693 26.9631 2.5
      vertex 48 27 2.5
    endloop
  endfacet
  facet normal 0.38279 0.923836 -0
    outer loop
      vertex 49.362 26.673 2.5
      vertex 48.9271 26.8532 13
      vertex 49.362 26.673 13
    endloop
  endfacet
  facet normal 0.38279 0.923836 0
    outer loop
      vertex 48.9271 26.8532 13
      vertex 49.362 26.673 2.5
      vertex 48.9271 26.8532 2.5
    endloop
  endfacet
  facet normal -0.972374 0.233429 0
    outer loop
      vertex 45.0369 24.4693 2.5
      vertex 45.1468 24.9271 13
      vertex 45.1468 24.9271 2.5
    endloop
  endfacet
  facet normal -0.972374 0.233429 0
    outer loop
      vertex 45.1468 24.9271 13
      vertex 45.0369 24.4693 2.5
      vertex 45.0369 24.4693 13
    endloop
  endfacet
  facet normal -0.972374 -0.233429 0
    outer loop
      vertex 45.1468 23.0729 2.5
      vertex 45.0369 23.5307 13
      vertex 45.0369 23.5307 2.5
    endloop
  endfacet
  facet normal -0.972374 -0.233429 0
    outer loop
      vertex 45.0369 23.5307 13
      vertex 45.1468 23.0729 2.5
      vertex 45.1468 23.0729 13
    endloop
  endfacet
  facet normal 0.522378 0.852714 -0
    outer loop
      vertex 49.7634 26.4271 2.5
      vertex 49.362 26.673 13
      vertex 49.7634 26.4271 13
    endloop
  endfacet
  facet normal 0.522378 0.852714 0
    outer loop
      vertex 49.362 26.673 13
      vertex 49.7634 26.4271 2.5
      vertex 49.362 26.673 2.5
    endloop
  endfacet
  facet normal 0.233429 -0.972374 0
    outer loop
      vertex 48.4693 21.0369 2.5
      vertex 48.9271 21.1468 13
      vertex 48.4693 21.0369 13
    endloop
  endfacet
  facet normal 0.233429 -0.972374 0
    outer loop
      vertex 48.9271 21.1468 13
      vertex 48.4693 21.0369 2.5
      vertex 48.9271 21.1468 2.5
    endloop
  endfacet
  facet normal 0.996923 -0.0783858 0
    outer loop
      vertex 50.9631 23.5307 13
      vertex 51 24 2.5
      vertex 51 24 13
    endloop
  endfacet
  facet normal 0.996923 -0.0783858 0
    outer loop
      vertex 51 24 2.5
      vertex 50.9631 23.5307 13
      vertex 50.9631 23.5307 2.5
    endloop
  endfacet
  facet normal 0.760275 -0.649601 0
    outer loop
      vertex 50.1213 21.8787 13
      vertex 50.4271 22.2366 2.5
      vertex 50.4271 22.2366 13
    endloop
  endfacet
  facet normal 0.760275 -0.649601 0
    outer loop
      vertex 50.4271 22.2366 2.5
      vertex 50.1213 21.8787 13
      vertex 50.1213 21.8787 2.5
    endloop
  endfacet
  facet normal -0.852714 -0.522378 0
    outer loop
      vertex 45.5729 22.2366 2.5
      vertex 45.327 22.638 13
      vertex 45.327 22.638 2.5
    endloop
  endfacet
  facet normal -0.852714 -0.522378 0
    outer loop
      vertex 45.327 22.638 13
      vertex 45.5729 22.2366 2.5
      vertex 45.5729 22.2366 13
    endloop
  endfacet
  facet normal -0.996923 -0.0783858 0
    outer loop
      vertex 45.0369 23.5307 2.5
      vertex 45 24 13
      vertex 45 24 2.5
    endloop
  endfacet
  facet normal -0.996923 -0.0783858 0
    outer loop
      vertex 45 24 13
      vertex 45.0369 23.5307 2.5
      vertex 45.0369 23.5307 13
    endloop
  endfacet
  facet normal -0.0783858 -0.996923 0
    outer loop
      vertex 47.5307 21.0369 2.5
      vertex 48 21 13
      vertex 47.5307 21.0369 13
    endloop
  endfacet
  facet normal -0.0783858 -0.996923 -0
    outer loop
      vertex 48 21 13
      vertex 47.5307 21.0369 2.5
      vertex 48 21 2.5
    endloop
  endfacet
  facet normal 0.233429 0.972374 -0
    outer loop
      vertex 48.9271 26.8532 2.5
      vertex 48.4693 26.9631 13
      vertex 48.9271 26.8532 13
    endloop
  endfacet
  facet normal 0.233429 0.972374 0
    outer loop
      vertex 48.4693 26.9631 13
      vertex 48.9271 26.8532 2.5
      vertex 48.4693 26.9631 2.5
    endloop
  endfacet
  facet normal -0.522378 -0.852714 0
    outer loop
      vertex 46.2366 21.5729 2.5
      vertex 46.638 21.327 13
      vertex 46.2366 21.5729 13
    endloop
  endfacet
  facet normal -0.522378 -0.852714 -0
    outer loop
      vertex 46.638 21.327 13
      vertex 46.2366 21.5729 2.5
      vertex 46.638 21.327 2.5
    endloop
  endfacet
  facet normal 0 0 1
    outer loop
      vertex 49.5 24 13
      vertex 51 24 13
      vertex 50.9631 24.4693 13
    endloop
  endfacet
  facet normal 0 0 1
    outer loop
      vertex 49.4815 24.2347 13
      vertex 50.9631 24.4693 13
      vertex 50.8532 24.9271 13
    endloop
  endfacet
  facet normal 0 0 1
    outer loop
      vertex 51 24 13
      vertex 49.5 24 13
      vertex 50.9631 23.5307 13
    endloop
  endfacet
  facet normal 0 0 1
    outer loop
      vertex 49.4266 24.4635 13
      vertex 50.8532 24.9271 13
      vertex 50.673 25.362 13
    endloop
  endfacet
  facet normal -0 0 1
    outer loop
      vertex 49.4815 23.7653 13
      vertex 50.9631 23.5307 13
      vertex 49.5 24 13
    endloop
  endfacet
  facet normal 0 0 1
    outer loop
      vertex 49.3365 24.681 13
      vertex 50.673 25.362 13
      vertex 50.4271 25.7634 13
    endloop
  endfacet
  facet normal 0 0 1
    outer loop
      vertex 50.9631 23.5307 13
      vertex 49.4815 23.7653 13
      vertex 50.8532 23.0729 13
    endloop
  endfacet
  facet normal 0 0 1
    outer loop
      vertex 49.2135 24.8817 13
      vertex 50.4271 25.7634 13
      vertex 50.1213 26.1213 13
    endloop
  endfacet
  facet normal -0 0 1
    outer loop
      vertex 49.4266 23.5365 13
      vertex 50.8532 23.0729 13
      vertex 49.4815 23.7653 13
    endloop
  endfacet
  facet normal 0 0 1
    outer loop
      vertex 49.0607 25.0607 13
      vertex 50.1213 26.1213 13
      vertex 49.7634 26.4271 13
    endloop
  endfacet
  facet normal 0 0 1
    outer loop
      vertex 50.8532 23.0729 13
      vertex 49.4266 23.5365 13
      vertex 50.673 22.638 13
    endloop
  endfacet
  facet normal -0 0 1
    outer loop
      vertex 49.3365 23.319 13
      vertex 50.673 22.638 13
      vertex 49.4266 23.5365 13
    endloop
  endfacet
  facet normal 0 0 1
    outer loop
      vertex 50.9631 24.4693 13
      vertex 49.4815 24.2347 13
      vertex 49.5 24 13
    endloop
  endfacet
  facet normal 0 0 1
    outer loop
      vertex 50.8532 24.9271 13
      vertex 49.4266 24.4635 13
      vertex 49.4815 24.2347 13
    endloop
  endfacet
  facet normal 0 0 1
    outer loop
      vertex 48.8817 25.2135 13
      vertex 49.7634 26.4271 13
      vertex 49.362 26.673 13
    endloop
  endfacet
  facet normal 0 0 1
    outer loop
      vertex 50.673 25.362 13
      vertex 49.3365 24.681 13
      vertex 49.4266 24.4635 13
    endloop
  endfacet
  facet normal 0 0 1
    outer loop
      vertex 50.4271 25.7634 13
      vertex 49.2135 24.8817 13
      vertex 49.3365 24.681 13
    endloop
  endfacet
  facet normal 0 0 1
    outer loop
      vertex 50.1213 26.1213 13
      vertex 49.0607 25.0607 13
      vertex 49.2135 24.8817 13
    endloop
  endfacet
  facet normal 0 0 1
    outer loop
      vertex 48.681 25.3365 13
      vertex 49.362 26.673 13
      vertex 48.9271 26.8532 13
    endloop
  endfacet
  facet normal 0 0 1
    outer loop
      vertex 49.7634 26.4271 13
      vertex 48.8817 25.2135 13
      vertex 49.0607 25.0607 13
    endloop
  endfacet
  facet normal 0 0 1
    outer loop
      vertex 49.362 26.673 13
      vertex 48.681 25.3365 13
      vertex 48.8817 25.2135 13
    endloop
  endfacet
  facet normal 0 0 1
    outer loop
      vertex 48.4635 25.4266 13
      vertex 48.9271 26.8532 13
      vertex 48.4693 26.9631 13
    endloop
  endfacet
  facet normal 0 0 1
    outer loop
      vertex 48.9271 26.8532 13
      vertex 48.4635 25.4266 13
      vertex 48.681 25.3365 13
    endloop
  endfacet
  facet normal 0 0 1
    outer loop
      vertex 48.4693 26.9631 13
      vertex 48.2346 25.4815 13
      vertex 48.4635 25.4266 13
    endloop
  endfacet
  facet normal 0 0 1
    outer loop
      vertex 48 27 13
      vertex 48.2346 25.4815 13
      vertex 48.4693 26.9631 13
    endloop
  endfacet
  facet normal 0 0 1
    outer loop
      vertex 48 27 13
      vertex 48 25.5 13
      vertex 48.2346 25.4815 13
    endloop
  endfacet
  facet normal 0 0 1
    outer loop
      vertex 48 27 13
      vertex 47.7654 25.4815 13
      vertex 48 25.5 13
    endloop
  endfacet
  facet normal -0 0 1
    outer loop
      vertex 47.5307 26.9631 13
      vertex 47.7654 25.4815 13
      vertex 48 27 13
    endloop
  endfacet
  facet normal 0 0 1
    outer loop
      vertex 47.7654 25.4815 13
      vertex 47.5307 26.9631 13
      vertex 47.5365 25.4266 13
    endloop
  endfacet
  facet normal -0 0 1
    outer loop
      vertex 47.0729 26.8532 13
      vertex 47.5365 25.4266 13
      vertex 47.5307 26.9631 13
    endloop
  endfacet
  facet normal 0 0 1
    outer loop
      vertex 47.5365 25.4266 13
      vertex 47.0729 26.8532 13
      vertex 47.319 25.3365 13
    endloop
  endfacet
  facet normal -0 0 1
    outer loop
      vertex 46.638 26.673 13
      vertex 47.319 25.3365 13
      vertex 47.0729 26.8532 13
    endloop
  endfacet
  facet normal 0 0 1
    outer loop
      vertex 47.319 25.3365 13
      vertex 46.638 26.673 13
      vertex 47.1183 25.2135 13
    endloop
  endfacet
  facet normal -0 0 1
    outer loop
      vertex 46.2366 26.4271 13
      vertex 47.1183 25.2135 13
      vertex 46.638 26.673 13
    endloop
  endfacet
  facet normal 0 0 1
    outer loop
      vertex 47.1183 25.2135 13
      vertex 46.2366 26.4271 13
      vertex 46.9393 25.0607 13
    endloop
  endfacet
  facet normal -0 0 1
    outer loop
      vertex 45.8787 26.1213 13
      vertex 46.9393 25.0607 13
      vertex 46.2366 26.4271 13
    endloop
  endfacet
  facet normal 0 0 1
    outer loop
      vertex 46.9393 25.0607 13
      vertex 45.8787 26.1213 13
      vertex 46.7865 24.8817 13
    endloop
  endfacet
  facet normal -0 0 1
    outer loop
      vertex 45.5729 25.7634 13
      vertex 46.7865 24.8817 13
      vertex 45.8787 26.1213 13
    endloop
  endfacet
  facet normal 0 0 1
    outer loop
      vertex 46.7865 24.8817 13
      vertex 45.5729 25.7634 13
      vertex 46.6635 24.681 13
    endloop
  endfacet
  facet normal -0 0 1
    outer loop
      vertex 45.327 25.362 13
      vertex 46.6635 24.681 13
      vertex 45.5729 25.7634 13
    endloop
  endfacet
  facet normal 0 0 1
    outer loop
      vertex 50.673 22.638 13
      vertex 49.3365 23.319 13
      vertex 50.4271 22.2366 13
    endloop
  endfacet
  facet normal -0 0 1
    outer loop
      vertex 49.2135 23.1183 13
      vertex 50.4271 22.2366 13
      vertex 49.3365 23.319 13
    endloop
  endfacet
  facet normal 0 0 1
    outer loop
      vertex 50.4271 22.2366 13
      vertex 49.2135 23.1183 13
      vertex 50.1213 21.8787 13
    endloop
  endfacet
  facet normal -0 0 1
    outer loop
      vertex 49.0607 22.9393 13
      vertex 50.1213 21.8787 13
      vertex 49.2135 23.1183 13
    endloop
  endfacet
  facet normal 0 0 1
    outer loop
      vertex 50.1213 21.8787 13
      vertex 49.0607 22.9393 13
      vertex 49.7634 21.5729 13
    endloop
  endfacet
  facet normal -0 0 1
    outer loop
      vertex 48.8817 22.7865 13
      vertex 49.7634 21.5729 13
      vertex 49.0607 22.9393 13
    endloop
  endfacet
  facet normal 0 0 1
    outer loop
      vertex 49.7634 21.5729 13
      vertex 48.8817 22.7865 13
      vertex 49.362 21.327 13
    endloop
  endfacet
  facet normal -0 0 1
    outer loop
      vertex 48.681 22.6635 13
      vertex 49.362 21.327 13
      vertex 48.8817 22.7865 13
    endloop
  endfacet
  facet normal 0 0 1
    outer loop
      vertex 49.362 21.327 13
      vertex 48.681 22.6635 13
      vertex 48.9271 21.1468 13
    endloop
  endfacet
  facet normal -0 0 1
    outer loop
      vertex 48.4635 22.5734 13
      vertex 48.9271 21.1468 13
      vertex 48.681 22.6635 13
    endloop
  endfacet
  facet normal 0 0 1
    outer loop
      vertex 48.9271 21.1468 13
      vertex 48.4635 22.5734 13
      vertex 48.4693 21.0369 13
    endloop
  endfacet
  facet normal -0 0 1
    outer loop
      vertex 48.2346 22.5185 13
      vertex 48.4693 21.0369 13
      vertex 48.4635 22.5734 13
    endloop
  endfacet
  facet normal -0 0 1
    outer loop
      vertex 48 22.5 13
      vertex 48.4693 21.0369 13
      vertex 48.2346 22.5185 13
    endloop
  endfacet
  facet normal 0 0 1
    outer loop
      vertex 48 22.5 13
      vertex 48 21 13
      vertex 48.4693 21.0369 13
    endloop
  endfacet
  facet normal 0 0 1
    outer loop
      vertex 47.7654 22.5185 13
      vertex 48 21 13
      vertex 48 22.5 13
    endloop
  endfacet
  facet normal 0 0 1
    outer loop
      vertex 47.5307 21.0369 13
      vertex 47.7654 22.5185 13
      vertex 47.5365 22.5734 13
    endloop
  endfacet
  facet normal 0 0 1
    outer loop
      vertex 47.7654 22.5185 13
      vertex 47.5307 21.0369 13
      vertex 48 21 13
    endloop
  endfacet
  facet normal 0 0 1
    outer loop
      vertex 47.0729 21.1468 13
      vertex 47.5365 22.5734 13
      vertex 47.319 22.6635 13
    endloop
  endfacet
  facet normal 0 0 1
    outer loop
      vertex 46.638 21.327 13
      vertex 47.319 22.6635 13
      vertex 47.1183 22.7865 13
    endloop
  endfacet
  facet normal 0 0 1
    outer loop
      vertex 47.5365 22.5734 13
      vertex 47.0729 21.1468 13
      vertex 47.5307 21.0369 13
    endloop
  endfacet
  facet normal 0 0 1
    outer loop
      vertex 46.2366 21.5729 13
      vertex 47.1183 22.7865 13
      vertex 46.9393 22.9393 13
    endloop
  endfacet
  facet normal 0 0 1
    outer loop
      vertex 45.8787 21.8787 13
      vertex 46.9393 22.9393 13
      vertex 46.7865 23.1183 13
    endloop
  endfacet
  facet normal 0 0 1
    outer loop
      vertex 45.5729 22.2366 13
      vertex 46.7865 23.1183 13
      vertex 46.6635 23.319 13
    endloop
  endfacet
  facet normal 0 0 1
    outer loop
      vertex 47.319 22.6635 13
      vertex 46.638 21.327 13
      vertex 47.0729 21.1468 13
    endloop
  endfacet
  facet normal 0 0 1
    outer loop
      vertex 45.327 22.638 13
      vertex 46.6635 23.319 13
      vertex 46.5734 23.5365 13
    endloop
  endfacet
  facet normal 0 0 1
    outer loop
      vertex 45.1468 23.0729 13
      vertex 46.5734 23.5365 13
      vertex 46.5185 23.7653 13
    endloop
  endfacet
  facet normal 0 0 1
    outer loop
      vertex 45.0369 23.5307 13
      vertex 46.5185 23.7653 13
      vertex 46.5 24 13
    endloop
  endfacet
  facet normal 0 0 1
    outer loop
      vertex 46.6635 24.681 13
      vertex 45.327 25.362 13
      vertex 46.5734 24.4635 13
    endloop
  endfacet
  facet normal 0 0 1
    outer loop
      vertex 47.1183 22.7865 13
      vertex 46.2366 21.5729 13
      vertex 46.638 21.327 13
    endloop
  endfacet
  facet normal -0 0 1
    outer loop
      vertex 45.1468 24.9271 13
      vertex 46.5734 24.4635 13
      vertex 45.327 25.362 13
    endloop
  endfacet
  facet normal 0 0 1
    outer loop
      vertex 46.9393 22.9393 13
      vertex 45.8787 21.8787 13
      vertex 46.2366 21.5729 13
    endloop
  endfacet
  facet normal 0 0 1
    outer loop
      vertex 46.5734 24.4635 13
      vertex 45.1468 24.9271 13
      vertex 46.5185 24.2347 13
    endloop
  endfacet
  facet normal 0 0 1
    outer loop
      vertex 46.7865 23.1183 13
      vertex 45.5729 22.2366 13
      vertex 45.8787 21.8787 13
    endloop
  endfacet
  facet normal -0 0 1
    outer loop
      vertex 45.0369 24.4693 13
      vertex 46.5185 24.2347 13
      vertex 45.1468 24.9271 13
    endloop
  endfacet
  facet normal 0 0 1
    outer loop
      vertex 46.6635 23.319 13
      vertex 45.327 22.638 13
      vertex 45.5729 22.2366 13
    endloop
  endfacet
  facet normal 0 0 1
    outer loop
      vertex 46.5185 24.2347 13
      vertex 45.0369 24.4693 13
      vertex 46.5 24 13
    endloop
  endfacet
  facet normal 0 0 1
    outer loop
      vertex 46.5734 23.5365 13
      vertex 45.1468 23.0729 13
      vertex 45.327 22.638 13
    endloop
  endfacet
  facet normal 0 0 1
    outer loop
      vertex 45 24 13
      vertex 46.5 24 13
      vertex 45.0369 24.4693 13
    endloop
  endfacet
  facet normal 0 0 1
    outer loop
      vertex 46.5185 23.7653 13
      vertex 45.0369 23.5307 13
      vertex 45.1468 23.0729 13
    endloop
  endfacet
  facet normal 0 0 1
    outer loop
      vertex 46.5 24 13
      vertex 45 24 13
      vertex 45.0369 23.5307 13
    endloop
  endfacet
  facet normal -0.38279 -0.923836 0
    outer loop
      vertex 46.638 21.327 2.5
      vertex 47.0729 21.1468 13
      vertex 46.638 21.327 13
    endloop
  endfacet
  facet normal -0.38279 -0.923836 -0
    outer loop
      vertex 47.0729 21.1468 13
      vertex 46.638 21.327 2.5
      vertex 47.0729 21.1468 2.5
    endloop
  endfacet
  facet normal -0.996923 0.0783858 0
    outer loop
      vertex 45 24 2.5
      vertex 45.0369 24.4693 13
      vertex 45.0369 24.4693 2.5
    endloop
  endfacet
  facet normal -0.996923 0.0783858 0
    outer loop
      vertex 45.0369 24.4693 13
      vertex 45 24 2.5
      vertex 45 24 13
    endloop
  endfacet
  facet normal -0.852714 0.522378 0
    outer loop
      vertex 45.327 25.362 2.5
      vertex 45.5729 25.7634 13
      vertex 45.5729 25.7634 2.5
    endloop
  endfacet
  facet normal -0.852714 0.522378 0
    outer loop
      vertex 45.5729 25.7634 13
      vertex 45.327 25.362 2.5
      vertex 45.327 25.362 13
    endloop
  endfacet
  facet normal 0.649601 -0.760275 0
    outer loop
      vertex 49.7634 21.5729 2.5
      vertex 50.1213 21.8787 13
      vertex 49.7634 21.5729 13
    endloop
  endfacet
  facet normal 0.649601 -0.760275 0
    outer loop
      vertex 50.1213 21.8787 13
      vertex 49.7634 21.5729 2.5
      vertex 50.1213 21.8787 2.5
    endloop
  endfacet
  facet normal -0.972399 -0.233325 0
    outer loop
      vertex 49.4815 24.2347 2.5
      vertex 49.4266 24.4635 13
      vertex 49.4266 24.4635 2.5
    endloop
  endfacet
  facet normal -0.972399 -0.233325 0
    outer loop
      vertex 49.4266 24.4635 13
      vertex 49.4815 24.2347 2.5
      vertex 49.4815 24.2347 13
    endloop
  endfacet
  facet normal -0.996908 -0.0785803 0
    outer loop
      vertex 49.5 24 2.5
      vertex 49.4815 24.2347 13
      vertex 49.4815 24.2347 2.5
    endloop
  endfacet
  facet normal -0.996908 -0.0785803 0
    outer loop
      vertex 49.4815 24.2347 13
      vertex 49.5 24 2.5
      vertex 49.5 24 13
    endloop
  endfacet
  facet normal -0.923867 -0.382714 0
    outer loop
      vertex 49.4266 24.4635 2.5
      vertex 49.3365 24.681 13
      vertex 49.3365 24.681 2.5
    endloop
  endfacet
  facet normal -0.923867 -0.382714 0
    outer loop
      vertex 49.3365 24.681 13
      vertex 49.4266 24.4635 2.5
      vertex 49.4266 24.4635 13
    endloop
  endfacet
  facet normal -0.64925 0.760575 0
    outer loop
      vertex 49.0607 22.9393 2.5
      vertex 48.8817 22.7865 13
      vertex 49.0607 22.9393 13
    endloop
  endfacet
  facet normal -0.64925 0.760575 0
    outer loop
      vertex 48.8817 22.7865 13
      vertex 49.0607 22.9393 2.5
      vertex 48.8817 22.7865 2.5
    endloop
  endfacet
  facet normal -0.522532 0.85262 0
    outer loop
      vertex 48.8817 22.7865 2.5
      vertex 48.681 22.6635 13
      vertex 48.8817 22.7865 13
    endloop
  endfacet
  facet normal -0.522532 0.85262 0
    outer loop
      vertex 48.681 22.6635 13
      vertex 48.8817 22.7865 2.5
      vertex 48.681 22.6635 2.5
    endloop
  endfacet
  facet normal 0.972399 -0.233325 0
    outer loop
      vertex 46.5185 24.2347 13
      vertex 46.5734 24.4635 2.5
      vertex 46.5734 24.4635 13
    endloop
  endfacet
  facet normal 0.972399 -0.233325 0
    outer loop
      vertex 46.5734 24.4635 2.5
      vertex 46.5185 24.2347 13
      vertex 46.5185 24.2347 2.5
    endloop
  endfacet
  facet normal -0.760575 -0.64925 0
    outer loop
      vertex 49.2135 24.8817 2.5
      vertex 49.0607 25.0607 13
      vertex 49.0607 25.0607 2.5
    endloop
  endfacet
  facet normal -0.760575 -0.64925 0
    outer loop
      vertex 49.0607 25.0607 13
      vertex 49.2135 24.8817 2.5
      vertex 49.2135 24.8817 13
    endloop
  endfacet
  facet normal 0.996908 -0.0785803 0
    outer loop
      vertex 46.5 24 13
      vertex 46.5185 24.2347 2.5
      vertex 46.5185 24.2347 13
    endloop
  endfacet
  facet normal 0.996908 -0.0785803 0
    outer loop
      vertex 46.5185 24.2347 2.5
      vertex 46.5 24 13
      vertex 46.5 24 2.5
    endloop
  endfacet
  facet normal 0.85262 -0.522532 0
    outer loop
      vertex 46.6635 24.681 13
      vertex 46.7865 24.8817 2.5
      vertex 46.7865 24.8817 13
    endloop
  endfacet
  facet normal 0.85262 -0.522532 0
    outer loop
      vertex 46.7865 24.8817 2.5
      vertex 46.6635 24.681 13
      vertex 46.6635 24.681 2.5
    endloop
  endfacet
  facet normal 0.522532 -0.85262 0
    outer loop
      vertex 47.1183 25.2135 2.5
      vertex 47.319 25.3365 13
      vertex 47.1183 25.2135 13
    endloop
  endfacet
  facet normal 0.522532 -0.85262 0
    outer loop
      vertex 47.319 25.3365 13
      vertex 47.1183 25.2135 2.5
      vertex 47.319 25.3365 2.5
    endloop
  endfacet
  facet normal -0.923867 0.382714 0
    outer loop
      vertex 49.3365 23.319 2.5
      vertex 49.4266 23.5365 13
      vertex 49.4266 23.5365 2.5
    endloop
  endfacet
  facet normal -0.923867 0.382714 0
    outer loop
      vertex 49.4266 23.5365 13
      vertex 49.3365 23.319 2.5
      vertex 49.3365 23.319 13
    endloop
  endfacet
  facet normal -0.85262 0.522532 0
    outer loop
      vertex 49.2135 23.1183 2.5
      vertex 49.3365 23.319 13
      vertex 49.3365 23.319 2.5
    endloop
  endfacet
  facet normal -0.85262 0.522532 0
    outer loop
      vertex 49.3365 23.319 13
      vertex 49.2135 23.1183 2.5
      vertex 49.2135 23.1183 13
    endloop
  endfacet
  facet normal 0.382714 -0.923867 0
    outer loop
      vertex 47.319 25.3365 2.5
      vertex 47.5365 25.4266 13
      vertex 47.319 25.3365 13
    endloop
  endfacet
  facet normal 0.382714 -0.923867 0
    outer loop
      vertex 47.5365 25.4266 13
      vertex 47.319 25.3365 2.5
      vertex 47.5365 25.4266 2.5
    endloop
  endfacet
  facet normal 0.972399 0.233325 0
    outer loop
      vertex 46.5734 23.5365 13
      vertex 46.5185 23.7653 2.5
      vertex 46.5185 23.7653 13
    endloop
  endfacet
  facet normal 0.972399 0.233325 0
    outer loop
      vertex 46.5185 23.7653 2.5
      vertex 46.5734 23.5365 13
      vertex 46.5734 23.5365 2.5
    endloop
  endfacet
  facet normal -0.233228 0.972422 0
    outer loop
      vertex 48.4635 22.5734 2.5
      vertex 48.2346 22.5185 13
      vertex 48.4635 22.5734 13
    endloop
  endfacet
  facet normal -0.233228 0.972422 0
    outer loop
      vertex 48.2346 22.5185 13
      vertex 48.4635 22.5734 2.5
      vertex 48.2346 22.5185 2.5
    endloop
  endfacet
  facet normal -0.0786136 0.996905 0
    outer loop
      vertex 48.2346 22.5185 2.5
      vertex 48 22.5 13
      vertex 48.2346 22.5185 13
    endloop
  endfacet
  facet normal -0.0786136 0.996905 0
    outer loop
      vertex 48 22.5 13
      vertex 48.2346 22.5185 2.5
      vertex 48 22.5 2.5
    endloop
  endfacet
  facet normal 0.64925 -0.760575 0
    outer loop
      vertex 46.9393 25.0607 2.5
      vertex 47.1183 25.2135 13
      vertex 46.9393 25.0607 13
    endloop
  endfacet
  facet normal 0.64925 -0.760575 0
    outer loop
      vertex 47.1183 25.2135 13
      vertex 46.9393 25.0607 2.5
      vertex 47.1183 25.2135 2.5
    endloop
  endfacet
  facet normal -0.85262 -0.522532 0
    outer loop
      vertex 49.3365 24.681 2.5
      vertex 49.2135 24.8817 13
      vertex 49.2135 24.8817 2.5
    endloop
  endfacet
  facet normal -0.85262 -0.522532 0
    outer loop
      vertex 49.2135 24.8817 13
      vertex 49.3365 24.681 2.5
      vertex 49.3365 24.681 13
    endloop
  endfacet
  facet normal 0.0786136 -0.996905 0
    outer loop
      vertex 47.7654 25.4815 2.5
      vertex 48 25.5 13
      vertex 47.7654 25.4815 13
    endloop
  endfacet
  facet normal 0.0786136 -0.996905 0
    outer loop
      vertex 48 25.5 13
      vertex 47.7654 25.4815 2.5
      vertex 48 25.5 2.5
    endloop
  endfacet
  facet normal -0.382714 -0.923867 0
    outer loop
      vertex 48.4635 25.4266 2.5
      vertex 48.681 25.3365 13
      vertex 48.4635 25.4266 13
    endloop
  endfacet
  facet normal -0.382714 -0.923867 -0
    outer loop
      vertex 48.681 25.3365 13
      vertex 48.4635 25.4266 2.5
      vertex 48.681 25.3365 2.5
    endloop
  endfacet
  facet normal 0.996908 0.0785803 0
    outer loop
      vertex 46.5185 23.7653 13
      vertex 46.5 24 2.5
      vertex 46.5 24 13
    endloop
  endfacet
  facet normal 0.996908 0.0785803 0
    outer loop
      vertex 46.5 24 2.5
      vertex 46.5185 23.7653 13
      vertex 46.5185 23.7653 2.5
    endloop
  endfacet
  facet normal 0.233228 -0.972422 0
    outer loop
      vertex 47.5365 25.4266 2.5
      vertex 47.7654 25.4815 13
      vertex 47.5365 25.4266 13
    endloop
  endfacet
  facet normal 0.233228 -0.972422 0
    outer loop
      vertex 47.7654 25.4815 13
      vertex 47.5365 25.4266 2.5
      vertex 47.7654 25.4815 2.5
    endloop
  endfacet
  facet normal -0.522532 -0.85262 0
    outer loop
      vertex 48.681 25.3365 2.5
      vertex 48.8817 25.2135 13
      vertex 48.681 25.3365 13
    endloop
  endfacet
  facet normal -0.522532 -0.85262 -0
    outer loop
      vertex 48.8817 25.2135 13
      vertex 48.681 25.3365 2.5
      vertex 48.8817 25.2135 2.5
    endloop
  endfacet
  facet normal -0.0786136 -0.996905 0
    outer loop
      vertex 48 25.5 2.5
      vertex 48.2346 25.4815 13
      vertex 48 25.5 13
    endloop
  endfacet
  facet normal -0.0786136 -0.996905 -0
    outer loop
      vertex 48.2346 25.4815 13
      vertex 48 25.5 2.5
      vertex 48.2346 25.4815 2.5
    endloop
  endfacet
  facet normal -0.382714 0.923867 0
    outer loop
      vertex 48.681 22.6635 2.5
      vertex 48.4635 22.5734 13
      vertex 48.681 22.6635 13
    endloop
  endfacet
  facet normal -0.382714 0.923867 0
    outer loop
      vertex 48.4635 22.5734 13
      vertex 48.681 22.6635 2.5
      vertex 48.4635 22.5734 2.5
    endloop
  endfacet
  facet normal 0.522532 0.85262 -0
    outer loop
      vertex 47.319 22.6635 2.5
      vertex 47.1183 22.7865 13
      vertex 47.319 22.6635 13
    endloop
  endfacet
  facet normal 0.522532 0.85262 0
    outer loop
      vertex 47.1183 22.7865 13
      vertex 47.319 22.6635 2.5
      vertex 47.1183 22.7865 2.5
    endloop
  endfacet
  facet normal 0.85262 0.522532 0
    outer loop
      vertex 46.7865 23.1183 13
      vertex 46.6635 23.319 2.5
      vertex 46.6635 23.319 13
    endloop
  endfacet
  facet normal 0.85262 0.522532 0
    outer loop
      vertex 46.6635 23.319 2.5
      vertex 46.7865 23.1183 13
      vertex 46.7865 23.1183 2.5
    endloop
  endfacet
  facet normal -0.996908 0.0785803 0
    outer loop
      vertex 49.4815 23.7653 2.5
      vertex 49.5 24 13
      vertex 49.5 24 2.5
    endloop
  endfacet
  facet normal -0.996908 0.0785803 0
    outer loop
      vertex 49.5 24 13
      vertex 49.4815 23.7653 2.5
      vertex 49.4815 23.7653 13
    endloop
  endfacet
  facet normal 0.760575 -0.64925 0
    outer loop
      vertex 46.7865 24.8817 13
      vertex 46.9393 25.0607 2.5
      vertex 46.9393 25.0607 13
    endloop
  endfacet
  facet normal 0.760575 -0.64925 0
    outer loop
      vertex 46.9393 25.0607 2.5
      vertex 46.7865 24.8817 13
      vertex 46.7865 24.8817 2.5
    endloop
  endfacet
  facet normal -0.972399 0.233325 0
    outer loop
      vertex 49.4266 23.5365 2.5
      vertex 49.4815 23.7653 13
      vertex 49.4815 23.7653 2.5
    endloop
  endfacet
  facet normal -0.972399 0.233325 0
    outer loop
      vertex 49.4815 23.7653 13
      vertex 49.4266 23.5365 2.5
      vertex 49.4266 23.5365 13
    endloop
  endfacet
  facet normal 0.760575 0.64925 0
    outer loop
      vertex 46.9393 22.9393 13
      vertex 46.7865 23.1183 2.5
      vertex 46.7865 23.1183 13
    endloop
  endfacet
  facet normal 0.760575 0.64925 0
    outer loop
      vertex 46.7865 23.1183 2.5
      vertex 46.9393 22.9393 13
      vertex 46.9393 22.9393 2.5
    endloop
  endfacet
  facet normal 0.233228 0.972422 -0
    outer loop
      vertex 47.7654 22.5185 2.5
      vertex 47.5365 22.5734 13
      vertex 47.7654 22.5185 13
    endloop
  endfacet
  facet normal 0.233228 0.972422 0
    outer loop
      vertex 47.5365 22.5734 13
      vertex 47.7654 22.5185 2.5
      vertex 47.5365 22.5734 2.5
    endloop
  endfacet
  facet normal 0.382714 0.923867 -0
    outer loop
      vertex 47.5365 22.5734 2.5
      vertex 47.319 22.6635 13
      vertex 47.5365 22.5734 13
    endloop
  endfacet
  facet normal 0.382714 0.923867 0
    outer loop
      vertex 47.319 22.6635 13
      vertex 47.5365 22.5734 2.5
      vertex 47.319 22.6635 2.5
    endloop
  endfacet
  facet normal 0.923867 0.382714 0
    outer loop
      vertex 46.6635 23.319 13
      vertex 46.5734 23.5365 2.5
      vertex 46.5734 23.5365 13
    endloop
  endfacet
  facet normal 0.923867 0.382714 0
    outer loop
      vertex 46.5734 23.5365 2.5
      vertex 46.6635 23.319 13
      vertex 46.6635 23.319 2.5
    endloop
  endfacet
  facet normal -0.233228 -0.972422 0
    outer loop
      vertex 48.2346 25.4815 2.5
      vertex 48.4635 25.4266 13
      vertex 48.2346 25.4815 13
    endloop
  endfacet
  facet normal -0.233228 -0.972422 -0
    outer loop
      vertex 48.4635 25.4266 13
      vertex 48.2346 25.4815 2.5
      vertex 48.4635 25.4266 2.5
    endloop
  endfacet
  facet normal 0.64925 0.760575 -0
    outer loop
      vertex 47.1183 22.7865 2.5
      vertex 46.9393 22.9393 13
      vertex 47.1183 22.7865 13
    endloop
  endfacet
  facet normal 0.64925 0.760575 0
    outer loop
      vertex 46.9393 22.9393 13
      vertex 47.1183 22.7865 2.5
      vertex 46.9393 22.9393 2.5
    endloop
  endfacet
  facet normal 0.0786136 0.996905 -0
    outer loop
      vertex 48 22.5 2.5
      vertex 47.7654 22.5185 13
      vertex 48 22.5 13
    endloop
  endfacet
  facet normal 0.0786136 0.996905 0
    outer loop
      vertex 47.7654 22.5185 13
      vertex 48 22.5 2.5
      vertex 47.7654 22.5185 2.5
    endloop
  endfacet
  facet normal -0.64925 -0.760575 0
    outer loop
      vertex 48.8817 25.2135 2.5
      vertex 49.0607 25.0607 13
      vertex 48.8817 25.2135 13
    endloop
  endfacet
  facet normal -0.64925 -0.760575 -0
    outer loop
      vertex 49.0607 25.0607 13
      vertex 48.8817 25.2135 2.5
      vertex 49.0607 25.0607 2.5
    endloop
  endfacet
  facet normal 0.923867 -0.382714 0
    outer loop
      vertex 46.5734 24.4635 13
      vertex 46.6635 24.681 2.5
      vertex 46.6635 24.681 13
    endloop
  endfacet
  facet normal 0.923867 -0.382714 0
    outer loop
      vertex 46.6635 24.681 2.5
      vertex 46.5734 24.4635 13
      vertex 46.5734 24.4635 2.5
    endloop
  endfacet
  facet normal -0.760575 0.64925 0
    outer loop
      vertex 49.0607 22.9393 2.5
      vertex 49.2135 23.1183 13
      vertex 49.2135 23.1183 2.5
    endloop
  endfacet
  facet normal -0.760575 0.64925 0
    outer loop
      vertex 49.2135 23.1183 13
      vertex 49.0607 22.9393 2.5
      vertex 49.0607 22.9393 13
    endloop
  endfacet
  facet normal -0.923867 0.382714 0
    outer loop
      vertex 45.1468 104.927 2.5
      vertex 45.327 105.362 13
      vertex 45.327 105.362 2.5
    endloop
  endfacet
  facet normal -0.923867 0.382714 0
    outer loop
      vertex 45.327 105.362 13
      vertex 45.1468 104.927 2.5
      vertex 45.1468 104.927 13
    endloop
  endfacet
  facet normal 0.972397 0.233333 0
    outer loop
      vertex 50.9631 104.469 13
      vertex 50.8532 104.927 2.5
      vertex 50.8532 104.927 13
    endloop
  endfacet
  facet normal 0.972397 0.233333 0
    outer loop
      vertex 50.8532 104.927 2.5
      vertex 50.9631 104.469 13
      vertex 50.9631 104.469 2.5
    endloop
  endfacet
  facet normal 0.996919 0.0784356 0
    outer loop
      vertex 51 104 13
      vertex 50.9631 104.469 2.5
      vertex 50.9631 104.469 13
    endloop
  endfacet
  facet normal 0.996919 0.0784356 0
    outer loop
      vertex 50.9631 104.469 2.5
      vertex 51 104 13
      vertex 51 104 2.5
    endloop
  endfacet
  facet normal 0.923867 0.382714 0
    outer loop
      vertex 50.8532 104.927 13
      vertex 50.673 105.362 2.5
      vertex 50.673 105.362 13
    endloop
  endfacet
  facet normal 0.923867 0.382714 0
    outer loop
      vertex 50.673 105.362 2.5
      vertex 50.8532 104.927 13
      vertex 50.8532 104.927 2.5
    endloop
  endfacet
  facet normal 0.522532 -0.85262 0
    outer loop
      vertex 49.362 101.327 2.5
      vertex 49.7634 101.573 13
      vertex 49.362 101.327 13
    endloop
  endfacet
  facet normal 0.522532 -0.85262 0
    outer loop
      vertex 49.7634 101.573 13
      vertex 49.362 101.327 2.5
      vertex 49.7634 101.573 2.5
    endloop
  endfacet
  facet normal 0.972397 -0.233333 0
    outer loop
      vertex 50.8532 103.073 13
      vertex 50.9631 103.531 2.5
      vertex 50.9631 103.531 13
    endloop
  endfacet
  facet normal 0.972397 -0.233333 0
    outer loop
      vertex 50.9631 103.531 2.5
      vertex 50.8532 103.073 13
      vertex 50.8532 103.073 2.5
    endloop
  endfacet
  facet normal 0.382427 -0.923986 0
    outer loop
      vertex 48.9271 101.147 2.5
      vertex 49.362 101.327 13
      vertex 48.9271 101.147 13
    endloop
  endfacet
  facet normal 0.382427 -0.923986 0
    outer loop
      vertex 49.362 101.327 13
      vertex 48.9271 101.147 2.5
      vertex 49.362 101.327 2.5
    endloop
  endfacet
  facet normal -0.382427 0.923986 0
    outer loop
      vertex 47.0729 106.853 2.5
      vertex 46.638 106.673 13
      vertex 47.0729 106.853 13
    endloop
  endfacet
  facet normal -0.382427 0.923986 0
    outer loop
      vertex 46.638 106.673 13
      vertex 47.0729 106.853 2.5
      vertex 46.638 106.673 2.5
    endloop
  endfacet
  facet normal -0.522532 0.85262 0
    outer loop
      vertex 46.638 106.673 2.5
      vertex 46.2366 106.427 13
      vertex 46.638 106.673 13
    endloop
  endfacet
  facet normal -0.522532 0.85262 0
    outer loop
      vertex 46.2366 106.427 13
      vertex 46.638 106.673 2.5
      vertex 46.2366 106.427 2.5
    endloop
  endfacet
  facet normal 0.649846 0.760066 -0
    outer loop
      vertex 50.1213 106.121 2.5
      vertex 49.7634 106.427 13
      vertex 50.1213 106.121 13
    endloop
  endfacet
  facet normal 0.649846 0.760066 0
    outer loop
      vertex 49.7634 106.427 13
      vertex 50.1213 106.121 2.5
      vertex 49.7634 106.427 2.5
    endloop
  endfacet
  facet normal -0.23363 0.972326 0
    outer loop
      vertex 47.5307 106.963 2.5
      vertex 47.0729 106.853 13
      vertex 47.5307 106.963 13
    endloop
  endfacet
  facet normal -0.23363 0.972326 0
    outer loop
      vertex 47.0729 106.853 13
      vertex 47.5307 106.963 2.5
      vertex 47.0729 106.853 2.5
    endloop
  endfacet
  facet normal -0.923867 -0.382714 0
    outer loop
      vertex 45.327 102.638 2.5
      vertex 45.1468 103.073 13
      vertex 45.1468 103.073 2.5
    endloop
  endfacet
  facet normal -0.923867 -0.382714 0
    outer loop
      vertex 45.1468 103.073 13
      vertex 45.327 102.638 2.5
      vertex 45.327 102.638 13
    endloop
  endfacet
  facet normal -0.0785969 0.996906 0
    outer loop
      vertex 48 107 2.5
      vertex 47.5307 106.963 13
      vertex 48 107 13
    endloop
  endfacet
  facet normal -0.0785969 0.996906 0
    outer loop
      vertex 47.5307 106.963 13
      vertex 48 107 2.5
      vertex 47.5307 106.963 2.5
    endloop
  endfacet
  facet normal -0.23363 -0.972326 0
    outer loop
      vertex 47.0729 101.147 2.5
      vertex 47.5307 101.037 13
      vertex 47.0729 101.147 13
    endloop
  endfacet
  facet normal -0.23363 -0.972326 -0
    outer loop
      vertex 47.5307 101.037 13
      vertex 47.0729 101.147 2.5
      vertex 47.5307 101.037 2.5
    endloop
  endfacet
  facet normal 0.923867 -0.382714 0
    outer loop
      vertex 50.673 102.638 13
      vertex 50.8532 103.073 2.5
      vertex 50.8532 103.073 13
    endloop
  endfacet
  facet normal 0.923867 -0.382714 0
    outer loop
      vertex 50.8532 103.073 2.5
      vertex 50.673 102.638 13
      vertex 50.673 102.638 2.5
    endloop
  endfacet
  facet normal -0.760365 -0.649496 0
    outer loop
      vertex 45.8787 101.879 2.5
      vertex 45.5729 102.237 13
      vertex 45.5729 102.237 2.5
    endloop
  endfacet
  facet normal -0.760365 -0.649496 0
    outer loop
      vertex 45.5729 102.237 13
      vertex 45.8787 101.879 2.5
      vertex 45.8787 101.879 13
    endloop
  endfacet
  facet normal -0.649846 0.760066 0
    outer loop
      vertex 46.2366 106.427 2.5
      vertex 45.8787 106.121 13
      vertex 46.2366 106.427 13
    endloop
  endfacet
  facet normal -0.649846 0.760066 0
    outer loop
      vertex 45.8787 106.121 13
      vertex 46.2366 106.427 2.5
      vertex 45.8787 106.121 2.5
    endloop
  endfacet
  facet normal 0.0785969 -0.996906 0
    outer loop
      vertex 48 101 2.5
      vertex 48.4693 101.037 13
      vertex 48 101 13
    endloop
  endfacet
  facet normal 0.0785969 -0.996906 0
    outer loop
      vertex 48.4693 101.037 13
      vertex 48 101 2.5
      vertex 48.4693 101.037 2.5
    endloop
  endfacet
  facet normal -0.649846 -0.760066 0
    outer loop
      vertex 45.8787 101.879 2.5
      vertex 46.2366 101.573 13
      vertex 45.8787 101.879 13
    endloop
  endfacet
  facet normal -0.649846 -0.760066 -0
    outer loop
      vertex 46.2366 101.573 13
      vertex 45.8787 101.879 2.5
      vertex 46.2366 101.573 2.5
    endloop
  endfacet
  facet normal 0.852482 -0.522756 0
    outer loop
      vertex 50.4271 102.237 13
      vertex 50.673 102.638 2.5
      vertex 50.673 102.638 13
    endloop
  endfacet
  facet normal 0.852482 -0.522756 0
    outer loop
      vertex 50.673 102.638 2.5
      vertex 50.4271 102.237 13
      vertex 50.4271 102.237 2.5
    endloop
  endfacet
  facet normal 0.852482 0.522756 0
    outer loop
      vertex 50.673 105.362 13
      vertex 50.4271 105.763 2.5
      vertex 50.4271 105.763 13
    endloop
  endfacet
  facet normal 0.852482 0.522756 0
    outer loop
      vertex 50.4271 105.763 2.5
      vertex 50.673 105.362 13
      vertex 50.673 105.362 2.5
    endloop
  endfacet
  facet normal 0.760365 0.649496 0
    outer loop
      vertex 50.4271 105.763 13
      vertex 50.1213 106.121 2.5
      vertex 50.1213 106.121 13
    endloop
  endfacet
  facet normal 0.760365 0.649496 0
    outer loop
      vertex 50.1213 106.121 2.5
      vertex 50.4271 105.763 13
      vertex 50.4271 105.763 2.5
    endloop
  endfacet
  facet normal -0.760365 0.649496 0
    outer loop
      vertex 45.5729 105.763 2.5
      vertex 45.8787 106.121 13
      vertex 45.8787 106.121 2.5
    endloop
  endfacet
  facet normal -0.760365 0.649496 0
    outer loop
      vertex 45.8787 106.121 13
      vertex 45.5729 105.763 2.5
      vertex 45.5729 105.763 13
    endloop
  endfacet
  facet normal 0.0785969 0.996906 -0
    outer loop
      vertex 48.4693 106.963 2.5
      vertex 48 107 13
      vertex 48.4693 106.963 13
    endloop
  endfacet
  facet normal 0.0785969 0.996906 0
    outer loop
      vertex 48 107 13
      vertex 48.4693 106.963 2.5
      vertex 48 107 2.5
    endloop
  endfacet
  facet normal 0.382427 0.923986 -0
    outer loop
      vertex 49.362 106.673 2.5
      vertex 48.9271 106.853 13
      vertex 49.362 106.673 13
    endloop
  endfacet
  facet normal 0.382427 0.923986 0
    outer loop
      vertex 48.9271 106.853 13
      vertex 49.362 106.673 2.5
      vertex 48.9271 106.853 2.5
    endloop
  endfacet
  facet normal -0.972397 0.233333 0
    outer loop
      vertex 45.0369 104.469 2.5
      vertex 45.1468 104.927 13
      vertex 45.1468 104.927 2.5
    endloop
  endfacet
  facet normal -0.972397 0.233333 0
    outer loop
      vertex 45.1468 104.927 13
      vertex 45.0369 104.469 2.5
      vertex 45.0369 104.469 13
    endloop
  endfacet
  facet normal -0.972397 -0.233333 0
    outer loop
      vertex 45.1468 103.073 2.5
      vertex 45.0369 103.531 13
      vertex 45.0369 103.531 2.5
    endloop
  endfacet
  facet normal -0.972397 -0.233333 0
    outer loop
      vertex 45.0369 103.531 13
      vertex 45.1468 103.073 2.5
      vertex 45.1468 103.073 13
    endloop
  endfacet
  facet normal 0.522532 0.85262 -0
    outer loop
      vertex 49.7634 106.427 2.5
      vertex 49.362 106.673 13
      vertex 49.7634 106.427 13
    endloop
  endfacet
  facet normal 0.522532 0.85262 0
    outer loop
      vertex 49.362 106.673 13
      vertex 49.7634 106.427 2.5
      vertex 49.362 106.673 2.5
    endloop
  endfacet
  facet normal 0.23363 -0.972326 0
    outer loop
      vertex 48.4693 101.037 2.5
      vertex 48.9271 101.147 13
      vertex 48.4693 101.037 13
    endloop
  endfacet
  facet normal 0.23363 -0.972326 0
    outer loop
      vertex 48.9271 101.147 13
      vertex 48.4693 101.037 2.5
      vertex 48.9271 101.147 2.5
    endloop
  endfacet
  facet normal 0.996919 -0.0784356 0
    outer loop
      vertex 50.9631 103.531 13
      vertex 51 104 2.5
      vertex 51 104 13
    endloop
  endfacet
  facet normal 0.996919 -0.0784356 0
    outer loop
      vertex 51 104 2.5
      vertex 50.9631 103.531 13
      vertex 50.9631 103.531 2.5
    endloop
  endfacet
  facet normal 0.760365 -0.649496 0
    outer loop
      vertex 50.1213 101.879 13
      vertex 50.4271 102.237 2.5
      vertex 50.4271 102.237 13
    endloop
  endfacet
  facet normal 0.760365 -0.649496 0
    outer loop
      vertex 50.4271 102.237 2.5
      vertex 50.1213 101.879 13
      vertex 50.1213 101.879 2.5
    endloop
  endfacet
  facet normal -0.852482 -0.522756 0
    outer loop
      vertex 45.5729 102.237 2.5
      vertex 45.327 102.638 13
      vertex 45.327 102.638 2.5
    endloop
  endfacet
  facet normal -0.852482 -0.522756 0
    outer loop
      vertex 45.327 102.638 13
      vertex 45.5729 102.237 2.5
      vertex 45.5729 102.237 13
    endloop
  endfacet
  facet normal -0.996919 -0.0784356 0
    outer loop
      vertex 45.0369 103.531 2.5
      vertex 45 104 13
      vertex 45 104 2.5
    endloop
  endfacet
  facet normal -0.996919 -0.0784356 0
    outer loop
      vertex 45 104 13
      vertex 45.0369 103.531 2.5
      vertex 45.0369 103.531 13
    endloop
  endfacet
  facet normal -0.0785969 -0.996906 0
    outer loop
      vertex 47.5307 101.037 2.5
      vertex 48 101 13
      vertex 47.5307 101.037 13
    endloop
  endfacet
  facet normal -0.0785969 -0.996906 -0
    outer loop
      vertex 48 101 13
      vertex 47.5307 101.037 2.5
      vertex 48 101 2.5
    endloop
  endfacet
  facet normal 0.23363 0.972326 -0
    outer loop
      vertex 48.9271 106.853 2.5
      vertex 48.4693 106.963 13
      vertex 48.9271 106.853 13
    endloop
  endfacet
  facet normal 0.23363 0.972326 0
    outer loop
      vertex 48.4693 106.963 13
      vertex 48.9271 106.853 2.5
      vertex 48.4693 106.963 2.5
    endloop
  endfacet
  facet normal -0.522532 -0.85262 0
    outer loop
      vertex 46.2366 101.573 2.5
      vertex 46.638 101.327 13
      vertex 46.2366 101.573 13
    endloop
  endfacet
  facet normal -0.522532 -0.85262 -0
    outer loop
      vertex 46.638 101.327 13
      vertex 46.2366 101.573 2.5
      vertex 46.638 101.327 2.5
    endloop
  endfacet
  facet normal 0 0 1
    outer loop
      vertex 49.5 104 13
      vertex 51 104 13
      vertex 50.9631 104.469 13
    endloop
  endfacet
  facet normal 0 0 1
    outer loop
      vertex 49.4815 104.235 13
      vertex 50.9631 104.469 13
      vertex 50.8532 104.927 13
    endloop
  endfacet
  facet normal 0 0 1
    outer loop
      vertex 51 104 13
      vertex 49.5 104 13
      vertex 50.9631 103.531 13
    endloop
  endfacet
  facet normal 0 0 1
    outer loop
      vertex 49.4266 104.464 13
      vertex 50.8532 104.927 13
      vertex 50.673 105.362 13
    endloop
  endfacet
  facet normal -0 0 1
    outer loop
      vertex 49.4815 103.765 13
      vertex 50.9631 103.531 13
      vertex 49.5 104 13
    endloop
  endfacet
  facet normal 0 0 1
    outer loop
      vertex 49.3365 104.681 13
      vertex 50.673 105.362 13
      vertex 50.4271 105.763 13
    endloop
  endfacet
  facet normal 0 0 1
    outer loop
      vertex 50.9631 103.531 13
      vertex 49.4815 103.765 13
      vertex 50.8532 103.073 13
    endloop
  endfacet
  facet normal 0 0 1
    outer loop
      vertex 49.2135 104.882 13
      vertex 50.4271 105.763 13
      vertex 50.1213 106.121 13
    endloop
  endfacet
  facet normal -0 0 1
    outer loop
      vertex 49.4266 103.536 13
      vertex 50.8532 103.073 13
      vertex 49.4815 103.765 13
    endloop
  endfacet
  facet normal 0 0 1
    outer loop
      vertex 49.0607 105.061 13
      vertex 50.1213 106.121 13
      vertex 49.7634 106.427 13
    endloop
  endfacet
  facet normal 0 0 1
    outer loop
      vertex 50.8532 103.073 13
      vertex 49.4266 103.536 13
      vertex 50.673 102.638 13
    endloop
  endfacet
  facet normal -0 0 1
    outer loop
      vertex 49.3365 103.319 13
      vertex 50.673 102.638 13
      vertex 49.4266 103.536 13
    endloop
  endfacet
  facet normal 0 0 1
    outer loop
      vertex 50.9631 104.469 13
      vertex 49.4815 104.235 13
      vertex 49.5 104 13
    endloop
  endfacet
  facet normal 0 0 1
    outer loop
      vertex 50.8532 104.927 13
      vertex 49.4266 104.464 13
      vertex 49.4815 104.235 13
    endloop
  endfacet
  facet normal 0 0 1
    outer loop
      vertex 48.8817 105.214 13
      vertex 49.7634 106.427 13
      vertex 49.362 106.673 13
    endloop
  endfacet
  facet normal 0 0 1
    outer loop
      vertex 50.673 105.362 13
      vertex 49.3365 104.681 13
      vertex 49.4266 104.464 13
    endloop
  endfacet
  facet normal 0 0 1
    outer loop
      vertex 50.4271 105.763 13
      vertex 49.2135 104.882 13
      vertex 49.3365 104.681 13
    endloop
  endfacet
  facet normal 0 0 1
    outer loop
      vertex 50.1213 106.121 13
      vertex 49.0607 105.061 13
      vertex 49.2135 104.882 13
    endloop
  endfacet
  facet normal 0 0 1
    outer loop
      vertex 48.681 105.337 13
      vertex 49.362 106.673 13
      vertex 48.9271 106.853 13
    endloop
  endfacet
  facet normal 0 0 1
    outer loop
      vertex 49.7634 106.427 13
      vertex 48.8817 105.214 13
      vertex 49.0607 105.061 13
    endloop
  endfacet
  facet normal 0 0 1
    outer loop
      vertex 49.362 106.673 13
      vertex 48.681 105.337 13
      vertex 48.8817 105.214 13
    endloop
  endfacet
  facet normal 0 0 1
    outer loop
      vertex 48.4635 105.427 13
      vertex 48.9271 106.853 13
      vertex 48.4693 106.963 13
    endloop
  endfacet
  facet normal 0 0 1
    outer loop
      vertex 48.9271 106.853 13
      vertex 48.4635 105.427 13
      vertex 48.681 105.337 13
    endloop
  endfacet
  facet normal 0 0 1
    outer loop
      vertex 48.4693 106.963 13
      vertex 48.2346 105.482 13
      vertex 48.4635 105.427 13
    endloop
  endfacet
  facet normal 0 0 1
    outer loop
      vertex 48 107 13
      vertex 48.2346 105.482 13
      vertex 48.4693 106.963 13
    endloop
  endfacet
  facet normal 0 0 1
    outer loop
      vertex 48 107 13
      vertex 48 105.5 13
      vertex 48.2346 105.482 13
    endloop
  endfacet
  facet normal 0 0 1
    outer loop
      vertex 48 107 13
      vertex 47.7654 105.482 13
      vertex 48 105.5 13
    endloop
  endfacet
  facet normal -0 0 1
    outer loop
      vertex 47.5307 106.963 13
      vertex 47.7654 105.482 13
      vertex 48 107 13
    endloop
  endfacet
  facet normal 0 0 1
    outer loop
      vertex 47.7654 105.482 13
      vertex 47.5307 106.963 13
      vertex 47.5365 105.427 13
    endloop
  endfacet
  facet normal -0 0 1
    outer loop
      vertex 47.0729 106.853 13
      vertex 47.5365 105.427 13
      vertex 47.5307 106.963 13
    endloop
  endfacet
  facet normal 0 0 1
    outer loop
      vertex 47.5365 105.427 13
      vertex 47.0729 106.853 13
      vertex 47.319 105.337 13
    endloop
  endfacet
  facet normal -0 0 1
    outer loop
      vertex 46.638 106.673 13
      vertex 47.319 105.337 13
      vertex 47.0729 106.853 13
    endloop
  endfacet
  facet normal 0 0 1
    outer loop
      vertex 47.319 105.337 13
      vertex 46.638 106.673 13
      vertex 47.1183 105.214 13
    endloop
  endfacet
  facet normal -0 0 1
    outer loop
      vertex 46.2366 106.427 13
      vertex 47.1183 105.214 13
      vertex 46.638 106.673 13
    endloop
  endfacet
  facet normal 0 0 1
    outer loop
      vertex 47.1183 105.214 13
      vertex 46.2366 106.427 13
      vertex 46.9393 105.061 13
    endloop
  endfacet
  facet normal -0 0 1
    outer loop
      vertex 45.8787 106.121 13
      vertex 46.9393 105.061 13
      vertex 46.2366 106.427 13
    endloop
  endfacet
  facet normal 0 0 1
    outer loop
      vertex 46.9393 105.061 13
      vertex 45.8787 106.121 13
      vertex 46.7865 104.882 13
    endloop
  endfacet
  facet normal -0 0 1
    outer loop
      vertex 45.5729 105.763 13
      vertex 46.7865 104.882 13
      vertex 45.8787 106.121 13
    endloop
  endfacet
  facet normal 0 0 1
    outer loop
      vertex 46.7865 104.882 13
      vertex 45.5729 105.763 13
      vertex 46.6635 104.681 13
    endloop
  endfacet
  facet normal -0 0 1
    outer loop
      vertex 45.327 105.362 13
      vertex 46.6635 104.681 13
      vertex 45.5729 105.763 13
    endloop
  endfacet
  facet normal 0 0 1
    outer loop
      vertex 50.673 102.638 13
      vertex 49.3365 103.319 13
      vertex 50.4271 102.237 13
    endloop
  endfacet
  facet normal -0 0 1
    outer loop
      vertex 49.2135 103.118 13
      vertex 50.4271 102.237 13
      vertex 49.3365 103.319 13
    endloop
  endfacet
  facet normal 0 0 1
    outer loop
      vertex 50.4271 102.237 13
      vertex 49.2135 103.118 13
      vertex 50.1213 101.879 13
    endloop
  endfacet
  facet normal -0 0 1
    outer loop
      vertex 49.0607 102.939 13
      vertex 50.1213 101.879 13
      vertex 49.2135 103.118 13
    endloop
  endfacet
  facet normal 0 0 1
    outer loop
      vertex 50.1213 101.879 13
      vertex 49.0607 102.939 13
      vertex 49.7634 101.573 13
    endloop
  endfacet
  facet normal -0 0 1
    outer loop
      vertex 48.8817 102.786 13
      vertex 49.7634 101.573 13
      vertex 49.0607 102.939 13
    endloop
  endfacet
  facet normal 0 0 1
    outer loop
      vertex 49.7634 101.573 13
      vertex 48.8817 102.786 13
      vertex 49.362 101.327 13
    endloop
  endfacet
  facet normal -0 0 1
    outer loop
      vertex 48.681 102.663 13
      vertex 49.362 101.327 13
      vertex 48.8817 102.786 13
    endloop
  endfacet
  facet normal 0 0 1
    outer loop
      vertex 49.362 101.327 13
      vertex 48.681 102.663 13
      vertex 48.9271 101.147 13
    endloop
  endfacet
  facet normal -0 0 1
    outer loop
      vertex 48.4635 102.573 13
      vertex 48.9271 101.147 13
      vertex 48.681 102.663 13
    endloop
  endfacet
  facet normal 0 0 1
    outer loop
      vertex 48.9271 101.147 13
      vertex 48.4635 102.573 13
      vertex 48.4693 101.037 13
    endloop
  endfacet
  facet normal -0 0 1
    outer loop
      vertex 48.2346 102.518 13
      vertex 48.4693 101.037 13
      vertex 48.4635 102.573 13
    endloop
  endfacet
  facet normal -0 0 1
    outer loop
      vertex 48 102.5 13
      vertex 48.4693 101.037 13
      vertex 48.2346 102.518 13
    endloop
  endfacet
  facet normal 0 0 1
    outer loop
      vertex 48 102.5 13
      vertex 48 101 13
      vertex 48.4693 101.037 13
    endloop
  endfacet
  facet normal 0 0 1
    outer loop
      vertex 47.7654 102.518 13
      vertex 48 101 13
      vertex 48 102.5 13
    endloop
  endfacet
  facet normal 0 0 1
    outer loop
      vertex 47.5307 101.037 13
      vertex 47.7654 102.518 13
      vertex 47.5365 102.573 13
    endloop
  endfacet
  facet normal 0 0 1
    outer loop
      vertex 47.7654 102.518 13
      vertex 47.5307 101.037 13
      vertex 48 101 13
    endloop
  endfacet
  facet normal 0 0 1
    outer loop
      vertex 47.0729 101.147 13
      vertex 47.5365 102.573 13
      vertex 47.319 102.663 13
    endloop
  endfacet
  facet normal 0 0 1
    outer loop
      vertex 46.638 101.327 13
      vertex 47.319 102.663 13
      vertex 47.1183 102.786 13
    endloop
  endfacet
  facet normal 0 0 1
    outer loop
      vertex 47.5365 102.573 13
      vertex 47.0729 101.147 13
      vertex 47.5307 101.037 13
    endloop
  endfacet
  facet normal 0 0 1
    outer loop
      vertex 46.2366 101.573 13
      vertex 47.1183 102.786 13
      vertex 46.9393 102.939 13
    endloop
  endfacet
  facet normal 0 0 1
    outer loop
      vertex 45.8787 101.879 13
      vertex 46.9393 102.939 13
      vertex 46.7865 103.118 13
    endloop
  endfacet
  facet normal 0 0 1
    outer loop
      vertex 45.5729 102.237 13
      vertex 46.7865 103.118 13
      vertex 46.6635 103.319 13
    endloop
  endfacet
  facet normal 0 0 1
    outer loop
      vertex 47.319 102.663 13
      vertex 46.638 101.327 13
      vertex 47.0729 101.147 13
    endloop
  endfacet
  facet normal 0 0 1
    outer loop
      vertex 45.327 102.638 13
      vertex 46.6635 103.319 13
      vertex 46.5734 103.536 13
    endloop
  endfacet
  facet normal 0 0 1
    outer loop
      vertex 45.1468 103.073 13
      vertex 46.5734 103.536 13
      vertex 46.5185 103.765 13
    endloop
  endfacet
  facet normal 0 0 1
    outer loop
      vertex 45.0369 103.531 13
      vertex 46.5185 103.765 13
      vertex 46.5 104 13
    endloop
  endfacet
  facet normal 0 0 1
    outer loop
      vertex 46.6635 104.681 13
      vertex 45.327 105.362 13
      vertex 46.5734 104.464 13
    endloop
  endfacet
  facet normal 0 0 1
    outer loop
      vertex 47.1183 102.786 13
      vertex 46.2366 101.573 13
      vertex 46.638 101.327 13
    endloop
  endfacet
  facet normal -0 0 1
    outer loop
      vertex 45.1468 104.927 13
      vertex 46.5734 104.464 13
      vertex 45.327 105.362 13
    endloop
  endfacet
  facet normal 0 0 1
    outer loop
      vertex 46.9393 102.939 13
      vertex 45.8787 101.879 13
      vertex 46.2366 101.573 13
    endloop
  endfacet
  facet normal 0 0 1
    outer loop
      vertex 46.5734 104.464 13
      vertex 45.1468 104.927 13
      vertex 46.5185 104.235 13
    endloop
  endfacet
  facet normal 0 0 1
    outer loop
      vertex 46.7865 103.118 13
      vertex 45.5729 102.237 13
      vertex 45.8787 101.879 13
    endloop
  endfacet
  facet normal -0 0 1
    outer loop
      vertex 45.0369 104.469 13
      vertex 46.5185 104.235 13
      vertex 45.1468 104.927 13
    endloop
  endfacet
  facet normal 0 0 1
    outer loop
      vertex 46.6635 103.319 13
      vertex 45.327 102.638 13
      vertex 45.5729 102.237 13
    endloop
  endfacet
  facet normal 0 0 1
    outer loop
      vertex 46.5185 104.235 13
      vertex 45.0369 104.469 13
      vertex 46.5 104 13
    endloop
  endfacet
  facet normal 0 0 1
    outer loop
      vertex 46.5734 103.536 13
      vertex 45.1468 103.073 13
      vertex 45.327 102.638 13
    endloop
  endfacet
  facet normal 0 0 1
    outer loop
      vertex 45 104 13
      vertex 46.5 104 13
      vertex 45.0369 104.469 13
    endloop
  endfacet
  facet normal 0 0 1
    outer loop
      vertex 46.5185 103.765 13
      vertex 45.0369 103.531 13
      vertex 45.1468 103.073 13
    endloop
  endfacet
  facet normal 0 0 1
    outer loop
      vertex 46.5 104 13
      vertex 45 104 13
      vertex 45.0369 103.531 13
    endloop
  endfacet
  facet normal -0.382427 -0.923986 0
    outer loop
      vertex 46.638 101.327 2.5
      vertex 47.0729 101.147 13
      vertex 46.638 101.327 13
    endloop
  endfacet
  facet normal -0.382427 -0.923986 -0
    outer loop
      vertex 47.0729 101.147 13
      vertex 46.638 101.327 2.5
      vertex 47.0729 101.147 2.5
    endloop
  endfacet
  facet normal -0.996919 0.0784356 0
    outer loop
      vertex 45 104 2.5
      vertex 45.0369 104.469 13
      vertex 45.0369 104.469 2.5
    endloop
  endfacet
  facet normal -0.996919 0.0784356 0
    outer loop
      vertex 45.0369 104.469 13
      vertex 45 104 2.5
      vertex 45 104 13
    endloop
  endfacet
  facet normal -0.852482 0.522756 0
    outer loop
      vertex 45.327 105.362 2.5
      vertex 45.5729 105.763 13
      vertex 45.5729 105.763 2.5
    endloop
  endfacet
  facet normal -0.852482 0.522756 0
    outer loop
      vertex 45.5729 105.763 13
      vertex 45.327 105.362 2.5
      vertex 45.327 105.362 13
    endloop
  endfacet
  facet normal 0.649846 -0.760066 0
    outer loop
      vertex 49.7634 101.573 2.5
      vertex 50.1213 101.879 13
      vertex 49.7634 101.573 13
    endloop
  endfacet
  facet normal 0.649846 -0.760066 0
    outer loop
      vertex 50.1213 101.879 13
      vertex 49.7634 101.573 2.5
      vertex 50.1213 101.879 2.5
    endloop
  endfacet
  facet normal -0.972445 -0.233132 0
    outer loop
      vertex 49.4815 104.235 2.5
      vertex 49.4266 104.464 13
      vertex 49.4266 104.464 2.5
    endloop
  endfacet
  facet normal -0.972445 -0.233132 0
    outer loop
      vertex 49.4266 104.464 13
      vertex 49.4815 104.235 2.5
      vertex 49.4815 104.235 13
    endloop
  endfacet
  facet normal -0.996916 -0.0784806 0
    outer loop
      vertex 49.5 104 2.5
      vertex 49.4815 104.235 13
      vertex 49.4815 104.235 2.5
    endloop
  endfacet
  facet normal -0.996916 -0.0784806 0
    outer loop
      vertex 49.4815 104.235 13
      vertex 49.5 104 2.5
      vertex 49.5 104 13
    endloop
  endfacet
  facet normal -0.923555 -0.383467 0
    outer loop
      vertex 49.4266 104.464 2.5
      vertex 49.3365 104.681 13
      vertex 49.3365 104.681 2.5
    endloop
  endfacet
  facet normal -0.923555 -0.383467 0
    outer loop
      vertex 49.3365 104.681 13
      vertex 49.4266 104.464 2.5
      vertex 49.4266 104.464 13
    endloop
  endfacet
  facet normal -0.649742 0.760155 0
    outer loop
      vertex 49.0607 102.939 2.5
      vertex 48.8817 102.786 13
      vertex 49.0607 102.939 13
    endloop
  endfacet
  facet normal -0.649742 0.760155 0
    outer loop
      vertex 48.8817 102.786 13
      vertex 49.0607 102.939 2.5
      vertex 48.8817 102.786 2.5
    endloop
  endfacet
  facet normal -0.522532 0.85262 0
    outer loop
      vertex 48.8817 102.786 2.5
      vertex 48.681 102.663 13
      vertex 48.8817 102.786 13
    endloop
  endfacet
  facet normal -0.522532 0.85262 0
    outer loop
      vertex 48.681 102.663 13
      vertex 48.8817 102.786 2.5
      vertex 48.681 102.663 2.5
    endloop
  endfacet
  facet normal 0.972445 -0.233132 0
    outer loop
      vertex 46.5185 104.235 13
      vertex 46.5734 104.464 2.5
      vertex 46.5734 104.464 13
    endloop
  endfacet
  facet normal 0.972445 -0.233132 0
    outer loop
      vertex 46.5734 104.464 2.5
      vertex 46.5185 104.235 13
      vertex 46.5185 104.235 2.5
    endloop
  endfacet
  facet normal -0.760575 -0.64925 0
    outer loop
      vertex 49.2135 104.882 2.5
      vertex 49.0607 105.061 13
      vertex 49.0607 105.061 2.5
    endloop
  endfacet
  facet normal -0.760575 -0.64925 0
    outer loop
      vertex 49.0607 105.061 13
      vertex 49.2135 104.882 2.5
      vertex 49.2135 104.882 13
    endloop
  endfacet
  facet normal 0.996916 -0.0784806 0
    outer loop
      vertex 46.5 104 13
      vertex 46.5185 104.235 2.5
      vertex 46.5185 104.235 13
    endloop
  endfacet
  facet normal 0.996916 -0.0784806 0
    outer loop
      vertex 46.5185 104.235 2.5
      vertex 46.5 104 13
      vertex 46.5 104 2.5
    endloop
  endfacet
  facet normal 0.852967 -0.521965 0
    outer loop
      vertex 46.6635 104.681 13
      vertex 46.7865 104.882 2.5
      vertex 46.7865 104.882 13
    endloop
  endfacet
  facet normal 0.852967 -0.521965 0
    outer loop
      vertex 46.7865 104.882 2.5
      vertex 46.6635 104.681 13
      vertex 46.6635 104.681 2.5
    endloop
  endfacet
  facet normal 0.522532 -0.85262 0
    outer loop
      vertex 47.1183 105.214 2.5
      vertex 47.319 105.337 13
      vertex 47.1183 105.214 13
    endloop
  endfacet
  facet normal 0.522532 -0.85262 0
    outer loop
      vertex 47.319 105.337 13
      vertex 47.1183 105.214 2.5
      vertex 47.319 105.337 2.5
    endloop
  endfacet
  facet normal -0.923555 0.383467 0
    outer loop
      vertex 49.3365 103.319 2.5
      vertex 49.4266 103.536 13
      vertex 49.4266 103.536 2.5
    endloop
  endfacet
  facet normal -0.923555 0.383467 0
    outer loop
      vertex 49.4266 103.536 13
      vertex 49.3365 103.319 2.5
      vertex 49.3365 103.319 13
    endloop
  endfacet
  facet normal -0.852967 0.521965 0
    outer loop
      vertex 49.2135 103.118 2.5
      vertex 49.3365 103.319 13
      vertex 49.3365 103.319 2.5
    endloop
  endfacet
  facet normal -0.852967 0.521965 0
    outer loop
      vertex 49.3365 103.319 13
      vertex 49.2135 103.118 2.5
      vertex 49.2135 103.118 13
    endloop
  endfacet
  facet normal 0.382352 -0.924017 0
    outer loop
      vertex 47.319 105.337 2.5
      vertex 47.5365 105.427 13
      vertex 47.319 105.337 13
    endloop
  endfacet
  facet normal 0.382352 -0.924017 0
    outer loop
      vertex 47.5365 105.427 13
      vertex 47.319 105.337 2.5
      vertex 47.5365 105.427 2.5
    endloop
  endfacet
  facet normal 0.972445 0.233132 0
    outer loop
      vertex 46.5734 103.536 13
      vertex 46.5185 103.765 2.5
      vertex 46.5185 103.765 13
    endloop
  endfacet
  facet normal 0.972445 0.233132 0
    outer loop
      vertex 46.5185 103.765 2.5
      vertex 46.5734 103.536 13
      vertex 46.5734 103.536 2.5
    endloop
  endfacet
  facet normal -0.23363 0.972326 0
    outer loop
      vertex 48.4635 102.573 2.5
      vertex 48.2346 102.518 13
      vertex 48.4635 102.573 13
    endloop
  endfacet
  facet normal -0.23363 0.972326 0
    outer loop
      vertex 48.2346 102.518 13
      vertex 48.4635 102.573 2.5
      vertex 48.2346 102.518 2.5
    endloop
  endfacet
  facet normal -0.0765015 0.997069 0
    outer loop
      vertex 48.2346 102.518 2.5
      vertex 48 102.5 13
      vertex 48.2346 102.518 13
    endloop
  endfacet
  facet normal -0.0765015 0.997069 0
    outer loop
      vertex 48 102.5 13
      vertex 48.2346 102.518 2.5
      vertex 48 102.5 2.5
    endloop
  endfacet
  facet normal 0.649742 -0.760155 0
    outer loop
      vertex 46.9393 105.061 2.5
      vertex 47.1183 105.214 13
      vertex 46.9393 105.061 13
    endloop
  endfacet
  facet normal 0.649742 -0.760155 0
    outer loop
      vertex 47.1183 105.214 13
      vertex 46.9393 105.061 2.5
      vertex 47.1183 105.214 2.5
    endloop
  endfacet
  facet normal -0.852967 -0.521965 0
    outer loop
      vertex 49.3365 104.681 2.5
      vertex 49.2135 104.882 13
      vertex 49.2135 104.882 2.5
    endloop
  endfacet
  facet normal -0.852967 -0.521965 0
    outer loop
      vertex 49.2135 104.882 13
      vertex 49.3365 104.681 2.5
      vertex 49.3365 104.681 13
    endloop
  endfacet
  facet normal 0.0765015 -0.997069 0
    outer loop
      vertex 47.7654 105.482 2.5
      vertex 48 105.5 13
      vertex 47.7654 105.482 13
    endloop
  endfacet
  facet normal 0.0765015 -0.997069 0
    outer loop
      vertex 48 105.5 13
      vertex 47.7654 105.482 2.5
      vertex 48 105.5 2.5
    endloop
  endfacet
  facet normal -0.382352 -0.924017 0
    outer loop
      vertex 48.4635 105.427 2.5
      vertex 48.681 105.337 13
      vertex 48.4635 105.427 13
    endloop
  endfacet
  facet normal -0.382352 -0.924017 -0
    outer loop
      vertex 48.681 105.337 13
      vertex 48.4635 105.427 2.5
      vertex 48.681 105.337 2.5
    endloop
  endfacet
  facet normal 0.996916 0.0784806 0
    outer loop
      vertex 46.5185 103.765 13
      vertex 46.5 104 2.5
      vertex 46.5 104 13
    endloop
  endfacet
  facet normal 0.996916 0.0784806 0
    outer loop
      vertex 46.5 104 2.5
      vertex 46.5185 103.765 13
      vertex 46.5185 103.765 2.5
    endloop
  endfacet
  facet normal 0.23363 -0.972326 0
    outer loop
      vertex 47.5365 105.427 2.5
      vertex 47.7654 105.482 13
      vertex 47.5365 105.427 13
    endloop
  endfacet
  facet normal 0.23363 -0.972326 0
    outer loop
      vertex 47.7654 105.482 13
      vertex 47.5365 105.427 2.5
      vertex 47.7654 105.482 2.5
    endloop
  endfacet
  facet normal -0.522532 -0.85262 0
    outer loop
      vertex 48.681 105.337 2.5
      vertex 48.8817 105.214 13
      vertex 48.681 105.337 13
    endloop
  endfacet
  facet normal -0.522532 -0.85262 -0
    outer loop
      vertex 48.8817 105.214 13
      vertex 48.681 105.337 2.5
      vertex 48.8817 105.214 2.5
    endloop
  endfacet
  facet normal -0.0765015 -0.997069 0
    outer loop
      vertex 48 105.5 2.5
      vertex 48.2346 105.482 13
      vertex 48 105.5 13
    endloop
  endfacet
  facet normal -0.0765015 -0.997069 -0
    outer loop
      vertex 48.2346 105.482 13
      vertex 48 105.5 2.5
      vertex 48.2346 105.482 2.5
    endloop
  endfacet
  facet normal -0.382352 0.924017 0
    outer loop
      vertex 48.681 102.663 2.5
      vertex 48.4635 102.573 13
      vertex 48.681 102.663 13
    endloop
  endfacet
  facet normal -0.382352 0.924017 0
    outer loop
      vertex 48.4635 102.573 13
      vertex 48.681 102.663 2.5
      vertex 48.4635 102.573 2.5
    endloop
  endfacet
  facet normal 0.522532 0.85262 -0
    outer loop
      vertex 47.319 102.663 2.5
      vertex 47.1183 102.786 13
      vertex 47.319 102.663 13
    endloop
  endfacet
  facet normal 0.522532 0.85262 0
    outer loop
      vertex 47.1183 102.786 13
      vertex 47.319 102.663 2.5
      vertex 47.1183 102.786 2.5
    endloop
  endfacet
  facet normal 0.852967 0.521965 0
    outer loop
      vertex 46.7865 103.118 13
      vertex 46.6635 103.319 2.5
      vertex 46.6635 103.319 13
    endloop
  endfacet
  facet normal 0.852967 0.521965 0
    outer loop
      vertex 46.6635 103.319 2.5
      vertex 46.7865 103.118 13
      vertex 46.7865 103.118 2.5
    endloop
  endfacet
  facet normal -0.996916 0.0784806 0
    outer loop
      vertex 49.4815 103.765 2.5
      vertex 49.5 104 13
      vertex 49.5 104 2.5
    endloop
  endfacet
  facet normal -0.996916 0.0784806 0
    outer loop
      vertex 49.5 104 13
      vertex 49.4815 103.765 2.5
      vertex 49.4815 103.765 13
    endloop
  endfacet
  facet normal 0.760575 -0.64925 0
    outer loop
      vertex 46.7865 104.882 13
      vertex 46.9393 105.061 2.5
      vertex 46.9393 105.061 13
    endloop
  endfacet
  facet normal 0.760575 -0.64925 0
    outer loop
      vertex 46.9393 105.061 2.5
      vertex 46.7865 104.882 13
      vertex 46.7865 104.882 2.5
    endloop
  endfacet
  facet normal -0.972445 0.233132 0
    outer loop
      vertex 49.4266 103.536 2.5
      vertex 49.4815 103.765 13
      vertex 49.4815 103.765 2.5
    endloop
  endfacet
  facet normal -0.972445 0.233132 0
    outer loop
      vertex 49.4815 103.765 13
      vertex 49.4266 103.536 2.5
      vertex 49.4266 103.536 13
    endloop
  endfacet
  facet normal 0.760575 0.64925 0
    outer loop
      vertex 46.9393 102.939 13
      vertex 46.7865 103.118 2.5
      vertex 46.7865 103.118 13
    endloop
  endfacet
  facet normal 0.760575 0.64925 0
    outer loop
      vertex 46.7865 103.118 2.5
      vertex 46.9393 102.939 13
      vertex 46.9393 102.939 2.5
    endloop
  endfacet
  facet normal 0.23363 0.972326 -0
    outer loop
      vertex 47.7654 102.518 2.5
      vertex 47.5365 102.573 13
      vertex 47.7654 102.518 13
    endloop
  endfacet
  facet normal 0.23363 0.972326 0
    outer loop
      vertex 47.5365 102.573 13
      vertex 47.7654 102.518 2.5
      vertex 47.5365 102.573 2.5
    endloop
  endfacet
  facet normal 0.382352 0.924017 -0
    outer loop
      vertex 47.5365 102.573 2.5
      vertex 47.319 102.663 13
      vertex 47.5365 102.573 13
    endloop
  endfacet
  facet normal 0.382352 0.924017 0
    outer loop
      vertex 47.319 102.663 13
      vertex 47.5365 102.573 2.5
      vertex 47.319 102.663 2.5
    endloop
  endfacet
  facet normal 0.923555 0.383467 0
    outer loop
      vertex 46.6635 103.319 13
      vertex 46.5734 103.536 2.5
      vertex 46.5734 103.536 13
    endloop
  endfacet
  facet normal 0.923555 0.383467 0
    outer loop
      vertex 46.5734 103.536 2.5
      vertex 46.6635 103.319 13
      vertex 46.6635 103.319 2.5
    endloop
  endfacet
  facet normal -0.23363 -0.972326 0
    outer loop
      vertex 48.2346 105.482 2.5
      vertex 48.4635 105.427 13
      vertex 48.2346 105.482 13
    endloop
  endfacet
  facet normal -0.23363 -0.972326 -0
    outer loop
      vertex 48.4635 105.427 13
      vertex 48.2346 105.482 2.5
      vertex 48.4635 105.427 2.5
    endloop
  endfacet
  facet normal 0.649742 0.760155 -0
    outer loop
      vertex 47.1183 102.786 2.5
      vertex 46.9393 102.939 13
      vertex 47.1183 102.786 13
    endloop
  endfacet
  facet normal 0.649742 0.760155 0
    outer loop
      vertex 46.9393 102.939 13
      vertex 47.1183 102.786 2.5
      vertex 46.9393 102.939 2.5
    endloop
  endfacet
  facet normal 0.0765015 0.997069 -0
    outer loop
      vertex 48 102.5 2.5
      vertex 47.7654 102.518 13
      vertex 48 102.5 13
    endloop
  endfacet
  facet normal 0.0765015 0.997069 0
    outer loop
      vertex 47.7654 102.518 13
      vertex 48 102.5 2.5
      vertex 47.7654 102.518 2.5
    endloop
  endfacet
  facet normal -0.649742 -0.760155 0
    outer loop
      vertex 48.8817 105.214 2.5
      vertex 49.0607 105.061 13
      vertex 48.8817 105.214 13
    endloop
  endfacet
  facet normal -0.649742 -0.760155 -0
    outer loop
      vertex 49.0607 105.061 13
      vertex 48.8817 105.214 2.5
      vertex 49.0607 105.061 2.5
    endloop
  endfacet
  facet normal 0.923555 -0.383467 0
    outer loop
      vertex 46.5734 104.464 13
      vertex 46.6635 104.681 2.5
      vertex 46.6635 104.681 13
    endloop
  endfacet
  facet normal 0.923555 -0.383467 0
    outer loop
      vertex 46.6635 104.681 2.5
      vertex 46.5734 104.464 13
      vertex 46.5734 104.464 2.5
    endloop
  endfacet
  facet normal -0.760575 0.64925 0
    outer loop
      vertex 49.0607 102.939 2.5
      vertex 49.2135 103.118 13
      vertex 49.2135 103.118 2.5
    endloop
  endfacet
  facet normal -0.760575 0.64925 0
    outer loop
      vertex 49.2135 103.118 13
      vertex 49.0607 102.939 2.5
      vertex 49.0607 102.939 13
    endloop
  endfacet
  facet normal -0.923986 0.382427 0
    outer loop
      vertex 205.147 24.9271 2.5
      vertex 205.327 25.362 13
      vertex 205.327 25.362 2.5
    endloop
  endfacet
  facet normal -0.923986 0.382427 0
    outer loop
      vertex 205.327 25.362 13
      vertex 205.147 24.9271 2.5
      vertex 205.147 24.9271 13
    endloop
  endfacet
  facet normal 0.972326 0.23363 0
    outer loop
      vertex 210.963 24.4693 13
      vertex 210.853 24.9271 2.5
      vertex 210.853 24.9271 13
    endloop
  endfacet
  facet normal 0.972326 0.23363 0
    outer loop
      vertex 210.853 24.9271 2.5
      vertex 210.963 24.4693 13
      vertex 210.963 24.4693 2.5
    endloop
  endfacet
  facet normal 0.996906 0.0785969 0
    outer loop
      vertex 211 24 13
      vertex 210.963 24.4693 2.5
      vertex 210.963 24.4693 13
    endloop
  endfacet
  facet normal 0.996906 0.0785969 0
    outer loop
      vertex 210.963 24.4693 2.5
      vertex 211 24 13
      vertex 211 24 2.5
    endloop
  endfacet
  facet normal 0.923986 0.382427 0
    outer loop
      vertex 210.853 24.9271 13
      vertex 210.673 25.362 2.5
      vertex 210.673 25.362 13
    endloop
  endfacet
  facet normal 0.923986 0.382427 0
    outer loop
      vertex 210.673 25.362 2.5
      vertex 210.853 24.9271 13
      vertex 210.853 24.9271 2.5
    endloop
  endfacet
  facet normal 0.522756 -0.852482 0
    outer loop
      vertex 209.362 21.327 2.5
      vertex 209.763 21.5729 13
      vertex 209.362 21.327 13
    endloop
  endfacet
  facet normal 0.522756 -0.852482 0
    outer loop
      vertex 209.763 21.5729 13
      vertex 209.362 21.327 2.5
      vertex 209.763 21.5729 2.5
    endloop
  endfacet
  facet normal 0.972326 -0.23363 0
    outer loop
      vertex 210.853 23.0729 13
      vertex 210.963 23.5307 2.5
      vertex 210.963 23.5307 13
    endloop
  endfacet
  facet normal 0.972326 -0.23363 0
    outer loop
      vertex 210.963 23.5307 2.5
      vertex 210.853 23.0729 13
      vertex 210.853 23.0729 2.5
    endloop
  endfacet
  facet normal 0.382714 -0.923867 0
    outer loop
      vertex 208.927 21.1468 2.5
      vertex 209.362 21.327 13
      vertex 208.927 21.1468 13
    endloop
  endfacet
  facet normal 0.382714 -0.923867 0
    outer loop
      vertex 209.362 21.327 13
      vertex 208.927 21.1468 2.5
      vertex 209.362 21.327 2.5
    endloop
  endfacet
  facet normal -0.382714 0.923867 0
    outer loop
      vertex 207.073 26.8532 2.5
      vertex 206.638 26.673 13
      vertex 207.073 26.8532 13
    endloop
  endfacet
  facet normal -0.382714 0.923867 0
    outer loop
      vertex 206.638 26.673 13
      vertex 207.073 26.8532 2.5
      vertex 206.638 26.673 2.5
    endloop
  endfacet
  facet normal -0.522756 0.852482 0
    outer loop
      vertex 206.638 26.673 2.5
      vertex 206.237 26.4271 13
      vertex 206.638 26.673 13
    endloop
  endfacet
  facet normal -0.522756 0.852482 0
    outer loop
      vertex 206.237 26.4271 13
      vertex 206.638 26.673 2.5
      vertex 206.237 26.4271 2.5
    endloop
  endfacet
  facet normal 0.649496 0.760365 -0
    outer loop
      vertex 210.121 26.1213 2.5
      vertex 209.763 26.4271 13
      vertex 210.121 26.1213 13
    endloop
  endfacet
  facet normal 0.649496 0.760365 0
    outer loop
      vertex 209.763 26.4271 13
      vertex 210.121 26.1213 2.5
      vertex 209.763 26.4271 2.5
    endloop
  endfacet
  facet normal -0.233333 0.972397 0
    outer loop
      vertex 207.531 26.9631 2.5
      vertex 207.073 26.8532 13
      vertex 207.531 26.9631 13
    endloop
  endfacet
  facet normal -0.233333 0.972397 0
    outer loop
      vertex 207.073 26.8532 13
      vertex 207.531 26.9631 2.5
      vertex 207.073 26.8532 2.5
    endloop
  endfacet
  facet normal -0.923986 -0.382427 0
    outer loop
      vertex 205.327 22.638 2.5
      vertex 205.147 23.0729 13
      vertex 205.147 23.0729 2.5
    endloop
  endfacet
  facet normal -0.923986 -0.382427 0
    outer loop
      vertex 205.147 23.0729 13
      vertex 205.327 22.638 2.5
      vertex 205.327 22.638 13
    endloop
  endfacet
  facet normal -0.0784356 0.996919 0
    outer loop
      vertex 208 27 2.5
      vertex 207.531 26.9631 13
      vertex 208 27 13
    endloop
  endfacet
  facet normal -0.0784356 0.996919 0
    outer loop
      vertex 207.531 26.9631 13
      vertex 208 27 2.5
      vertex 207.531 26.9631 2.5
    endloop
  endfacet
  facet normal -0.233333 -0.972397 0
    outer loop
      vertex 207.073 21.1468 2.5
      vertex 207.531 21.0369 13
      vertex 207.073 21.1468 13
    endloop
  endfacet
  facet normal -0.233333 -0.972397 -0
    outer loop
      vertex 207.531 21.0369 13
      vertex 207.073 21.1468 2.5
      vertex 207.531 21.0369 2.5
    endloop
  endfacet
  facet normal 0.923986 -0.382427 0
    outer loop
      vertex 210.673 22.638 13
      vertex 210.853 23.0729 2.5
      vertex 210.853 23.0729 13
    endloop
  endfacet
  facet normal 0.923986 -0.382427 0
    outer loop
      vertex 210.853 23.0729 2.5
      vertex 210.673 22.638 13
      vertex 210.673 22.638 2.5
    endloop
  endfacet
  facet normal -0.760066 -0.649846 0
    outer loop
      vertex 205.879 21.8787 2.5
      vertex 205.573 22.2366 13
      vertex 205.573 22.2366 2.5
    endloop
  endfacet
  facet normal -0.760066 -0.649846 0
    outer loop
      vertex 205.573 22.2366 13
      vertex 205.879 21.8787 2.5
      vertex 205.879 21.8787 13
    endloop
  endfacet
  facet normal -0.649496 0.760365 0
    outer loop
      vertex 206.237 26.4271 2.5
      vertex 205.879 26.1213 13
      vertex 206.237 26.4271 13
    endloop
  endfacet
  facet normal -0.649496 0.760365 0
    outer loop
      vertex 205.879 26.1213 13
      vertex 206.237 26.4271 2.5
      vertex 205.879 26.1213 2.5
    endloop
  endfacet
  facet normal 0.0784356 -0.996919 0
    outer loop
      vertex 208 21 2.5
      vertex 208.469 21.0369 13
      vertex 208 21 13
    endloop
  endfacet
  facet normal 0.0784356 -0.996919 0
    outer loop
      vertex 208.469 21.0369 13
      vertex 208 21 2.5
      vertex 208.469 21.0369 2.5
    endloop
  endfacet
  facet normal -0.649496 -0.760365 0
    outer loop
      vertex 205.879 21.8787 2.5
      vertex 206.237 21.5729 13
      vertex 205.879 21.8787 13
    endloop
  endfacet
  facet normal -0.649496 -0.760365 -0
    outer loop
      vertex 206.237 21.5729 13
      vertex 205.879 21.8787 2.5
      vertex 206.237 21.5729 2.5
    endloop
  endfacet
  facet normal 0.85262 -0.522532 0
    outer loop
      vertex 210.427 22.2366 13
      vertex 210.673 22.638 2.5
      vertex 210.673 22.638 13
    endloop
  endfacet
  facet normal 0.85262 -0.522532 0
    outer loop
      vertex 210.673 22.638 2.5
      vertex 210.427 22.2366 13
      vertex 210.427 22.2366 2.5
    endloop
  endfacet
  facet normal 0.85262 0.522532 0
    outer loop
      vertex 210.673 25.362 13
      vertex 210.427 25.7634 2.5
      vertex 210.427 25.7634 13
    endloop
  endfacet
  facet normal 0.85262 0.522532 0
    outer loop
      vertex 210.427 25.7634 2.5
      vertex 210.673 25.362 13
      vertex 210.673 25.362 2.5
    endloop
  endfacet
  facet normal 0.760066 0.649846 0
    outer loop
      vertex 210.427 25.7634 13
      vertex 210.121 26.1213 2.5
      vertex 210.121 26.1213 13
    endloop
  endfacet
  facet normal 0.760066 0.649846 0
    outer loop
      vertex 210.121 26.1213 2.5
      vertex 210.427 25.7634 13
      vertex 210.427 25.7634 2.5
    endloop
  endfacet
  facet normal -0.760066 0.649846 0
    outer loop
      vertex 205.573 25.7634 2.5
      vertex 205.879 26.1213 13
      vertex 205.879 26.1213 2.5
    endloop
  endfacet
  facet normal -0.760066 0.649846 0
    outer loop
      vertex 205.879 26.1213 13
      vertex 205.573 25.7634 2.5
      vertex 205.573 25.7634 13
    endloop
  endfacet
  facet normal 0.0784356 0.996919 -0
    outer loop
      vertex 208.469 26.9631 2.5
      vertex 208 27 13
      vertex 208.469 26.9631 13
    endloop
  endfacet
  facet normal 0.0784356 0.996919 0
    outer loop
      vertex 208 27 13
      vertex 208.469 26.9631 2.5
      vertex 208 27 2.5
    endloop
  endfacet
  facet normal 0.382714 0.923867 -0
    outer loop
      vertex 209.362 26.673 2.5
      vertex 208.927 26.8532 13
      vertex 209.362 26.673 13
    endloop
  endfacet
  facet normal 0.382714 0.923867 0
    outer loop
      vertex 208.927 26.8532 13
      vertex 209.362 26.673 2.5
      vertex 208.927 26.8532 2.5
    endloop
  endfacet
  facet normal -0.972326 0.23363 0
    outer loop
      vertex 205.037 24.4693 2.5
      vertex 205.147 24.9271 13
      vertex 205.147 24.9271 2.5
    endloop
  endfacet
  facet normal -0.972326 0.23363 0
    outer loop
      vertex 205.147 24.9271 13
      vertex 205.037 24.4693 2.5
      vertex 205.037 24.4693 13
    endloop
  endfacet
  facet normal -0.972326 -0.23363 0
    outer loop
      vertex 205.147 23.0729 2.5
      vertex 205.037 23.5307 13
      vertex 205.037 23.5307 2.5
    endloop
  endfacet
  facet normal -0.972326 -0.23363 0
    outer loop
      vertex 205.037 23.5307 13
      vertex 205.147 23.0729 2.5
      vertex 205.147 23.0729 13
    endloop
  endfacet
  facet normal 0.522756 0.852482 -0
    outer loop
      vertex 209.763 26.4271 2.5
      vertex 209.362 26.673 13
      vertex 209.763 26.4271 13
    endloop
  endfacet
  facet normal 0.522756 0.852482 0
    outer loop
      vertex 209.362 26.673 13
      vertex 209.763 26.4271 2.5
      vertex 209.362 26.673 2.5
    endloop
  endfacet
  facet normal 0.233333 -0.972397 0
    outer loop
      vertex 208.469 21.0369 2.5
      vertex 208.927 21.1468 13
      vertex 208.469 21.0369 13
    endloop
  endfacet
  facet normal 0.233333 -0.972397 0
    outer loop
      vertex 208.927 21.1468 13
      vertex 208.469 21.0369 2.5
      vertex 208.927 21.1468 2.5
    endloop
  endfacet
  facet normal 0.996906 -0.0785969 0
    outer loop
      vertex 210.963 23.5307 13
      vertex 211 24 2.5
      vertex 211 24 13
    endloop
  endfacet
  facet normal 0.996906 -0.0785969 0
    outer loop
      vertex 211 24 2.5
      vertex 210.963 23.5307 13
      vertex 210.963 23.5307 2.5
    endloop
  endfacet
  facet normal 0.760066 -0.649846 0
    outer loop
      vertex 210.121 21.8787 13
      vertex 210.427 22.2366 2.5
      vertex 210.427 22.2366 13
    endloop
  endfacet
  facet normal 0.760066 -0.649846 0
    outer loop
      vertex 210.427 22.2366 2.5
      vertex 210.121 21.8787 13
      vertex 210.121 21.8787 2.5
    endloop
  endfacet
  facet normal -0.85262 -0.522532 0
    outer loop
      vertex 205.573 22.2366 2.5
      vertex 205.327 22.638 13
      vertex 205.327 22.638 2.5
    endloop
  endfacet
  facet normal -0.85262 -0.522532 0
    outer loop
      vertex 205.327 22.638 13
      vertex 205.573 22.2366 2.5
      vertex 205.573 22.2366 13
    endloop
  endfacet
  facet normal -0.996906 -0.0785969 0
    outer loop
      vertex 205.037 23.5307 2.5
      vertex 205 24 13
      vertex 205 24 2.5
    endloop
  endfacet
  facet normal -0.996906 -0.0785969 0
    outer loop
      vertex 205 24 13
      vertex 205.037 23.5307 2.5
      vertex 205.037 23.5307 13
    endloop
  endfacet
  facet normal -0.0784356 -0.996919 0
    outer loop
      vertex 207.531 21.0369 2.5
      vertex 208 21 13
      vertex 207.531 21.0369 13
    endloop
  endfacet
  facet normal -0.0784356 -0.996919 -0
    outer loop
      vertex 208 21 13
      vertex 207.531 21.0369 2.5
      vertex 208 21 2.5
    endloop
  endfacet
  facet normal 0.233333 0.972397 -0
    outer loop
      vertex 208.927 26.8532 2.5
      vertex 208.469 26.9631 13
      vertex 208.927 26.8532 13
    endloop
  endfacet
  facet normal 0.233333 0.972397 0
    outer loop
      vertex 208.469 26.9631 13
      vertex 208.927 26.8532 2.5
      vertex 208.469 26.9631 2.5
    endloop
  endfacet
  facet normal -0.522756 -0.852482 0
    outer loop
      vertex 206.237 21.5729 2.5
      vertex 206.638 21.327 13
      vertex 206.237 21.5729 13
    endloop
  endfacet
  facet normal -0.522756 -0.852482 -0
    outer loop
      vertex 206.638 21.327 13
      vertex 206.237 21.5729 2.5
      vertex 206.638 21.327 2.5
    endloop
  endfacet
  facet normal 0 0 1
    outer loop
      vertex 209.5 24 13
      vertex 211 24 13
      vertex 210.963 24.4693 13
    endloop
  endfacet
  facet normal 0 0 1
    outer loop
      vertex 209.482 24.2347 13
      vertex 210.963 24.4693 13
      vertex 210.853 24.9271 13
    endloop
  endfacet
  facet normal 0 0 1
    outer loop
      vertex 211 24 13
      vertex 209.5 24 13
      vertex 210.963 23.5307 13
    endloop
  endfacet
  facet normal 0 0 1
    outer loop
      vertex 209.427 24.4635 13
      vertex 210.853 24.9271 13
      vertex 210.673 25.362 13
    endloop
  endfacet
  facet normal -0 0 1
    outer loop
      vertex 209.482 23.7653 13
      vertex 210.963 23.5307 13
      vertex 209.5 24 13
    endloop
  endfacet
  facet normal 0 0 1
    outer loop
      vertex 209.337 24.681 13
      vertex 210.673 25.362 13
      vertex 210.427 25.7634 13
    endloop
  endfacet
  facet normal 0 0 1
    outer loop
      vertex 210.963 23.5307 13
      vertex 209.482 23.7653 13
      vertex 210.853 23.0729 13
    endloop
  endfacet
  facet normal 0 0 1
    outer loop
      vertex 209.214 24.8817 13
      vertex 210.427 25.7634 13
      vertex 210.121 26.1213 13
    endloop
  endfacet
  facet normal -0 0 1
    outer loop
      vertex 209.427 23.5365 13
      vertex 210.853 23.0729 13
      vertex 209.482 23.7653 13
    endloop
  endfacet
  facet normal 0 0 1
    outer loop
      vertex 209.061 25.0607 13
      vertex 210.121 26.1213 13
      vertex 209.763 26.4271 13
    endloop
  endfacet
  facet normal 0 0 1
    outer loop
      vertex 210.853 23.0729 13
      vertex 209.427 23.5365 13
      vertex 210.673 22.638 13
    endloop
  endfacet
  facet normal -0 0 1
    outer loop
      vertex 209.337 23.319 13
      vertex 210.673 22.638 13
      vertex 209.427 23.5365 13
    endloop
  endfacet
  facet normal 0 0 1
    outer loop
      vertex 210.963 24.4693 13
      vertex 209.482 24.2347 13
      vertex 209.5 24 13
    endloop
  endfacet
  facet normal 0 0 1
    outer loop
      vertex 210.853 24.9271 13
      vertex 209.427 24.4635 13
      vertex 209.482 24.2347 13
    endloop
  endfacet
  facet normal 0 0 1
    outer loop
      vertex 208.882 25.2135 13
      vertex 209.763 26.4271 13
      vertex 209.362 26.673 13
    endloop
  endfacet
  facet normal 0 0 1
    outer loop
      vertex 210.673 25.362 13
      vertex 209.337 24.681 13
      vertex 209.427 24.4635 13
    endloop
  endfacet
  facet normal 0 0 1
    outer loop
      vertex 210.427 25.7634 13
      vertex 209.214 24.8817 13
      vertex 209.337 24.681 13
    endloop
  endfacet
  facet normal 0 0 1
    outer loop
      vertex 210.121 26.1213 13
      vertex 209.061 25.0607 13
      vertex 209.214 24.8817 13
    endloop
  endfacet
  facet normal 0 0 1
    outer loop
      vertex 208.681 25.3365 13
      vertex 209.362 26.673 13
      vertex 208.927 26.8532 13
    endloop
  endfacet
  facet normal 0 0 1
    outer loop
      vertex 209.763 26.4271 13
      vertex 208.882 25.2135 13
      vertex 209.061 25.0607 13
    endloop
  endfacet
  facet normal 0 0 1
    outer loop
      vertex 209.362 26.673 13
      vertex 208.681 25.3365 13
      vertex 208.882 25.2135 13
    endloop
  endfacet
  facet normal 0 0 1
    outer loop
      vertex 208.464 25.4266 13
      vertex 208.927 26.8532 13
      vertex 208.469 26.9631 13
    endloop
  endfacet
  facet normal 0 0 1
    outer loop
      vertex 208.927 26.8532 13
      vertex 208.464 25.4266 13
      vertex 208.681 25.3365 13
    endloop
  endfacet
  facet normal 0 0 1
    outer loop
      vertex 208.469 26.9631 13
      vertex 208.235 25.4815 13
      vertex 208.464 25.4266 13
    endloop
  endfacet
  facet normal 0 0 1
    outer loop
      vertex 208 27 13
      vertex 208.235 25.4815 13
      vertex 208.469 26.9631 13
    endloop
  endfacet
  facet normal 0 0 1
    outer loop
      vertex 208 27 13
      vertex 208 25.5 13
      vertex 208.235 25.4815 13
    endloop
  endfacet
  facet normal 0 0 1
    outer loop
      vertex 208 27 13
      vertex 207.765 25.4815 13
      vertex 208 25.5 13
    endloop
  endfacet
  facet normal -0 0 1
    outer loop
      vertex 207.531 26.9631 13
      vertex 207.765 25.4815 13
      vertex 208 27 13
    endloop
  endfacet
  facet normal 0 0 1
    outer loop
      vertex 207.765 25.4815 13
      vertex 207.531 26.9631 13
      vertex 207.536 25.4266 13
    endloop
  endfacet
  facet normal -0 0 1
    outer loop
      vertex 207.073 26.8532 13
      vertex 207.536 25.4266 13
      vertex 207.531 26.9631 13
    endloop
  endfacet
  facet normal 0 0 1
    outer loop
      vertex 207.536 25.4266 13
      vertex 207.073 26.8532 13
      vertex 207.319 25.3365 13
    endloop
  endfacet
  facet normal -0 0 1
    outer loop
      vertex 206.638 26.673 13
      vertex 207.319 25.3365 13
      vertex 207.073 26.8532 13
    endloop
  endfacet
  facet normal 0 0 1
    outer loop
      vertex 207.319 25.3365 13
      vertex 206.638 26.673 13
      vertex 207.118 25.2135 13
    endloop
  endfacet
  facet normal -0 0 1
    outer loop
      vertex 206.237 26.4271 13
      vertex 207.118 25.2135 13
      vertex 206.638 26.673 13
    endloop
  endfacet
  facet normal 0 0 1
    outer loop
      vertex 207.118 25.2135 13
      vertex 206.237 26.4271 13
      vertex 206.939 25.0607 13
    endloop
  endfacet
  facet normal -0 0 1
    outer loop
      vertex 205.879 26.1213 13
      vertex 206.939 25.0607 13
      vertex 206.237 26.4271 13
    endloop
  endfacet
  facet normal 0 0 1
    outer loop
      vertex 206.939 25.0607 13
      vertex 205.879 26.1213 13
      vertex 206.786 24.8817 13
    endloop
  endfacet
  facet normal -0 0 1
    outer loop
      vertex 205.573 25.7634 13
      vertex 206.786 24.8817 13
      vertex 205.879 26.1213 13
    endloop
  endfacet
  facet normal 0 0 1
    outer loop
      vertex 206.786 24.8817 13
      vertex 205.573 25.7634 13
      vertex 206.663 24.681 13
    endloop
  endfacet
  facet normal -0 0 1
    outer loop
      vertex 205.327 25.362 13
      vertex 206.663 24.681 13
      vertex 205.573 25.7634 13
    endloop
  endfacet
  facet normal 0 0 1
    outer loop
      vertex 210.673 22.638 13
      vertex 209.337 23.319 13
      vertex 210.427 22.2366 13
    endloop
  endfacet
  facet normal -0 0 1
    outer loop
      vertex 209.214 23.1183 13
      vertex 210.427 22.2366 13
      vertex 209.337 23.319 13
    endloop
  endfacet
  facet normal 0 0 1
    outer loop
      vertex 210.427 22.2366 13
      vertex 209.214 23.1183 13
      vertex 210.121 21.8787 13
    endloop
  endfacet
  facet normal -0 0 1
    outer loop
      vertex 209.061 22.9393 13
      vertex 210.121 21.8787 13
      vertex 209.214 23.1183 13
    endloop
  endfacet
  facet normal 0 0 1
    outer loop
      vertex 210.121 21.8787 13
      vertex 209.061 22.9393 13
      vertex 209.763 21.5729 13
    endloop
  endfacet
  facet normal -0 0 1
    outer loop
      vertex 208.882 22.7865 13
      vertex 209.763 21.5729 13
      vertex 209.061 22.9393 13
    endloop
  endfacet
  facet normal 0 0 1
    outer loop
      vertex 209.763 21.5729 13
      vertex 208.882 22.7865 13
      vertex 209.362 21.327 13
    endloop
  endfacet
  facet normal -0 0 1
    outer loop
      vertex 208.681 22.6635 13
      vertex 209.362 21.327 13
      vertex 208.882 22.7865 13
    endloop
  endfacet
  facet normal 0 0 1
    outer loop
      vertex 209.362 21.327 13
      vertex 208.681 22.6635 13
      vertex 208.927 21.1468 13
    endloop
  endfacet
  facet normal -0 0 1
    outer loop
      vertex 208.464 22.5734 13
      vertex 208.927 21.1468 13
      vertex 208.681 22.6635 13
    endloop
  endfacet
  facet normal 0 0 1
    outer loop
      vertex 208.927 21.1468 13
      vertex 208.464 22.5734 13
      vertex 208.469 21.0369 13
    endloop
  endfacet
  facet normal -0 0 1
    outer loop
      vertex 208.235 22.5185 13
      vertex 208.469 21.0369 13
      vertex 208.464 22.5734 13
    endloop
  endfacet
  facet normal -0 0 1
    outer loop
      vertex 208 22.5 13
      vertex 208.469 21.0369 13
      vertex 208.235 22.5185 13
    endloop
  endfacet
  facet normal 0 0 1
    outer loop
      vertex 208 22.5 13
      vertex 208 21 13
      vertex 208.469 21.0369 13
    endloop
  endfacet
  facet normal 0 0 1
    outer loop
      vertex 207.765 22.5185 13
      vertex 208 21 13
      vertex 208 22.5 13
    endloop
  endfacet
  facet normal 0 0 1
    outer loop
      vertex 207.531 21.0369 13
      vertex 207.765 22.5185 13
      vertex 207.536 22.5734 13
    endloop
  endfacet
  facet normal 0 0 1
    outer loop
      vertex 207.765 22.5185 13
      vertex 207.531 21.0369 13
      vertex 208 21 13
    endloop
  endfacet
  facet normal 0 0 1
    outer loop
      vertex 207.073 21.1468 13
      vertex 207.536 22.5734 13
      vertex 207.319 22.6635 13
    endloop
  endfacet
  facet normal 0 0 1
    outer loop
      vertex 206.638 21.327 13
      vertex 207.319 22.6635 13
      vertex 207.118 22.7865 13
    endloop
  endfacet
  facet normal 0 0 1
    outer loop
      vertex 207.536 22.5734 13
      vertex 207.073 21.1468 13
      vertex 207.531 21.0369 13
    endloop
  endfacet
  facet normal 0 0 1
    outer loop
      vertex 206.237 21.5729 13
      vertex 207.118 22.7865 13
      vertex 206.939 22.9393 13
    endloop
  endfacet
  facet normal 0 0 1
    outer loop
      vertex 205.879 21.8787 13
      vertex 206.939 22.9393 13
      vertex 206.786 23.1183 13
    endloop
  endfacet
  facet normal 0 0 1
    outer loop
      vertex 205.573 22.2366 13
      vertex 206.786 23.1183 13
      vertex 206.663 23.319 13
    endloop
  endfacet
  facet normal 0 0 1
    outer loop
      vertex 207.319 22.6635 13
      vertex 206.638 21.327 13
      vertex 207.073 21.1468 13
    endloop
  endfacet
  facet normal 0 0 1
    outer loop
      vertex 205.327 22.638 13
      vertex 206.663 23.319 13
      vertex 206.573 23.5365 13
    endloop
  endfacet
  facet normal 0 0 1
    outer loop
      vertex 205.147 23.0729 13
      vertex 206.573 23.5365 13
      vertex 206.518 23.7653 13
    endloop
  endfacet
  facet normal 0 0 1
    outer loop
      vertex 205.037 23.5307 13
      vertex 206.518 23.7653 13
      vertex 206.5 24 13
    endloop
  endfacet
  facet normal 0 0 1
    outer loop
      vertex 206.663 24.681 13
      vertex 205.327 25.362 13
      vertex 206.573 24.4635 13
    endloop
  endfacet
  facet normal 0 0 1
    outer loop
      vertex 207.118 22.7865 13
      vertex 206.237 21.5729 13
      vertex 206.638 21.327 13
    endloop
  endfacet
  facet normal -0 0 1
    outer loop
      vertex 205.147 24.9271 13
      vertex 206.573 24.4635 13
      vertex 205.327 25.362 13
    endloop
  endfacet
  facet normal 0 0 1
    outer loop
      vertex 206.939 22.9393 13
      vertex 205.879 21.8787 13
      vertex 206.237 21.5729 13
    endloop
  endfacet
  facet normal 0 0 1
    outer loop
      vertex 206.573 24.4635 13
      vertex 205.147 24.9271 13
      vertex 206.518 24.2347 13
    endloop
  endfacet
  facet normal 0 0 1
    outer loop
      vertex 206.786 23.1183 13
      vertex 205.573 22.2366 13
      vertex 205.879 21.8787 13
    endloop
  endfacet
  facet normal -0 0 1
    outer loop
      vertex 205.037 24.4693 13
      vertex 206.518 24.2347 13
      vertex 205.147 24.9271 13
    endloop
  endfacet
  facet normal 0 0 1
    outer loop
      vertex 206.663 23.319 13
      vertex 205.327 22.638 13
      vertex 205.573 22.2366 13
    endloop
  endfacet
  facet normal 0 0 1
    outer loop
      vertex 206.518 24.2347 13
      vertex 205.037 24.4693 13
      vertex 206.5 24 13
    endloop
  endfacet
  facet normal 0 0 1
    outer loop
      vertex 206.573 23.5365 13
      vertex 205.147 23.0729 13
      vertex 205.327 22.638 13
    endloop
  endfacet
  facet normal 0 0 1
    outer loop
      vertex 205 24 13
      vertex 206.5 24 13
      vertex 205.037 24.4693 13
    endloop
  endfacet
  facet normal 0 0 1
    outer loop
      vertex 206.518 23.7653 13
      vertex 205.037 23.5307 13
      vertex 205.147 23.0729 13
    endloop
  endfacet
  facet normal 0 0 1
    outer loop
      vertex 206.5 24 13
      vertex 205 24 13
      vertex 205.037 23.5307 13
    endloop
  endfacet
  facet normal -0.382714 -0.923867 0
    outer loop
      vertex 206.638 21.327 2.5
      vertex 207.073 21.1468 13
      vertex 206.638 21.327 13
    endloop
  endfacet
  facet normal -0.382714 -0.923867 -0
    outer loop
      vertex 207.073 21.1468 13
      vertex 206.638 21.327 2.5
      vertex 207.073 21.1468 2.5
    endloop
  endfacet
  facet normal -0.996906 0.0785969 0
    outer loop
      vertex 205 24 2.5
      vertex 205.037 24.4693 13
      vertex 205.037 24.4693 2.5
    endloop
  endfacet
  facet normal -0.996906 0.0785969 0
    outer loop
      vertex 205.037 24.4693 13
      vertex 205 24 2.5
      vertex 205 24 13
    endloop
  endfacet
  facet normal -0.85262 0.522532 0
    outer loop
      vertex 205.327 25.362 2.5
      vertex 205.573 25.7634 13
      vertex 205.573 25.7634 2.5
    endloop
  endfacet
  facet normal -0.85262 0.522532 0
    outer loop
      vertex 205.573 25.7634 13
      vertex 205.327 25.362 2.5
      vertex 205.327 25.362 13
    endloop
  endfacet
  facet normal 0.649496 -0.760365 0
    outer loop
      vertex 209.763 21.5729 2.5
      vertex 210.121 21.8787 13
      vertex 209.763 21.5729 13
    endloop
  endfacet
  facet normal 0.649496 -0.760365 0
    outer loop
      vertex 210.121 21.8787 13
      vertex 209.763 21.5729 2.5
      vertex 210.121 21.8787 2.5
    endloop
  endfacet
  facet normal -0.972302 -0.233727 0
    outer loop
      vertex 209.482 24.2347 2.5
      vertex 209.427 24.4635 13
      vertex 209.427 24.4635 2.5
    endloop
  endfacet
  facet normal -0.972302 -0.233727 0
    outer loop
      vertex 209.427 24.4635 13
      vertex 209.482 24.2347 2.5
      vertex 209.482 24.2347 13
    endloop
  endfacet
  facet normal -0.997072 -0.0764691 0
    outer loop
      vertex 209.5 24 2.5
      vertex 209.482 24.2347 13
      vertex 209.482 24.2347 2.5
    endloop
  endfacet
  facet normal -0.997072 -0.0764691 0
    outer loop
      vertex 209.482 24.2347 13
      vertex 209.5 24 2.5
      vertex 209.5 24 13
    endloop
  endfacet
  facet normal -0.924017 -0.382352 0
    outer loop
      vertex 209.427 24.4635 2.5
      vertex 209.337 24.681 13
      vertex 209.337 24.681 2.5
    endloop
  endfacet
  facet normal -0.924017 -0.382352 0
    outer loop
      vertex 209.337 24.681 13
      vertex 209.427 24.4635 2.5
      vertex 209.427 24.4635 13
    endloop
  endfacet
  facet normal -0.64925 0.760575 0
    outer loop
      vertex 209.061 22.9393 2.5
      vertex 208.882 22.7865 13
      vertex 209.061 22.9393 13
    endloop
  endfacet
  facet normal -0.64925 0.760575 0
    outer loop
      vertex 208.882 22.7865 13
      vertex 209.061 22.9393 2.5
      vertex 208.882 22.7865 2.5
    endloop
  endfacet
  facet normal -0.521965 0.852967 0
    outer loop
      vertex 208.882 22.7865 2.5
      vertex 208.681 22.6635 13
      vertex 208.882 22.7865 13
    endloop
  endfacet
  facet normal -0.521965 0.852967 0
    outer loop
      vertex 208.681 22.6635 13
      vertex 208.882 22.7865 2.5
      vertex 208.681 22.6635 2.5
    endloop
  endfacet
  facet normal 0.972302 -0.233727 0
    outer loop
      vertex 206.518 24.2347 13
      vertex 206.573 24.4635 2.5
      vertex 206.573 24.4635 13
    endloop
  endfacet
  facet normal 0.972302 -0.233727 0
    outer loop
      vertex 206.573 24.4635 2.5
      vertex 206.518 24.2347 13
      vertex 206.518 24.2347 2.5
    endloop
  endfacet
  facet normal -0.760155 -0.649742 0
    outer loop
      vertex 209.214 24.8817 2.5
      vertex 209.061 25.0607 13
      vertex 209.061 25.0607 2.5
    endloop
  endfacet
  facet normal -0.760155 -0.649742 0
    outer loop
      vertex 209.061 25.0607 13
      vertex 209.214 24.8817 2.5
      vertex 209.214 24.8817 13
    endloop
  endfacet
  facet normal 0.997072 -0.0764691 0
    outer loop
      vertex 206.5 24 13
      vertex 206.518 24.2347 2.5
      vertex 206.518 24.2347 13
    endloop
  endfacet
  facet normal 0.997072 -0.0764691 0
    outer loop
      vertex 206.518 24.2347 2.5
      vertex 206.5 24 13
      vertex 206.5 24 2.5
    endloop
  endfacet
  facet normal 0.85262 -0.522532 0
    outer loop
      vertex 206.663 24.681 13
      vertex 206.786 24.8817 2.5
      vertex 206.786 24.8817 13
    endloop
  endfacet
  facet normal 0.85262 -0.522532 0
    outer loop
      vertex 206.786 24.8817 2.5
      vertex 206.663 24.681 13
      vertex 206.663 24.681 2.5
    endloop
  endfacet
  facet normal 0.521965 -0.852967 0
    outer loop
      vertex 207.118 25.2135 2.5
      vertex 207.319 25.3365 13
      vertex 207.118 25.2135 13
    endloop
  endfacet
  facet normal 0.521965 -0.852967 0
    outer loop
      vertex 207.319 25.3365 13
      vertex 207.118 25.2135 2.5
      vertex 207.319 25.3365 2.5
    endloop
  endfacet
  facet normal -0.924017 0.382352 0
    outer loop
      vertex 209.337 23.319 2.5
      vertex 209.427 23.5365 13
      vertex 209.427 23.5365 2.5
    endloop
  endfacet
  facet normal -0.924017 0.382352 0
    outer loop
      vertex 209.427 23.5365 13
      vertex 209.337 23.319 2.5
      vertex 209.337 23.319 13
    endloop
  endfacet
  facet normal -0.85262 0.522532 0
    outer loop
      vertex 209.214 23.1183 2.5
      vertex 209.337 23.319 13
      vertex 209.337 23.319 2.5
    endloop
  endfacet
  facet normal -0.85262 0.522532 0
    outer loop
      vertex 209.337 23.319 13
      vertex 209.214 23.1183 2.5
      vertex 209.214 23.1183 13
    endloop
  endfacet
  facet normal 0.383467 -0.923555 0
    outer loop
      vertex 207.319 25.3365 2.5
      vertex 207.536 25.4266 13
      vertex 207.319 25.3365 13
    endloop
  endfacet
  facet normal 0.383467 -0.923555 0
    outer loop
      vertex 207.536 25.4266 13
      vertex 207.319 25.3365 2.5
      vertex 207.536 25.4266 2.5
    endloop
  endfacet
  facet normal 0.972302 0.233727 0
    outer loop
      vertex 206.573 23.5365 13
      vertex 206.518 23.7653 2.5
      vertex 206.518 23.7653 13
    endloop
  endfacet
  facet normal 0.972302 0.233727 0
    outer loop
      vertex 206.518 23.7653 2.5
      vertex 206.573 23.5365 13
      vertex 206.573 23.5365 2.5
    endloop
  endfacet
  facet normal -0.233132 0.972445 0
    outer loop
      vertex 208.464 22.5734 2.5
      vertex 208.235 22.5185 13
      vertex 208.464 22.5734 13
    endloop
  endfacet
  facet normal -0.233132 0.972445 0
    outer loop
      vertex 208.235 22.5185 13
      vertex 208.464 22.5734 2.5
      vertex 208.235 22.5185 2.5
    endloop
  endfacet
  facet normal -0.0784806 0.996916 0
    outer loop
      vertex 208.235 22.5185 2.5
      vertex 208 22.5 13
      vertex 208.235 22.5185 13
    endloop
  endfacet
  facet normal -0.0784806 0.996916 0
    outer loop
      vertex 208 22.5 13
      vertex 208.235 22.5185 2.5
      vertex 208 22.5 2.5
    endloop
  endfacet
  facet normal 0.64925 -0.760575 0
    outer loop
      vertex 206.939 25.0607 2.5
      vertex 207.118 25.2135 13
      vertex 206.939 25.0607 13
    endloop
  endfacet
  facet normal 0.64925 -0.760575 0
    outer loop
      vertex 207.118 25.2135 13
      vertex 206.939 25.0607 2.5
      vertex 207.118 25.2135 2.5
    endloop
  endfacet
  facet normal -0.85262 -0.522532 0
    outer loop
      vertex 209.337 24.681 2.5
      vertex 209.214 24.8817 13
      vertex 209.214 24.8817 2.5
    endloop
  endfacet
  facet normal -0.85262 -0.522532 0
    outer loop
      vertex 209.214 24.8817 13
      vertex 209.337 24.681 2.5
      vertex 209.337 24.681 13
    endloop
  endfacet
  facet normal 0.0784806 -0.996916 0
    outer loop
      vertex 207.765 25.4815 2.5
      vertex 208 25.5 13
      vertex 207.765 25.4815 13
    endloop
  endfacet
  facet normal 0.0784806 -0.996916 0
    outer loop
      vertex 208 25.5 13
      vertex 207.765 25.4815 2.5
      vertex 208 25.5 2.5
    endloop
  endfacet
  facet normal -0.383467 -0.923555 0
    outer loop
      vertex 208.464 25.4266 2.5
      vertex 208.681 25.3365 13
      vertex 208.464 25.4266 13
    endloop
  endfacet
  facet normal -0.383467 -0.923555 -0
    outer loop
      vertex 208.681 25.3365 13
      vertex 208.464 25.4266 2.5
      vertex 208.681 25.3365 2.5
    endloop
  endfacet
  facet normal 0.997072 0.0764691 0
    outer loop
      vertex 206.518 23.7653 13
      vertex 206.5 24 2.5
      vertex 206.5 24 13
    endloop
  endfacet
  facet normal 0.997072 0.0764691 0
    outer loop
      vertex 206.5 24 2.5
      vertex 206.518 23.7653 13
      vertex 206.518 23.7653 2.5
    endloop
  endfacet
  facet normal 0.233132 -0.972445 0
    outer loop
      vertex 207.536 25.4266 2.5
      vertex 207.765 25.4815 13
      vertex 207.536 25.4266 13
    endloop
  endfacet
  facet normal 0.233132 -0.972445 0
    outer loop
      vertex 207.765 25.4815 13
      vertex 207.536 25.4266 2.5
      vertex 207.765 25.4815 2.5
    endloop
  endfacet
  facet normal -0.521965 -0.852967 0
    outer loop
      vertex 208.681 25.3365 2.5
      vertex 208.882 25.2135 13
      vertex 208.681 25.3365 13
    endloop
  endfacet
  facet normal -0.521965 -0.852967 -0
    outer loop
      vertex 208.882 25.2135 13
      vertex 208.681 25.3365 2.5
      vertex 208.882 25.2135 2.5
    endloop
  endfacet
  facet normal -0.0784806 -0.996916 0
    outer loop
      vertex 208 25.5 2.5
      vertex 208.235 25.4815 13
      vertex 208 25.5 13
    endloop
  endfacet
  facet normal -0.0784806 -0.996916 -0
    outer loop
      vertex 208.235 25.4815 13
      vertex 208 25.5 2.5
      vertex 208.235 25.4815 2.5
    endloop
  endfacet
  facet normal -0.383467 0.923555 0
    outer loop
      vertex 208.681 22.6635 2.5
      vertex 208.464 22.5734 13
      vertex 208.681 22.6635 13
    endloop
  endfacet
  facet normal -0.383467 0.923555 0
    outer loop
      vertex 208.464 22.5734 13
      vertex 208.681 22.6635 2.5
      vertex 208.464 22.5734 2.5
    endloop
  endfacet
  facet normal 0.521965 0.852967 -0
    outer loop
      vertex 207.319 22.6635 2.5
      vertex 207.118 22.7865 13
      vertex 207.319 22.6635 13
    endloop
  endfacet
  facet normal 0.521965 0.852967 0
    outer loop
      vertex 207.118 22.7865 13
      vertex 207.319 22.6635 2.5
      vertex 207.118 22.7865 2.5
    endloop
  endfacet
  facet normal 0.85262 0.522532 0
    outer loop
      vertex 206.786 23.1183 13
      vertex 206.663 23.319 2.5
      vertex 206.663 23.319 13
    endloop
  endfacet
  facet normal 0.85262 0.522532 0
    outer loop
      vertex 206.663 23.319 2.5
      vertex 206.786 23.1183 13
      vertex 206.786 23.1183 2.5
    endloop
  endfacet
  facet normal -0.997072 0.0764691 0
    outer loop
      vertex 209.482 23.7653 2.5
      vertex 209.5 24 13
      vertex 209.5 24 2.5
    endloop
  endfacet
  facet normal -0.997072 0.0764691 0
    outer loop
      vertex 209.5 24 13
      vertex 209.482 23.7653 2.5
      vertex 209.482 23.7653 13
    endloop
  endfacet
  facet normal 0.760155 -0.649742 0
    outer loop
      vertex 206.786 24.8817 13
      vertex 206.939 25.0607 2.5
      vertex 206.939 25.0607 13
    endloop
  endfacet
  facet normal 0.760155 -0.649742 0
    outer loop
      vertex 206.939 25.0607 2.5
      vertex 206.786 24.8817 13
      vertex 206.786 24.8817 2.5
    endloop
  endfacet
  facet normal -0.972302 0.233727 0
    outer loop
      vertex 209.427 23.5365 2.5
      vertex 209.482 23.7653 13
      vertex 209.482 23.7653 2.5
    endloop
  endfacet
  facet normal -0.972302 0.233727 0
    outer loop
      vertex 209.482 23.7653 13
      vertex 209.427 23.5365 2.5
      vertex 209.427 23.5365 13
    endloop
  endfacet
  facet normal 0.760155 0.649742 0
    outer loop
      vertex 206.939 22.9393 13
      vertex 206.786 23.1183 2.5
      vertex 206.786 23.1183 13
    endloop
  endfacet
  facet normal 0.760155 0.649742 0
    outer loop
      vertex 206.786 23.1183 2.5
      vertex 206.939 22.9393 13
      vertex 206.939 22.9393 2.5
    endloop
  endfacet
  facet normal 0.233132 0.972445 -0
    outer loop
      vertex 207.765 22.5185 2.5
      vertex 207.536 22.5734 13
      vertex 207.765 22.5185 13
    endloop
  endfacet
  facet normal 0.233132 0.972445 0
    outer loop
      vertex 207.536 22.5734 13
      vertex 207.765 22.5185 2.5
      vertex 207.536 22.5734 2.5
    endloop
  endfacet
  facet normal 0.383467 0.923555 -0
    outer loop
      vertex 207.536 22.5734 2.5
      vertex 207.319 22.6635 13
      vertex 207.536 22.5734 13
    endloop
  endfacet
  facet normal 0.383467 0.923555 0
    outer loop
      vertex 207.319 22.6635 13
      vertex 207.536 22.5734 2.5
      vertex 207.319 22.6635 2.5
    endloop
  endfacet
  facet normal 0.924017 0.382352 0
    outer loop
      vertex 206.663 23.319 13
      vertex 206.573 23.5365 2.5
      vertex 206.573 23.5365 13
    endloop
  endfacet
  facet normal 0.924017 0.382352 0
    outer loop
      vertex 206.573 23.5365 2.5
      vertex 206.663 23.319 13
      vertex 206.663 23.319 2.5
    endloop
  endfacet
  facet normal -0.233132 -0.972445 0
    outer loop
      vertex 208.235 25.4815 2.5
      vertex 208.464 25.4266 13
      vertex 208.235 25.4815 13
    endloop
  endfacet
  facet normal -0.233132 -0.972445 -0
    outer loop
      vertex 208.464 25.4266 13
      vertex 208.235 25.4815 2.5
      vertex 208.464 25.4266 2.5
    endloop
  endfacet
  facet normal 0.64925 0.760575 -0
    outer loop
      vertex 207.118 22.7865 2.5
      vertex 206.939 22.9393 13
      vertex 207.118 22.7865 13
    endloop
  endfacet
  facet normal 0.64925 0.760575 0
    outer loop
      vertex 206.939 22.9393 13
      vertex 207.118 22.7865 2.5
      vertex 206.939 22.9393 2.5
    endloop
  endfacet
  facet normal 0.0784806 0.996916 -0
    outer loop
      vertex 208 22.5 2.5
      vertex 207.765 22.5185 13
      vertex 208 22.5 13
    endloop
  endfacet
  facet normal 0.0784806 0.996916 0
    outer loop
      vertex 207.765 22.5185 13
      vertex 208 22.5 2.5
      vertex 207.765 22.5185 2.5
    endloop
  endfacet
  facet normal -0.64925 -0.760575 0
    outer loop
      vertex 208.882 25.2135 2.5
      vertex 209.061 25.0607 13
      vertex 208.882 25.2135 13
    endloop
  endfacet
  facet normal -0.64925 -0.760575 -0
    outer loop
      vertex 209.061 25.0607 13
      vertex 208.882 25.2135 2.5
      vertex 209.061 25.0607 2.5
    endloop
  endfacet
  facet normal 0.924017 -0.382352 0
    outer loop
      vertex 206.573 24.4635 13
      vertex 206.663 24.681 2.5
      vertex 206.663 24.681 13
    endloop
  endfacet
  facet normal 0.924017 -0.382352 0
    outer loop
      vertex 206.663 24.681 2.5
      vertex 206.573 24.4635 13
      vertex 206.573 24.4635 2.5
    endloop
  endfacet
  facet normal -0.760155 0.649742 0
    outer loop
      vertex 209.061 22.9393 2.5
      vertex 209.214 23.1183 13
      vertex 209.214 23.1183 2.5
    endloop
  endfacet
  facet normal -0.760155 0.649742 0
    outer loop
      vertex 209.214 23.1183 13
      vertex 209.061 22.9393 2.5
      vertex 209.061 22.9393 13
    endloop
  endfacet
  facet normal -0.924017 0.382352 0
    outer loop
      vertex 205.147 104.927 2.5
      vertex 205.327 105.362 13
      vertex 205.327 105.362 2.5
    endloop
  endfacet
  facet normal -0.924017 0.382352 0
    outer loop
      vertex 205.327 105.362 13
      vertex 205.147 104.927 2.5
      vertex 205.147 104.927 13
    endloop
  endfacet
  facet normal 0.972349 0.233534 0
    outer loop
      vertex 210.963 104.469 13
      vertex 210.853 104.927 2.5
      vertex 210.853 104.927 13
    endloop
  endfacet
  facet normal 0.972349 0.233534 0
    outer loop
      vertex 210.853 104.927 2.5
      vertex 210.963 104.469 13
      vertex 210.963 104.469 2.5
    endloop
  endfacet
  facet normal 0.996903 0.0786469 0
    outer loop
      vertex 211 104 13
      vertex 210.963 104.469 2.5
      vertex 210.963 104.469 13
    endloop
  endfacet
  facet normal 0.996903 0.0786469 0
    outer loop
      vertex 210.963 104.469 2.5
      vertex 211 104 13
      vertex 211 104 2.5
    endloop
  endfacet
  facet normal 0.924017 0.382352 0
    outer loop
      vertex 210.853 104.927 13
      vertex 210.673 105.362 2.5
      vertex 210.673 105.362 13
    endloop
  endfacet
  facet normal 0.924017 0.382352 0
    outer loop
      vertex 210.673 105.362 2.5
      vertex 210.853 104.927 13
      vertex 210.853 104.927 2.5
    endloop
  endfacet
  facet normal 0.522911 -0.852387 0
    outer loop
      vertex 209.362 101.327 2.5
      vertex 209.763 101.573 13
      vertex 209.362 101.327 13
    endloop
  endfacet
  facet normal 0.522911 -0.852387 0
    outer loop
      vertex 209.763 101.573 13
      vertex 209.362 101.327 2.5
      vertex 209.763 101.573 2.5
    endloop
  endfacet
  facet normal 0.972349 -0.233534 0
    outer loop
      vertex 210.853 103.073 13
      vertex 210.963 103.531 2.5
      vertex 210.963 103.531 13
    endloop
  endfacet
  facet normal 0.972349 -0.233534 0
    outer loop
      vertex 210.963 103.531 2.5
      vertex 210.853 103.073 13
      vertex 210.853 103.073 2.5
    endloop
  endfacet
  facet normal 0.382352 -0.924017 0
    outer loop
      vertex 208.927 101.147 2.5
      vertex 209.362 101.327 13
      vertex 208.927 101.147 13
    endloop
  endfacet
  facet normal 0.382352 -0.924017 0
    outer loop
      vertex 209.362 101.327 13
      vertex 208.927 101.147 2.5
      vertex 209.362 101.327 2.5
    endloop
  endfacet
  facet normal -0.382352 0.924017 0
    outer loop
      vertex 207.073 106.853 2.5
      vertex 206.638 106.673 13
      vertex 207.073 106.853 13
    endloop
  endfacet
  facet normal -0.382352 0.924017 0
    outer loop
      vertex 206.638 106.673 13
      vertex 207.073 106.853 2.5
      vertex 206.638 106.673 2.5
    endloop
  endfacet
  facet normal -0.522911 0.852387 0
    outer loop
      vertex 206.638 106.673 2.5
      vertex 206.237 106.427 13
      vertex 206.638 106.673 13
    endloop
  endfacet
  facet normal -0.522911 0.852387 0
    outer loop
      vertex 206.237 106.427 13
      vertex 206.638 106.673 2.5
      vertex 206.237 106.427 2.5
    endloop
  endfacet
  facet normal 0.649742 0.760155 -0
    outer loop
      vertex 210.121 106.121 2.5
      vertex 209.763 106.427 13
      vertex 210.121 106.121 13
    endloop
  endfacet
  facet normal 0.649742 0.760155 0
    outer loop
      vertex 209.763 106.427 13
      vertex 210.121 106.121 2.5
      vertex 209.763 106.427 2.5
    endloop
  endfacet
  facet normal -0.233534 0.972349 0
    outer loop
      vertex 207.531 106.963 2.5
      vertex 207.073 106.853 13
      vertex 207.531 106.963 13
    endloop
  endfacet
  facet normal -0.233534 0.972349 0
    outer loop
      vertex 207.073 106.853 13
      vertex 207.531 106.963 2.5
      vertex 207.073 106.853 2.5
    endloop
  endfacet
  facet normal -0.924017 -0.382352 0
    outer loop
      vertex 205.327 102.638 2.5
      vertex 205.147 103.073 13
      vertex 205.147 103.073 2.5
    endloop
  endfacet
  facet normal -0.924017 -0.382352 0
    outer loop
      vertex 205.147 103.073 13
      vertex 205.327 102.638 2.5
      vertex 205.327 102.638 13
    endloop
  endfacet
  facet normal -0.0786469 0.996903 0
    outer loop
      vertex 208 107 2.5
      vertex 207.531 106.963 13
      vertex 208 107 13
    endloop
  endfacet
  facet normal -0.0786469 0.996903 0
    outer loop
      vertex 207.531 106.963 13
      vertex 208 107 2.5
      vertex 207.531 106.963 2.5
    endloop
  endfacet
  facet normal -0.233534 -0.972349 0
    outer loop
      vertex 207.073 101.147 2.5
      vertex 207.531 101.037 13
      vertex 207.073 101.147 13
    endloop
  endfacet
  facet normal -0.233534 -0.972349 -0
    outer loop
      vertex 207.531 101.037 13
      vertex 207.073 101.147 2.5
      vertex 207.531 101.037 2.5
    endloop
  endfacet
  facet normal 0.924017 -0.382352 0
    outer loop
      vertex 210.673 102.638 13
      vertex 210.853 103.073 2.5
      vertex 210.853 103.073 13
    endloop
  endfacet
  facet normal 0.924017 -0.382352 0
    outer loop
      vertex 210.853 103.073 2.5
      vertex 210.673 102.638 13
      vertex 210.673 102.638 2.5
    endloop
  endfacet
  facet normal -0.760155 -0.649742 0
    outer loop
      vertex 205.879 101.879 2.5
      vertex 205.573 102.237 13
      vertex 205.573 102.237 2.5
    endloop
  endfacet
  facet normal -0.760155 -0.649742 0
    outer loop
      vertex 205.573 102.237 13
      vertex 205.879 101.879 2.5
      vertex 205.879 101.879 13
    endloop
  endfacet
  facet normal -0.649742 0.760155 0
    outer loop
      vertex 206.237 106.427 2.5
      vertex 205.879 106.121 13
      vertex 206.237 106.427 13
    endloop
  endfacet
  facet normal -0.649742 0.760155 0
    outer loop
      vertex 205.879 106.121 13
      vertex 206.237 106.427 2.5
      vertex 205.879 106.121 2.5
    endloop
  endfacet
  facet normal 0.0786469 -0.996903 0
    outer loop
      vertex 208 101 2.5
      vertex 208.469 101.037 13
      vertex 208 101 13
    endloop
  endfacet
  facet normal 0.0786469 -0.996903 0
    outer loop
      vertex 208.469 101.037 13
      vertex 208 101 2.5
      vertex 208.469 101.037 2.5
    endloop
  endfacet
  facet normal -0.649742 -0.760155 0
    outer loop
      vertex 205.879 101.879 2.5
      vertex 206.237 101.573 13
      vertex 205.879 101.879 13
    endloop
  endfacet
  facet normal -0.649742 -0.760155 -0
    outer loop
      vertex 206.237 101.573 13
      vertex 205.879 101.879 2.5
      vertex 206.237 101.573 2.5
    endloop
  endfacet
  facet normal 0.852387 -0.522911 0
    outer loop
      vertex 210.427 102.237 13
      vertex 210.673 102.638 2.5
      vertex 210.673 102.638 13
    endloop
  endfacet
  facet normal 0.852387 -0.522911 0
    outer loop
      vertex 210.673 102.638 2.5
      vertex 210.427 102.237 13
      vertex 210.427 102.237 2.5
    endloop
  endfacet
  facet normal 0.852387 0.522911 0
    outer loop
      vertex 210.673 105.362 13
      vertex 210.427 105.763 2.5
      vertex 210.427 105.763 13
    endloop
  endfacet
  facet normal 0.852387 0.522911 0
    outer loop
      vertex 210.427 105.763 2.5
      vertex 210.673 105.362 13
      vertex 210.673 105.362 2.5
    endloop
  endfacet
  facet normal 0.760155 0.649742 0
    outer loop
      vertex 210.427 105.763 13
      vertex 210.121 106.121 2.5
      vertex 210.121 106.121 13
    endloop
  endfacet
  facet normal 0.760155 0.649742 0
    outer loop
      vertex 210.121 106.121 2.5
      vertex 210.427 105.763 13
      vertex 210.427 105.763 2.5
    endloop
  endfacet
  facet normal -0.760155 0.649742 0
    outer loop
      vertex 205.573 105.763 2.5
      vertex 205.879 106.121 13
      vertex 205.879 106.121 2.5
    endloop
  endfacet
  facet normal -0.760155 0.649742 0
    outer loop
      vertex 205.879 106.121 13
      vertex 205.573 105.763 2.5
      vertex 205.573 105.763 13
    endloop
  endfacet
  facet normal 0.0786469 0.996903 -0
    outer loop
      vertex 208.469 106.963 2.5
      vertex 208 107 13
      vertex 208.469 106.963 13
    endloop
  endfacet
  facet normal 0.0786469 0.996903 0
    outer loop
      vertex 208 107 13
      vertex 208.469 106.963 2.5
      vertex 208 107 2.5
    endloop
  endfacet
  facet normal 0.382352 0.924017 -0
    outer loop
      vertex 209.362 106.673 2.5
      vertex 208.927 106.853 13
      vertex 209.362 106.673 13
    endloop
  endfacet
  facet normal 0.382352 0.924017 0
    outer loop
      vertex 208.927 106.853 13
      vertex 209.362 106.673 2.5
      vertex 208.927 106.853 2.5
    endloop
  endfacet
  facet normal -0.972349 0.233534 0
    outer loop
      vertex 205.037 104.469 2.5
      vertex 205.147 104.927 13
      vertex 205.147 104.927 2.5
    endloop
  endfacet
  facet normal -0.972349 0.233534 0
    outer loop
      vertex 205.147 104.927 13
      vertex 205.037 104.469 2.5
      vertex 205.037 104.469 13
    endloop
  endfacet
  facet normal -0.972349 -0.233534 0
    outer loop
      vertex 205.147 103.073 2.5
      vertex 205.037 103.531 13
      vertex 205.037 103.531 2.5
    endloop
  endfacet
  facet normal -0.972349 -0.233534 0
    outer loop
      vertex 205.037 103.531 13
      vertex 205.147 103.073 2.5
      vertex 205.147 103.073 13
    endloop
  endfacet
  facet normal 0.522911 0.852387 -0
    outer loop
      vertex 209.763 106.427 2.5
      vertex 209.362 106.673 13
      vertex 209.763 106.427 13
    endloop
  endfacet
  facet normal 0.522911 0.852387 0
    outer loop
      vertex 209.362 106.673 13
      vertex 209.763 106.427 2.5
      vertex 209.362 106.673 2.5
    endloop
  endfacet
  facet normal 0.233534 -0.972349 0
    outer loop
      vertex 208.469 101.037 2.5
      vertex 208.927 101.147 13
      vertex 208.469 101.037 13
    endloop
  endfacet
  facet normal 0.233534 -0.972349 0
    outer loop
      vertex 208.927 101.147 13
      vertex 208.469 101.037 2.5
      vertex 208.927 101.147 2.5
    endloop
  endfacet
  facet normal 0.996903 -0.0786469 0
    outer loop
      vertex 210.963 103.531 13
      vertex 211 104 2.5
      vertex 211 104 13
    endloop
  endfacet
  facet normal 0.996903 -0.0786469 0
    outer loop
      vertex 211 104 2.5
      vertex 210.963 103.531 13
      vertex 210.963 103.531 2.5
    endloop
  endfacet
  facet normal 0.760155 -0.649742 0
    outer loop
      vertex 210.121 101.879 13
      vertex 210.427 102.237 2.5
      vertex 210.427 102.237 13
    endloop
  endfacet
  facet normal 0.760155 -0.649742 0
    outer loop
      vertex 210.427 102.237 2.5
      vertex 210.121 101.879 13
      vertex 210.121 101.879 2.5
    endloop
  endfacet
  facet normal -0.852387 -0.522911 0
    outer loop
      vertex 205.573 102.237 2.5
      vertex 205.327 102.638 13
      vertex 205.327 102.638 2.5
    endloop
  endfacet
  facet normal -0.852387 -0.522911 0
    outer loop
      vertex 205.327 102.638 13
      vertex 205.573 102.237 2.5
      vertex 205.573 102.237 13
    endloop
  endfacet
  facet normal -0.996903 -0.0786469 0
    outer loop
      vertex 205.037 103.531 2.5
      vertex 205 104 13
      vertex 205 104 2.5
    endloop
  endfacet
  facet normal -0.996903 -0.0786469 0
    outer loop
      vertex 205 104 13
      vertex 205.037 103.531 2.5
      vertex 205.037 103.531 13
    endloop
  endfacet
  facet normal -0.0786469 -0.996903 0
    outer loop
      vertex 207.531 101.037 2.5
      vertex 208 101 13
      vertex 207.531 101.037 13
    endloop
  endfacet
  facet normal -0.0786469 -0.996903 -0
    outer loop
      vertex 208 101 13
      vertex 207.531 101.037 2.5
      vertex 208 101 2.5
    endloop
  endfacet
  facet normal 0.233534 0.972349 -0
    outer loop
      vertex 208.927 106.853 2.5
      vertex 208.469 106.963 13
      vertex 208.927 106.853 13
    endloop
  endfacet
  facet normal 0.233534 0.972349 0
    outer loop
      vertex 208.469 106.963 13
      vertex 208.927 106.853 2.5
      vertex 208.469 106.963 2.5
    endloop
  endfacet
  facet normal -0.522911 -0.852387 0
    outer loop
      vertex 206.237 101.573 2.5
      vertex 206.638 101.327 13
      vertex 206.237 101.573 13
    endloop
  endfacet
  facet normal -0.522911 -0.852387 -0
    outer loop
      vertex 206.638 101.327 13
      vertex 206.237 101.573 2.5
      vertex 206.638 101.327 2.5
    endloop
  endfacet
  facet normal 0 0 1
    outer loop
      vertex 209.5 104 13
      vertex 211 104 13
      vertex 210.963 104.469 13
    endloop
  endfacet
  facet normal 0 0 1
    outer loop
      vertex 209.482 104.235 13
      vertex 210.963 104.469 13
      vertex 210.853 104.927 13
    endloop
  endfacet
  facet normal 0 0 1
    outer loop
      vertex 211 104 13
      vertex 209.5 104 13
      vertex 210.963 103.531 13
    endloop
  endfacet
  facet normal 0 0 1
    outer loop
      vertex 209.427 104.464 13
      vertex 210.853 104.927 13
      vertex 210.673 105.362 13
    endloop
  endfacet
  facet normal -0 0 1
    outer loop
      vertex 209.482 103.765 13
      vertex 210.963 103.531 13
      vertex 209.5 104 13
    endloop
  endfacet
  facet normal 0 0 1
    outer loop
      vertex 209.337 104.681 13
      vertex 210.673 105.362 13
      vertex 210.427 105.763 13
    endloop
  endfacet
  facet normal 0 0 1
    outer loop
      vertex 210.963 103.531 13
      vertex 209.482 103.765 13
      vertex 210.853 103.073 13
    endloop
  endfacet
  facet normal 0 0 1
    outer loop
      vertex 209.214 104.882 13
      vertex 210.427 105.763 13
      vertex 210.121 106.121 13
    endloop
  endfacet
  facet normal -0 0 1
    outer loop
      vertex 209.427 103.536 13
      vertex 210.853 103.073 13
      vertex 209.482 103.765 13
    endloop
  endfacet
  facet normal 0 0 1
    outer loop
      vertex 209.061 105.061 13
      vertex 210.121 106.121 13
      vertex 209.763 106.427 13
    endloop
  endfacet
  facet normal 0 0 1
    outer loop
      vertex 210.853 103.073 13
      vertex 209.427 103.536 13
      vertex 210.673 102.638 13
    endloop
  endfacet
  facet normal -0 0 1
    outer loop
      vertex 209.337 103.319 13
      vertex 210.673 102.638 13
      vertex 209.427 103.536 13
    endloop
  endfacet
  facet normal 0 0 1
    outer loop
      vertex 210.963 104.469 13
      vertex 209.482 104.235 13
      vertex 209.5 104 13
    endloop
  endfacet
  facet normal 0 0 1
    outer loop
      vertex 210.853 104.927 13
      vertex 209.427 104.464 13
      vertex 209.482 104.235 13
    endloop
  endfacet
  facet normal 0 0 1
    outer loop
      vertex 208.882 105.214 13
      vertex 209.763 106.427 13
      vertex 209.362 106.673 13
    endloop
  endfacet
  facet normal 0 0 1
    outer loop
      vertex 210.673 105.362 13
      vertex 209.337 104.681 13
      vertex 209.427 104.464 13
    endloop
  endfacet
  facet normal 0 0 1
    outer loop
      vertex 210.427 105.763 13
      vertex 209.214 104.882 13
      vertex 209.337 104.681 13
    endloop
  endfacet
  facet normal 0 0 1
    outer loop
      vertex 210.121 106.121 13
      vertex 209.061 105.061 13
      vertex 209.214 104.882 13
    endloop
  endfacet
  facet normal 0 0 1
    outer loop
      vertex 208.681 105.337 13
      vertex 209.362 106.673 13
      vertex 208.927 106.853 13
    endloop
  endfacet
  facet normal 0 0 1
    outer loop
      vertex 209.763 106.427 13
      vertex 208.882 105.214 13
      vertex 209.061 105.061 13
    endloop
  endfacet
  facet normal 0 0 1
    outer loop
      vertex 209.362 106.673 13
      vertex 208.681 105.337 13
      vertex 208.882 105.214 13
    endloop
  endfacet
  facet normal 0 0 1
    outer loop
      vertex 208.464 105.427 13
      vertex 208.927 106.853 13
      vertex 208.469 106.963 13
    endloop
  endfacet
  facet normal 0 0 1
    outer loop
      vertex 208.927 106.853 13
      vertex 208.464 105.427 13
      vertex 208.681 105.337 13
    endloop
  endfacet
  facet normal 0 0 1
    outer loop
      vertex 208.469 106.963 13
      vertex 208.235 105.482 13
      vertex 208.464 105.427 13
    endloop
  endfacet
  facet normal 0 0 1
    outer loop
      vertex 208 107 13
      vertex 208.235 105.482 13
      vertex 208.469 106.963 13
    endloop
  endfacet
  facet normal 0 0 1
    outer loop
      vertex 208 107 13
      vertex 208 105.5 13
      vertex 208.235 105.482 13
    endloop
  endfacet
  facet normal 0 0 1
    outer loop
      vertex 208 107 13
      vertex 207.765 105.482 13
      vertex 208 105.5 13
    endloop
  endfacet
  facet normal -0 0 1
    outer loop
      vertex 207.531 106.963 13
      vertex 207.765 105.482 13
      vertex 208 107 13
    endloop
  endfacet
  facet normal 0 0 1
    outer loop
      vertex 207.765 105.482 13
      vertex 207.531 106.963 13
      vertex 207.536 105.427 13
    endloop
  endfacet
  facet normal -0 0 1
    outer loop
      vertex 207.073 106.853 13
      vertex 207.536 105.427 13
      vertex 207.531 106.963 13
    endloop
  endfacet
  facet normal 0 0 1
    outer loop
      vertex 207.536 105.427 13
      vertex 207.073 106.853 13
      vertex 207.319 105.337 13
    endloop
  endfacet
  facet normal -0 0 1
    outer loop
      vertex 206.638 106.673 13
      vertex 207.319 105.337 13
      vertex 207.073 106.853 13
    endloop
  endfacet
  facet normal 0 0 1
    outer loop
      vertex 207.319 105.337 13
      vertex 206.638 106.673 13
      vertex 207.118 105.214 13
    endloop
  endfacet
  facet normal -0 0 1
    outer loop
      vertex 206.237 106.427 13
      vertex 207.118 105.214 13
      vertex 206.638 106.673 13
    endloop
  endfacet
  facet normal 0 0 1
    outer loop
      vertex 207.118 105.214 13
      vertex 206.237 106.427 13
      vertex 206.939 105.061 13
    endloop
  endfacet
  facet normal -0 0 1
    outer loop
      vertex 205.879 106.121 13
      vertex 206.939 105.061 13
      vertex 206.237 106.427 13
    endloop
  endfacet
  facet normal 0 0 1
    outer loop
      vertex 206.939 105.061 13
      vertex 205.879 106.121 13
      vertex 206.786 104.882 13
    endloop
  endfacet
  facet normal -0 0 1
    outer loop
      vertex 205.573 105.763 13
      vertex 206.786 104.882 13
      vertex 205.879 106.121 13
    endloop
  endfacet
  facet normal 0 0 1
    outer loop
      vertex 206.786 104.882 13
      vertex 205.573 105.763 13
      vertex 206.663 104.681 13
    endloop
  endfacet
  facet normal -0 0 1
    outer loop
      vertex 205.327 105.362 13
      vertex 206.663 104.681 13
      vertex 205.573 105.763 13
    endloop
  endfacet
  facet normal 0 0 1
    outer loop
      vertex 210.673 102.638 13
      vertex 209.337 103.319 13
      vertex 210.427 102.237 13
    endloop
  endfacet
  facet normal -0 0 1
    outer loop
      vertex 209.214 103.118 13
      vertex 210.427 102.237 13
      vertex 209.337 103.319 13
    endloop
  endfacet
  facet normal 0 0 1
    outer loop
      vertex 210.427 102.237 13
      vertex 209.214 103.118 13
      vertex 210.121 101.879 13
    endloop
  endfacet
  facet normal -0 0 1
    outer loop
      vertex 209.061 102.939 13
      vertex 210.121 101.879 13
      vertex 209.214 103.118 13
    endloop
  endfacet
  facet normal 0 0 1
    outer loop
      vertex 210.121 101.879 13
      vertex 209.061 102.939 13
      vertex 209.763 101.573 13
    endloop
  endfacet
  facet normal -0 0 1
    outer loop
      vertex 208.882 102.786 13
      vertex 209.763 101.573 13
      vertex 209.061 102.939 13
    endloop
  endfacet
  facet normal 0 0 1
    outer loop
      vertex 209.763 101.573 13
      vertex 208.882 102.786 13
      vertex 209.362 101.327 13
    endloop
  endfacet
  facet normal -0 0 1
    outer loop
      vertex 208.681 102.663 13
      vertex 209.362 101.327 13
      vertex 208.882 102.786 13
    endloop
  endfacet
  facet normal 0 0 1
    outer loop
      vertex 209.362 101.327 13
      vertex 208.681 102.663 13
      vertex 208.927 101.147 13
    endloop
  endfacet
  facet normal -0 0 1
    outer loop
      vertex 208.464 102.573 13
      vertex 208.927 101.147 13
      vertex 208.681 102.663 13
    endloop
  endfacet
  facet normal 0 0 1
    outer loop
      vertex 208.927 101.147 13
      vertex 208.464 102.573 13
      vertex 208.469 101.037 13
    endloop
  endfacet
  facet normal -0 0 1
    outer loop
      vertex 208.235 102.518 13
      vertex 208.469 101.037 13
      vertex 208.464 102.573 13
    endloop
  endfacet
  facet normal -0 0 1
    outer loop
      vertex 208 102.5 13
      vertex 208.469 101.037 13
      vertex 208.235 102.518 13
    endloop
  endfacet
  facet normal 0 0 1
    outer loop
      vertex 208 102.5 13
      vertex 208 101 13
      vertex 208.469 101.037 13
    endloop
  endfacet
  facet normal 0 0 1
    outer loop
      vertex 207.765 102.518 13
      vertex 208 101 13
      vertex 208 102.5 13
    endloop
  endfacet
  facet normal 0 0 1
    outer loop
      vertex 207.531 101.037 13
      vertex 207.765 102.518 13
      vertex 207.536 102.573 13
    endloop
  endfacet
  facet normal 0 0 1
    outer loop
      vertex 207.765 102.518 13
      vertex 207.531 101.037 13
      vertex 208 101 13
    endloop
  endfacet
  facet normal 0 0 1
    outer loop
      vertex 207.073 101.147 13
      vertex 207.536 102.573 13
      vertex 207.319 102.663 13
    endloop
  endfacet
  facet normal 0 0 1
    outer loop
      vertex 206.638 101.327 13
      vertex 207.319 102.663 13
      vertex 207.118 102.786 13
    endloop
  endfacet
  facet normal 0 0 1
    outer loop
      vertex 207.536 102.573 13
      vertex 207.073 101.147 13
      vertex 207.531 101.037 13
    endloop
  endfacet
  facet normal 0 0 1
    outer loop
      vertex 206.237 101.573 13
      vertex 207.118 102.786 13
      vertex 206.939 102.939 13
    endloop
  endfacet
  facet normal 0 0 1
    outer loop
      vertex 205.879 101.879 13
      vertex 206.939 102.939 13
      vertex 206.786 103.118 13
    endloop
  endfacet
  facet normal 0 0 1
    outer loop
      vertex 205.573 102.237 13
      vertex 206.786 103.118 13
      vertex 206.663 103.319 13
    endloop
  endfacet
  facet normal 0 0 1
    outer loop
      vertex 207.319 102.663 13
      vertex 206.638 101.327 13
      vertex 207.073 101.147 13
    endloop
  endfacet
  facet normal 0 0 1
    outer loop
      vertex 205.327 102.638 13
      vertex 206.663 103.319 13
      vertex 206.573 103.536 13
    endloop
  endfacet
  facet normal 0 0 1
    outer loop
      vertex 205.147 103.073 13
      vertex 206.573 103.536 13
      vertex 206.518 103.765 13
    endloop
  endfacet
  facet normal 0 0 1
    outer loop
      vertex 205.037 103.531 13
      vertex 206.518 103.765 13
      vertex 206.5 104 13
    endloop
  endfacet
  facet normal 0 0 1
    outer loop
      vertex 206.663 104.681 13
      vertex 205.327 105.362 13
      vertex 206.573 104.464 13
    endloop
  endfacet
  facet normal 0 0 1
    outer loop
      vertex 207.118 102.786 13
      vertex 206.237 101.573 13
      vertex 206.638 101.327 13
    endloop
  endfacet
  facet normal -0 0 1
    outer loop
      vertex 205.147 104.927 13
      vertex 206.573 104.464 13
      vertex 205.327 105.362 13
    endloop
  endfacet
  facet normal 0 0 1
    outer loop
      vertex 206.939 102.939 13
      vertex 205.879 101.879 13
      vertex 206.237 101.573 13
    endloop
  endfacet
  facet normal 0 0 1
    outer loop
      vertex 206.573 104.464 13
      vertex 205.147 104.927 13
      vertex 206.518 104.235 13
    endloop
  endfacet
  facet normal 0 0 1
    outer loop
      vertex 206.786 103.118 13
      vertex 205.573 102.237 13
      vertex 205.879 101.879 13
    endloop
  endfacet
  facet normal -0 0 1
    outer loop
      vertex 205.037 104.469 13
      vertex 206.518 104.235 13
      vertex 205.147 104.927 13
    endloop
  endfacet
  facet normal 0 0 1
    outer loop
      vertex 206.663 103.319 13
      vertex 205.327 102.638 13
      vertex 205.573 102.237 13
    endloop
  endfacet
  facet normal 0 0 1
    outer loop
      vertex 206.518 104.235 13
      vertex 205.037 104.469 13
      vertex 206.5 104 13
    endloop
  endfacet
  facet normal 0 0 1
    outer loop
      vertex 206.573 103.536 13
      vertex 205.147 103.073 13
      vertex 205.327 102.638 13
    endloop
  endfacet
  facet normal 0 0 1
    outer loop
      vertex 205 104 13
      vertex 206.5 104 13
      vertex 205.037 104.469 13
    endloop
  endfacet
  facet normal 0 0 1
    outer loop
      vertex 206.518 103.765 13
      vertex 205.037 103.531 13
      vertex 205.147 103.073 13
    endloop
  endfacet
  facet normal 0 0 1
    outer loop
      vertex 206.5 104 13
      vertex 205 104 13
      vertex 205.037 103.531 13
    endloop
  endfacet
  facet normal -0.382352 -0.924017 0
    outer loop
      vertex 206.638 101.327 2.5
      vertex 207.073 101.147 13
      vertex 206.638 101.327 13
    endloop
  endfacet
  facet normal -0.382352 -0.924017 -0
    outer loop
      vertex 207.073 101.147 13
      vertex 206.638 101.327 2.5
      vertex 207.073 101.147 2.5
    endloop
  endfacet
  facet normal -0.996903 0.0786469 0
    outer loop
      vertex 205 104 2.5
      vertex 205.037 104.469 13
      vertex 205.037 104.469 2.5
    endloop
  endfacet
  facet normal -0.996903 0.0786469 0
    outer loop
      vertex 205.037 104.469 13
      vertex 205 104 2.5
      vertex 205 104 13
    endloop
  endfacet
  facet normal -0.852387 0.522911 0
    outer loop
      vertex 205.327 105.362 2.5
      vertex 205.573 105.763 13
      vertex 205.573 105.763 2.5
    endloop
  endfacet
  facet normal -0.852387 0.522911 0
    outer loop
      vertex 205.573 105.763 13
      vertex 205.327 105.362 2.5
      vertex 205.327 105.362 13
    endloop
  endfacet
  facet normal 0.649742 -0.760155 0
    outer loop
      vertex 209.763 101.573 2.5
      vertex 210.121 101.879 13
      vertex 209.763 101.573 13
    endloop
  endfacet
  facet normal 0.649742 -0.760155 0
    outer loop
      vertex 210.121 101.879 13
      vertex 209.763 101.573 2.5
      vertex 210.121 101.879 2.5
    endloop
  endfacet
  facet normal -0.972349 -0.233534 0
    outer loop
      vertex 209.482 104.235 2.5
      vertex 209.427 104.464 13
      vertex 209.427 104.464 2.5
    endloop
  endfacet
  facet normal -0.972349 -0.233534 0
    outer loop
      vertex 209.427 104.464 13
      vertex 209.482 104.235 2.5
      vertex 209.482 104.235 13
    endloop
  endfacet
  facet normal -0.997079 -0.076372 0
    outer loop
      vertex 209.5 104 2.5
      vertex 209.482 104.235 13
      vertex 209.482 104.235 2.5
    endloop
  endfacet
  facet normal -0.997079 -0.076372 0
    outer loop
      vertex 209.482 104.235 13
      vertex 209.5 104 2.5
      vertex 209.5 104 13
    endloop
  endfacet
  facet normal -0.923705 -0.383104 0
    outer loop
      vertex 209.427 104.464 2.5
      vertex 209.337 104.681 13
      vertex 209.337 104.681 2.5
    endloop
  endfacet
  facet normal -0.923705 -0.383104 0
    outer loop
      vertex 209.337 104.681 13
      vertex 209.427 104.464 2.5
      vertex 209.427 104.464 13
    endloop
  endfacet
  facet normal -0.649742 0.760155 0
    outer loop
      vertex 209.061 102.939 2.5
      vertex 208.882 102.786 13
      vertex 209.061 102.939 13
    endloop
  endfacet
  facet normal -0.649742 0.760155 0
    outer loop
      vertex 208.882 102.786 13
      vertex 209.061 102.939 2.5
      vertex 208.882 102.786 2.5
    endloop
  endfacet
  facet normal -0.521965 0.852967 0
    outer loop
      vertex 208.882 102.786 2.5
      vertex 208.681 102.663 13
      vertex 208.882 102.786 13
    endloop
  endfacet
  facet normal -0.521965 0.852967 0
    outer loop
      vertex 208.681 102.663 13
      vertex 208.882 102.786 2.5
      vertex 208.681 102.663 2.5
    endloop
  endfacet
  facet normal 0.972349 -0.233534 0
    outer loop
      vertex 206.518 104.235 13
      vertex 206.573 104.464 2.5
      vertex 206.573 104.464 13
    endloop
  endfacet
  facet normal 0.972349 -0.233534 0
    outer loop
      vertex 206.573 104.464 2.5
      vertex 206.518 104.235 13
      vertex 206.518 104.235 2.5
    endloop
  endfacet
  facet normal -0.760155 -0.649742 0
    outer loop
      vertex 209.214 104.882 2.5
      vertex 209.061 105.061 13
      vertex 209.061 105.061 2.5
    endloop
  endfacet
  facet normal -0.760155 -0.649742 0
    outer loop
      vertex 209.061 105.061 13
      vertex 209.214 104.882 2.5
      vertex 209.214 104.882 13
    endloop
  endfacet
  facet normal 0.997079 -0.076372 0
    outer loop
      vertex 206.5 104 13
      vertex 206.518 104.235 2.5
      vertex 206.518 104.235 13
    endloop
  endfacet
  facet normal 0.997079 -0.076372 0
    outer loop
      vertex 206.518 104.235 2.5
      vertex 206.5 104 13
      vertex 206.5 104 2.5
    endloop
  endfacet
  facet normal 0.852967 -0.521965 0
    outer loop
      vertex 206.663 104.681 13
      vertex 206.786 104.882 2.5
      vertex 206.786 104.882 13
    endloop
  endfacet
  facet normal 0.852967 -0.521965 0
    outer loop
      vertex 206.786 104.882 2.5
      vertex 206.663 104.681 13
      vertex 206.663 104.681 2.5
    endloop
  endfacet
  facet normal 0.521965 -0.852967 0
    outer loop
      vertex 207.118 105.214 2.5
      vertex 207.319 105.337 13
      vertex 207.118 105.214 13
    endloop
  endfacet
  facet normal 0.521965 -0.852967 0
    outer loop
      vertex 207.319 105.337 13
      vertex 207.118 105.214 2.5
      vertex 207.319 105.337 2.5
    endloop
  endfacet
  facet normal -0.923705 0.383104 0
    outer loop
      vertex 209.337 103.319 2.5
      vertex 209.427 103.536 13
      vertex 209.427 103.536 2.5
    endloop
  endfacet
  facet normal -0.923705 0.383104 0
    outer loop
      vertex 209.427 103.536 13
      vertex 209.337 103.319 2.5
      vertex 209.337 103.319 13
    endloop
  endfacet
  facet normal -0.852967 0.521965 0
    outer loop
      vertex 209.214 103.118 2.5
      vertex 209.337 103.319 13
      vertex 209.337 103.319 2.5
    endloop
  endfacet
  facet normal -0.852967 0.521965 0
    outer loop
      vertex 209.337 103.319 13
      vertex 209.214 103.118 2.5
      vertex 209.214 103.118 13
    endloop
  endfacet
  facet normal 0.383104 -0.923705 0
    outer loop
      vertex 207.319 105.337 2.5
      vertex 207.536 105.427 13
      vertex 207.319 105.337 13
    endloop
  endfacet
  facet normal 0.383104 -0.923705 0
    outer loop
      vertex 207.536 105.427 13
      vertex 207.319 105.337 2.5
      vertex 207.536 105.427 2.5
    endloop
  endfacet
  facet normal 0.972349 0.233534 0
    outer loop
      vertex 206.573 103.536 13
      vertex 206.518 103.765 2.5
      vertex 206.518 103.765 13
    endloop
  endfacet
  facet normal 0.972349 0.233534 0
    outer loop
      vertex 206.518 103.765 2.5
      vertex 206.573 103.536 13
      vertex 206.573 103.536 2.5
    endloop
  endfacet
  facet normal -0.233534 0.972349 0
    outer loop
      vertex 208.464 102.573 2.5
      vertex 208.235 102.518 13
      vertex 208.464 102.573 13
    endloop
  endfacet
  facet normal -0.233534 0.972349 0
    outer loop
      vertex 208.235 102.518 13
      vertex 208.464 102.573 2.5
      vertex 208.235 102.518 2.5
    endloop
  endfacet
  facet normal -0.076372 0.997079 0
    outer loop
      vertex 208.235 102.518 2.5
      vertex 208 102.5 13
      vertex 208.235 102.518 13
    endloop
  endfacet
  facet normal -0.076372 0.997079 0
    outer loop
      vertex 208 102.5 13
      vertex 208.235 102.518 2.5
      vertex 208 102.5 2.5
    endloop
  endfacet
  facet normal 0.649742 -0.760155 0
    outer loop
      vertex 206.939 105.061 2.5
      vertex 207.118 105.214 13
      vertex 206.939 105.061 13
    endloop
  endfacet
  facet normal 0.649742 -0.760155 0
    outer loop
      vertex 207.118 105.214 13
      vertex 206.939 105.061 2.5
      vertex 207.118 105.214 2.5
    endloop
  endfacet
  facet normal -0.852967 -0.521965 0
    outer loop
      vertex 209.337 104.681 2.5
      vertex 209.214 104.882 13
      vertex 209.214 104.882 2.5
    endloop
  endfacet
  facet normal -0.852967 -0.521965 0
    outer loop
      vertex 209.214 104.882 13
      vertex 209.337 104.681 2.5
      vertex 209.337 104.681 13
    endloop
  endfacet
  facet normal 0.076372 -0.997079 0
    outer loop
      vertex 207.765 105.482 2.5
      vertex 208 105.5 13
      vertex 207.765 105.482 13
    endloop
  endfacet
  facet normal 0.076372 -0.997079 0
    outer loop
      vertex 208 105.5 13
      vertex 207.765 105.482 2.5
      vertex 208 105.5 2.5
    endloop
  endfacet
  facet normal -0.383104 -0.923705 0
    outer loop
      vertex 208.464 105.427 2.5
      vertex 208.681 105.337 13
      vertex 208.464 105.427 13
    endloop
  endfacet
  facet normal -0.383104 -0.923705 -0
    outer loop
      vertex 208.681 105.337 13
      vertex 208.464 105.427 2.5
      vertex 208.681 105.337 2.5
    endloop
  endfacet
  facet normal 0.997079 0.076372 0
    outer loop
      vertex 206.518 103.765 13
      vertex 206.5 104 2.5
      vertex 206.5 104 13
    endloop
  endfacet
  facet normal 0.997079 0.076372 0
    outer loop
      vertex 206.5 104 2.5
      vertex 206.518 103.765 13
      vertex 206.518 103.765 2.5
    endloop
  endfacet
  facet normal 0.233534 -0.972349 0
    outer loop
      vertex 207.536 105.427 2.5
      vertex 207.765 105.482 13
      vertex 207.536 105.427 13
    endloop
  endfacet
  facet normal 0.233534 -0.972349 0
    outer loop
      vertex 207.765 105.482 13
      vertex 207.536 105.427 2.5
      vertex 207.765 105.482 2.5
    endloop
  endfacet
  facet normal -0.521965 -0.852967 0
    outer loop
      vertex 208.681 105.337 2.5
      vertex 208.882 105.214 13
      vertex 208.681 105.337 13
    endloop
  endfacet
  facet normal -0.521965 -0.852967 -0
    outer loop
      vertex 208.882 105.214 13
      vertex 208.681 105.337 2.5
      vertex 208.882 105.214 2.5
    endloop
  endfacet
  facet normal -0.076372 -0.997079 0
    outer loop
      vertex 208 105.5 2.5
      vertex 208.235 105.482 13
      vertex 208 105.5 13
    endloop
  endfacet
  facet normal -0.076372 -0.997079 -0
    outer loop
      vertex 208.235 105.482 13
      vertex 208 105.5 2.5
      vertex 208.235 105.482 2.5
    endloop
  endfacet
  facet normal -0.383104 0.923705 0
    outer loop
      vertex 208.681 102.663 2.5
      vertex 208.464 102.573 13
      vertex 208.681 102.663 13
    endloop
  endfacet
  facet normal -0.383104 0.923705 0
    outer loop
      vertex 208.464 102.573 13
      vertex 208.681 102.663 2.5
      vertex 208.464 102.573 2.5
    endloop
  endfacet
  facet normal 0.521965 0.852967 -0
    outer loop
      vertex 207.319 102.663 2.5
      vertex 207.118 102.786 13
      vertex 207.319 102.663 13
    endloop
  endfacet
  facet normal 0.521965 0.852967 0
    outer loop
      vertex 207.118 102.786 13
      vertex 207.319 102.663 2.5
      vertex 207.118 102.786 2.5
    endloop
  endfacet
  facet normal 0.852967 0.521965 0
    outer loop
      vertex 206.786 103.118 13
      vertex 206.663 103.319 2.5
      vertex 206.663 103.319 13
    endloop
  endfacet
  facet normal 0.852967 0.521965 0
    outer loop
      vertex 206.663 103.319 2.5
      vertex 206.786 103.118 13
      vertex 206.786 103.118 2.5
    endloop
  endfacet
  facet normal -0.997079 0.076372 0
    outer loop
      vertex 209.482 103.765 2.5
      vertex 209.5 104 13
      vertex 209.5 104 2.5
    endloop
  endfacet
  facet normal -0.997079 0.076372 0
    outer loop
      vertex 209.5 104 13
      vertex 209.482 103.765 2.5
      vertex 209.482 103.765 13
    endloop
  endfacet
  facet normal 0.760155 -0.649742 0
    outer loop
      vertex 206.786 104.882 13
      vertex 206.939 105.061 2.5
      vertex 206.939 105.061 13
    endloop
  endfacet
  facet normal 0.760155 -0.649742 0
    outer loop
      vertex 206.939 105.061 2.5
      vertex 206.786 104.882 13
      vertex 206.786 104.882 2.5
    endloop
  endfacet
  facet normal -0.972349 0.233534 0
    outer loop
      vertex 209.427 103.536 2.5
      vertex 209.482 103.765 13
      vertex 209.482 103.765 2.5
    endloop
  endfacet
  facet normal -0.972349 0.233534 0
    outer loop
      vertex 209.482 103.765 13
      vertex 209.427 103.536 2.5
      vertex 209.427 103.536 13
    endloop
  endfacet
  facet normal 0.760155 0.649742 0
    outer loop
      vertex 206.939 102.939 13
      vertex 206.786 103.118 2.5
      vertex 206.786 103.118 13
    endloop
  endfacet
  facet normal 0.760155 0.649742 0
    outer loop
      vertex 206.786 103.118 2.5
      vertex 206.939 102.939 13
      vertex 206.939 102.939 2.5
    endloop
  endfacet
  facet normal 0.233534 0.972349 -0
    outer loop
      vertex 207.765 102.518 2.5
      vertex 207.536 102.573 13
      vertex 207.765 102.518 13
    endloop
  endfacet
  facet normal 0.233534 0.972349 0
    outer loop
      vertex 207.536 102.573 13
      vertex 207.765 102.518 2.5
      vertex 207.536 102.573 2.5
    endloop
  endfacet
  facet normal 0.383104 0.923705 -0
    outer loop
      vertex 207.536 102.573 2.5
      vertex 207.319 102.663 13
      vertex 207.536 102.573 13
    endloop
  endfacet
  facet normal 0.383104 0.923705 0
    outer loop
      vertex 207.319 102.663 13
      vertex 207.536 102.573 2.5
      vertex 207.319 102.663 2.5
    endloop
  endfacet
  facet normal 0.923705 0.383104 0
    outer loop
      vertex 206.663 103.319 13
      vertex 206.573 103.536 2.5
      vertex 206.573 103.536 13
    endloop
  endfacet
  facet normal 0.923705 0.383104 0
    outer loop
      vertex 206.573 103.536 2.5
      vertex 206.663 103.319 13
      vertex 206.663 103.319 2.5
    endloop
  endfacet
  facet normal -0.233534 -0.972349 0
    outer loop
      vertex 208.235 105.482 2.5
      vertex 208.464 105.427 13
      vertex 208.235 105.482 13
    endloop
  endfacet
  facet normal -0.233534 -0.972349 -0
    outer loop
      vertex 208.464 105.427 13
      vertex 208.235 105.482 2.5
      vertex 208.464 105.427 2.5
    endloop
  endfacet
  facet normal 0.649742 0.760155 -0
    outer loop
      vertex 207.118 102.786 2.5
      vertex 206.939 102.939 13
      vertex 207.118 102.786 13
    endloop
  endfacet
  facet normal 0.649742 0.760155 0
    outer loop
      vertex 206.939 102.939 13
      vertex 207.118 102.786 2.5
      vertex 206.939 102.939 2.5
    endloop
  endfacet
  facet normal 0.076372 0.997079 -0
    outer loop
      vertex 208 102.5 2.5
      vertex 207.765 102.518 13
      vertex 208 102.5 13
    endloop
  endfacet
  facet normal 0.076372 0.997079 0
    outer loop
      vertex 207.765 102.518 13
      vertex 208 102.5 2.5
      vertex 207.765 102.518 2.5
    endloop
  endfacet
  facet normal -0.649742 -0.760155 0
    outer loop
      vertex 208.882 105.214 2.5
      vertex 209.061 105.061 13
      vertex 208.882 105.214 13
    endloop
  endfacet
  facet normal -0.649742 -0.760155 -0
    outer loop
      vertex 209.061 105.061 13
      vertex 208.882 105.214 2.5
      vertex 209.061 105.061 2.5
    endloop
  endfacet
  facet normal 0.923705 -0.383104 0
    outer loop
      vertex 206.573 104.464 13
      vertex 206.663 104.681 2.5
      vertex 206.663 104.681 13
    endloop
  endfacet
  facet normal 0.923705 -0.383104 0
    outer loop
      vertex 206.663 104.681 2.5
      vertex 206.573 104.464 13
      vertex 206.573 104.464 2.5
    endloop
  endfacet
  facet normal -0.760155 0.649742 0
    outer loop
      vertex 209.061 102.939 2.5
      vertex 209.214 103.118 13
      vertex 209.214 103.118 2.5
    endloop
  endfacet
  facet normal -0.760155 0.649742 0
    outer loop
      vertex 209.214 103.118 13
      vertex 209.061 102.939 2.5
      vertex 209.061 102.939 13
    endloop
  endfacet
  facet normal 0 0 -1
    outer loop
      vertex 0 0 -0.299999
      vertex 256 128 -0.299999
      vertex 256 0 -0.299999
    endloop
  endfacet
  facet normal -0 0 -1
    outer loop
      vertex 256 128 -0.299999
      vertex 0 0 -0.299999
      vertex 0 128 -0.299999
    endloop
  endfacet
  facet normal 1 -0 0
    outer loop
      vertex 180.45 48.7 15
      vertex 180.45 79.3 2.5
      vertex 180.45 79.3 15
    endloop
  endfacet
  facet normal 1 0 0
    outer loop
      vertex 180.45 79.3 2.5
      vertex 180.45 48.7 15
      vertex 180.45 48.7 2.5
    endloop
  endfacet
  facet normal -0 0 1
    outer loop
      vertex 171.55 79.3 15
      vertex 180.45 48.7 15
      vertex 180.45 79.3 15
    endloop
  endfacet
  facet normal 0 0 1
    outer loop
      vertex 180.45 48.7 15
      vertex 171.55 79.3 15
      vertex 171.55 48.7 15
    endloop
  endfacet
  facet normal -1 0 0
    outer loop
      vertex 171.55 48.7 2.5
      vertex 171.55 79.3 15
      vertex 171.55 79.3 2.5
    endloop
  endfacet
  facet normal -1 -0 0
    outer loop
      vertex 171.55 79.3 15
      vertex 171.55 48.7 2.5
      vertex 171.55 48.7 15
    endloop
  endfacet
  facet normal 0 1 -0
    outer loop
      vertex 180.45 79.3 2.5
      vertex 171.55 79.3 15
      vertex 180.45 79.3 15
    endloop
  endfacet
  facet normal 0 1 0
    outer loop
      vertex 171.55 79.3 15
      vertex 180.45 79.3 2.5
      vertex 171.55 79.3 2.5
    endloop
  endfacet
  facet normal 0 -1 0
    outer loop
      vertex 171.55 48.7 2.5
      vertex 180.45 48.7 15
      vertex 171.55 48.7 15
    endloop
  endfacet
  facet normal 0 -1 -0
    outer loop
      vertex 180.45 48.7 15
      vertex 171.55 48.7 2.5
      vertex 180.45 48.7 2.5
    endloop
  endfacet
endsolid OpenSCAD_Model
